:020000040000fa
:08000000b086040000000000be
:020000040000fa
:10020000b0860400000000009855040000000000c3
:10021000866804000000000070390400000000003f
:100220005452040000000000dc3404000000000010
:10023000083604000000000034370400000000000d
:10024000ce37040000000000e83704000000000082
:100250009e360400000000002e380400000000005c
:100260004438040000000000cc40040000000000fe
:100270000c3f040000000000be3f0400000000002e
:100280000041040000000000fc3f040000000000ea
:10029000ae430400000000004244040000000000df
:1002a0006c440400000000009444040000000000be
:1002b000c844040000000000ea44040000000000fc
:1002c0000c4504000000000034450400000000005c
:1002d0005a450400000000009e4504000000000094
:1002e000dc450400000000002e4604000000000071
:1002f0004e46040000000000884604000000000094
:10030000ae46040000000000ce46040000000000dd
:10031000f4460400000000009e53040000000000aa
:10032000c053040000000000e2530400000000007d
:1003300020540400000000002e54040000000000bf
:100340004a5404000000000098540400000000001b
:10035000a854040000000000bc5404000000000089
:10036000d054040000000000e45404000000000029
:100370001655040000000000525504000000000063
:1003800086550400000000003e5f040000000000ed
:100390007e5f040000000000aa5f0400000000006f
:1003a000d25f040000000000fa5f040000000000bb
:1003b0002e600400000000007660040000000000d1
:1003c0009c60040000000000f260040000000000d7
:1003d0001a610400000000007061040000000000c9
:1003e0000e620400000000004862040000000000eb
:1003f000b662040000000000161e040000000000a9
:100400008a18040000000000960e0400000000009e
:100410000a00fa0011002000b1bf9f00c0bf9f007a
:100420006a805700e21107004fb897000080fa0079
:10043000000006000a00fa00e20f500034003e00ff
:10044000f0648000e10f500003003200e20f500022
:1004500011003a000c003700c32020000300e00028
:1004600001003a000040da000c02e2000200350010
:100470001422ef000de2a8000f42ab000d003a007d
:100480000f42a8000b003700632120000300e000aa
:1004900001003a000040da001602e20002003500d6
:1004a0001e22ef0017e2a8001942ab0001003a003b
:1004b0001942a800820178000b0037003102fb00ce
:1004c000e10f500004003a000f22ab00feff3a009b
:1004d00084108800030037001922ab00feff3a00a9
:1004e000d41088008301e9000300e000f3ff3a0024
:1004f000e10f500003003a000f02ab00feff320094
:100500000b0037001902ab00feff32000800370075
:1005100033002000b3bf9f00c0bf9f00d1bf9f002a
:10052000e2bf9f006a805700a31107006fb99700d0
:10053000020078000080fa000000060000000500bc
:10054000839f68000100e00002003d006000100091
:10055000e08018000300e00002003d00600111008f
:10056000e0811900420007004f00e00002003b005c
:1005700060001000e080180000000600f4ff2f006b
:10058000a00337000001be00240007000470a7008c
:1005900003f0a1006509b100160032000d0035001e
:1005a0006828e10006003500f0ff2f00f1ff27006a
:1005b0000300e00013003b000100280000000500dc
:1005c00000004000818048008502e900fcff3a00fd
:1005d00008003700f88f420002003c008000eb006a
:1005e000000005008100d1000080d3008502e800f2
:1005f000fcff3a000300e00002003b006000100036
:10060000e0801800000006004f89de0082017800bb
:10061000970337006011b800a5033700c70ade0052
:10062000f107b200f50fb20008003200e1cf42003e
:10063000020032000170a00024000500810f70004c
:10064000010032000408050044000500810f70001d
:1006500002003a00140005008502e9000000400095
:1006600081c04800fcff3b000170a0002400050091
:100670006022b800060220000000d0008180d20075
:100680000482d2008582d2000000a0000202520043
:1006900083825a00030031000202420083824a0032
:1006a0000000a1000603e900f3ff3a000000060085
:1006b00007f82700078361000638e10004003a00cc
:1006c000f7072000878361008703710001003a006b
:1006d00003f0a200889fbe008a9fbe008c9fbe00d0
:1006e000470ade000480a100c71ade000580a100d1
:1006f000070028000785600087856100f70f20004c
:100700000720e1009e0032000728e1009c00320033
:10071000010678000400e000b4003200f707200072
:10072000878060000170a0000500e000c00032007a
:10073000f7072000878161000370a00005065200c2
:100740000f003a000b50e1000b0032000308e100fb
:1007500002003a000200e1007e0032000204500074
:1007600083845800040031000001fd008101fd0078
:100770008402fd008a05fd006044b80021003700b6
:100780000520e10005003d000001fd008101fd00a4
:100790008402fd008a05fd00050652007a60e10032
:1007a000050035000170a1004722dd008480700043
:1007b0008a807000630037006044b800ef02660072
:1007c00007ff2f00070666000500e0000600340062
:1007d000f08312008714dd000511de00071bdd0029
:1007e000060171008519de007060e100050035002a
:1007f0000904780082047800030178008001eb008e
:10080000700656000b50e10003003a000200400061
:10081000838048000400370060041400e0841c005a
:1008200002005800838058000188a30006003200af
:100830008100d1000080d3008984d3000884d300d4
:100840000402e800270037000178a30025003a00e1
:100850000100e000030032008186cf006986560067
:100860000a0037008c0020000000e00004003a007d
:1008700009007800880478000004eb007002520040
:100880008086cf000d0646000c06e9007060e1008e
:1008900006003500800078000900780088047800a0
:1008a0000004eb0070065600700252000c00e000dd
:1008b0000c0034008c08dd00f00316000703de0096
:1008c000868070000c00dd00074bde000600700023
:1008d0008c4cdd000743de00868474000c44dd0090
:1008e0000c0252006120e10020003500610160002f
:1008f0000700280087816400f7ff270087836400d2
:10090000070374000300e000060032008203730056
:10091000040032000000e800e08048000188a300e5
:100920000e003a00f70f20000720e1004a003d00ca
:100930000170a1004722dd00810072008a807000f2
:100940000000be004f06be004f05be004f04be00b3
:10095000000006006000b800faff37008100d100f7
:100960000080d3000402e800eeff370004017800a5
:1009700089017400a10107008a807000f1ff37002f
:10098000f7010700070278000001fd008101fd006a
:10099000f301070087027800850372000778a3003f
:1009a000040032000001fd008101fd000602070085
:1009b000e4ff3700850362000768a30008003200e7
:1009c0000b50e10003003200f0ff2f00f1ff270081
:1009d000dcff37000001fd008101fd00d9ff370079
:1009e0000468a300d7ff3200faff3700f8ff2700a2
:1009f000888360000b003a000000e00009003a0024
:100a00008303640082837300020032000200be0090
:100a1000ccff37000b50e100ceff3a000200be00d1
:100a2000c8ff370014002000810064003eff37003b
:100a3000f8ff27008883610004003a000200e0000c
:100a400002003a008c007800beff3700150020003d
:100a50008301640039ff370001f8270000002000ff
:100a600081007500b7ff3700889fbe008a9fbe00d7
:100a70008c9fbe001b0020000202be00058668009d
:100a800006002800060666004709de00f20fb200e5
:100a9000820032000243e80080003200c729de00f5
:100aa000f30fb2007d0032000343e8007b00320008
:100ab000f107b2000170a000f507b2000570a000b8
:100ac000c708dd004903de00868070004700dd00b6
:100ad000c72add004923de00868272004722dd003e
:100ae00003055100040350008583580003003100c2
:100af00000004000818048000a05e9008c1f780052
:100b00008a9fbe0004005000858058000402420005
:100b100085824a0000004000818048000005eb000b
:100b20000004be006033b8000406be000d48e100ba
:100b300056003100110009004dccd8000c01b8005e
:100b40000d02b8008481410060824a008283530014
:100b500003045c0084845c0060055d000a00e00022
:100b600025003a00800578000d40e1004900310081
:100b70008800780007007800110009004d88d8002f
:100b80000c01b8000d02b8008481410060824a0067
:100b90006003110083835b0004045c00e0845c005c
:100ba0000900e00021003a004f01be000300e00010
:100bb0002b003200e3016000070673008c81710096
:100bc00001003200640070004200de004e5edd0075
:100bd0000c007000c258de0001e0a0008301070095
:100be000cf017800818071004f06be004f05be0026
:100bf0004f04be00000006008c8343000d044c002f
:100c0000e0844c0060054d000000e9000a00e000af
:100c1000d4ff32008c8343000d044c00e0844c0070
:100c200060054d000000e900ceff37000c034300d3
:100c30008d834b0060044c00e0844c000000e90010
:100c40000900e000d8ff32000c0343008d834b0005
:100c500060044c00e0844c000000e900d2ff370043
:100c60004200de004e5edd000c007000c258de0067
:100c700001e0a000cf0178000300e000daff3200bd
:100c800060001000e0801800d7ff3700f0ff2f0051
:100c9000aaff3700f0ff2f00b9ff37000404be00a1
:100ca0002f010700870678000004fd008104fd0085
:100cb0002b010700078366000678a30003003200bb
:100cc0000960a7000800be002c0037000d78a300c3
:100cd000020032000800be00280037000778a30099
:100ce00026003a0001f0a10009f0a1000668a30067
:100cf00003003200f1ff2700f0ff2f00baff37009a
:100d00000d68a300030032000800be008c80700054
:100d1000b5ff37000768a30007003a000648a300a4
:100d200003003200f1ff2700f0ff2f00aeff370075
:100d30000d48a300030032006000b8008c807000f2
:100d4000a9ff37000748a3000400320001f827007c
:100d5000000020008c807000a3ff370076010700a0
:100d60000004fd008104fd00020578007201070007
:100d70000802be008a01780059ff37000160a00018
:100d800012022000d247880097ff37000100e000e0
:100d9000120032000500e00010003200889fbe0003
:100da0008a9fbe008c9fbe000006eb0001f8a300e6
:100db0000300320060001000e08018000cf0a0007a
:100dc00005f8a3000300320060021200e0821a005e
:100dd0000cf0a2008005eb0041ff37006000b80076
:100de0000200050003836800070028000703630072
:100df000470ade000480a100c71ade000580a100ba
:100e0000f70f20000720e100420032000728e10030
:100e100040003200889fbe008a9fbe008c1f780071
:100e2000f107b200f307b2000400e00064003200f2
:100e30000170a0000500e000680032000370a0000f
:100e400085054200eb07b1000204b8000302b800b8
:100e50008484440060854a00020ab8008484440007
:100e60000a854a00030ab80004054500040033005f
:100e70000804d0008984d2000a85d2008b05e900dd
:100e80006158e1003d0035000210200009016100b9
:100e90000308200089816100f70720008783640030
:100ea00008867300c84cde00c853dd0087847400d8
:100eb0004855de000300e0000600320082037600a1
:100ec000040032008904e80060054d000a88a30090
:100ed0000c003a00f70f20000758e10044003d00e5
:100ee0000a70a100c75ddd000a8575008a007300e5
:100ef000090078004f0678004f05be004f04be0081
:100f0000000006000a05d1008984d3008b05e800a3
:100f1000f0ff3700881f7800060478009000070073
:100f2000070278000001fd008101fd008c00070030
:100f300087027800850372000778a300050032005d
:100f40000001fd008101fd009f0007004f047800b3
:100f500000000600850372000748a300030032006a
:100f6000f0ff2f00f1ff2700f8ff370000002000fe
:100f700001f8270088807000f4ff370088017800ae
:100f80004848dd00808171004848de00c850dd001f
:100f900001007000c850de00060478000b017800e4
:100fa0001600070088807000d2ff37000500e000bf
:100fb00005003200170020003a0007009dff3700af
:100fc00081037000f9ff3a00860078004f06780030
:100fd0004f05be004f04be000000050083037100f2
:100fe000f9ff3200270020002e00070094ff370091
:100ff00001f8270086807000f4ff37000100e00050
:1010000026003200610111007810e10023003c004d
:101010006022b8007010e100040035008002780002
:10102000010078008000eb00700151000200e00038
:101030000900340070031100062add00822ade0058
:101040008603dd00878272000200de00860bdd0071
:10105000070070008208de0084817100f4ff270021
:10106000048262008481710004002800848262008e
:101070006102600005f0a600000006000482710015
:10108000070032000000e800e08048000000060091
:101090000002be006000b800efff37006000b8003b
:1010a00000000600889fbe000004eb006138e100ec
:1010b00016003a000100e00008003a00c800de0017
:1010c0004800dd00880020000100e00003003a0035
:1010d000c800de004800dd00680444008184cf00c1
:1010e000e9845400060034008908dd00f083140010
:1010f0008703de00878070000900dd0009044400da
:10110000610214004f04be00000006000300e0006e
:1011100008003a00c811de004811dd0088002000f8
:101120000300e00003003a00c811de004811dd00b2
:10113000680444008384cf00e9845400060034002e
:101140008919dd00f08314008713de0087817100a8
:101150000911dd0009044400e1021400e9ff370031
:101160002700200001f0a70017002000470bde0039
:10117000f60fb200040032000643e8000a00320015
:101180004702b3000000060001037800f607b20032
:101190000603700002003a000703b30000000600d7
:1011a0008702b3000000060001037800f607b200d2
:1011b00006037000020032000770a0000000060065
:1011c0000760a000000006000478a30004003200bd
:1011d0000578a300030032000168a30001003a0073
:1011e0000200be000160a000000006008101700046
:1011f000270032008002eb0001f8a3000300320058
:1012000060001000e080180015002000f4072000a6
:101210000202420020003400f70320008703600030
:1012200006042000000363000208200000016100a2
:101230004700de00c909dd0000807100c708de003c
:101240000600e0000800320087037100060032004b
:101250001000b0000180b0000188a300020032003d
:10126000c108de000402e800f107b200f30f20001d
:101270000320e10003003d004722dd0081007200f1
:101280002900370001f827000000eb002600370096
:101290006000b80000000600680212007f20e10034
:1012a000020034006000b8001f0037006011b80071
:1012b0007020e10004003500800178000100780012
:1012c0008000eb00700252000400e00009003400ce
:1012d000f00312000719dd008419de000703dd00aa
:1012e000868171000400de00070bdd00060070003f
:1012f0008408de00f7ff2700838363008703710003
:101300000600280003036300070032000700e00026
:1013100003003a00610160000281730002003200a4
:101320001000b0000180b0000500a600000006001b
:1013300001f0a000000006004f0ade004709de00b1
:10134000f107b200f20fb2000b003200f207b10059
:101350000170a000c708dd00c901de0083807000b5
:101360004700dd000400a600000006006000100039
:10137000e080180000000600810f700001003a00b4
:10138000000006008182cf000500e00010003e0052
:101390008082cf00ee8242007028e1000400390014
:1013a00007003e00800078000000eb000e003700d0
:1013b000708312008600de000500dd000a003700a1
:1013c000708352008600dd000000eb00060037004d
:1013d000e28252008508dd00708312000603de0001
:1013e000868070000500dd007507b0000501ea0089
:1013f0000400a6000000060060001000e080180055
:1014000000000600889fbe008a9fbe00841f7800ef
:101410007c0007004f00780011003300f0ff2f0020
:10142000838f6c0006003b00040565000a00a700de
:101430000800370009f0a60010002000080037005f
:10144000820f5400838f5c000300390010002000dd
:1014500001003e000000200009f0a7000000ea00a3
:101460004f05be004f04be000000e0000000060073
:10147000881f7800030478000300e00007003d00a7
:1014800060001000e080180060011900e081190080
:1014900002003b0001f02d000300370004000700ac
:1014a00008f0a70001f0a0004f047800000006003b
:1014b000889fbe008a9fbe000082700004027100f7
:1014c00004827100260032000004be000200be004b
:1014d0006011b8006b092000950220000182cf0046
:1014e0000a0039000541b1000082cf000700390031
:1014f0000541b1000982cf00040039000541b10067
:101500000882cf00010039000541b10005425200b8
:10151000120032000a003b00828171006101640008
:101520008100d1000080d3008984d3000884d300d7
:101530008b05e8000442e800f7ff3a000700370097
:101540000804440089844c00000048008180480061
:101550008b05e9000442e900f9ff3a0003000700a7
:101560004f05be004f04be000000060081002000b1
:10157000618055000b003d000b00200061fe2f0034
:101580000100e1001d0034008281710061016400ee
:101590008904d1000884d3000000e800faff3a0073
:1015a0007100200061006400030070000200600010
:1015b0000900320061044400e0844c000988a50061
:1015c000050032008b05e8006808e10002003a00df
:1015d0008904d1000884d300f20f20000258e100f2
:1015e00005003d00c75ddd00f907b2008980750088
:1015f00008007800000006000bf827008b00780038
:10160000000005000004be0004fc07000003be004b
:101610000405be000200be0000fc0700844f7500f8
:10162000000006000400fa00889fbe008a9fbe00ea
:101630000004be004709de0003002000f20fb200e4
:10164000f207b100f60f510030003c000200e0004c
:101650001c003500faff2f00fb0720000201e90003
:10166000030033008b85d1000a85d300fbff3700d0
:101670008b8164000a016000e00f5100e08f590087
:10168000220032000200200003b8270011fc0700ee
:10169000a0bf9f00b1bf9f00e00f5400e08f5c002f
:1016a00002003d000a0444008b844c000a85ea00d5
:1016b0008b85ea008b8064000a0064000004be0091
:1016c000110037000200200003b8270001fc0700ca
:1016d000a0bf9f00b1bf9f00e00f5400e08f5c00ef
:1016e000020035006044b8000700370008004400dd
:1016f00089804c00e00f5000e08f5800020032005b
:101700000800200009f82b000800be004f05be00ad
:101710004f04be000080fa0000000600f687470074
:10172000889fbe008a9fbe008c9fbe008e1f7800df
:101730000001be000600200007f82f000003430050
:1017400081834b00f4ff2f00f5f72700840f53002f
:10175000858f5b001b00360000024000818248003c
:10176000e00f5200e08f5a0006003a000001be0070
:101770009cfd07000001be000000200001f82b00c6
:1017800008003700e00f5000e08f580007003d00d0
:1017900012022000e26488000001be00c4fb0700c2
:1017a0006011b800b0fc0700a10037000200200063
:1017b00003c024008bfd07000001be007efe2f0049
:1017c0000a003700840f5000858f580098003e00b3
:1017d0006000b8000400200005f82300840f5100c9
:1017e000858f5900920032000007eb00d0b02f0027
:1017f000a1042000020240008382480094b79f00a9
:10180000a5b79f00fe07b100afb09700f107b20087
:1018100004007800324f200053f323000000410001
:10182000818049000200200003f82300a0fb07008c
:101830000004be000200200003002400a5fb0700f6
:101840000001be000800be0087fc07000002be00c9
:101850000001be00f4b79f0085bf9f0061fd070037
:101860000006be000001be005efd07000005be00d0
:101870000200200003f023000800be0059fd07000d
:101880000801be0057fd07000001be00f0af9f0039
:1018900081b79f000800be0085fb0700810178002a
:1018a000c3b79f0002002f0000016100b2b79f0084
:1018b0003fb19700cfb197000800be007cfb070046
:1018c0007fa997008fb1970079fb07000003be0046
:1018d000e29e2e0013e923000a00be00d6b79f0047
:1018e000e7b79f003ffd0700a2aa2a00a3f223004a
:1018f00078fb07000001be000c00be0039fd0700a8
:101900000004be0062e2290083e723000a00be0053
:1019100034fd070032e12c00c3ec23006dfb07000f
:101920000001be000a00be002efd07000001be003f
:101930000800be0067fb07000001be007fa89700fb
:101940008fb0970063fb07000001be007fb29700d5
:101950008fba97000400be0022fd07000001be0000
:101960005fb39700efb397000600be0059fb070076
:101970000005be001fb29700afb297004728de00f7
:101980000100200000004700cf80de001efb0700a2
:101990000004be00b27d22004355230011fd070064
:1019a0000006be003fb19700cfb197000a00be000d
:1019b00048fb070092ad2e0043802b0009fd070075
:1019c0000001be000c00be0042fb07000006be0086
:1019d00002002600e3ed23000a00be0001fd07001f
:1019e0000001be000c00be003afb07000005be006f
:1019f00002002600e3ed23003fb09700cfb0970030
:101a0000f8fc07000001be000a00be0031fb070021
:101a10000005be0002082200a3e923000800be0062
:101a2000f0fc07000001be000a00be0029fb070011
:101a30004f0778004f06be004f05be004f04be00a2
:101a40006f01b100000006000000fa006881570035
:101a5000cfb89700405b8000100078008805070031
:101a60000080fa0000000600d00007000404070010
:101a700038040700b4040700dc040700220607004e
:101a8000cd0537000000fa0068815700cfb89700f5
:101a9000405b800010007800790507000080fa00a4
:101aa00000000600c1000700f5030700a6040700b8
:101ab000ce0407002704070013060700be05370001
:101ac0000000fa0068815700cfb897007a05070038
:101ad0000080fa0000000600b40007000d010700b6
:101ae000e703070098040700c00407001904070073
:101af0009205070004060700af0537000000fa0052
:101b000068815700cfb897006b0507000080fa0086
:101b100000000600a5000700d90307008a0407009b
:101b2000b20407000b040700f7050700a205370001
:101b3000800078001000200002022000828f5000f8
:101b400004003200e9805000e48f500001003600ac
:101b50000000eb0000000600889fbe008a1f78008e
:101b6000000578000a047800984478000805e80029
:101b70000900fb00eeff07000000e000f9ff3a005b
:101b8000b0c2b30080cf540005003200d0c2b30011
:101b90008000eb0080cf540005003a0002003700bf
:101ba0008000eb0001003700110020000804e8006d
:101bb0000000eb00030037006a02b9000200520087
:101bc0000003b0003801fb0003fd2f0082814100bb
:101bd000e98f5100f8ff36000100e00001003a00f3
:101be0000000ea004f0578004f04be000000060028
:101bf000800078001000200002022000828f500038
:101c000004003200e9805000e48f500001003600eb
:101c10000000eb0000000600889fbe008a9fbe0007
:101c2000000578008a047800194478000905e80066
:101c30000800fb00eeff07000000e000f9ff3a009b
:101c4000b0c2b300804f540004003200d0c2b300d1
:101c5000804f540006003a00020037000004eb00f9
:101c600001003700180020008904e8000100370057
:101c70000004eb006000b80006003700a20020005e
:101c800003002000230c0700cfd5de000a0050001f
:101c90008b8058003905fb000a03b100e90f55009d
:101ca000f6ff36000800e00002003a006000100075
:101cb000e08018004f05be004f04be000000060083
:101cc0008000780002fd2f0001014100100020007b
:101cd000e90f5100050036000150a0001106b100c7
:101ce000e58f5000010036000000eb000000060008
:101cf000f3ff37000000fa0068815700cfb8970063
:101d0000405b800010007800160007000080fa0099
:101d1000000006000000fa0068815700cfb8970065
:101d20001e0007000080fa00000006000000060008
:101d3000e0b6200000000600fdff0700605b8800a1
:101d4000505b880000000600f1f92f008080400001
:101d5000f98f500001003e00f005b20000000600bf
:101d6000f9ff37000200fa00881f780000047800ad
:101d7000e2bf9f0064815700080078006c070700ed
:101d8000980090000148a300010032000080eb00a1
:101d90004f0478000080fa000000060082017800fd
:101da00001017800f1ff27006d083700ec8747003c
:101db000889fbe008a9fbe008c9fbe008e1f780049
:101dc00000067800010478001807900028059000ac
:101dd00098067800cdb79f00b80590003202be008b
:101de0002203be000400be000601be004f18de0044
:101df0006011b8008000eb00d0b79f00e1b79f00f2
:101e0000f2b79f0083bf9f00800478000900e000c4
:101e1000060032006000b8006011b80004025000f3
:101e20008582580006035900878359000e00e000a0
:101e3000020035000d10a100cdb79f000900e000a1
:101e400005003a004fb097000028a30002003a00b6
:101e50000038a300020032008a00e90001003700c8
:101e60008a007800f8815700a2002000080078005e
:101e7000620307000900e00003003a00cfb09700ba
:101e80000128a300080032000000e900008145009d
:101e9000b1c2b3000900e00001003200d1c2b300ba
:101ea00001497800050037000138a3000300320023
:101eb0000000e90001c2b30081757800480190007c
:101ec0000201e90000015100808045004fb29700f7
:101ed0008a0178000c007800560507009c009000ed
:101ee0000188a3000400320098009000810f500088
:101ef00001003d00010078004f0778004f06be004a
:101f00004f05be004f04be00cf00b1000000060028
:101f1000000006004200fa00889fbe008a9fbe00b3
:101f20008c9fbe0020079800110f9800034f980067
:101f300011007800400f980091009000610f980008
:101f40009e099000a3019000330f98001e0a900094
:101f500044029000140798009e0a9000b502900079
:101f6000052798003204be002205be006022b8009a
:101f70006033b8000800be000a01be00100b070065
:101f80000000e00003003d000bf0a200d0c2b3004f
:101f9000040037004e0b90000628a3000900320011
:101fa000b0c2b3008e239000804b78003e089000b2
:101fb0000000e900700f980011002000510f9800f8
:101fc000100037004e0990000238a30009003200cb
:101fd00000c2b3008e219000804978003e0a900034
:101fe0000402e900740f980015002000550f9800b6
:101ff000040037003e0b9000760f98008003eb0042
:10200000570f98000800be000a01be00c0ff07007d
:10201000f4ff2f00f5ff2f00f6ff2f00f7ff27003a
:10202000040260008582600006036100878361000e
:102030006000b8000200200003ff27000020e1003c
:1020400001a8e10002b0e10003b8e10011003a008c
:102050000e4890008000fb001104b1000e2190009a
:10206000de09900003004100f98f500002003e009d
:1020700021c620000100370061c620008807070044
:1020800060c620008d0707005e0a90000401400032
:10209000150037000020e10001a8e10002b0e100d6
:1020a00003b8e100130036008e4a90008500fb0063
:1020b0001104b1000e239000de0b900007004300d6
:1020c000f98f500002003e00a1c620000100370039
:1020d000e1c6200072070700e0c62000770707006e
:1020e000de089000010140004e0a9000be099000f9
:1020f000500237006022b8006033b8000800be000c
:102100000a01be00ae0a07000000e0006a003200cb
:102110006022b8000600200007ff23004417980043
:102120005517980066179800771798008006eb00ff
:102130000800be000a01be00001f9800111f980091
:10214000221f9800331f98000e26900007003700ca
:102150008d06e8000802be000a03be00441798007e
:102160005517980066179800771798006022b800f6
:1021700006002000470224004e109000de10900060
:102180006e119000fe119000e80b07000004be00e5
:102190000205be000002be000203be000e18900041
:1021a0009e1890002e199000be199000840a070016
:1021b0000000e000e6ff3d000c2798000006eb0061
:1021c0004e149000de1490006e159000fe159000e5
:1021d0002500370040ed2f00808f560019003d008c
:1021e0000c00e00016003a006022b8000600200053
:1021f000073524000e1890009e1890002e199000ac
:10220000be199000c90b07000002be000203be0009
:10221000041f9800151f9800261f9800371f98006c
:102220006022b80006002000073524000800be0028
:102230000a01be00bd0b07000004be000205be007f
:102240001c0020006022b800060020004702240085
:102250000800be000a01be00050b07000004be0016
:102260000205be008d06e9000802be000a03be009a
:102270000e1890009e1890002e199000be19900024
:102280004f0a07000000e000d2ff35000800be0042
:102290000a01be0040179800511798006217980075
:1022a000731798000e1c90009e1c90002e1d90002d
:1022b000be1d9000080037006022b8000600200014
:1022c00007ff2300441798005517980066179800d9
:1022d000771798008006eb008e4a90000500fb00ff
:1022e00018070700104f98006e0b90006000200048
:1022f0000600e000010035006e08900071c6b300d2
:102300009e4b900081cf53000a003a00ee089000e7
:102310000100e000cf013200cf0137008d0f5000e7
:10232000d3013c00001f980052c6b300425f9800e2
:102330001e0037009e499000435f9800020037005e
:1023400064c6b300445f98000000e800001f9800d6
:1023500060c6b300ce5a900080cf520013003a00fe
:102360000d00e00008003d006000b8000200200001
:1023700003ff230040179800511798006217980038
:10238000731798008006eb0061c6b300415f9800a8
:1023900070c6b3001e499000804f51000300320008
:1023a0008e1990008d814100031f98004e129000fd
:1023b000de1290006e139000fe139000441f9800f0
:1023c000551f9800661f9800771f98000800be00f0
:1023d0000a01be00001798001117980022179800f4
:1023e000331798000006eb000802be000a03be0087
:1023f000540798006507980076079800070f980023
:10240000310037004e1a9000de1a90006e1b9000cb
:10241000fe1b90000e1090009e1090002e11900058
:10242000be119000920a0700ec0d07000004be00e8
:102430000205be000b0a070080027800250f9800f5
:102440004e1a9000de1a90006e1b9000fe1b90004a
:102450000800be000a01be00340b07000e129000f7
:102460009e1290002e139000be1390002f0a0700ba
:102470000002be000203be0007f0a200041798008d
:102480001517980026179800371798006022b80093
:1024900006002000470224004e189000de1890002d
:1024a0006e199000fe199000710a07000002be002c
:1024b0000203be00441f9800551f9800661f980035
:1024c000771f98000c06e8008e1a9000850f5600c2
:1024d000ccff35005e049000ee0490007e05900075
:1024e0008e0d90006022b8000600200047012400f5
:1024f0004e189000de1890006e199000fe199000a2
:102500000a0b07000002be000203be00441f980031
:10251000551f9800661f9800771f98000e109000b6
:102520009e1090002e119000be119000a40907008b
:102530000000e0000f0035004e1a9000de1a9000f7
:102540006e1b9000fe1b90000e1090009e109000dd
:102550002e119000be119000990907000000e000c4
:1025600011003a00ae0a90000508a30008003200ee
:102570000d0037006000b8006011b800401f9800df
:10258000511f9800621f9800731f980006003700c3
:102590006022b8006033b800441f9800551f9800af
:1025a000661f9800771f98004e1a9000de1a900060
:1025b0006e1b9000fe1b90000800be000a01be00ca
:1025c000e00907000002be000203be0004179800e5
:1025d0001517980026179800371798006022b80042
:1025e00006002000470224004e109000de109000ec
:1025f0006e119000fe119000cc0a07000004be008e
:102600000205be000002be000203be000e109000d4
:102610009e1090002e119000be1190006d090700d1
:102620000000e000090035008d06e80060c6b30038
:10263000ce5a900080cf520008003a000e1b900046
:102640000603e800061f9800110037004e149000a2
:10265000de1490006e159000fe15900050c6b30079
:102660004e599000804f510009003a000802be0008
:102670000a03be00441f9800551f9800661f98006b
:10268000771f98008002eb0045179800070037007d
:102690000800be000a01be00401f9800511f9800ac
:1026a000621f9800731f98004d1798005e0e9000ef
:1026b0000001eb00220f98003207980052079800a3
:1026c0000d0f78006a0037004e1a9000de1a900055
:1026d0006e1b9000fe1b90000e1090009e1090004c
:1026e0002e119000be119000e10907003b0d07007c
:1026f0000004be000205be005a090700e90f5000a1
:102700000100340090002000ce0990000348a3008f
:102710000c003a000000e0000a003a0071c6b30065
:102720001e4a9000814f520006003a00ce129000df
:102730000500e00003003d002e0b90008606e80037
:1027400023003700be0390000700e0000c003a00b1
:10275000ce1090000100e00009003d00e1c2b3008e
:102760000e21900001717e000c06e800fe09900029
:102770008301e900730f98001400200034079800cb
:102780008e2290000c814200ae0e900085017800f0
:102790000300370001c3b300015978008d06e9003a
:1027a0000d00e000fbff3a00032798002e0b90007d
:1027b000060646000043b00080717e000c06e8006b
:1027c0000680ea00fe0b900080834300770f98009c
:1027d0004e1a9000de1a90006e1b9000fe1b9000b7
:1027e0000800be000a01be00500a07000e12900049
:1027f0009e1290002e139000be1390004b0907000c
:102800000002be000203be0007f0a20004179800f9
:102810001517980026179800371798006022b800ff
:1028200006002000470224004e189000de18900099
:102830006e199000fe1990008d0907000002be007d
:102840000203be00441f9800551f9800661f9800a1
:10285000771f9800ce1290008502e9004517980076
:102860005e0390000603e800560798002d0f9800bd
:10287000de0390000e189000808f530005003d008d
:102880009e0890004100900065005000800f5600a7
:102890008dff39009e0678003e0190000200e000a6
:1028a00007003a00ce0990000348a300040032005c
:1028b000e0c2b3000e22900000727e000c06e80019
:1028c0008e2290000c8042000048eb0051c6b300fd
:1028d0004e5b9000814f530038003a009e039000f9
:1028e0008700e9000041eb0082f278008001eb00f4
:1028f0000d00e00002003d008d06ea0013002000fc
:102900002200200001037800fe0a90008e23900030
:10291000000478000a00370001037800a4002000ba
:10292000110009008406d8000102780080067800b2
:102930000443b00084737b000201e9008502e900d2
:102940008600e9000d00e000f3ff3a000200e0001d
:10295000f1ff3c00750f98000727980008007800e9
:1029600001824300b2c2b3000300e0000100320064
:10297000d2c2b300024a78000101e9008e21900022
:10298000828041008e4a90000502fb001404b100d1
:1029900053c6b300f90f520001003e0053c4b30008
:1029a000834878007e0b90000683e900760f98003c
:1029b000820f560001003d0039050700ce0b900044
:1029c00063806300e20f500015003a007e0890001b
:1029d0000000e000120034000e20900037050700d0
:1029e0008e219000040037007e0990008280410013
:1029f000e37078000000e900de0a9000850f5000c7
:102a0000f9ff3d0003279800058041007e099000f2
:102a100001032000be0407000003eb00360f9800fe
:102a20000e209000250507004e0a9000be09900078
:102a3000000178008e2090002e0090007d0207009b
:102a40004f06be004f05be004f04be000080fa00d6
:102a50000000060010002000e48f46002ffe3d001d
:102a6000001f980057c6b300475f98004ffe37001d
:102a70000d00e00032fe3500001f980042fe3700d6
:102a80000200fa00889fbe008a9fbe008005780081
:102a900001047800020078001801900028059000d9
:102aa00098007800b1bf9f00b80490000200e000d9
:102ab000020035000110a100b1bf9f00ea8157005c
:102ac000820020008a0078003002be002003be0091
:102ad00008007800490007003fb99700f000610046
:102ae000030032000000e90001c3b30081747800e4
:102af0003fb99700e8006100030032000000e900e0
:102b000001c2b30081747800480190000201e9001d
:102b100000015100808044003fba97008a0178008c
:102b20000b007800430207009b0090000188a3007f
:102b30000400320098009000810f500001003d0019
:102b4000010078004f05be004f04be000080fa006f
:102b500000000600ea874700889fbe008a9fbe00eb
:102b60008e1f7800000478000300780072875700f9
:102b700084e2260055c72600049fbe00c3962200ab
:102b8000030f78006c875700004feb001105900091
:102b9000a1049000910578000200e00002003200dc
:102ba0000207780001003700728757000000e0003c
:102bb00002003a000e007800c00407000a00e0009e
:102bc000030035008a0f5000010036000a0078002b
:102bd0000b02780089017800000178008e007800ef
:102be00008007800130207004f0778004f05be0069
:102bf0004f04be00af00b10000000600f48747009c
:102c0000889fbe008a9fbe008c9fbe008e1f7800ea
:102c10000605be000404be0081bf9f0082b79f006e
:102c2000f3b79f00b0009000e1b79f001301780058
:102c300092b79f0090069000400090000000e900cd
:102c4000000678000d00e00001003d001d0020009e
:102c50008040eb00efb19700817178001e002000ea
:102c60001f0037000c06e9000fb09700cf80de0090
:102c70006109b900a0b79f00b1b79f00c2b79f001c
:102c8000d3b79f000203be000002be000800be00d2
:102c90000a01be00e60a0700000778000e4078002f
:102ca0000043b000efb0970080707e008d06e90011
:102cb0000fb997000201e90082bf9f002fb2970071
:102cc000bfb297004fb39700dfb397000800be0074
:102cd0000a01be00cf0a07000205be000004be00c4
:102ce0000c00e0000d003400e00f5400e08f5c00a9
:102cf000e00f5d00e08f5d00daff3a000d00e000bc
:102d0000d8ff3c008fb997000300e00003003400b7
:102d10001fb097000018a300d2ff3a000e00e00099
:102d200002003a00ffb097001140a1000c007800ab
:102d30004f0778004f06be004f05be004f04be008f
:102d40004f01b100000006000200fa00889fbe009b
:102d50008a9fbe0000057800010478000200780018
:102d600018019000a804900098007800b1bf9f005f
:102d7000b80590000200e000020035000110a1003b
:102d8000b1bf9f00ea815700a200200089007800af
:102d90003002be002003be000800780097ff070045
:102da000480190000201e9000001510080804500c7
:102db0003fba9700890178000a0078009d0107005a
:102dc0009a0090000188a30004003200980090004f
:102dd000810f500001003d00010078004f05be004a
:102de0004f04be000080fa0000000600fa8747008a
:102df000889fbe008a9fbe008c9fbe008e1f7800f9
:102e000080047800010478008205780018019000a1
:102e10002805900018077800b80090000200e00034
:102e2000020035000e10a100010037001200200042
:102e300070006700e0b79f00090032003b02be004f
:102e40002b03be00e00f5200e08f5a00e00f5b0042
:102e5000e08f5b00020032008a86e9000100370043
:102e60008a067800e8026700f5b79f00010032008b
:102e70008d06e9003b02be002b03be00e4af9f00bd
:102e8000f5af9f0086b79f0097b79f004806900058
:102e90000c06e9000040eb0080707e00efb2970066
:102ea0007fb297008903780081047800d8af9f0033
:102eb000020478008bbf9f008a05780003457800e4
:102ec0002a0037000c06e9006fab97006f00630023
:102ed000e90f500002003c000003b0000100370081
:102ee0007005b0000a03fb001604b100f90f53008f
:102ef0000c003e00000378000650a0001606b1004a
:102f0000f90f530007003e00b4b79f00a5b79f001c
:102f1000c7b79f008cfb0700cfb39700afb29700f5
:102f20003fb2970080747e000804e9008d06e90036
:102f30006fa89700ffa897000fb197009fb1970067
:102f4000460020008301d1000281d3008180d3009c
:102f50000080d3000603e900faff3a00e0af9f00cb
:102f6000f1af9f0082b79f0093b79f00e10f56001b
:102f70000f0034006fa89700ffa897000fb19700cb
:102f80009fb19700e00f5000e08f5800e00f59000c
:102f9000e08f5900cbff3a000800e000c9ff3c0079
:102fa0000d00e000020034000e18a300c5ff3a0037
:102fb00089007800f4b79f00870478005fac970021
:102fc0008a4178000b0578008fbd97000500e0006e
:102fd000100032003b02be002b03be00e4af9f0096
:102fe000f5af9f0086b79f0097b79f00e00f520094
:102ff000e08f5a00e00f5b00e08f5b0005003200bd
:103000000c06e90083707e000c06e90000c3b300e3
:1030100080707e00ffb297000500e00003003200e0
:103020000c06e90000c2b30080707e0048019000e9
:103030000201e9000c0151008c8040000e02780072
:103040008a01780009007800fa00070099009000d2
:103050000188a3000400320098009000810f500006
:1030600001003d00010078004f0778004f06be00c8
:103070004f05be004f04be00af01b10000000600c6
:103080000200fa00881f780000047800e2bf9f0069
:103090006481570008007800a5020700980090009e
:1030a0000148a300010032000080eb004f047800cb
:1030b0000080fa000000060082017800010178001b
:1030c000f1ff270075063700889fbe0000047800d6
:1030d0004800900082047800808f54000100360080
:1030e000800478000901780058009000010307006f
:1030f000580090000900400050049800c80090005b
:1031000089845000490498000048eb004f04be0039
:103110000000060010007800c6f43700900190000f
:103120000388a30001003200e7ff37000348a30033
:1031300001003a00f7ff070000000600881f780032
:103140000004780000082000808f50001700350030
:1031500010082000808f50000b0034003008200041
:10316000808f500011003a00920078006880500073
:10317000000978003002be002003be00049cbe009f
:103180000694be0007003700920278006480520067
:10319000000978001000be0093060700009cbe00e6
:1031a0000294be0010002000010037000000eb0078
:1031b0004f0478000000060084082000848f50002f
:1031c0001d0032000d003c0014082000848f5000c8
:1031d0002700320002003c000408200004003700f1
:1031e00024082000848f500034003200440820005e
:1031f000848f500043003a0036003700040a200054
:10320000848f50002700320004003c000409200095
:10321000848f50003b003a0028003700020c200049
:10322000828f50002f003200020f2000828f50004a
:1032300034003a002b0037009380e9000200e000e0
:1032400005003200810978001102fb00cfa2de00e8
:10325000612bb900280037008109780011427800fd
:103260000482fb008002eb006033b80022003700cc
:1032700013027800e40052000200e0000500320072
:10328000810978001102be004fabde008603780092
:1032900019003700810978001102be006033b800c0
:1032a000150037009380e900810978001102780049
:1032b000cfa2de00612bb9000f0037009302780027
:1032c000e8805200810978003102be002103be006f
:1032d000090037009380e9000200e000020032009c
:1032e000f1ff37009380e90081097800110278002e
:1032f0008002eb006033b8000498be000690be0068
:10330000100005000000050044082000848f5000d4
:103310002500320008003c0014082000848f500073
:103320001400320024082000848f50002400320052
:10333000040820000c00370004092000848f50008e
:103340001f00320004003c0084082000848f5000dd
:1033500024003a000e003700040a2000848f500039
:1033600011003200040c2000848f50001d003a0030
:103370000d0037009380e900810978009100780002
:1033800001087800cf91de008288be00140037006b
:103390009380e900810978009100780001087800a5
:1033a000824878000e0037009380e9008109780098
:1033b0009100780001087800820878000800370042
:1033c0009380e90081097800910078000108780075
:1033d0006112b900612bb9008498be008690be00ce
:1033e0001000050000000500889fbe000004780062
:1033f0004800900082047800808f5400010036005d
:103400008004780009017800580090003902070014
:10341000580090000900400050049800c800900037
:1034200089845000490498000048eb004f04be0016
:1034300000000600f2874700889fbe008a9fbe00fa
:103440008c9fbe008e1f78008004780001057800f4
:1034500002047800830578006107620002003a00e8
:103460008b0f540008003900080178008a007800aa
:103470000900780029ff07008b0f54000200390073
:10348000880578001e003700088655000c0178007a
:10349000f00f56000100360002012000010220005a
:1034a0007e8057001a0207008c067800050037005e
:1034b00002012000fe8057000900780017ff070076
:1034c000f0865600ef8f5600f9ff3e004461de00a3
:1034d00000ff2f000091b90002014600fe80570056
:1034e000090078000dff07000e00e00004003a001c
:1034f000080178008a0078000900780007ff0700bb
:103500000b0078004f0778004f06be004f05be0045
:103510004f04be002f01b1000000060000000500ae
:103520000000050000000500000178000040eb00ed
:103530008080fb008180400083c2200063c278004d
:103540000404e00003003a0090c2200060c078004c
:103550000000060092017800934f520004003a00e8
:1035600090c2200060c078000309e8000100370025
:103570000040e800ea4f5000edff36000000060072
:10358000f6874700889fbe008a9fbe008c9fbe00c2
:103590008e1f78000005780001047800830578000c
:1035a000040678000000eb00c0b79f008080eb00ad
:1035b000d1b79f00e0b79f00f2b79f00000820003e
:1035c00080bf9f0098007800010078008004eb0025
:1035d000010037008904e800304178000204e0006f
:1035e0000300320053c2b300834f5100f9ff3a0089
:1035f0000900e00004003200090178000a007800a8
:10360000c6fe0700188c44001807780050c2b300ab
:103610009e4f10003f013a000e07e8000e0c7800a4
:1036200010003700cfb097000100a0000b0037005a
:10363000cfb097000110a00008003700cfb097006e
:103640000120a00005003700cfb097000130a00096
:1036500002003700cfb097000140a000c1b79f0023
:10366000000ce8001800780090407800b2c2b30067
:1036700082cf5000f1ff320007003c0002c2b300cd
:1036800082cf5000f0ff320032c2b30082cf500030
:1036900007003a00efff3700d2c2b30082cf5000dc
:1036a000e0ff320002c3b30082cf5000e0ff3200df
:1036b000a2c2b30082cf50000d003a00000ce80017
:1036c0001c80e900000e780010007800e0b79f0031
:1036d0000000e0000f003d00cfb097000100a20005
:1036e000c1b79f000000ea00e0b79f000900370063
:1036f00019f90700e0b79f0001003700000ce8004f
:10370000180078009000fb000103b100e98f500021
:10371000faff36004fb097000008a3000200320005
:103720000010a100c0b79f0018007800e1c2b300ec
:1037300090cf100016003a008000eb00d1b79f0038
:103740000000e800000c7800a1c2b30090cf100088
:1037500006003a00000ce8001c80e900000e78002a
:1037600010007800d0b79f0009003700faf8070072
:10377000d0b79f0001003700000ce8001800780067
:103780009000fb000103b100e98f5000faff360002
:103790000800780064ff0700804678001800780071
:1037a0001000fb00e701070091062000810f500088
:1037b0003800320012003c0041062000810f50000a
:1037c000340032000a003c0011062000810f500036
:1037d0002000320031062000810f5000a00032008e
:1037e00051022000810f5000bc003a00b4003700a5
:1037f00071062000810f5000b8003c00880037009f
:1038000001072000810f50005c00320007003c00df
:10381000e1062000810f50007a003200f1062000fe
:10382000810f5000ad003a003900370051072000e9
:10383000810f50002700320081072000810f5000c7
:103840004200320031072000810f5000a3003a00ef
:103850008f0037008d80fb000c01780000fe2f00e8
:103860000f00400035fe07000000e000a800320015
:1038700018007800000ce8009041780002fe2f004c
:103880000f014100f88057000a007800dd010700b1
:103890000e0037008d80fb008c01780012002000a4
:1038a00000fe2f000f00400043fe07000000e00074
:1038b00097003200180ce80002fe2f000f014100b3
:1038c000f88057000a00780038f907008084440027
:1038d000900037008d80fb008c0178000001eb0028
:1038e00000fe2f000f00400033fe07000000e00044
:1038f00087003200180ce80002fe2f000f01410083
:10390000f88057000a0078000ffd0700efff37002e
:103910008d80fb008c0178000001eb0000fe2f0081
:103920000f00400024fe07000000e0007800320095
:10393000180ce80002fe2f000f014100f88057002c
:103940000a0078004efc0700e0ff37008d80fb0086
:103950008c0178000001eb0000fe2f000f004000fa
:1039600015fe07000000e000690032001800780032
:10397000000ce800904178001c0037008c017800b2
:103980000001eb00010f200000fe2f000f0040009f
:1039900009fe07000000e0005d003200180ce8009e
:1039a0000fb097009fb097002fb19700bfb197005d
:1039b000e00f5000e08f5800e00f5900e08f5900f1
:1039c00009003a00cfb597006fb4970000c22000fd
:1039d0003a0107000b0278008801780000017800a6
:1039e00001c220004700370083c7b30002fe2f004a
:1039f0000f014100f88057000a007800fbfc070027
:103a0000b2ff37000b8144008d80fb008c017800f1
:103a100000fe2f000f0040003bfe07003c00370077
:103a20008d80fb000c01780000fe2f000f0040008d
:103a3000c2fd07000000e0003500320018007800e9
:103a4000000ce8009041780002fe2f000f014100b9
:103a5000f88057000a0078002ef907009bff370016
:103a600000c8b30080cf560029003a00180ce800c7
:103a70001c80e900000e780010407800e0df9f0015
:103a800013002000e2fd2f000f0141000800370065
:103a900000c8b30080cf56001d003a00180ce800a3
:103aa0001c80e900000e78008001eb001001780016
:103ab000f88057000a00780026fc070083ff3700d3
:103ac00000c8b30080cf560011003a00180ce8007f
:103ad0004fb29700efb19700080037000e0c780046
:103ae0000000eb00c0b79f00e0b79f000080eb0034
:103af000d0b79f000002eb00840178001200200084
:103b000061c220000a0078004afe07006fff3700fc
:103b1000180ce800090078004f0778004f06be0037
:103b20004f05be004f04be006f01b100000006004b
:103b30008200fa00889fbe008a1f78000005780086
:103b400082047800c13f9f000004eb0010003700a2
:103b50000902780088017800a2f72f000f014100c8
:103b600081f72f008f8040000a00780084fe070054
:103b700008004000880f500004003d00b004200001
:103b8000e06488000084eb00040037000004780043
:103b90004f3897001004e000edff3a00080078006d
:103ba0004f0578004f04be000080fa0000000600b8
:103bb000889fbe000004be000000eb000800e0008b
:103bc00018003200180090000058a3000d003200c9
:103bd000d800900068009000808f500009003600e7
:103be000b80990000001eb0082007800080078001e
:103bf00003000100d80090000080eb000100e0000d
:103c0000080032000000eb00200c980060049800cf
:103c1000500498000900e00002003200180078000b
:103c2000fbf107004f04be0000000600889fbe00a5
:103c30000004be000000eb000800e0002500320098
:103c4000180090000058a30011003200d800900026
:103c500068009000808f500009003600b80990007d
:103c60000001eb00820078000800780003000100ea
:103c7000d80090000080eb000100e0001500320049
:103c80000000eb00200c980060049800500498009d
:103c9000780a900008109000800f52000600310052
:103ca0000002520011002000cfa2de00612bb900fb
:103cb00018007800090007000000eb0000149800cd
:103cc000700c98000900e000020032001800780033
:103cd000cff107004f04be0000000600a0fd2f003a
:103ce000f1ff2f008d0007004f89de008201780070
:103cf000000006008001780002003700b15978000a
:103d00000201e9000200e000fcff3a0000000600aa
:103d1000889fbe008a9fbe00800478000200e000f9
:103d20005b00320001407800814c780082814400c1
:103d3000f1f99f00e20f51005500360091449800c0
:103d4000a1449800e1f99f00d1f99f00e60f5100ce
:103d50004f003600b1449800c1f99f00e80f5100b0
:103d60004b0036000905ea00630565000a8444003b
:103d70000a055100c1ff2f00010565000080fb000e
:103d80008000eb001210200013102000e103070058
:103d9000008cbe000a01440060b99f0071b99f0009
:103da000e80f55003a0036002004980031049800ce
:103db000400498005104980020b99f0031b99f0039
:103dc00040b99f0051b99f00f80f550030003600f0
:103dd0006004980071049800000c9800110c980081
:103de000200c9800310c9800400c9800510c980061
:103df00020b19f0031b19f0040b19f0051b19f00a1
:103e000060b19f0071b19f0000b99f0011b99f0080
:103e10006401640078014100020444000205550079
:103e20006011b8000203be000002be000403be0021
:103e30006022b800000072008180720002017300ed
:103e40008381730010003700009cbe000294be0006
:103e5000400498005104980062049800730498008c
:103e6000000c9800110c9800220c9800330c98005c
:103e7000400c9800510c9800620c9800730c98004c
:103e80000a02b1000802b000ff0f5500eeff3e002d
:103e9000090078004f05be004f04be000000060078
:103ea000881f7800000478000800780020030700cd
:103eb000080078004f0478000000060080007800b9
:103ec000040037003104e00002003a000000510015
:103ed00000000600010178000108a300f9ff3a0084
:103ee0008101780031017800f4ef2f0002024200d6
:103ef0000281ea0002016200040828000401610056
:103f0000f7ff320083007800010178003104e000ff
:103f1000fdff3a00000051000000060002002f00e3
:103f2000f3ff2f00820f5000838f580004003600eb
:103f30000000ea00e06488000080eb008080eb0075
:103f400000000600f1fb2f0080804000f98f500038
:103f500001003e000050a00000000600f9ff3700fd
:103f60000f04b0008e1f7800020278000301780071
:103f70000000e00002003200000778000200370075
:103f80000efc2f000f0747008002eb000100e0004d
:103f9000010032008102e9000f007800e003b10067
:103fa0001d0009000018eb000080eb0090a79f00a7
:103fb00023102000a3a79f00bea79f00c1a79f00ba
:103fc000d5a79f000100e00003003d00b1042000e0
:103fd000e164880007003700004feb00fea79f0058
:103fe000eea79f008400780020fc2f000f00400007
:103ff0005cf707004f0778000f04b10000000600cf
:10400000000006003e00fa00889fbe008a9fbe00a6
:104010008c9fbe001007980083467800110078003e
:10402000400f9800910190004307980021029000f2
:10403000240f9800c1029000050f7800b100900095
:10404000611f98003204be002205be00281f9800a0
:10405000391f98004a1f98005b1f98006022b80023
:104060006033b8000800be000a01be00d402070099
:104070000000e00009003d000800be000a01be008b
:1040800003f0a200201f9800311f9800421f9800e3
:10409000531f9800d0c2b30004003700ce08900030
:1040a0000128a30009003200b0c2b3006e199000cd
:1040b00000497800ae0990008301e900330f9800b1
:1040c00014002000540f980010003700ce0a900012
:1040d0000538a3000900320000c2b3006e1b900037
:1040e000004b7800ae0b90008703e900370f980073
:1040f00018002000580f980004003700ae0c900004
:10410000390f98000005eb005a0f98002e18900008
:10411000be1890004e199000de199000b8ff0700fd
:10412000f4ff2f00f5ff2f00f6ff2f00f7ff270009
:1041300004026000858260000603610087836100dd
:104140006000b8000200200003ff27000020e1000b
:1041500001a8e10002b0e10003b8e1000c003a0060
:104160008d06fb001d04b100ee1d9000de089000de
:104170000180450021c72000f98f5600010036005c
:1041800061c7200046ff070060c720002f023700ec
:104190000020e10001a8e10002b0e10003b8e10065
:1041a0000c0036008d06fb001d04b1006e19900056
:1041b000de09900003004100a1c72000f98f5600de
:1041c00001003600e1c7200035ff0700e0c72000ee
:1041d0001e02370000c3b3006e1a9000de0a900082
:1041e00000f27a000500e800000142008d00fb00ab
:1041f000f6fb2f00068340002607980081c7b30016
:10420000f90f530001003e0081c5b3000149780059
:104210000000e800500f98006022b8006033b8003a
:104220002e189000be1890004e199000de199000d4
:10423000630207000000e0005e0032008003eb0034
:104240006044b8000a0020000bff230068079800b4
:10425000790798000a0f98001b0f9800070678004e
:10426000050037000c06e8006e0c9000fe0c900074
:104270000e1590009e1590000802be000a03be00b5
:104280000800be000a01be00ae0207000002be0028
:104290000203be00640f9800750f9800061798007f
:1042a000171798002e189000be1890004e19900015
:1042b000de199000420207000000e000e9ff3d0027
:1042c0006c0f98002a0037006022b800060020001a
:1042d00007fe23000800be000a01be00930307008a
:1042e0006022b8006033b800350207000000e0002b
:1042f00016003a006022b8000600200007352400ae
:104300000800be000a01be00880307000004be00ca
:104310000205be006022b800060020000735240018
:104320002e189000be1890004e199000de199000d3
:104330007e0307000002be000203be00241f980097
:10434000351f9800461f9800571f98006022b8003c
:104350000600200007fe23000800be000a01be0080
:10436000720307000004be000205be000c06e9004f
:104370000802be000a03be002e189000be1890006e
:104380004e199000de1990000d0207000000e000b9
:10439000cdff35000800be000a01be00600798008e
:1043a00071079800020f9800130f98006c0f980087
:1043b000090037008000eb00610f98006022b80010
:1043c0000600200007ff2300640798007507980087
:1043d000060f9800170f9800ce0290008001200071
:1043e0000500e000010035004e0090000000e800ec
:1043f000300798006e049000fe0490000e0d9000af
:104400009e0d900068179800791798000a1f980071
:104410001b1f98002e1c9000be1c90004e1d90008b
:10442000de1d90000006eb003a0037006e1290008f
:10443000fe1290000e1b90009e1b90000800be0014
:104440000a01be008a020700e40507000002be0060
:104450000203be00241798003517980046179800ed
:1044600057179800ff010700800278005507980051
:104470006e129000fe1290000e1b90009e1b90008a
:104480002e109000be1090004e119000de11900092
:10449000260307000002be000203be000800be00a3
:1044a0000a01be00210207000004be000205be0092
:1044b0006022b8000600200007fb23006e10900069
:1044c000fe1090000e1990009e199000170307002f
:1044d0000002be000203be00641798007517980022
:1044e000061f9800171f98000c06e800ce029000e7
:1044f0000500e00007003d006022b8006033b8000e
:104500000800be000a01be00ad0107000000e00087
:10451000040032003e039000860f5600c3ff3500b2
:10452000010037003c0798006022b8000600200018
:10453000070224006e109000fe1090000e199000eb
:104540009e199000f90207000002be000203be009f
:104550006417980075179800061f9800171f980099
:104560000800be000a01be00950107000000e0003f
:104570000d0035006e129000fe1290000e1b900090
:104580009e1b90000800be000a01be008c010700bf
:104590000000e00011003a00de0290000508a300d0
:1045a000080032000d0037006044b8006055b800c4
:1045b00068179800791798000a1f98001b1f980029
:1045c000060037006000b8006011b800601798005e
:1045d00071179800021f9800131f98006e12900028
:1045e000fe1290000e1b90009e1b90002e18900053
:1045f000be1890004e199000de199000d1010700fe
:104600000002be000203be006417980075179800f0
:10461000061f9800171f980079fe07000203be00ce
:104620000002be00f0ff2f00f1ff2f00f2ff2f006d
:10463000f3ff27000004620081846200020563002a
:1046400083856300281f9800391f98004a1f98002f
:104650005b1f98006000b8000200200003ff2700e5
:104660000040e10001c8e10002d0e10003d8e10010
:10467000bbfe3200be0c90008984e900291f98001f
:104680005e0e90008006eb005d0798002d179800e5
:104690006f0037006e029000fe0290000e0b90003b
:1046a0009e0b90006e109000fe1090000e1990006e
:1046b0009e199000ee010700480507000004be00a7
:1046c0000205be0067010700800078000100e000dd
:1046d00006003a002e1090000000e00003003200b7
:1046e0008d06e8003d0f9800330037005e01900012
:1046f0000200e0000c003a00ae1190000300e00060
:1047000009003200e0c2b3006e1a900000727e0011
:104710000c06e800ae1a90008502e900251f9800fb
:104720001600200056079800ee1b90000c814300f5
:104730000d007800070278000300370003c3b300c0
:10474000035978000000e9000000e000fbff3a0098
:10475000300f9800641f98000d064600e98f500046
:1047600003003c000003200001004000020037006d
:104770007005200001004000ae009000f98f50004d
:1047800006003e00800078000150a0001106b10034
:10479000f98f500001003e006bf507006e19900084
:1047a00000717e000c06e8008d86ea00ae199000cc
:1047b0008d814100231f98006e029000fe02900040
:1047c0000e0b90009e0b90000800be000a01be0078
:1047d000560207000002be000203be006e109000e9
:1047e000fe1090000e1990009e1990004f010700d6
:1047f0000002be000203be006417980075179800ff
:10480000061f9800171f98006022b80006002000bd
:1048100007fb23006e009000fe0090000e09900040
:104820009e099000410207000004be000205be0080
:1048300068079800790798000a0f98001b0f9800e6
:10484000ae1490008904e90029179800be0e90006c
:104850002e1590000a00ea00be0590008b0f500054
:1048600004003d009e00780065805000800f5600d7
:1048700088ff39005e0190000200e0001e003a004f
:104880000d00e0007d003400ce0190000300e00048
:104890007a0034004e0a90000408a30077003a0022
:1048a000ee1a90008c804200e0c2b300804878008d
:1048b0000d0078008501780002c3b300826878009b
:1048c0000000e900fcff3a00631f98000c864600d8
:1048d0000c06e8002e1b90000600e9000d005000b9
:1048e000201f980004003700e0c2b300ee1b9000c8
:1048f00080737e000c06e8006e1c90000c004400e3
:104900000048eb009e0478008900e9000041eb00bc
:1049100002f478008001eb006e0d90000a00e000c8
:1049200003003d000a05ea006a0f9800130020000a
:10493000120020006e0a9000810378002e1b900068
:104940006e1c900080067800090037008103780013
:10495000a5002000110009000502d8000002be00d9
:104960000543b00005f47b000201e9000603e900fd
:104970008700e9000400e000f4ff3a00e10f510075
:10498000f2ff3200261f9800681f98000d00780083
:1049900001024400b2c2b3000300e0000100320093
:1049a000d2c2b300024a78000101e900ee1990007a
:1049b0008280410003c7b3002e029000f90f52001d
:1049c00001003e0003c5b30083487800820f560003
:1049d00001003d0032fd0700ce0a900063806200b6
:1049e000e20f500018003a002e1b90000684e900e8
:1049f0004240a900140034006e1890002ffd0700fb
:104a0000800044008100e800ee1b9000818043009c
:104a10008701780002003700e36078000000e900b9
:104a2000de0c9000890f5000fbff3d00631f9800d3
:104a3000098041000801780001032000b4fc070050
:104a40000005eb002a0f98006e1890001bfd070070
:104a50004e0a9000ae09900000017800ee18900018
:104a60001e00900073fa07004f06be004f05be00ff
:104a70004f04be000080fa0000000600ce0d90003a
:104a80000b48a30098ff3a009bff37000000060088
:104a9000a9f40700fdff0700fcff3700f28747007d
:104aa0008e1f780002027800030178000000e00009
:104ab00002003200000778000100370072875700bb
:104ac0008002eb000100e000010032008102e900f9
:104ad00070805700060009000018eb000080eb0012
:104ae00080bf9f002310200093bf9f00aebf9f0098
:104af000b1bf9f00c5bf9f000100e00003003d0063
:104b0000b1042000e164880006003700004feb008c
:104b1000eebf9f00debf9f008400780070805700ca
:104b200057f907004f0778002f01b1000000060079
:104b30000101780080017800008268000408a30069
:104b400005003200130037003240780080597800a9
:104b50000004e00014003200030278000208a30001
:104b6000f9ff3a00030078000100370003187800cd
:104b700082007800b2017800f5ef2f0083824200b6
:104b80000382ea0004826200050828000502620030
:104b9000f6ff3200000278003141780002587800b8
:104ba0000204e000fbff3a00040078000000060069
:104bb00000c0da000000060000c0da0000000600b5
:104bc0008f1fd1007c0307008f87e9000000e00001
:104bd00000000600809feb00770307008f87e90045
:104be0000000e00000000600810378008bee070063
:104bf0000001be006000b8000478a30013003a0072
:104c00006220e10015003e000d0039008301d10053
:104c10000281d3008180d3008301d1000281d300bf
:104c20008180d3008301d1000281d3008180d30031
:104c30000538b000c42add00f300b20083817200a1
:104c400007f0a70003f0a0000000060083ff270084
:104c5000020020006110b900f9ff370003ff2700b0
:104c6000f7ff37001400fa00889fbe008a9fbe003d
:104c70008c9fbe000004be000205be006800470015
:104c80000a90be000890be00860307000070a700cf
:104c90000bf0a100304320009e0290008082520061
:104ca000b0fe2f000028e10011003d00b0fc2f00f5
:104cb0000028e100150034001e0990008e089000c5
:104cc0007e0090000501b0000201d1008180d30078
:104cd0000080d3008502e800fbff3a000b00e000f3
:104ce000ab033b0060001000e0801800a803370011
:104cf000f0ff2f00f1ff27000b00e000a4033b00b2
:104d00000100280000002000a10337006000b80067
:104d10009f033700020ab900001bb9000200b80067
:104d20008100420081004300000006008c9fbe000d
:104d30008a9fbe00889fbe00ca0107000bf0a20038
:104d4000040037008c9fbe008a9fbe00889fbe0073
:104d5000c40107000c48e1000b003a000c40e100e0
:104d6000020032008b010700400037008b066d0007
:104d70003e0032000af0a100f3012000f2ff2f00f4
:104d80006110b900390037000c40e10037003200f3
:104d90000940e100010036007e0107008a856d00b0
:104da000cf5dde000b0575000006eb008804fd00fa
:104db00089045400010032007d0107000a04e0006c
:104dc00011003a000800e000280032000400400012
:104dd0008580480006014900878149000358a300e7
:104de000180032008301d1000281d3008180d300fa
:104df0000080d3000c86d3000100390061067600e4
:104e00000804e800180037000400500085805800ae
:104e10000601590087815900060031000af0a200fe
:104e20000c06ea0060001800e0801800600119001c
:104e3000e081190003003a000004eb000005eb00dc
:104e40000a0037000348a30007003a000c0646009a
:104e50000000480081804800020149008381490028
:104e60000804e900f7ff3700af013700c901370038
:104e70008c9fbe008a9fbe00889fbe0079010700fc
:104e80000b056d000940e1000a003a000800e0004f
:104e9000020032000c40e10006003a000af0a100d6
:104ea0000c047800f3012000f2ff2f006110b9001c
:104eb0009d0037000c40e1009b0032000800e0003c
:104ec000990032000c48e10002003a000004eb00b7
:104ed000030037000900e00004003a000c047800e9
:104ee0006000b8006011b8008f0037000348a300cd
:104ef00006003a000000400081804800020149009d
:104f0000838149000804e900f8ff37000748a3003f
:104f100006003a000402420085824a0006034b0064
:104f200087834b008904e900f8ff3700fd3f20002c
:104f30008d845400090454008a1f7800881f78006b
:104f40000004780081047800020578008305780069
:104f50006000b8006011b8000d04200005003700a3
:104f60000804440089844c000a054d008b854d00df
:104f7000080031000404540085845c0006055d00cf
:104f800087855d008381d2008d06d300f4ff3b004e
:104f9000070037000404440085844c0006054d00da
:104fa00087854d008381d2008d06d300ecff3b0046
:104fb0000804440089844c000a054d008b854d008f
:104fc000080031000404540085845c0006055d007f
:104fd00087855d000281d2008d06d300f4ff3b007f
:104fe000070037000404440085844c0006054d008a
:104ff00087854d000281d2008d06d300ecff3b0077
:105000000804440089844c000a054d008b854d003e
:10501000080031000404540085845c0006055d002e
:1050200087855d008180d2008d06d300f4ff3b00b0
:10503000070037000404440085844c0006054d0039
:1050400087854d008180d2008d06d300ecff3b00a8
:105050000804440089844c000a054d008b854d00ee
:10506000080031000404540085845c0006055d00de
:1050700087855d000080d2008d06d300f4ff3b00e1
:10508000070037000404440085844c0006054d00e9
:1050900087854d000080d2008d06d300ecff3b00d9
:1050a0000b00e00004003d000404440085844c0033
:1050b00006054d0087854d000006eb008301d100f9
:1050c0000281d3008180d3000080d3000c86d300fe
:1050d0008301d1000281d3008180d3000080d300fe
:1050e0000c86d300890474008b0575008b847400d2
:1050f00001003200610676004f0478004f05780009
:105100000348a30007003a000c06460000004800d0
:105110008180480002014900838149000804e900b8
:10512000f7ff3700000137001a0137008c9fbe00df
:105130008a9fbe00889fbe00ca0007000b056d0055
:105140008a0578000c40e10008003a000900e00000
:1051500082003a000af0a1000c047800f30120005c
:10516000f2ff2f006110b9007c0037000c48e1000d
:1051700004003a00870007000900e00077003a00c9
:10518000f4ff37000800e000740032000900e0007e
:1051900002003a007f00070070003700ed3f20005a
:1051a0008d845400090444008a1f7800881f780009
:1051b000871f7800861f7800851f7800841f78007d
:1051c000cb19dd00c515de008b8571004b11dd00ac
:1051d000450dde000a057100cb08dd00c504de00c8
:1051e000898470004b04dd000440b8000546b80017
:1051f0008c80400060814e00044eb8008c804000de
:105200000d0149008001eb000318ad000456b80001
:105210000c0141008d8149000002eb000420ad002b
:105220000646b8000c0141008d81490060024a0029
:10523000054eb8000c0141008d81490060024a0012
:105240000556b8008c8141000d024a008002eb0037
:105250000528ad000746b8008c8141000d024a00c8
:10526000e0824a00064eb8008c8141000d024a00df
:10527000e0824a004f0678000c5eb8008c81410045
:105280000d024a00e0824a000656b8000c024200b5
:105290008d824a000003eb000630ad00074eb800d7
:1052a0000c0242008d824a0060034b004f067800da
:1052b0000c5eb8000c0242008d824a0060034b0075
:1052c0000756b8008c8242000d034b008003eb00b0
:1052d0000738ad004f0678000c5eb8008c824200a3
:1052e0000d034b00e0834b004f0678000c5eb800c6
:1052f0000c0343008d834b004f0478004f0578006a
:105300000748a3000a003a000000400081804800de
:10531000020149008381490004024a0085824a0053
:1053200006034b0087834b000804e900f4ff3700b5
:1053300003067800808070008280700001003200d7
:105340006106760087017800060178008500780004
:105350000400780088047800780037008d0037005a
:105360008c06460002003a000000a600000006007d
:1053700060004800e080480060014900e081490089
:105380000350a600000006008301d1000804e800d5
:10539000000006000002fd008102fd000203fd0086
:1053a0008303fd008804fd008a05fd00000006005f
:1053b0007048e1001a0039007d0320000d48e1002b
:1053c0000a00390081057000830671008c85750024
:1053d0008d8575000006eb000cd8e70061067600ad
:1053e0006000b8006011b800000006007048e100dd
:1053f0000b0039008c057800000678000100780069
:1054000082007800030178008001eb0003d8e700f8
:1054100061067600f0845400f4ff3a0000000600b4
:105420006160e1000c48ad00f08514008b06dd00e2
:105430000966de000d0676008b0edd000900de0039
:105440000d0070008b16dd008908de008d80700075
:105450008b1edd000911de000d0171008919de00cf
:10546000000006000d002800fc7f20000d85610073
:10547000441cde00ef8161000c0464000100320076
:105480000340a0008d856300c43cde00ef83630011
:105490008c846400010032000740a0000c40e10051
:1054a00006003a00ef8661008286760081867600eb
:1054b0008086760001003200180037000c48e100b9
:1054c00007003a00ef8663008686760085867600c0
:1054d0008486760002003200aeff07000f0037001e
:1054e0000348a30005003a0081067000828676001a
:1054f00083867600010032000804e8000748a30014
:1055000005003a008506720086867600878676005a
:10551000010032008904e80000000600cf04780092
:10552000cf0578001b003700000278008102780068
:105530000203780083037800880478000cf0a70049
:1055400087ff0700fd7f20000d40e10004003500cb
:105550000d0478006000b8006011b8000d0037003d
:105560000800e0000b003c00040078008500780093
:105570000601780087017800e18414008cff0700a1
:105580000cf0a70076ff07000004eb000340a70023
:105590000804e8004444dd006fc56100880175001f
:1055a0004f04be004f05be004f06be0000000600bf
:1055b000889fbe008a9fbe0030044200b0844a002b
:1055c00030054b0090854b006000b1000898be008c
:1055d0000a90be000440e10005c8e10006d0e100e9
:1055e00007d8e10002003100680040001008e80020
:1055f0004f05be004f04be0000000600889fbe009d
:105600008a9fbe003004be002005be00041854006e
:1056100005985c0006185d0007985d0011002000e9
:105620000440e10005c8e10006d0e10007d8e10030
:10563000010039008000eb00108810004f05be000b
:105640004f04be00000006001200fa00889fbe0052
:105650008a9fbe008c9fbe00e0b79f00f1b79f00fd
:1056600082bf9f0093bf9f000605be000404be00da
:105670000000eb00d0b79f00c0b79f00b0b79f00fd
:10568000a0b79f0090b79f00000678005fb1970019
:10569000cfb09700820141003fb097000200e000c8
:1056a00004003d00370007007e805700c0ff070060
:1056b00003003700330007007e805700cfff07004c
:1056c000dfb697000d00e0000c0035006fb29700c8
:1056d000ffb297000fbb97009fbb97001000200000
:1056e000010020006011b800000272008182720087
:1056f00002037300838373001b0007000c06e8009d
:1057000001042000810f5600e0ff3a000d00e00088
:1057100004003d000802be000a03be007e80570060
:10572000a3ff07005fa897000000e00005003a0013
:105730001fb29700afb297003fb39700cfb3970067
:10574000090007006fb09700ffb097000fb99700ee
:105750009fb997004f06be004f05be004f04be0024
:105760000080fa00000006000100070000000600ab
:10577000a4b79f00b5b79f00c6b79f00d7b79f00db
:10578000000006004f09de0082817100b3b79f0060
:105790004f01de008180400082807000a1b79f0031
:1057a0008fb097004f09de0000004000020070003b
:1057b00090b79f007fa897004f01de0081804000d6
:1057c0008280700081b79f000d0007004f3ade0015
:1057d0000000400004007000f0af9f0008000700c8
:1057e0000402420085824a0006034b0087834b0077
:1057f000dfff07000802be000a03be00000006002b
:105800002fb29700bfb297004fb39700dfb3970056
:1058100000000600881f780018002000881f78000c
:1058200089ff07008f87e9004f0478000000060019
:10583000801feb0084ff07008f87e900000006004f
:10584000889fbe008a9fbe00e00f5000e08f580086
:10585000e00f5900e08f59000c003d006044b80093
:105860006055b8000000540081805c0002015d00ba
:1058700083815d00180020001500070008003d002e
:10588000180007000004eb00050037000004eb00df
:105890000f00070002003d00120007001800200062
:1058a000dcff07000800e000060032006022b800bc
:1058b0006033b8000000520081805a0002015b0092
:1058c00083815b004f05be004f04be000000060050
:1058d000e00f5200e08f5a00e00f5b00e08f5b00aa
:1058e000000006006044b8006055b800040254008f
:1058f00085825c0006035d0087835d000000060072
:10590000889fbe008a9fbe008c1f7800e00f500069
:10591000e08f5800e00f5900e08f59000d003d0066
:105920006044b8006055b8000000540081805c00fd
:1059300002015d0083815d001c0020000820e10061
:1059400009a8e1000ab0e1000bb8e1000d003d003c
:10595000080037000006eb00e00f5200e08f5a000d
:10596000e00f5b00e08f5b0006003d006044b80084
:105970006055b8000402540085825c0006035d0097
:1059800087835d00aaff07000c00e00006003200dc
:105990006022b8006033b8000000520081805a00d5
:1059a00002015b0083815b004f0678004f05be005b
:1059b0004f04be0000000600889fbe008a9fbe0004
:1059c0008c9fbe000404be000605be00809fbe0082
:1059d000829fbe0021000700040678000800be0078
:1059e0000a01be001d000700840678004f03be00b8
:1059f0004f02be008d4f76007fb09700130033003a
:105a0000f0ff2f008b8f6b0006003b000d06660039
:105a10000c00a7000a00370007f0a60010002000c5
:105a20000a003700880f5200898f5a008a0f5b00e6
:105a30008b8f5b00030039001000200001003e0046
:105a40000000200007f0a7000000ea004f06be009b
:105a50004f05be004f04be000000060005ff2700f2
:105a600005826100070032000428e10001003200d5
:105a7000240005000600070001003a00440005006c
:105a80000408050002000700f9ff3a0014000500b1
:105a90006f826100810270008502710085027200d0
:105aa00000000600800078005002be005003be00d7
:105ab0004439de00f700b200f37f200003016100eb
:105ac000090032000218e10016003a008501720058
:105ad00083017300838173000008200015003a00e1
:105ae000400020001300370085017200830173001d
:105af0008381730005003a0004a8be0006a8be001a
:105b0000100020000b0037000201e90004024200ef
:105b100085824a0006034b0087834b000748a30099
:105b2000f9ff32000740a00004a8be0006a8be008e
:105b300020002000800098009200980000000600dd
:105b4000680447000294be000094be00fc044700b5
:105b50008694be008494be0009007800d1ff07003f
:105b600008007800cfff070099007800814f70008f
:105b70000b003b000800be000a0007004f00b10008
:105b800003003700f3ff2700f2ff2f006110b90078
:105b90004f06be004f05be004f04be000080fa0055
:105ba00000000600e48240001078a30007003200e5
:105bb000640240001178a3003400be001401be004e
:105bc000040032000330a700000006003500be00cc
:105bd0001501be000330a000000006001800fa0006
:105be000889fbe008a9fbe008c1f78000004be0004
:105bf0000205be000802be000a03be00443ade00f1
:105c0000f07f20000006620020432000800f560035
:105c100067003c006022b8006033b8000800be0096
:105c2000e7fb07000000e000610032000802be0050
:105c30000a03be00b4b79f00c5b79f00d6b79f0048
:105c4000e7b79f00e00f5200e08f5a00e00f5b00c3
:105c5000e08f5b000b003d006022b80006002000d2
:105c6000073324000800be000a01be002ffc070015
:105c70006022b800060020000733240031fc070032
:105c80000a0037006022b800060020000733240015
:105c90000800be000a01be002afc07006022b8000e
:105ca000060020000733240020fc07000802be0085
:105cb0000a03be001dfc07000002be000203be0076
:105cc000f4b79f0085bf9f0096bf9f00a7bf9f00ae
:105cd000e03f2000800f560017003c007fb0970087
:105ce0008fb897001fb99700afb99700f0af9f002a
:105cf00081b79f0092b79f00a3b79f006044b80090
:105d00006055b8003fb29700cfb297005fb39700dd
:105d1000efb39700e00f5200e08f5a00e00f5b00f6
:105d2000e08f5b0022003d006044b8000a002000c4
:105d30000bff2b001e0037006022b8006033b80054
:105d40007fb097008fb897001fb99700afb9970041
:105d5000a0fb07000000e0000c0034007fb29700b9
:105d60008fba97001fbb9700afbb97000800be001b
:105d70000a01be00f3fb07006022b8000600200005
:105d800007ff2300e9fb0700070037007fb29700f9
:105d90008fba97001fbb9700afbb97000800be00eb
:105da0000a01be00e7fb07000004be000205be00ba
:105db0000800be000a01be004f0678004f05be0075
:105dc0004f04be000080fa00000006000000fa0048
:105dd000aa22ef00f01f280040158800c000200014
:105de000301588000008200020158800a222ef004e
:105df0000000280000158800a022a8001000200044
:105e000050478800a00020004b1c07000080fa00cb
:105e1000000006000200fa00000f78009e007800e3
:105e20006f80600030158800a022a8009200090051
:105e3000000000000080fa00000006000400fa00e4
:105e400010079800401f2000000f7800a002a90052
:105e5000a022a90000000000001580006100600081
:105e60000000e00004003a001e0fe9001e00780068
:105e70000000e000f8ff3a001e0078000000e0009b
:105e8000070032001e0090006900500001148000dd
:105e90000001400000c92000000041000108780016
:105ea0000080fa00000006000000fa005047800061
:105eb0000000e0001d003200c0002000dfff0700ee
:105ec000d0002000d3ff0700d0002000dbff070038
:105ed0006047800001fd2f0000004000008040006e
:105ee00010007800cbff07006047800001fd2f0005
:105ef000000040000080400010007800cfff070045
:105f0000604780000000e80060478800604780002c
:105f1000e30f500001003400ec28ef00c000200027
:105f200030158800a022a800010037000000000002
:105f30000080fa00000006000200fa00000f78005e
:105f40001e007800e80f5000030036001e007800a5
:105f5000ee0f5000020036000000eb000600370094
:105f60009e007800698050008000400000c9200039
:105f700000804000100078000080fa000000060059
:105f80003200f800900188006118e100040032003e
:105f90007018e10002003200f0ff2f00030037000c
:105fa0003119ba008301e900fdff3a003200f9001f
:105fb00000000600849fbe004220a9004404240083
:105fc0006110e1000a003200540424007010e10066
:105fd0000700320064042400f5ff2f000510e100e3
:105fe00003003200f0ff2f004f02be000000060049
:105ff0003200f800203b8800113b8800043b8800f9
:106000000500fc0050052000303b8800a00a20005d
:10601000303b880061e7a80000000000000000009d
:1060200061e7af00feff37000000eb003200f9002f
:106030004f02be0000000600841f78004220a90025
:10604000440024006118e1000600320054002400de
:106050007018e100030032004f027800f0ff2f00bb
:10606000000006003200f80091018800821f7800cd
:106070003019bb008301e900fdff3a00213b880095
:106080004f017800123b8800043b88000500fc00ab
:1060900050052000303b8800a00a2000303b8800db
:1060a00061e7a800000000000000000061e7af0009
:1060b000feff37000000eb003200f9004f027800cd
:1060c000000006000400fa00004f78001107980055
:1060d0009e40780061cf60001e0090000000d1005b
:1060e000004078001e4f68001e0090004300de0054
:1060f000004078001e4f68001e0090004500de0042
:10610000004078001e4f68001e0090004e00de0028
:10611000004078001e4f68001e0090000000400004
:10612000100798001e80fb00e10060001e00900038
:10613000008040000080fa00000006000600fa001f
:10614000204798002107980070002000000f780079
:10615000ae0090002e409000daff07002007980064
:106160002e4090008080fb001e0078000088de003a
:1061700000407800ae009000d2ff07002007980092
:106180001e0fe9001e0078000000e000f4ff3a0056
:106190002e0090000080fa00000006000400fa00c3
:1061a000000f7800110798001e007800004078006a
:1061b0009e009000e1ff0700100798001e00780085
:1061c0004800de00004078009e009000dbff0700e2
:1061d0000080fa00000006000200fa000000eb0058
:1061e000000f78001e0078008000400000b1200001
:1061f000008040008000eb00010878001e0fe800de
:106200001e007800ea0f5000f6ff340090002000d6
:1062100030598800007d200060598800c01220009d
:10622000705988000000eb00805988003000200081
:10623000905988003000200040598800200020003c
:1062400050598800c0122000a0598800100020007a
:10625000b05988000000eb00c0598800600420009d
:10626000d059880080022000e05988000000eb002f
:10627000f05988000000eb00005a88000000eb0095
:10628000105a88000000eb00205a88000000eb0044
:10629000305a88000000eb00405a8800809d2000a2
:1062a000605a880020482100705a8800604220000f
:1062b000805a880020032000905a880040b52000b2
:1062c00011c0b3000148780050b5200011c0b300e0
:1062d00001487800f0032000b05a8800a0ac2000ec
:1062e000c05a880000832000d05a880060852000b2
:1062f000e05a880040062000f05a8800102324004d
:10630000f1002000005b8800115b880080072000fe
:10631000205b88001300200002852000010f2f0061
:10632000f007200016ff0700804280000000e80010
:106330008042880012002000010f2f00f00720008b
:106340001cff070013002000020f2f00f1072000a0
:106350000085200038ff07000080fa0000000600da
:106360000200fa000000eb00505a88000000eb0029
:10637000000f7800210037001e007800fc0f50004d
:1063800008003e00515a80001e00780000014000c5
:1063900000b1200000004100100078007fff0700de
:1063a000505a88009e00780000802700008040003e
:1063b000000040001200200080007800f00720005c
:1063c000fcfe07009e00780000802700008040004f
:1063d000000040008000780002b120001e0078001c
:1063e000000040000000410013002000010178007f
:1063f000f107200010ff07001e0fe8001e007800c4
:10640000fd0f5000dcff36000080fa00000006009f
:106410000400fa000000eb00100798000000eb00f9
:10642000000f78001900370001b120001e0078002d
:1064300000004000808040001e017800008027009e
:10644000000041000000400013002000010178001e
:1064500080007800f0072000c9fe07001e007800c9
:10646000fc0f500008003e001e0078008000400035
:1064700000b1200000804000100078009e009000d5
:1064800046ff0700100798001e0fe8001e00780066
:10649000fd0f5000e4ff36001300200002852000ad
:1064a000010f2f00f0072000b5fe0700515a8000b1
:1064b0001e0090000080680000f0a7000000ea00c5
:1064c0000000ea004f00de000080fa000000060035
:1064d0000200fa000000eb00305b88000000eb00d7
:1064e000000f7800210037001e007800ec0f5000ec
:1064f00008003e00315b80001e0078000001400073
:10650000c0b42000000041001000780023ff070005
:10651000305b88009e0078000082270000804000e9
:10652000000040001200200080007800f0072000ea
:10653000a0fe07009e007800008227000080400037
:106540000000400080007800c2b420001e007800e7
:10655000000040000000410013002000010178000d
:10656000f1072000b4fe07001e0fe8001e007800af
:10657000ed0f5000dcff36000080fa00000006003e
:106580000400fa000000eb00100798000000eb0088
:10659000000f780019003700c1b420001e007800f9
:1065a00000004000808040001e017800008227002b
:1065b00000004100000040001300200001017800ad
:1065c00080007800f00720006dfe07001e007800b4
:1065d000ec0f500008003e001e00780080004000d4
:1065e000c0b4200000804000100078009e009000a1
:1065f000eafe0700100798001e0fe8001e00780052
:10660000ed0f5000e4ff3600315b80001e0090006b
:106610000080680000f0a7000000ea000000ea0027
:106620004f00de000080fa00000006000000fa00c3
:1066300000000000a0168000610060000000e00083
:10664000fcff3a0070168000620060000000e0006d
:10665000f8ff32000080fa00000006000000fa0097
:1066600000000000a0168000610060000000e00053
:10667000fcff3a00800c20002f1a07000080fa006f
:10668000000006000400fa00100798001e009000a9
:10669000104078000000fb00000f78001e00900002
:1066a0000000e80010079800060037001e00900068
:1066b000104078009e0090008100e80011079800cb
:1066c0007a1a07001e00780000f0a7000000ea0018
:1066d0000000ea004f00de00004078001e0fe900d5
:1066e0000004e000f1ff3a000080fa00000006001c
:1066f0000000fa00744080000267200003002000c0
:10670000f002120004003b008502ea000598de005a
:10671000cf98de0004003700851add000410de008b
:10672000008072008498de00000078006100600044
:10673000004078000004e000020032004006200023
:1067400001003700a0282000d04688000080fa0011
:10675000000006000200fa00000f78001e0078001a
:106760000000e00005003200905a800080007800b0
:10677000a07f2100d019070008003700905a800040
:106780006a00b9000000780080007800c0f62000a0
:10679000c9190700401f2000e71907000080fa0010
:1067a000000006000800fa00200798003107980052
:1067b000ae0090003e00900000017800110009003a
:1067c0008200d800000f7800ae0090003e009000dc
:1067d00000017800110009008200d8008000fd004f
:1067e000100798003e0090008080d1001e009000ad
:1067f000808f500001003c001e0fe8001e00780052
:106800000080fa00000006000000fa000428ef00f3
:10681000f04180000000e0003d003200f0418000c7
:10682000620060000000e00009003200f1418000d9
:10683000d003200000806000f0418800caa2a900b7
:1068400040012000bc190700caa2a800310037008f
:10685000f041800061006000004078000004e0002a
:1068600005003200f1418000e0032000008060005c
:10687000f041880027003700f0418000640060008c
:106880000000e00005003200f1418000b00320006c
:1068900000806000f04188001e003700f041800059
:1068a000680060000000e00005003200f141800057
:1068b0007003200000806000f04188001500370060
:1068c000f0418000700060000000e000060032002f
:1068d0002628ef00f1418000f002200000806000d7
:1068e000f04188000b003700f141800000022000d9
:1068f000008060000000e00006003200f0418000ef
:106900007f006000f04188000000000001003700b7
:10691000000000000080fa00000006000200fa00fb
:10692000000f780020478000e10f50000b003a0074
:10693000505980000000e00008003a001e00780076
:1069400080004000e0a82000008040001000780097
:106950004cff0700e428ef00000000000080fa0070
:10696000000006000400fa00100798000000eb0089
:10697000000f78001e0078008000400060b52f00f6
:1069800000804000900078001e009000808f500032
:1069900005003e001e0fe8001e007800e90f5000c1
:1069a000f4ff340001003700000000001e007800f2
:1069b0000080fa00000006000600fa001000200027
:1069c000d6ff0700c51907000004e00045003200ab
:1069d000d419070040479800804780000000e0007d
:1069e00004003a00ce40900060c4b30080cf500055
:1069f0003b003a00c0468000b043880080478000da
:106a0000e10f500007003a00ce40900010c4b300e0
:106a100080cf5000030032007628ef00930e07006d
:106a200030003700804780004e41900021c5200093
:106a3000827078000000e80080478800804780006e
:106a4000ee0f500003003c00b04380000000e00067
:106a500002003a00850e070022003700ce40900069
:106a6000b0c3b30080cf50001e003a0050598000e0
:106a70000000e00002003200100020007047880093
:106a800020c520000080e80063ec0700401fb00034
:106a90000180b000823e200003002000a8e607002d
:106aa000008fbe0000532700010020001e01be0021
:106ab000800f5100818f59000300340020532700bc
:106ac00001002000008fbe001e007800a5ff070017
:106ad000305988007628ef00640e07000100370067
:106ae000000000000080fa00000006000400fa0028
:106af000100798001e0090004480de00000f780010
:106b00001e0078006a00b90000007800000f7800cd
:106b10001e0090006f0060001e0040000080fa0020
:106b2000000006000600fa006000b800008fbe00fa
:106b30000000eb00200798009e0090004006200017
:106b40000088b900000178001e0078006000b900dc
:106b500000007800000141009e00780040062000ff
:106b60000008b8000101410082007800008fbe00db
:106b7000008fbe0021c520002e0090000080400044
:106b8000104078000080fb00d8ff07006101b900c9
:106b90001e00be000200400083804800008fbe003f
:106ba0002e0090000000e800200798002e009000c2
:106bb000e30f5000e0ff3400220320000300200018
:106bc0001e0f41005e9749001e00be0042062000d5
:106bd000030020005ae60700008fbe000053270084
:106be000010020001e01be00800f5100818f59005e
:106bf000030034002053270001002000008fbe0056
:106c00001e00780057ff07000080fa000000060011
:106c10000000fa00881f78000000eb003fff07002b
:106c20002e1907000004e00014003200884780009d
:106c30003c19070021c5200080707c000800e80096
:106c400080478800800c2000b04388008047800087
:106c5000e40f500010003400505980000000e000a4
:106c6000020032001000200070478800adff0700ce
:106c700030598800fd0d070007003700804780006d
:106c80000000e00004003200b04380000000e0009b
:106c900001003a00f50d07004f0478000080fa006b
:106ca000000006000000fa00889fbe00104480002b
:106cb0000000e0001c003a00624180007341800047
:106cc000006a280011002000800f5100818f5900b8
:106cd0000e00340060418000714180004ae60700e8
:106ce0000004be00005b8000115b800046e60700e8
:106cf00002002000031224005be707000001be0031
:106d00000800be0058e70700010037006000b80027
:106d100080438800914388002c28ef002e28ef0044
:106d2000400620001044880080438000914380008a
:106d30004f04be000080fa00000006000000fa00c8
:106d4000889fbe004143800000428000808f500039
:106d50000700320000428000404388006000b80015
:106d600050438800614388006e28ef0034003700ec
:106d7000205880008000eb0026e607000004be00db
:106d8000605a8000cf80de001fe607000001be00d1
:106d90000800be0013e80700c0408800d14088000a
:106da000c4408000d5408000504380006143800093
:106db00018c0b3000001be000400be00efe50700ec
:106dc0000000e00001003c000044eb000804e0008b
:106dd00007003200c0408000d1408000504388004e
:106de00061438800800c2000704388000a0037004f
:106df000704380000000e000040032007043800017
:106e00000000e90070438800030037006000b8000c
:106e10005043880061438800504280000000e00039
:106e200003003200c0408000d140800002003700e3
:106e3000504380006143800052002000720d070023
:106e40004f04be000080fa00000006000000fa00b7
:106e50008c21ef00e842a900e862a900fffd0700cd
:106e6000cfa2a900ffff37000400fa00889fbe00f0
:106e7000c2418000d3418000204380003143800024
:106e8000800f5100818f590007003500c0418000fc
:106e9000d14180002043880031438800803e20009b
:106ea000f043880007003700f04380000000e00056
:106eb00004003a006428ef006628ef006000b80084
:106ec000008fbe002043800031438000cee50700e4
:106ed0000004be00805a8000cf80de00cae50700b3
:106ee0000001be000800be00bee70700008fbe0024
:106ef000405a80000000e0001500320018c0b300c6
:106f000062da2d0073c124001e00be009be507005d
:106f10000000e00001003c000044eb000804e00039
:106f20000800320002002500337c24001e00be0051
:106f3000cde60700f9e9070062002000320d0700e6
:106f400013003700405580000d0d0700100037007a
:106f500018c0b30062da2d0073c124001e00be0009
:106f600086e507000000e00001003c000044eb0063
:106f70000804e00004003200220020001e00be00d1
:106f8000210d07000200370030558000fc0c07007f
:106f90004f04be000080fa00000006000000fa0066
:106fa000104780000000e00003003a00c09c2f0062
:106fb000f30c070004003700e0408000f14080003f
:106fc00032002000100d07000080fa0000000600cb
:106fd0000000fa00889fbe008a9fbe0080408000ab
:106fe0009140800082142e00a3f723007de7070064
:106ff0000004be00305880008000eb0085e50700eb
:107000000005be00705a8000cf80de007ee50700dc
:107010000001be000a00be0072e707000200200067
:107020008324240090e607000001be000800be0093
:10703000a8e50700804088009140880080408000db
:107040009140800042002000ef0c07004f05be0079
:107050004f04be000080fa00000006000000fa00a5
:10706000881f7800b859800020418000cf80de0062
:1070700065e5070008017800e30c07004f0478007d
:107080000080fa00000006000000fa0005ff07007b
:10709000809fbe0010b42f00801f780000af20003a
:1070a0001ceb0700e687570000af2000b40c070078
:1070b0006dff07000080fa00000006006000fa0083
:1070c000889fbe008a9fbe008c9fbe00660f47004f
:1070d000c0418000d14180004be507000004be00a4
:1070e000805a8000cf80de0047e507000001be0027
:1070f0000800be003be70700100798002107980032
:10710000f1418000312f980071428000412f98009a
:1071100021418000512f980018c0b30062da2d0081
:1071200073c124001e009000ae00900013e507001c
:107130000000e00001003c000044eb000804e00017
:107140000700320002c22b00e3cb24001e00900097
:10715000ae00900044e607000005be0001003700c5
:107160006055b800205880008000eb0029e507003a
:107170000004be00605a8000cf80de0022e50700d8
:107180000001be000800be0016e70700020025004f
:107190003384240034e607000006be003058800027
:1071a0008000eb001be507000004be00705a800061
:1071b000cf80de0014e507000001be000800be001d
:1071c00008e70700024022004397240026e6070054
:1071d0000004be0010478000cf80de000ae50700f3
:1071e00002002000832c24001fe607000001be00df
:1071f000305980008000400000b120000080400035
:10720000100078000000e800602f980037598000d7
:10721000b059800041b52f00614078000003fb00a9
:10722000e6c8bf008002fb00015a800020b52f0095
:1072300060c078000002fb00e141800000b52f0033
:1072400060c078000000fb00e6004700712f980046
:10725000be289000811f7800ce289000811f780002
:10726000de289000811f78008a9fbe008c9fbe00a0
:10727000889fbe00829fbe00ee289000811f78008c
:10728000871f7800861f7800851f7800841f78008c
:10729000801f780080b82f00801f78007e28900023
:1072a00007ea07004f02b100040037001e00780013
:1072b000104078001e0fe8007c1707001e007800c1
:1072c000104078000004e000f8ff3a004f06be00ce
:1072d0004f05be004f04be000080fa00000006000b
:1072e0000400fa0050408000e10f5000c500320059
:1072f000c04380000000e0000c003a0050598000bc
:107300000000e000090032006cff070051598000c6
:10731000803e20000088b90000007800c04388004b
:10732000c04380004006b000e04388006b170700b0
:107330000004e000b50032007a170700004f780023
:107340001e407800ea4f5000b200320080478000b3
:10735000e10f50000f003200e10f500003003c002d
:107360000000e000060032001e003700e20f50006f
:107370000e003200e30f50001500320019003700f4
:10738000d0c3b3009e40780080cf50001700320079
:10739000a30037001e00fb001004b100f90f5000dd
:1073a00014003600310c07009d0037001e407800a5
:1073b000ed4f5000110032001e00fb000003b10031
:1073c000e90f50000f003600280c0700940037002a
:1073d0001e407800ed4f50000c003200230c0700d7
:1073e0008f003700210c07008d00370000000000df
:1073f0000700370000000000050037000000000013
:10740000030037000000000001003700000000000a
:10741000804780001e41780021c5200082707800de
:107420000000e800804788001e407800ed4f5000c3
:107430007a003a00505980000000e0000600320057
:1074400051598000803e20000088b900000078007b
:107450004006b0000100370080382100e04388007a
:1074600030c5200010407800004f780040c5200053
:10747000104078000080fb000003b1001007980066
:107480001e00fb0071042000810f50002e0032000e
:1074900071042000810f50000a003c0021042000ec
:1074a000810f50001b00320031042000810f50007a
:1074b0002300320011042000810f5000120032001e
:1074c0004e00370001052000810f50002f003200d0
:1074d00001052000810f500004003c00f104200051
:1074e000810f5000260032004400370021052000a3
:1074f000810f50003600320031052000810f50000e
:10750000350032003d00370010002000005a88008e
:107510003a0037001e0090000000e000300032000a
:107520001e009000e90f50002f003e000000eb000d
:10753000005a88001e009000305988002f00370044
:10754000b1fc07002d0037001e0090000000e00095
:10755000270032001e009000e40f500026003e007d
:10756000305980009e0090008100e9000001400039
:1075700000b1200000004100010878001f00370022
:1075800010002000e04188001c0037001e00900021
:107590000000e0000100320071fb07001e009000b7
:1075a0000000e00002003200d0872f000100370009
:1075b00020bc2f0080007800c0862f00870b0700ba
:1075c000c05d20005c16070020fe07000b0037009e
:1075d000bafe0700090037003c28ef00070037001b
:1075e0000000000005003700000000000300370025
:1075f0000000000001003700000000009b0b0700a6
:107600000700370000000000050037000000000000
:1076100003003700000000000100370000000000f8
:107620000080fa00000006000000fa0040598000c7
:107630000000e0001600320040598000e10f5000c9
:107640001100320040598000e20f50000c0032005f
:1076500080598000e10f50000700320080598000ff
:10766000e20f500002003a00805925000100370067
:1076700060882600010037000097230001003700d2
:107680004025250001003700c04d230001003700d0
:1076900080602300004088000080fa00000006009f
:1076a0000c00fa00889fbe00200798003107980060
:1076b00042079800530798002e019000be019000e9
:1076c000b012200001002000800f5100818f59006e
:1076d00002003c006000b800270037004e00900018
:1076e000de009000c8e307000004be002e009000fa
:1076f000be009000c4e307000001be000800be0009
:10770000d9e40700008fbe0018c0b300027120004a
:1077100013f523001e00be0098e307000000e00000
:1077200001003c000044eb000804e00003003200cc
:107730000071200011f52300008fbe000200200020
:1077400003f823001e00be00e2e307000004be00b1
:107750001e01be000000200001f82300d4e3070052
:107760000001be000800be00bfe4070002002000c8
:10777000832c24009be507004f04be000080fa0024
:10778000000006000000fa00204080000000e00039
:1077900008003a0000192000204088003040800096
:1077a0000000a20030408800e1012000307320007a
:1077b000c1150700304080000000e00026003200c4
:1077c000f0418000620060000000e0000200320032
:1077d00090892f0021003700f04180006100600097
:1077e000004078000004e0000200320030892f00e1
:1077f0001a003700f0418000640060000000e000e3
:1078000002003200f0892f0014003700f0418000a0
:10781000680060000000e00002003200508a2f0083
:107820000e003700f0418000700060000000e000b2
:1078300002003200b08a2f0008003700f1418000ba
:1078400000022000008060000000e0000200320022
:10785000108b2f0001003700a0b42f000080fa0029
:10786000000006000000fa00205a8000610060005d
:10787000004078000004e0004a00320060408000d0
:10788000e10f500012003a0011478000300620003e
:10789000808f500002003c000000eb004a003700df
:1078a000a0598000d2f92f0000014100114780004b
:1078b000000320000088b9008000780000d72e0067
:1078c0000080400082007800b6fb07003e003700d1
:1078d00060408000e20f50000d003a00a0408000a0
:1078e000b140800027e30700000178003158800094
:1078f000d05a800080805000000320000088b9002a
:107900000000780082007800a6fb07002e003700f8
:1079100060408000e30f500008003a00c040800043
:10792000d140800002a02500337c24004ee40700f3
:1079300014e3070000007800230037006040800057
:10794000e40f500017003a00b05980000000e0003a
:1079500008003200d259800021418000000320003d
:107960000088b90000007800820078008dfb0700d5
:1079700015003700d059800002fe2f0000014100a1
:1079800021418000000320000088b90080007800b9
:1079900000a02f00008040008200780081fb0700db
:1079a0000900370080418000914180000002be0044
:1079b00040418000514180000001be000400be0033
:1079c0002be30700000078000080fa0000000600aa
:1079d0000000fa0031588000c05a8000808f5000ab
:1079e00003003600f04180000030a000f041880024
:1079f0003158800030418000808f500003003100fa
:107a0000f04180000040a000f04188003158800023
:107a1000d05a8000808f500003003100f041800078
:107a20000050a000f04188003117800000002800bd
:107a3000008060000000e00003003200f0418000a0
:107a40000010a000f0418800d15980002041800042
:107a5000808f500003003d00f04180000020a00016
:107a6000f0418800a25980001147800010002000da
:107a7000810f5100010035000000eb00e141800062
:107a8000010060000000e00003003200f0418000cf
:107a90000000a000f0418800f04480000000e000f9
:107aa00004003200f04180000000a000f041880096
:107ab0009e28ef00b05a800080007800f0418000de
:107ac00000806000f0418800f1418000f002200059
:107ad000008060000000e00005003200ca82a900ba
:107ae00020c5b300e6e8b7003c28ef000a28ef0005
:107af0000080fa00000006000600fa001007980057
:107b00002107980010002000000f78001e00900050
:107b100080004000e0a520000080400010007800b8
:107b200091792f002d0a0700c0fa0700800c200071
:107b30000115070000000000701680006200600060
:107b40000000e00004003200a01680006100600028
:107b50000000e000f8ff320000ccb300740807001a
:107b600070168000620060000000e00018003a001b
:107b70002e009000640060000000e0000100320070
:107b800095f907002e009000610060000040780029
:107b90000004e000010032004dfa07002e009000c2
:107ba000620060000000e00002003200ecf9070013
:107bb0004628ef00905a80006500b9000000780068
:107bc00080007800f0a42000bb14070011003700eb
:107bd0002e00900061006000004078000004e0008a
:107be0000100320066fa07002e009000620060007b
:107bf0000000e0000100320005fa07000000eb0081
:107c0000000f7800905a800080007800a07f21004b
:107c1000a91407001e00780080004000e0a92000a1
:107c20000080400010007800d5090700803e200049
:107c3000c11407007dfa0700305a8000770807005a
:107c40000080fa00000006000000fa00401f20003b
:107c5000d0438800f04180000000e00004003200c2
:107c6000e9fa07000628ef007cfa07002100370038
:107c7000d04380000000e0000e003a00905a8000df
:107c80000000400080007800e02521008a140700f1
:107c9000304280000000e00003003200210020009c
:107ca0000000eb0094ff070010c0b300200807009d
:107cb00066fc0700a0168000610060000000e00084
:107cc000ebff3a00800c20009b140700604080000e
:107cd0000000e90060408800604080000000e00093
:107ce00002003d00e0468000604088006040800067
:107cf00098fa07000080fa00000006000200fa006f
:107d0000818c2f00708b2f00b4090700908d2f00fd
:107d1000801f7800f7e707008f87e900001920002f
:107d200085140700f9140700ec1407000004e000b4
:107d300013003200fb140700004f780021032000dd
:107d4000903920005c1407001e407800d71407000b
:107d50009e80fb001e80fb00811f7800801f780042
:107d600060902f00801f780000af2000e9e7070037
:107d7000e687570001af2000000c20008d090700a6
:107d8000a0168000610060000000e000e6ff320005
:107d9000905a800080007800c0f62000461407004a
:107da000b0912f00801f7800d2e707008f87e9008d
:107db000d614070029fa07000080fa000000060028
:107dc0000200fa0090002000000f78001e007800ea
:107dd00080004000e0c32000008040008000eb00f5
:107de000010878001e00780000f0a7000000ea00fb
:107df0000000ea004f00de00004078001e0fe9009e
:107e00000004e000f1ff3a00400120000044880037
:107e10000080fa00000006000200fa000042800024
:107e20000000e00001003a006228ef0000448000fa
:107e30000000e0003a003a00604280000000e000ec
:107e4000140032000000eb00000f78001e007800e4
:107e500080004000e0c32000008040001000780057
:107e6000801f780060932f00801f7800a1e7070033
:107e7000e48757001e0fe8001e007800e90f50004d
:107e8000f2ff3400c0932f00801f780099e70700ad
:107e90008f87e90090002000000f7800f0618000db
:107ea000e40f50001d003c001e00780080004000e0
:107eb000e0c3200000804000100078000000e000d7
:107ec00005003a001e0fe9001e0078000000e000e7
:107ed000f5ff3a0001003700000000001043800069
:107ee0009e0f500004003d009e0078001143880062
:107ef0009e00780031598800004280000000e000b8
:107f000002003200100020009042880000428000f1
:107f10000000e00001003200a028ef00a8ff0700e9
:107f20000080fa00000006000400fa001007980024
:107f3000a0002000000f78009e0090001e00780036
:107f400000014000a0b62f000000410010007800a2
:107f5000808f500005003e001e0fe9001e007800d3
:107f60000000e000f4ff3a000100370000000000cc
:107f70001e0078000080fa00000006000000fa00f1
:107f800040588000e8ff0700305988000080fa0060
:107f9000000006000400fa00100798000000eb0043
:107fa000000f7800010037001e0fe8001e00780067
:107fb000ea0f500009003c001e00780080004000dd
:107fc00040bc2f0000804000100078008000780046
:107fd0001e009000808f5000f3ff35001e007800d7
:107fe00080004000a0bd2f000080400010007800fd
:107ff0000080fa00000006000000fa0040588000ef
:10800000e4ff0700305988000080fa0000000600f5
:108010000000fa003159800040478000808f5000f6
:108020001800320050168000700060000000e00070
:1080300008003200ca82a90020c5b300e6e8b700f4
:1080400040012000104588001000200000438800f7
:108050004f003700004380000000e00003003200c2
:10806000104580000000e00048003a006028ef0062
:1080700030598000404788004001200010458800aa
:10808000a028ef00305980008000400000b120009f
:10809000008040001000780061006000004078001f
:1080a0000004e00002003200cae2a900010037002b
:1080b000cae2a800305980008000400000b12000d2
:1080c0000080400010007800620060000000e000c6
:1080d00002003200cac2a90001003700cac2a800cb
:1080e00030598000e10f500002003a00e9a2a800d8
:1080f00001003700e9a2a90030598000e20f5000ca
:1081000002003a00e982a80001003700e982a900d4
:1081100030598000e30f500002003a00e9c2a80085
:1081200001003700e9c2a90030598000e40f500077
:1081300002003a00c4e2a80001003700c4e2a9002e
:1081400030598000e50f50000300320030598000a4
:10815000e60f500002003a00c4c2a8000100370038
:10816000c4c2a900305980000000e00003003200c2
:1081700030598000e60f500002003400e802a800e9
:1081800003003700e802a9000100370000000000ea
:108190000080fa00000006000000fa00505980003c
:1081a0000000e00014003200c04380000000e00046
:1081b00011003a0051598000803e20000088b9002b
:1081c00000007800c0438800704780000000e00095
:1081d00002003a00a0002000305988004059800079
:1081e00080004000e0a820000080400010007800df
:1081f00024f90700ee28ef000080fa0000000600d6
:108200000000fa000000eb00005a88000080fa002d
:10821000000006000400fa00008fbe00b059800084
:10822000c200dd0000b82f00008040001000be003a
:108230000001be001e00be000be20700008fbe0062
:10824000b05980000000e00005003a000200200064
:10825000032024001e00be001ee10700008fbe00a8
:108260000200200003f023001e00be0019e10700f9
:10827000ece40700c3e00700000078000080fa008b
:10828000000006000200fa00889fbe000000eb001c
:10829000000f78008ce0a9001e00780080004000ec
:1082a00000c9200000804000900078001e00780087
:1082b0000001400040b020000000410001087800ab
:1082c0001e0fe8001e007800e50f5000f2ff34009a
:1082d0008ce0a8000041800011418000420a270084
:1082e000d3f72300bfe207000004be0070588000ef
:1082f0008000eb00c7e00700a2702d0033c223000e
:10830000b8e207000001be000800be00f1e007006f
:108310000041880011418800004180001141800027
:10832000bcff070020418800004780000000e000fb
:1083300016003200004780000000e9000047880076
:1083400061588000205b8000008040006101b8001f
:10835000c0428000d142800002004000838048007b
:10836000c0428800d1428800505880006101b800a6
:10837000e0428000f142800002004000838048001b
:10838000e0428800f142880052003700c442800079
:10839000d542800040b52000104078000080fb00ee
:1083a0008000eb000001be000400be0064e0070096
:1083b000c0428800d1428800e4428000f54280003b
:1083c00040b52000104078000080fb008000eb00ea
:1083d0000001be000400be0059e00700e042880032
:1083e000f1428800c2428000d3428000c042800037
:1083f000d1428000009ab90004027800028bb900d3
:1084000086027800050242000010b8000102420016
:10841000840078008041880091418800e242800019
:10842000f3428000e0428000f1428000009ab900ef
:1084300004027800028bb90086027800050242002f
:108440000010b8000102420084007800a0418800ba
:10845000b14188008241800093418000a0418000aa
:10846000b14180000000510081805900c041880066
:10847000d1418800e0428000f1428000c442800087
:10848000d54280000001be000400be0084fc07004d
:10849000e0408800f1408800e0408000f14080002a
:1084a00038e0070000007800104788005c28ef00e3
:1084b0005e28ef00e0428000f1428000c042880068
:1084c000d142880040b52000104078000080fb00b9
:1084d000004788004f04be000080fa00000006003c
:1084e0000600fa00000f7800110798002207980094
:1084f0001e007800900078001e009000808f5000d1
:10850000030034001e0078009e00900001087800ef
:108510001e007800900078002e009000808f5000a0
:1085200003003d001e007800ae00900001087800b6
:108530000080fa00000006000400fa00b059800034
:108540000000e00006003200e0598000650f4000a6
:10855000e05980006a0040001007980005003700cd
:10856000e05980006a0f4000e0598000740040002c
:10857000100798004e28ef00e1598000204180004c
:10858000808f500002003c001000200070428800e4
:10859000204180009e0f5000020035002000200086
:1085a00070428800214180001e009000808f5000a2
:1085b000020035003000200070428800c159800060
:1085c0007042800000804000704288000001eb0093
:1085d00031002000e0842000c1ff070070428000cd
:1085e0006200600000f0a7000000ea000000ea005e
:1085f0004f00de00004078000080fb00610060005a
:108600004200dd00411780000120a1000100700040
:108610004017880070428000004078006140600090
:1086200061406000614060000080fb00610060000c
:108630004300dd00411780000130a10001007000ff
:10864000401788000080fa00000006000000fa00d1
:1086500020bf2f00801f7800e0bf2f00801f780010
:1086600060c02f00801f780090a72f00801f780027
:10867000a07a2f00801f78009ee50700ea87570048
:10868000207d2f00801f78009ae507008f87e90082
:1086900000812f00801f780096e507008f87e90092
:1086a00010852f00801f780092e507008f87e90072
:1086b000c0cc210001002000809fbe00f0ac2f0044
:1086c000801f78008be50700e68757000080fa00de
:1086d000000006000800fa00881f7800000f7800ec
:1086e000110798002207980033079800f046800091
:1086f0000000e000090032001e0090001004780025
:10870000b91107009e0078000180b90000007800d0
:10871000800044001e009000010878003e01900097
:10872000ae0090001e0090006dff07004f0478001f
:108730000080fa00000006000200fa00000f780036
:108740008001eb00120020009e0078001000200045
:10875000e0ff07000080fa00000006000200fa00b7
:108760000000eb00000f780040598000b042880004
:10877000030037001e0078000000e800000f7800ba
:108780001e007800e50f500008003c001e00780035
:1087900080004000e0c02f00008040009000780082
:1087a00040598000808f5000f2ff3a008001eb00ba
:1087b000620020008e00780010002000c5ff070036
:1087c0001e00780080004000e0c02f0000804000c4
:1087d000100078004059880041598000b042800064
:1087e000808f50001200320040598000e10f50008d
:1087f00005003c00505980000000e00002003a00f3
:10880000200020005059880040598000e20f50009d
:1088100002003a000000eb005059880040598000e7
:10882000e50f500002003a00900020003059880007
:108830007dfb070040598000e30f500002003a0022
:10884000500020000100370040002000e046880072
:10885000405980008000400080a02000008040003f
:1088600010007800801f7800f0932f00801f7800a0
:1088700000af200027e50700e48757000080fa00da
:10888000000006000000fa008001eb0072002000ea
:1088900021b32000100020008eff070090598000b7
:1088a000f31107009059800080004000404a2f00db
:1088b0000080400010007800801f7800a0942f00f6
:1088c000801f780000af200012e50700e487570002
:1088d0000080fa00000006000000fa008001eb00b2
:1088e0002200200001b320001000200079ff0700c3
:1088f0004dfb07008059800080004000e0aa200066
:108900000080400010007800801f7800a0952f00a4
:10891000801f780000af2000fee40700e4875700c6
:108920000080fa00000006000000fa008001eb0061
:10893000a2002000a1b220001000200065ff070067
:10894000505980000000e0000800320050598000bb
:10895000801f780040962f00801f780000af200015
:10896000ece40700e48757000700370020972f004a
:10897000801f7800f0af2f00801f780000af20002c
:10898000e4e40700e48757000080fa0000000600d6
:108990000000fa0023032000823e2000e1b2200004
:1089a000a00020004bff070070598000600c880079
:1089b00070598000801f780030982f00801f780049
:1089c00000af2000d3e40700e48757000080fa00de
:1089d000000006000000fa008001eb0082bb2000ce
:1089e000c1b22000200320003aff07006059800038
:1089f000900c880060598000801f780010992f002b
:108a0000801f780000af2000c2e40700e487570011
:108a10000080fa00000006000000fa004306200073
:108a20004238200041b32000a000200029ff0700a9
:108a3000a0598000cf80de00f3de07000200200096
:108a4000832c240008e00700809fbe00e0992f00df
:108a5000801f780000af2000aee40700e6875700d3
:108a60000080fa00000006000000fa008001eb0020
:108a70003200200081b320001000200015ff070005
:108a8000c059800080004000c09f2000008040004e
:108a900010007800801f7800a0952f00801f7800bc
:108aa00000af20009be40700e48757000080fa0035
:108ab000000006000000fa0060b320001eff07005f
:108ac000b159800040428000808f50000e0032007b
:108ad000b059800040428800b05980000000e0009a
:108ae0000500320060042000d05988008002200078
:108af000e059880004003700e0092000d0598800c0
:108b000080062000e0598800b059800080004000b5
:108b100040a020000080400010007800801f7800f6
:108b2000e0782f00801f780000af200079e4070074
:108b3000e48757000080fa00000006000000fa00f9
:108b4000b05980000000e00006003200230320003e
:108b500042062000a1b3200010002000ddfe070027
:108b60000500370083072000420d2000a1b320003c
:108b700010002000d7fe0700b059800041b52f003b
:108b8000614078008000fb00d0598000811f780090
:108b9000801f780020782f00801f780070772f00ca
:108ba000801f780000af20005ae40700e8875700d4
:108bb0000080fa00000006000000fa00b0598000b2
:108bc0000000e0000b003200d0598000740050001b
:108bd0008001eb0000017800c1b3200010002000ec
:108be000bcfe0700e05980000080e90020428800b8
:108bf0000a003700d05980008002b1000302200033
:108c000000017800c1b3200010002000b1fe070071
:108c1000e05980006400500020428800b059800074
:108c200041b52f00614078008000fb00e0598000d2
:108c3000811f7800801f780080782f00801f7800c7
:108c400070772f00801f780000af200031e407000c
:108c5000e88757000080fa00000006000000fa00d4
:108c600020b42000b4fe0700105a800080004000ad
:108c700020a220000080400010007800801f7800b3
:108c8000e0782f00801f780000af200021e407006b
:108c9000e48757000080fa00000006000200fa0096
:108ca000205a800061006000000f78000e007800fc
:108cb000a1fe0700205a8000800078000100a1007a
:108cc0001e00780000f0a7000000ea000000ea00a3
:108cd0004f00de0001007000205a88001e0078005e
:108ce0008000400060a2200000804000100078005a
:108cf000801f7800c09a2f00801f780000af2000ee
:108d000004e40700e48757000080fa000000060032
:108d10000000fa008001eb002200200061b4200076
:108d2000100020006bfe0700305a800080004000d9
:108d300080a920000080400010007800801f78008b
:108d4000809b2f00801f780000af2000f1e3070018
:108d5000e48757000080fa00000006000000fa00d7
:108d600080b4200074fe0700405a8000800040005c
:108d700020aa20000080400010007800801f7800aa
:108d8000809b2f00801f780000af2000e1e30700e8
:108d9000e48757000080fa00000006000000fa0097
:108da0008001eb0042002000e1b320001000200011
:108db00048fe0700f05980008000400020a62000f7
:108dc0000080400010007800801f7800209c2f0059
:108dd000801f780000af2000cee30700e487570033
:108de0000080fa00000006000200fa00205a80000d
:108df0006200600000f0a7000000ea000000ea0046
:108e00004f00de00000f78000e0078004afe0700d9
:108e1000205a8000800078000110a1001e00780018
:108e20000000e000020032002000200001003700b6
:108e30000000eb0001007000205a88001e0078003e
:108e40008000400060a220000080400010007800f8
:108e5000801f7800a0952f00801f780000af2000b1
:108e6000ace30700e48757000080fa00000006002a
:108e70000000fa007040800080004000c0a6200082
:108e80000080400010007800801f7800f0af2f00b5
:108e9000801f780000af20009ee30700e4875700a2
:108ea00001af20000008200042050700704080004c
:108eb00080004000e0ac20000080400010007800fe
:108ec0000000010001af2000000c20003905070060
:108ed0000080fa00000006000200fa00000f78008f
:108ee000704080001e00400070408800704080008c
:108ef000f00f5000010034000e28ef007040800099
:108f00000000e00002003d000001200070408800e9
:108f100040598000e30f500006003200704080008e
:108f2000f00f500003003a00704080001e00400027
:108f30007040880070408000f00f50000100340045
:108f40000e28ef00704080000000e00002003d00ad
:108f5000000120007040880040598000e20f50005e
:108f60000900340080598000e10f500006003200f3
:108f700070408000e30f500003003a007040800012
:108f80001e0040007040880040598000e20f5000f1
:108f900006003c0070408000e20f500003003a00e1
:108fa000704080001e0040007040880070408000cb
:108fb000f00f5000010034000e28ef0070408000d8
:108fc0000000e00002003d00000120007040880029
:108fd000c7f5070070408000def507000080fa004a
:108fe000000006000200fa00000f78001e00780062
:108ff000b9ff0700de28ef009dff070010002000ea
:10900000f0468800a0282000cb0f07009a28ef0028
:109010000080fa00000006000600fa00000f780049
:1090200011079800220798001e0090009e0078000b
:10903000808f500004003a00e1152000f0a42000c9
:109040009d0f07000c0037002e0090009e00780056
:10905000808f500004003a00e1152000c0f6200087
:10906000950f070004003700905a800080007800b8
:10907000a07f2100900f07000080fa00000006008a
:109080000600fa00889fbe00f0f32f00001688004b
:10909000c222ef0080e0270030168800c822ef00cf
:1090a000e001240060168800ce22ef0010002000ae
:1090b00090168800d422ef00c0c72f00f016880059
:1090c000e022ef000000280020178800e622ef00d1
:1090d000cfa2a800e862a80040442500a0048800b0
:1090e000b1048000f08f2f008080600000502000cd
:1090f00001007000b0048800c1048000f0f82f0067
:10910000808060000006200001007000c00488001c
:109110003c0f07000f030700ca0f07002bf30700df
:1091200017f50700000f7800b9f407001007980042
:1091300080598000e20f500015003a00405980002d
:10914000e20f500012003400824280001e009000a6
:1091500080004000a0aa200000804000900078001d
:109160001e00780080014000a0aa2000008041007d
:1091700010007800821f7800811f7800801f78001f
:10918000409d2f00801f7800dae20700e887570033
:109190001e0078000000e00003003a001e0090006e
:1091a0000000e0000d0032001705070020a22f008c
:1091b000801f7800cfe207008f87e90081a62f008b
:1091c00070a52f008504070003f40700c0f4070012
:1091d00063f40700c05d2000570f0700b05a8000fd
:1091e0007000b300b05a8800701680006200600002
:1091f0000000e00003003a00710020001000200091
:109200003dfa070060598000900c8800705980007a
:10921000600c8800305a8000000307007016800040
:10922000680060000000e0000a003a008038210079
:10923000c046880061b12f0050b02f0067040700be
:109240000000000070168000680060000000e00070
:10925000fcff320050b52000104078000004e00010
:109260000e00320060c02f00801f780090a72f00f2
:10927000801f7800b0882f00801f780000af20008a
:10928000a4e20700e687570041a82f0000af2000a6
:1092900052040700007d2000000f7800004b2000e2
:1092a000d04388001e003700d04380000000e0005b
:1092b0001b003a00e1152000e0252100fe0e07000a
:1092c00060c02f00801f780030aa2f00801f780018
:1092d00000af20008fe20700e487570001af2000b5
:1092e00050a92f003d040700dcf40700e1ab2f007c
:1092f000d0aa2f0039040700007d20000e0f0700c0
:109300001000200050428800900020003059880052
:1093100050428000fa0c07000000eb00000f7800bc
:10932000a0168000610060000000e000deff3a004f
:1093300030598000e90f50000200340090002000f6
:1093400030598800504280000000e00003003a00dd
:1093500041062000f0a42000d70e07004a28ef00a5
:10936000e842a800e862a900caa2a9001e0078008d
:10937000f10e0700caa2a800e842a900e862a9000d
:10938000905980003a0f070080598000e20f50008a
:1093900004003a0040598000e20f50000100340000
:1093a000aafc070011168000000022000080600067
:1093b0000000e00001003a0050fa0700b0598000b8
:1093c00040428800b15a8000000220000080600006
:1093d0000000e00002003200e05a80000100370087
:1093e0000000eb0030418800005a80000000e000df
:1093f00002003a0030598000010037009000200040
:1094000010428800e0598000e4005000b05980000c
:109410000000400000804000204288004059800049
:10942000e30f500002003a0050002000e0468800a0
:109430000e040700a0002000bff20700cf80de006e
:1094400071dc07000004be00705a8000cf80de008f
:109450006ddc07000001be000800be0061de0700f1
:109460008040880091408800e0002000b2f20700b0
:10947000cf80de0064dc07000041880011418800d5
:10948000f05a8000cf80de0082cf25000289b9002b
:10949000020178007d02b9008401780003014100d7
:1094a00083cf25000300b80001014100820078004d
:1094b000825a8000cf91de006ddc070040418800b9
:1094c00051418800c15a8000d05a8000008050006d
:1094d000cf80de004cdc0700a0408800b14088004f
:1094e00051f80700a0282000d04688007e28ef0011
:1094f0003428ef003628ef00a0418000b141800001
:109500008041880091418800f059800060408800c7
:10951000010037000000000050168000620060006b
:1095200000f0a7000000ea000000e9004f00de00a4
:10953000004078000080fb006100600000004000f7
:10954000511680000110a100010070005016880023
:109550009c28ef00401680004300de006140600060
:109560000080fb0000428800004280000000e00014
:1095700001003a00a028ef0040598000e30f50009e
:109580000d003a00205a8000620060000000e000f8
:1095900009003a00004280000000e00002003a00aa
:1095a0005228ef0004003700a04280000000e000d5
:1095b00001003a0002fa070000428000a042880041
:1095c000405980008000400000ac20000080400036
:1095d00010007800000001002afb0700fcf80700db
:1095e000a0282000d043880011168000000022002f
:1095f000008060000000e0003b003a00f041800085
:109600000000e00038003a00d04380000000e00095
:1096100017003a00504080000000e00012003a00bd
:10962000e1152000c0f62000230e070010002000e6
:109630005040880021b32f0070b22f00670307004d
:109640002bf407000000000011168000000022002b
:10965000008060000000e000fbff3200800c200072
:10966000350e070002003700100020005dfe0700e5
:109670001116800000002200008060000000e00061
:10968000e1ff3200800c20002b0e0700d043800049
:109690000000e00013003200504080000000e000b5
:1096a0000e003a00604080000000e8006040880042
:1096b00061408000e04680000000e8000001780082
:1096c000110009008200d8008000fd006040880081
:1096d000604080001ff407000200370010002000e7
:1096e000fdfd0700c00d0700504080000000e000b5
:1096f0002f013a00f04180000000e0008a003a00ab
:1097000070168000700060000000e00012003a0057
:10971000e04180000000a200e0418800915a8000f2
:10972000e04180000000e00002003200a07f210044
:1097300001003700c0f62000df0d07000000000028
:1097400070168000700060000000e000fcff320036
:10975000800c2000f80d0700111680000000210089
:10976000008060000000e00025003a0040598000c1
:10977000e50f500022003200005a80000000a200d5
:10978000005a8800100020002047880010002000a8
:1097900030428800005a80000000e00006003200dd
:1097a00087f907003059800010428800a00020008f
:1097b000305988000200370010428000305988007c
:1097c000915a8000005a80000000e0000200320040
:1097d000c0f6200001003700a07f2100b60d070071
:1097e00000000000111680000000210000806000d1
:1097f0000000e000fbff3200800c2000ce0d0700cf
:1098000070168000620060000000e000040032007a
:1098100070168000680060000000e00042003a001e
:10982000004280000000e0003f003a0010002000ed
:1098300030428800005a80000000e0000900320039
:109840000000eb00005a8800104280003059880068
:10985000905a800080007800a07f2100960d0700bc
:109860002f003700315980007016800062006000c0
:109870000000e00002003a00100020000100370064
:109880000080eb000080400030598800120020006a
:109890009100200060b2200011fb070030598000c9
:1098a0001200200091002000dbfd0700105a80000c
:1098b0000000e000060032003059800080004000c7
:1098c00020a3200000804000100078000500370031
:1098d000305980008000400080a4200000804000bb
:1098e0001000780080007800a00c2000b102070072
:1098f000a0282000900d0700701680006200600014
:109900000000e000d7ff32007016800068006000a1
:109910000000e000d3ff3200305980001042880080
:10992000100020002047880000c8b3000001070095
:1099300060408000e40f500002003c00c9f70700bf
:1099400060020700604080008000400040ab2000c3
:1099500000804000100078000000010030598000b5
:109960008000400000b1200000804000100078001e
:1099700080004000a0a1200000804000100078007e
:1099800080007800000c20008a020700f04180006f
:109990000000e000030032007af707001040880062
:1099a00017003700e04180000000e00012003200a4
:1099b000004280000000e0000c00320030598000be
:1099c000ea0f500006003200305980000000e0002d
:1099d00003003200d0ae2f0010408800080037008e
:1099e00030af2f00104088000500370090af2f00e7
:1099f000104088000200370070ae2f001040880031
:109a0000104080005e020700005a80008000400085
:109a100060a120000080400010007800580207007c
:109a2000105a80000000e00006003200305980002b
:109a30008000400020a3200000804000100078003b
:109a400005003700305980008000400080a42000cd
:109a5000008040001000780049020700e20c070077
:109a6000200798002e0090000000e000280032003f
:109a700010002000304288003059800031598000a9
:109a80000181400001b120008100410011017800f6
:109a9000ae0090000100e00007003c00ae00900026
:109aa0000100e00002003d008080eb000100370073
:109ab0008000eb0001003700110020008100410010
:109ac0000001400000b120000000410001087800c2
:109ad00030598000000040008000780000b1200074
:109ae000008040000001eb00310020007cfa0700fc
:109af000305980008000400000b12000008040000c
:109b0000100078000001eb003100200042fd07004a
:109b10003ff90700004280000000e0002000320012
:109b2000e04180000000e0001d003200f0418000b4
:109b30000000e0001a003a0030598000ea0f50009f
:109b400017003200305980000000e000140032009d
:109b5000104580000000e00011003a000045800040
:109b60000000e0000e003a0040598000e30f500072
:109b700007003a00205a8000620060000000e00008
:109b800003003a00904280000000e0000400320030
:109b9000ca82a80040c5b300e6e8b700200037003d
:109ba000ca82a90020c5b300e6e8b7001c00370050
:109bb0003c28ef00ca82a90020c5b300e6e8b70040
:109bc000abfc070070168000700060000000e00031
:109bd00013003a00905a800080007800a07f210096
:109be000b50c0700210020000000eb00c2f70700c1
:109bf0000a28ef00a0282000d04688007a0c070031
:109c00001a02070040598000e30f500004003200a0
:109c100060408000e50f500001003a000c28ef0082
:109c200045fa07000040800000000100a0168000f7
:109c3000610060000000e00036fe3200504080000d
:109c4000e10f500007003a000080eb00e5fc070040
:109c5000a0168000610060000000e000faff3a00fa
:109c60002dfe3700f8f707002bfe37000200fa0040
:109c7000004f78000900fc00b1168000f00f2000b2
:109c8000808060001e80fb004800dd000100700045
:109c9000b016880010002000960c0700d6a2a8007d
:109ca00010002000930c0700d6a2a900100020008d
:109cb000900c07000080fa00000006000200fa0085
:109cc0000400fc009116800000f02f0001007000dd
:109cd00090168800d6c2a800d6e2a9001000200085
:109ce000840c0700d6a2a80010002000810c0700f9
:109cf000a116800000002800008f6000d6a2a900f5
:109d00001e0078000000e000f4ff3a00d6c2a9006f
:109d1000d6e2a8000400fc0091168000f00f20009d
:109d200000806000901688000080fa0000000600a5
:109d30000200fa00004f7800e0ff0700d6e2a90019
:109d40001e407800c9ff0700d6e2a8000080fa0094
:109d5000000006000200fa000000eb00000f78008f
:109d6000d6e2a900d6c2a900f0002000720c0700bc
:109d700060f62f001e00400010407800bbff070077
:109d8000500020006c0c07001e0fe8001e00780039
:109d9000e50f5000f6ff3400d6e2a800007d200059
:109da000900c8800c0122000600c88000080fa002f
:109db000000006000200fa00004f7800bfff070015
:109dc0001e407800a9ff07000080fa00000006008e
:109dd0000400fa00004f78001107980002003700d5
:109de0001e407800f3ff07001e00900000f0a7005f
:109df0000000ea000000ea004f00de0000407800aa
:109e00009e0090008100e900110798000004e00026
:109e1000f3ff3a000080fa00000006000200fa009a
:109e2000000f780000c4b300c1ff07001e007800d7
:109e3000e20f500058003a00210020000040eb00e3
:109e4000e3ff07001100200000c1b300e0ff07009e
:109e50002100200050c1b300ddff070011002000e9
:109e600000c1b300daff0700210020000040eb0032
:109e7000d7ff0700210020000040eb00d4ff0700bf
:109e80001100200080c1b300d1ff07002100200095
:109e9000d0c1b300ceff07001100200080c1b30085
:109ea000cbff0700210020000040eb00c8ff0700a7
:109eb000210020000040eb00c5ff0700110020003a
:109ec000c0c1b300c2ff070021002000d0c1b30011
:109ed000bfff070011002000c0c1b300bcff070096
:109ee000210020000040eb00b9ff07002100200006
:109ef0000040eb00b6ff070011002000e0c1b300f6
:109f0000b3ff070021002000f0c1b300b0ff07003d
:109f100011002000e0c1b300adff070021002000c8
:109f20000040eb00aaff0700210020000040eb00ea
:109f3000a7ff070041002000f0c1b300a4ff070005
:109f4000210020000040eb00a1ff070021002000bd
:109f50000040eb009eff070041002000f0c1b3006d
:109f60009bff0700210020000040eb0098ff070046
:109f7000210020000040eb0095ff07004100200079
:109f800000c1b30092ff0700210020000040eb0059
:109f90008fff0700b80037001e007800e10f500067
:109fa00076003a00110020000040eb0088ff070017
:109fb0002100200000c1b30085ff07002100200020
:109fc00050c1b30082ff07002100200000c1b30090
:109fd0007fff0700110020000040eb007cff07001e
:109fe000110020000040eb0079ff07001100200065
:109ff00000c1b30076ff07001100200080c1b3004c
:10a0000073ff070021002000d0c1b30070ff0700dc
:10a010001100200080c1b3006dff07001100200077
:10a0200000c1b3006aff0700110020000040eb00f0
:10a0300067ff0700110020000040eb0064ff0700ed
:10a040001100200000c1b30061ff070011002000d3
:10a05000c0c1b3005eff070021002000d0c1b300e3
:10a060005bff070011002000c0c1b30058ff0700cc
:10a070001100200000c1b30055ff070011002000af
:10a080000040eb0052ff0700110020000040eb00f1
:10a090004fff07001100200000c1b3004cff070074
:10a0a00011002000e0c1b30049ff0700210020009b
:10a0b000f0c1b30046ff070011002000e0c1b3006b
:10a0c00043ff07001100200000c1b30040ff07005c
:10a0d000110020000040eb003dff070011002000b0
:10a0e0000040eb003aff07001100200000c1b30060
:10a0f00037ff070041002000f0c1b30034ff070024
:10a100001100200000c1b30031ff07001100200042
:10a110000040eb002eff0700110020000040eb0084
:10a120002bff07001100200000c1b30028ff07002b
:10a1300041002000f0c1b30025ff070011002000fe
:10a1400000c1b30022ff0700110020000040eb0017
:10a150001fff0700110020000040eb001cff07005c
:10a160006100200000c1b30019ff070011002000aa
:10a170000040eb0016ff07003f00370021002000e1
:10a180000040eb0012ff07003100200000c1b300c7
:10a190000fff0700310020000040eb000cff07001c
:10a1a000110020000040eb0009ff070051002000d3
:10a1b00000c1b30006ff0700210020000040eb00b3
:10a1c00003ff0700110020000040eb0000ff070024
:10a1d0005100200000c1b300fdfe07002100200057
:10a1e0000040eb00fafe0700110020000040eb00e9
:10a1f000f7fe07005100200040c1b300f4fe070045
:10a20000210020000040eb00f1fe070011002000bb
:10a210000040eb00eefe07005100200040c1b300fb
:10a22000ebfe0700210020000040eb00e8fe0700e5
:10a23000110020000040eb00e5fe07005100200067
:10a2400050c1b300e2fe0700210020000040eb00f7
:10a25000dffe0700210020000040eb00dcfe0700cd
:10a260003100200000c1b300d9fe070031002000fa
:10a270000040eb00d6fe0700110020000040eb007c
:10a28000d3fe070011002000c0c1b300d0fe0700bc
:10a290001100200040c1b300cdfe070011002000d6
:10a2a000c0c1b300cafe0700410020000040eb001f
:10a2b000c7fe070010c0b3009dfe07000080fa0033
:10a2c000000006000800fa00300798000000eb00cc
:10a2d00010079800be00900000032000808f5000ff
:10a2e0000200340000032000300798003e01900077
:10a2f000b0aa22000090b9004f91de000280500009
:10a30000200798003e009000b1aa22000181b90008
:10a31000cf80de00818051006609b900820078009c
:10a3200001005000000f78009e0090002e00900069
:10a33000808f500003003d0050c0b3009dfe070019
:10a34000050037001e0078000040780099fe0700e5
:10a350000000eb00000f78001e0090000000e800f5
:10a36000100798001e009000e70f5000eeff340029
:10a3700060c0b3008ffe07000080fa0000000600f6
:10a380000000fa00881f78000004780003003700fe
:10a39000184078000804e80086fe0700184078009e
:10a3a0000004e000faff3a004f0478000080fa0051
:10a3b000000006000400fa00000f78001107980062
:10a3c0001e0078000040780059fe07001e00900033
:10a3d000ebff07000080fa00000006000400fa000e
:10a3e000000f7800110798009e00780010002000f0
:10a3f000f0ff07009e009000000c2000edff07001a
:10a400000080fa00000006000600fa00008fbe007f
:10a41000220798002e009000c200dd0040fa2f00b5
:10a42000008040001000be000001be001e00be0003
:10a430008dd907002e0190008201410022c8200022
:10a440000281410012017800809fbe00821f7800c7
:10a4500000af20002fde0700e687570000af200086
:10a46000c7ff07000080fa00000006000000fa00a5
:10a470000001200080478800804780000000e9003c
:10a48000804788008047800021c520000041eb0004
:10a4900082707800804780000000e000f6ff3a00fc
:10a4a0000080fa00000006000200fa0020002000f0
:10a4b0001af10700090b07000004e0004100320018
:10a4c000180b0700004f78001e407800ea4f50003c
:10a4d0003b00320080478000e10f5000090032004d
:10a4e000e20f50000d0032000000e00011003a00c1
:10a4f000d0c3b3009e40780080cf500024003200cb
:10a500003000370020c4b3009e40780080cf500058
:10a5100021003200f028ef002a0037001e00fb0067
:10a520000003b100e90f50001d003600f028ef00d5
:10a53000240037001e407800ed4f500012003a0012
:10a54000804780001e41780021c52000827078007d
:10a5500020c520000080e8007fdd0700305988001a
:10a56000305980000000e0000300340030598000c2
:10a57000e90f500002003400a0002000305988008c
:10a580001000200070478800b8ff07000d0037005a
:10a590000000000003003700000000000100370049
:10a5a00000000000804780001e41780021c5200087
:10a5b000827078000000e8008047880001003700c2
:10a5c000000000000080fa00000006000a00fa0007
:10a5d000008fbe00220798003407980045079800b6
:10a5e0002e009000cf80de0007d807001e01be00bd
:10a5f000fcd907003e019000ce0190001ad9070057
:10a600000080fa00000006000400fa0060a62e0098
:10a61000801f780060a62e00801f780020c32e00c7
:10a62000801f780070c32e00801f7800c0c32e00ea
:10a63000801f780004dd0700ea8757000000eb0068
:10a64000000f7800190037008e80e8001e017800a6
:10a6500000002f00000041001300200001017800dd
:10a6600080007800f007200045ee07001e0078000b
:10a670006f0060000000e00005003a009e1f7800b7
:10a6800080c62e00801f7800efdc0700e4875700ab
:10a690001e009000801f780010c72e00801f7800d9
:10a6a000e9dc0700e48757001e8fe800f00f200068
:10a6b0009e007800808f5000e3ff340060a62e00db
:10a6c000801f780060a62e00801f780070c72e00c3
:10a6d000801f7800dcdc0700e68757000080fa0066
:10a6e000000006000600fa00008fbe002207980056
:10a6f0001e01be001e00be00bad90700008fbe00ba
:10a70000805a800004c22b00e5cb240000017800b1
:10a710001e00be00adff07002e019000821f7800d2
:10a72000809fbe0080a12e00801f780071dd070091
:10a73000e88757000080fa00000006000400fa00d5
:10a74000008fbe00605a800004002500358424007c
:10a75000000178001e00be009cff070062c82e00aa
:10a76000821f7800809fbe00f0a02e00801f78001e
:10a7700060dd0700e88757000080fa00000006004f
:10a780000400fa00008fbe00705a800004402200ce
:10a7900045972400000178001e00be008bff0700d3
:10a7a000b2c82e00821f7800809fbe00f0a02e004d
:10a7b000801f78004fdd0700e88757000080fa000f
:10a7c000000006000600fa00100798002107980014
:10a7d00040598000e60f500006003a001e0090002d
:10a7e000ae00900067d7070000007800e9f5070089
:10a7f000050037001e009000ae00900061d70700f2
:10a8000000007800c8f50700000f78001e007800ef
:10a8100080004000e0be2000008040001000780072
:10a82000801f78009e1f780010c92e00801f7800be
:10a8300085dc0700e68757000080fa00000006006c
:10a840000400fa00008fbe00a2c92e001e00be0048
:10a85000a4ff07000080fa00000006000400fa00d0
:10a86000008fbe00205b8000cf80de0066d707002f
:10a870000001be001e00be0096d70700008fbe007c
:10a8800022ca2e001e00be0096ff07000080fa00bc
:10a89000000006000400fa00008fbe00b0598000de
:10a8a0000000e0000a003200d2a320003318240088
:10a8b0001e00be006cd80700809fbe0090a22e0034
:10a8c000801f78000bdd0700e68757000c0037007b
:10a8d000a2992900131124001e00be0062d80700af
:10a8e00002002000032024007ad70700809fbe00ca
:10a8f00090a22e00801f7800fedc0700e68757003c
:10a90000b05980008000400040a02000008040003e
:10a9100010007800801f7800a0ca2e00801f7800e9
:10a92000f4dc0700e48757000080fa00000006000e
:10a930000000fa00d0ca2e00801f780042dc070019
:10a940008f87e9003e28ef000080fa000000060033
:10a950000000fa0020cc2e00801f78003adc0700af
:10a960008f87e900f04180000010a000f0418800ce
:10a970000080fa00000006000000fa0050cd2e0012
:10a98000801f780030dc07008f87e900f0418000ed
:10a990000000a000f04188000080fa0000000600de
:10a9a0000000fa0040ce2e00801f780026dc070051
:10a9b0008f87e900f04180000020a000f04188006e
:10a9c0000080fa00000006000000fa00b05a800083
:10a9d000680060000000e0000a003200309d2e0098
:10a9e000801f7800b0cf2e00801f780016dc070093
:10a9f000e4875700f04180000030a000f04188005b
:10aa000008003700909f2e00801f7800309d2e0098
:10aa1000801f780040d02e00801f78000adc0700dd
:10aa2000e68757000080fa00000006000000fa00e8
:10aa3000b15a800000022000008060000000e000a9
:10aa40000c003200c09e2e00801f7800009e2e0059
:10aa5000801f7800d0d02e00801f7800fadb07001e
:10aa6000e6875700f04180000040a000f0418800d8
:10aa70000a003700909f2e00801f7800c09e2e0095
:10aa8000801f7800009e2e00801f780080d12e004d
:10aa9000801f7800ecdb0700e88757000080fa0091
:10aaa000000006000000fa00b15a800000022000f9
:10aab000008060000000e0000a003200009e2e00ce
:10aac000801f780030d22e00801f7800dedb070068
:10aad000e4875700f04180000050a000f04188005a
:10aae00008003700909f2e00801f7800009e2e00e7
:10aaf000801f780020d32e00801f7800d2db070053
:10ab0000e68757000080fa00000006000000fa0007
:10ab1000b0d32e00801f7800cbdb07008f87e900c1
:10ab2000f0032000f04188000080fa0000000600d9
:10ab30001200fa00881f7800680907000004e0008e
:10ab400068043200770907000080fb007edc070004
:10ab5000604798006e4090000080fb006101b900e2
:10ab600010fc2f00f1ff2f000200400083804800fe
:10ab7000b201200003002000820f5000838f580094
:10ab80004d043e00006001001b0037004a043700fe
:10ab90006d003700aa003700ba00370010013700f7
:10aba00020013700c8023700c90237001200370001
:10abb000f30237001b03370065033700b10337008a
:10abc000f10337003c0437003b0437003a043700f8
:10abd00039043700380437003704370036043700ab
:10abe00035043700340437003304370032043700ab
:10abf000310437001f04370094f6070060a62e00ca
:10ac0000801f780060a62e00801f7800f0d42e00f0
:10ac1000801f780037dc0700e6875700d0d62e006b
:10ac2000801f780033dc07008f87e90080d82e0072
:10ac3000801f78002fdc07008f87e90090b02e007e
:10ac4000801f7800f0d92e00801f780029dc0700d3
:10ac5000e487570010972e00801f780060da2e00de
:10ac6000801f780023dc0700e4875700f0da2e000d
:10ac7000801f78001fdc07008f87e90090dd2e0021
:10ac8000801f78001bdc07008f87e900b0df2e00f3
:10ac9000801f780017dc07008f87e90060e12e0035
:10aca000801f780013dc07008f87e90070ac2e004e
:10acb000801f7800f0e32e00801f78000ddc070075
:10acc000e487570060aa2e00801f780060e42e0001
:10acd000801f780007dc0700e4875700d0e42e00cf
:10ace000801f780003dc07008f87e90000992e00a1
:10acf000801f780050e62e00801f7800fddb0700e3
:10ad0000e4875700309b2e00801f7800c0e62e009d
:10ad1000801f7800f7db0700e487570060a62e004d
:10ad2000801f780060a62e00801f780010ae2e00d5
:10ad3000801f780030e72e00801f7800eddb0700d1
:10ad4000e8875700e703370060a62e00801f7800d1
:10ad500060a62e00801f780010e82e00801f78006b
:10ad600090e82e00801f7800f0e82e00801f780009
:10ad700050e92e00801f7800d0e92e00801f780057
:10ad8000dcdb0700ee8757009000200020079800ca
:10ad90002e00900068ec0700000f98000e0890004d
:10ada000cf80de0018d607000400200005582400dc
:10adb0005200200005fe07000e099000809fbe0093
:10adc000821f7800ae009000811f780090eb2e006b
:10add000801f7800c7db0700ea8757002e0090002d
:10ade000690050008000400040c02000008040000a
:10adf000100478000e089000cf80de0002d6070015
:10ae0000080001002e0090000000e80020079800d4
:10ae10002e009000ee0f5000ddff340060a62e00e3
:10ae2000801f780060a62e00801f7800d0ec2e00d6
:10ae3000801f7800afdb0700e6875700a9033700c3
:10ae400090b02e00801f780060ed2e00801f7800eb
:10ae5000a8db0700e4875700b208070067406000de
:10ae6000604798006e4090000080fb00800040002a
:10ae700000c12000008040001000780000000100a8
:10ae80009803370090ef2e00801f780099db0700b1
:10ae90008f87e90010a92e00801f780010972e00e0
:10aea000801f7800c0ef2e00801f780091db070024
:10aeb000e68757009b0807000081fb00b0aa2a0024
:10aec0000010b8000100d1006300b9000000780054
:10aed00000005100604798006e4090000080fb0029
:10aee0008000400080a92000008040009000780091
:10aef0006e4090000080fb00811f7800801f78006a
:10af000060f12e00801f78007adb0700e68757008b
:10af10006e4090000080fb00c0fb07000040eb008b
:10af2000604798000000eb002007980040ccb30079
:10af30007ffb0700b0c5b3009efb07006e4090008a
:10af40009cfb07006e4090000080fb00801f780093
:10af500000f22e00801f780000af2000e7da070023
:10af6000e487570000af200005fd070040c8b3008c
:10af70006ffb07002e009000d2fc0700a00020000d
:10af8000ed0707002e0090000000e8002007980061
:10af9000ae00900000032000808f5000f3ff3400cb
:10afa0006e4090000040e80060479800401f20007d
:10afb000e1070700490807000004e000d9ff32005c
:10afc00058080700305a800094fb070070af2e002d
:10afd000801f780047db07008f87e90041033700b7
:10afe00090f22e00801f780042db07008f87e90077
:10aff0000000eb00000f980012002000010f2f004e
:10b00000f0072000ebeb0700700047001300200062
:10b01000020f2f00f107200007ec07007afd070060
:10b020003003370060a62e00801f780090f42e00b9
:10b03000801f780010f52e00801f780080f52e000c
:10b04000801f7800a0f52e00801f780060f72e008a
:10b05000801f780027db0700ec875700705a8000bc
:10b06000801f7800e0f92e00801f780021db0700a8
:10b07000e4875700605a8000801f7800e0fb2e00b4
:10b08000801f78001bdb0700e4875700805a800090
:10b09000801f7800e0fd2e00801f780015db070080
:10b0a000e4875700205b8000801f7800e0ff2e00bf
:10b0b000801f78000fdb0700e4875700e0012f00b6
:10b0c000801f78000bdb07008f87e900905a800013
:10b0d0000000e00007003200905a8000801f7800d6
:10b0e00080032f00801f780002db0700e4875700f1
:10b0f0000400370010042f00801f7800fdda0700dd
:10b100008f87e90070042f00801f7800f9da0700ac
:10b110008f87e90040b5200010407800e14f5000d3
:10b1200005003a0010062f00801f7800f1da0700b2
:10b130008f87e9000800370040b5200010407800f4
:10b140000080fb00801f7800b0062f00801f780071
:10b15000e8da0700e487570000072f00801f780017
:10b16000e4da07008f87e900b05a800068006000c9
:10b170000000e00010003200785a8000c05a8000c1
:10b18000cf80de0020d50700044022004597240030
:10b19000080178000dfd0700c25a8000809fbe00a4
:10b1a000821f7800a0a32e00801f7800d1da07004c
:10b1b000e88757000600370030518000801f780074
:10b1c000a0082f00801f7800cada0700e487570024
:10b1d000f0082f00801f7800c6da07008f87e9008b
:10b1e000b15a800000022000008060000000e000f2
:10b1f00010003200785a8000d05a8000cf80de00e4
:10b2000001d507000440220045972400080178007a
:10b21000eefc0700d25a8000809fbe00821f78009b
:10b22000a0a32e00801f7800b2da0700e88757003d
:10b230000600370030518000801f7800a0082f00e2
:10b24000801f7800abda0700e4875700900a2f00d0
:10b25000801f7800a7da07008f87e900b15a8000c5
:10b2600000022000008060000000e00010003200ba
:10b27000785a8000e05a8000cf80de00e2d40700d8
:10b28000044022004597240008017800cffc070005
:10b29000e25a8000809fbe00821f7800a0a32e008b
:10b2a000801f780093da0700e88757000600370010
:10b2b00030518000801f7800a0082f00801f780088
:10b2c0008cda0700e4875700f05a8000801f78006e
:10b2d000300c2f00801f780086da0700e4875700c3
:10b2e000005b8000115b8000809fbe00300e2f004d
:10b2f000801f78007fda0700e687570050b52000ee
:10b30000104078000080fb008000400060a2200018
:10b310000080400010007800801f780040102f004f
:10b32000801f780073da0700e487570060a62e00bc
:10b33000801f780020122f00801f7800e0132f005c
:10b34000801f78006bda0700e687570040598000bd
:10b350008000400080a020000080400010007800a5
:10b36000801f780090142f00801f780061da07009a
:10b37000e487570070162f00801f78005dda070001
:10b380008f87e900505980000000e000070032007c
:10b3900050598000801f780010182f00801f7800ff
:10b3a00054da0700e487570004003700d0182f0054
:10b3b000801f78004fda07008f87e90010192f00ef
:10b3c000801f78004bda07008f87e90090598000d2
:10b3d00080004000404a2f000080400010007800ac
:10b3e000801f7800801b2f00801f780041da070043
:10b3f000e487570070598000801f7800e01d2f00ff
:10b40000801f78003bda0700e4875700605980000e
:10b41000801f7800e01f2f00801f780035da0700ba
:10b42000e4875700a0598000cf80de0076d4070063
:10b4300002002000832c24008bd50700809fbe00d3
:10b44000e0212f00801f78002ada0700e6875700e6
:10b45000c05980008000400060be20000080400095
:10b4600010007800801f7800e0232f00801f7800f4
:10b4700020da0700e4875700b059800080004000c0
:10b4800040a020000080400010007800801f78005d
:10b49000c0252f00801f780016da0700e4875700c8
:10b4a000b059800041b52f00614078008000fb005a
:10b4b000d0598000811f7800801f7800a0272f00be
:10b4c000801f780000a32e00801f780009da070093
:10b4d000e8875700b059800041b52f0061407800df
:10b4e0008000fb00e0598000811f7800801f7800f9
:10b4f00040292f00801f780000a32e00801f7800b5
:10b50000fcd90700e8875700105a800080004000ef
:10b5100020a220000080400010007800801f7800ea
:10b52000e02a2f00801f7800f2d90700e487570037
:10b53000205a8000610060008000400060a220006e
:10b540000080400010007800801f7800c02c2f0081
:10b55000801f7800e7d90700e4875700205a800051
:10b560006200600000f0a7000000ea000000ea00ae
:10b570004f00de008000400060a2200000804000fc
:10b5800010007800801f7800a02e2f00801f780008
:10b59000d8d90700e4875700305a80008000400067
:10b5a00080a920000080400010007800801f7800f3
:10b5b00080302f00801f7800ced90700e487570025
:10b5c000405a80008000400020aa200000804000f7
:10b5d00010007800801f780060322f00801f7800f4
:10b5e000c4d90700e4875700f0598000800040006c
:10b5f00020a620000080400010007800801f780006
:10b6000040342f00801f7800bad90700e487570024
:10b61000e041800080004000a0a2200000804000a7
:10b6200010007800801f780020362f00801f7800df
:10b63000b0d90700e4875700005a8000800040001e
:10b64000e0a220000080400010007800801f7800f9
:10b6500000382f00801f7800a6d90700e487570024
:10b66000105a80000000e000060032001042800006
:10b670008000400020a320000080400010007800df
:10b6800005003700104280008000400080a42000a8
:10b690000080400010007800801f780090a42e00e9
:10b6a000801f780093d90700e487570060a62e001a
:10b6b000801f7800a0ca2e00801f78008dd9070057
:10b6c000e487570087013700cffb0700850137006b
:10b6d000604280000000a20060428800604280005a
:10b6e0000000e00015003200604280008000400051
:10b6f00060a220000080400010007800801f7800c9
:10b70000d0b12e00801f78007ad90700e487570057
:10b7100020b32e00801f780076d907008f87e900bc
:10b7200060a62e00801f7800e0392f00801f78006f
:10b7300070d90700e48757006a01370060a62e0021
:10b74000801f7800603a2f00801f780069d90700b9
:10b75000e4875700604280008000400060a2200023
:10b760000080400010007800801f7800d0b12e00cb
:10b77000801f78005fd90700e48757005901370020
:10b7800070ac2e00801f7800c03a2f00801f780018
:10b7900058d90700e48757001000200020079800c0
:10b7a0002e0090008000400000b12000008040008a
:10b7b0001000780063005000000040000001780095
:10b7c0002e0090008000400000b12000008040006a
:10b7d000100078008000e8002e00900080014000fa
:10b7e00080a420000080410010007800821f7800b3
:10b7f000811f7800801f7800103b2f00801f780089
:10b800003cd90700e88757002e0090000000e800b0
:10b81000200798002e009000e90f5000e0ff340050
:10b820003001370010a92e00801f780060aa2e007a
:10b83000801f7800a03c2f00801f78002dd90700c2
:10b84000e687570037060700b059800041b52f0042
:10b8500061407800604798006000b800008fbe002b
:10b860000000eb0020079800e0002000b2e907008c
:10b87000cf80de0064d307000001be001e00be00c2
:10b8800094d30700008fbe002e0090000000e80057
:10b89000200798002e009000e90f5000f2ff3400be
:10b8a000b05980000000e00006003200c2cc2c003d
:10b8b000333224001e00be006bd40700008fbe0090
:10b8c0000a00370002002000632b24001e00be0087
:10b8d00065d40700008fbe00020020000320240072
:10b8e0001e00be007bd30700008fbe006e4090009c
:10b8f0000080fb00ee4090000181fb00801f78007b
:10b900001e00be00809fbe00821f78001e00be0089
:10b91000809fbe00e0942e00801f7800f5d80700bd
:10b92000ee8757002003200083050700eb05070082
:10b930000004e000c8ff3200fa05070070af2e00d7
:10b94000801f7800ebd807008f87e900e5003700fb
:10b95000903e2f00801f7800e6d807008f87e9000f
:10b960000606070040079800510798004e01900016
:10b97000de0190003006200001002000800f510001
:10b98000818f5900070034004e019000de019000c5
:10b9900000fa200001002000800f5100818f590023
:10b9a00005003400c0b52e00801f7800d1d80700f4
:10b9b0008f87e900cb0037004e009000de0090003a
:10b9c00000004000818048000001be000000280007
:10b9d0000107200026d30700600798007107980030
:10b9e0004e009000de009000809fbe0080412f003e
:10b9f000801f7800bfd80700e6875700c0422f009d
:10ba0000801f7800bbd807008f87e900db0507009f
:10ba100040079800510798004e019000de01900009
:10ba20009000200001002000800f5100818f5900fc
:10ba3000070034004e019000de01900000d0270086
:10ba400001002000800f5100818f59000500340053
:10ba5000c0b52e00801f7800a6d807008f87e900a8
:10ba6000a0003700ce0090006e0090001205070085
:10ba700090ef2e00801f78009ed807008f87e90086
:10ba80009800370000992e00801f7800c03a2f00e0
:10ba9000801f780097d80700e487570010c0b300d4
:10baa000a3f807000000eb00200798009d050700a1
:10bab000604798002e009000f00f500002003a00fe
:10bac00000ccb3009af807006e409000ed4f500094
:10bad00004003200ae00900000022000808f500071
:10bae00004003a0010c0b30091f807000000eb001a
:10baf000200798006e4090000080fb0001fe2f00a0
:10bb000080804000e0052000808f50000d003e0046
:10bb10006e4090000080fb00801f7800d0442f0012
:10bb2000801f780073d80700e48757006e409000ac
:10bb3000a0f807002e0090000000e8002007980001
:10bb4000090037006e4090000080fb00f1b62e0027
:10bb5000811f7800801f7800d0452f00801f78005b
:10bb600064d80700e68757006e409000fb4f5000f6
:10bb7000ceff3a0070af2e00801f78005dd807001e
:10bb80008f87e90057003700309b2e00801f780018
:10bb9000c03a2f00801f780056d80700e48757006e
:10bba00010c0b30062f807000000eb002007980007
:10bbb000b1050700604798002e009000f00f50007c
:10bbc00002003a0000ccb30059f80700ae00900024
:10bbd00000022000808f500004003a0010c0b30023
:10bbe00053f807000000eb00200798006e4090001b
:10bbf00070f807006e4090000080fb0001fe2f00ef
:10bc000080804000e0052000808f50000b003e0047
:10bc10002e0090000000e800200798006e40900081
:10bc20000080fb00801f780020472f00801f7800d5
:10bc300030d80700e487570006003700f0b62e0022
:10bc4000801f7800a0472f00801f780029d80700a8
:10bc5000e48757006e409000fb4f5000d4ff3a003d
:10bc600070af2e00801f780022d807008f87e90070
:10bc70001c00370010002000200798000000eb0097
:10bc8000000f980010ae2e00801f7800c03a2f00e1
:10bc9000801f780017d80700e48757000e0890002f
:10bca000ae00900000017800110009008200d80069
:10bcb000200798000b0037006e4090008080fb004a
:10bcc0006e4090000080fb00811f7800801f78008c
:10bcd00020482f00801f780006d80700e68757000d
:10bce0000a0507004f0478000080fa0000000600f3
:10bcf0000600fa0010079800210798000000eb00ea
:10bd0000000f7800f04680000000e00002003200e2
:10bd100035040700000f78001e0078000000e000e6
:10bd200004003400b15a80001e0090000100700031
:10bd3000b05a88001e0078000000e00004003d00ba
:10bd4000b15a80002e00900000806000b05a880038
:10bd50000080fa00000006001000fa00008fbe000c
:10bd60002207980033079800440798005507980069
:10bd700066079800770798009e0090002e009000bc
:10bd80000088b90000017800be0090001e00780015
:10bd90000088b90000007800000141009e00780092
:10bda0002e0090000008b8000101410082007800d8
:10bdb000008fbe00008fbe001e01be004e0090002e
:10bdc000de009000800f5100818f59000300360083
:10bdd0004e019000de019000028fbe001e01be00e9
:10bde0006e009000fe009000800f5100818f59007e
:10bdf000030031006e019000fe019000028fbe0032
:10be00002e019000be0190001e00be00ccd10700a4
:10be1000000078000080fa00000006000000fa0030
:10be2000005a80008000400060a120000080400097
:10be30001000780052f9070030598000800040005f
:10be400080a4200000804000100078004cf907001a
:10be50000080fa00000006000000fa00c000200088
:10be600035e8070050588800d000200032e807006d
:10be7000605888000080fa00000006000000fa0008
:10be8000889fbe00e328210062672100e1b4200002
:10be9000100020000ff20700a000200026e8070095
:10bea000cf80de00d8d107000004be00705a8000a9
:10beb000cf80de00d4d107000001be000800be0024
:10bec000c8d30700420020004ff90700705a8000d5
:10bed000801f7800d0c42f00801f780030c32f004f
:10bee000801f780000af20008ad70700e687570040
:10bef0004f04be000080fa00000006000000fa00b7
:10bf0000900020000ce8070020588800c35d200046
:10bf100002fa2000c1b4200010002000edf107005b
:10bf2000beff070085eb0700605a8000801f780085
:10bf3000d0c42f00801f780030c32f00801f7800ee
:10bf400000af200073d70700e68757000080fa0093
:10bf5000000006000000fa00bfff0700e32e2000eb
:10bf6000c25d200001b5200010002000d9f10700bb
:10bf7000aaff0700bceb0700805a8000801f7800f2
:10bf8000d0c42f00801f780030c32f00801f78009e
:10bf900000af20005fd70700e68757000080fa0057
:10bfa000000006000000fa00abff07008001eb0074
:10bfb0006209200041b6200010002000c5f10700f2
:10bfc00096ff0700a8eb0700205b8000801f780029
:10bfd00040c52f00801f780030c32f00801f7800dd
:10bfe00000af20004bd70700e68757000080fa001b
:10bff000000006000000fa008001eb00420620006d
:10c0000021b5200010002000b2f10700905a8000f6
:10c010000000e00008003200905a8000801f780085
:10c0200050d02f00801f780000af200039d70700c4
:10c03000e48757000700370030518000801f7800e8
:10c0400000d12f00801f780000af200031d70700fb
:10c05000e48757000080fa00000006000200fa00a2
:10c0600040b52000104078000080fb00000f7800f1
:10c0700013002000020120008e0078001000200034
:10c0800094f107001e0078008040780040b5200041
:10c090000148780040b52000104078008080fb0007
:10c0a00040b52000104078000004a2000080fb0092
:10c0b0000000e9004f00de000001400060bc2000ed
:10c0c0000000410010007800811f7800801f780078
:10c0d000a0d12f00801f780000af20000dd70700ef
:10c0e000e68757000080fa00000006000000fa0012
:10c0f00071032000f0002000fdfe0700b05a800010
:10c10000680060000000e000020032004051800042
:10c110000100370030518000801f7800c0c12f001f
:10c12000801f780000af2000fad60700e487570090
:10c130000080fa00000006000000fa00889fbe00a0
:10c14000f04680000000e00004003200c85a800081
:10c150002503070000004400c05a8800705a800080
:10c16000cf80de00c25a80006114b90006f82900b1
:10c17000570d2000041c2e00450e20000001be00bb
:10c180000800be00f4fe0700c05a8800c05a8000b4
:10c19000cf80de001cd107000004be00705a800072
:10c1a000cf80de0018d107000001be000800be00ed
:10c1b0000cd3070002402200439724002ad2070034
:10c1c000809fbe0060c22f00801f780000af20005b
:10c1d000d0d60700e68757004f04be000080fa0063
:10c1e000000006000000fa00f100200070032000ab
:10c1f000bffe0700b15a80000002200000806000ee
:10c200000000e000020032004051800001003700d1
:10c2100030518000801f7800c0c12f00801f78003f
:10c2200000af2000bbd60700e48757000080fa006b
:10c23000000006000000fa00889fbe00f046800063
:10c240000000e00004003200d85a8000e602070037
:10c2500000004400d05a8800705a8000cf80de0071
:10c26000d25a80006114b900067a2300070a200020
:10c27000049e2700f50a20000001be000800be0051
:10c28000b5fe0700d05a8800d05a8000cf80de006b
:10c29000ddd007000004be00705a8000cf80de00b1
:10c2a000d9d007000001be000800be00cdd20700b3
:10c2b0000240220043972400ebd10700809fbe007c
:10c2c00060c22f00801f780000af200091d60700c9
:10c2d000e68757004f04be000080fa000000060009
:10c2e0000800fa00889fbe00d15a8000a047800055
:10c2f000808f500008003200e15a8000d25a80003e
:10c30000a04780000000510000804000e05a8800f3
:10c31000d05a8000a0478800d05a80006101b9003f
:10c32000705a8000cf80de00009ab90004027800c5
:10c33000028bb90086027800050242000010b800a6
:10c34000010242008400780002502300c300200054
:10c35000021f400003974800001a250051ff2f00dc
:10c360003e014000ae8148000200be002007980058
:10c3700031079800f04680000000e0000400320021
:10c38000e85a80009802070000004400e05a880044
:10c390002e029000be0290001e01be00705a800066
:10c3a000cf80de00e65a80006134b9000403be008d
:10c3b0000202be000001be000800be0066fe0700cb
:10c3c000e05a8800e05a8000cf80de008ed007005f
:10c3d0000004be00705a8000cf80de008ad00700c3
:10c3e0000001be000800be007ed20700024022000d
:10c3f000439724009cd10700809fbe0060c22f009d
:10c40000801f780000af200042d60700e687570063
:10c410004f04be000080fa00000006000000fa0091
:10c42000881f7800f04680000000e0000400320021
:10c43000f85a80006c02070000004400f05a88009f
:10c44000f05a8000cf80de00860220000700200026
:10c45000040a200005002000120020000300200034
:10c460003dfe0700f05a8800f05a8000801f7800d7
:10c4700090d22f00801f780000af200025d6070043
:10c48000e48757004f0478000080fa00000006009f
:10c490000000fa00889fbe0002ea0700809fbe00ed
:10c4a000e0c32f00801f780000af200019d60700de
:10c4b000e687570000af2000b1f70700f046800084
:10c4c0000000e00008003200085b8000195b80007b
:10c4d00045020700cf80de00080040008980480048
:10c4e000005b8800115b8800025b8000135b8000aa
:10c4f00090392400f1002000800f5100818f5900f5
:10c500000400340090392400f1002000005b880012
:10c51000115b8800025b8000135b8000800c2400ac
:10c52000f1002000800f5100818f590004003c0071
:10c53000900c2400f1002000005b8800115b880053
:10c54000005b8000115b8000809fbe0080d32f00c5
:10c55000801f780000af2000eed50700e687570067
:10c560004f04be000080fa00000006000200fa003e
:10c5700050b52000104078000080fb00000f7800cc
:10c580000e0078006cf007001e00780080407800f4
:10c5900050b52000014878001e007800800040005f
:10c5a00060a220000080400010007800801f78000a
:10c5b00040d42f00801f780000af2000d5d50700a1
:10c5c000e48757000080fa00000006000000fa002f
:10c5d0009047800080004000a0ba2000008040000a
:10c5e00010007800800078000008200071f7070034
:10c5f0009047800080004000a0bc200000804000e8
:10c60000100078000000010001af2000000c2000a5
:10c6100068f7070090478000e90f500002003200e1
:10c62000d05a8000a04788000080fa000000060071
:10c630000200fa00000f7800904780001e004000c2
:10c6400090478800b05a8000680060000000e00059
:10c6500006003a0090478000e70f500003003a00c0
:10c66000904780001e00400090478800b15a80002b
:10c6700000022000008060000000e0000c003a0092
:10c6800090478000e90f500003003200904780007f
:10c69000ea0f500006003a001e007800000040003b
:10c6a000800078009047800000804000904788001c
:10c6b00090478000ed0f500001003400f228ef0099
:10c6c000904780000000e00002003d00d000200004
:10c6d0009047880090478000e50f500002003a0024
:10c6e000a02820000100370040062000d046880026
:10c6f0009047800017e807000080fa00000006005d
:10c700001a00fa00400f98000000eb00000f7800bc
:10c710000000eb00405a88001e00780080004000b6
:10c7200000b1200000804000900078001e007800da
:10c7300000004000000047000080e8000108780089
:10c740001e0078008000400000b120000080400002
:10c750008000eb00010878001e0fe8001e00780042
:10c76000ea0f5000ecff34009c28ef0040168000d8
:10c770004300de00614060000080fb000042880052
:10c78000004280000000e00001003a00a028ef0015
:10c79000bcee07008eec0700f04180000000e000d6
:10c7a000040032004a28ef0051428000410f9800f7
:10c7b0004c003700005a8000e10f500002003a00a0
:10c7c00095ed07000500370030598000e90f500053
:10c7d0000200320090002000305988000cee070063
:10c7e000004280000000e000130032003059800059
:10c7f000ea0f50001000320090478000e10f500017
:10c800000300320090478000e20f50000a003a0017
:10c81000104580000000e00007003a00004580005d
:10c820000000e00004003a0010002000e041880011
:10c83000ca82a80002003700ca82a9003c28ef0083
:10c840003def07000f003700de28ef00a016800044
:10c85000610060000000e000020032000080eb0098
:10c86000010037001000200071ff070057ff07008c
:10c87000a0282000b00107009a28ef001000200037
:10c88000f046880011168000000022000080600041
:10c890000000e000ecff3200a016800061006000a4
:10c8a0000000e000e8ff3a0048ff07007016800033
:10c8b000700060000000e0000a003a00905a80001a
:10c8c00080007800a07f21007b010700110020007c
:10c8d0000000eb0088ec0700f228ef000000eb00fe
:10c8e000400f98004e0890000000e0009eff3a00c4
:10c8f0000000eb00000f78001e00780000004000f0
:10c9000000004700900090001e00780000014000e9
:10c9100000b1200000004100010878001e0fe8006f
:10c920001e007800ea0f5000f3ff34003c28ef00af
:10c930000080fa00000006000200fa00000f7800f4
:10c940001e0078000000e000090034001e0078009e
:10c95000e40f500006003c001e00780080004000fc
:10c9600060b52f00008040001000780009003700fb
:10c970001e007800e50f5000030032001e00780012
:10c98000e60f500002003a0010db8700010037007c
:10c990000080eb000080fa00000006000200fa00b0
:10c9a000000f78001e0078000000e000090034004d
:10c9b0001e007800e40f500006003c001e00e90055
:10c9c0008000400060b52f0000804000100078001b
:10c9d000110037001e007800e50f50000300320000
:10c9e0001e007800e60f500002003a00f0da8700df
:10c9f000090037001e007800e60f500005003400e3
:10ca00001e007800e90f500002003c0010db870098
:10ca1000010037000000eb000080fa000000060073
:10ca20000400fa00889fbe00a059800010079800fb
:10ca300040b52000104078000080fb00000f780017
:10ca40001e0078000000e000030034001e007800a3
:10ca5000f00f50000200340010002000000f78009a
:10ca60001e0078004200dd00000f78001e007800f4
:10ca7000e70f500002003c0080002000000f78000b
:10ca800050168000700060000000e00003003a00d3
:10ca900040012000b045880006003700b045800006
:10caa0000000e00003003200b04580000000e90013
:10cab000b0458800b04580000000e000080032006a
:10cac000ae28ef00b028ef0070458000814580005f
:10cad0005045880061458800b228ef0015003700f6
:10cae000c1648000205b8000008040006101b800cc
:10caf000504580006145800002004000838048006e
:10cb00005045880061458800b06480006101b8002c
:10cb1000704580008145800002004000838048000d
:10cb20007045880081458800904580000000e8003d
:10cb300090458800904580009e0f50003a003500d7
:10cb4000e04180000000e0003000320090458000ad
:10cb5000cf80de00c21220000289b90002017800f5
:10cb60006002b9008401780003014100c312200073
:10cb70000300b800010141008200780052458000a6
:10cb800063458000820f5000838f58001f003e00d5
:10cb90001e0090004006b0006101b80070458000a2
:10cba00081458000009ab90004027800028bb90028
:10cbb00086027800050242000011b800030242001c
:10cbc000840178001e0090004006b1006102b800a8
:10cbd000504580006145800000abb9000603780035
:10cbe000048cb90088037800070343000020b800d4
:10cbf0000103430086007800800f5100818f5900a7
:10cc00000200360010002000f0448800ae28ef003b
:10cc1000b028ef00704580008145800050458800b5
:10cc200061458800b228ef0040168000680060006f
:10cc30000000e00010003200b1da8700a04380005d
:10cc4000808f50000c003100305980003aff0700ff
:10cc5000a1438000810f5000070031002045800073
:10cc6000e10f500005003c00204580000000e80076
:10cc70002045880001003700a428ef0020458000ef
:10cc8000e10f500002003400100020000045880031
:10cc900040168000680060000000e00007003200dd
:10cca00040458000e10f4000050032004045800013
:10ccb0000000e8004045880001003700a828ef0088
:10ccc00040598000e30f500018003a0040168000e1
:10ccd000680060000000e000140032004145800060
:10cce000800c2000808f500010003e00b1da8700d9
:10ccf000a0438000808f50000c003100305980002c
:10cd000026ff0700a1438000810f50000700360076
:10cd100030458000e20f500005003c0030458000a7
:10cd20000000e8003045880001003700a628ef0029
:10cd300030458000e20f5000020034001000200057
:10cd40000045880040168000680060000000e00098
:10cd500002003200b428ef0006003700a045800032
:10cd6000e10f500003003c00a04580000000e800f7
:10cd7000a0458800e1448000f07c2000808f5000b6
:10cd800003003e00e04480000000e800e04488002a
:10cd9000a0458000e10f50000f003c00f0448000ef
:10cda0000000e0000c003a00004580000000e000b8
:10cdb00009003a00f1418000f0022000008060008c
:10cdc0000000e00004003a00e1448000f07c200014
:10cdd000808f500001003600ca82a9004f04be00b7
:10cde0000080fa00000006000200fa00d144800032
:10cdf000010f78009a28ef001e0078000080fa00ea
:10ce0000000006000000fa004001200000448800f5
:10ce100040062000104488009021ef009621ef008a
:10ce2000c0122000600c8800c0122000700c880026
:10ce3000e0002000800c8800007d2000900c88001d
:10ce4000007d2000a00c8800e0002000b00c8800cd
:10ce500020cd21007008880013e1a8008ce0a80014
:10ce60008c60a90020002000200888007628ef00b0
:10ce70000080fa00000006000200fa00000f7800af
:10ce800030002000404488001e00e900600888004f
:10ce9000600880000000d10030088800d622a90078
:10cea000d222a90011e1a80084c0a9008cc0a8006a
:10ceb0000080fa00000006000400fa00000f78006d
:10cec00011079800304480000000e00007003a009d
:10ced0001e0090000000e000040034001e009000de
:10cee000204488001e007800e3ff07000080fa005d
:10cef000000006000200fa00000f78001821ef0081
:10cf00001e0078004300dd00e008880086c0a9000c
:10cf100021e1a8000000000031048000000420008e
:10cf2000008060000000e000fbff320021e1a9006a
:10cf30000080fa00000006000200fa00000f7800ee
:10cf400002003700803e2000eaff07001e00780044
:10cf500000f0a7000000ea000000ea004f00de0039
:10cf6000004078001e0fe9000004e000f5ff3a00e1
:10cf70000080fa00000006000000fa00ca82a90042
:10cf8000e842a800e862a8000080fa00000006005d
:10cf90000200fa00000f780010c0b30064f307002d
:10cfa0001e007800e20f500012003200e20f500025
:10cfb00005003c000000e00008003200e10f5000d6
:10cfc0000900320014003700e30f50000c0032005b
:10cfd000e40f50000d0032000f003700a0dc2f00de
:10cfe000e7f4070011003700b0dd2f00e4f407007c
:10cff0000e003700c0de2f00e1f407000b00370001
:10d00000d0df2f00def4070008003700e0e02f003b
:10d01000dbf4070005003700f0e12f00d8f407002b
:10d02000000000000100370000000000a016800092
:10d03000610060000000e000fbff3200cfa2a90009
:10d04000faff37000000fa0030fe8700a0108800c9
:10d050000c22ef000e22ef008520a9008d20a800f1
:10d060000de2a8000f42a8000080fa0000000600b0
:10d070000200fa00000f78001e007800e70f500051
:10d080000200340070002000000f78001e007800bd
:10d090008000400000fc2f0000804000100078005d
:10d0a000a01088000080fa00000006000200fa00cc
:10d0b000004f780000000000711080000020200068
:10d0c000008060000000e000fbff3a001e80fb00d3
:10d0d000801088000080fa00000006000000fa00be
:10d0e00070108000620060000000e000010032006b
:10d0f0000e22a900f6c8bf0080c0ea00f8c8bf0031
:10d1000000c040000080fa00000006000000fa00a5
:10d11000f668ef0010c0b300f8e8b7000080fa002e
:10d12000000006000000fa0000000000ebff07000e
:10d130000004e000fdff3200f6c8bf000040e80038
:10d14000f6e8b700f6c8bf000080fb00c18f2000e2
:10d15000614078000080fa00000006000200fa003a
:10d16000f0ff0700004f78001e407800cfff070057
:10d170001e4078000080fa00000006000600fa0059
:10d180006000b800008fbe000040eb0040479800f0
:10d19000e4ff07000074a100404798004e40900053
:10d1a0000080fb000003b100e90f500014003e00b6
:10d1b0004e409000bdff07001e0090006a00b900bd
:10d1c000000178001e0078006000b90000007800bf
:10d1d000000141009e007800a00020000008b80077
:10d1e00001014100820078004e4190000281fb0065
:10d1f0000203b100cf91de00021f400003974800f8
:10d200004e409000ed4f5000e1ff3a001e00be007e
:10d210000080fa00000006000200fa00c1ff0700cb
:10d22000004f78001e80fb00a5d207000000e00040
:10d23000faff32001e80fb00c3d20700004f7800c7
:10d240001e40780099ff070090c3b3009e4078000d
:10d2500080cf500002003e0000c3b3000100370041
:10d2600070c3b3009e40780000cf50001e4078008d
:10d270000080fa00000006000200fa00e6ff070046
:10d280004400dd00004f7800e3ff07001e4f400020
:0cd290001e4078000080fa00000006003c
:020000040000fa
:100008000e86000074840000b8840000ba850000e1
:10001800ec8500000e8600000e8600000e860000ab
:100028000e8600000e8600000e8600000e86000078
:100038000e8600000e860000d87f00007080000049
:100048000e860000fc8600000e8600000e8600006a
:100058000e8600000e8600000e8600000e86000048
:100068000e8600000e8600000e8600000e86000038
:100078000e8600000e8600000e8600000e86000028
:100088000e8600000e8600000e8600000e86000018
:100098000e8600000e8600000e8600000e86000008
:1000a8000e8600000e8600000e8600000e860000f8
:1000b8000e8600000e8600000e8600000e860000e8
:1000c8000e8600000e8600000e8600000e860000d8
:1000d8000e8600000e8600000e8600000e860000c8
:1000e8000e8600000e8600000e8600000e860000b8
:0800f8000e8600000e860000d8
:020000040000fa
:100108000e86000074840000b8840000ba850000e0
:10011800ec8500000e8600000e8600000e860000aa
:100128000e8600000e8600000e8600000e86000077
:100138000e8600000e860000d87f00007080000048
:100148000e860000fc8600000e8600000e86000069
:100158000e8600000e8600000e8600000e86000047
:100168000e8600000e8600000e8600000e86000037
:100178000e8600000e8600000e8600000e86000027
:100188000e8600000e8600000e8600000e86000017
:100198000e8600000e8600000e8600000e86000007
:1001a8000e8600000e8600000e8600000e860000f7
:1001b8000e8600000e8600000e8600000e860000e7
:1001c8000e8600000e8600000e8600000e860000d7
:1001d8000e8600000e8600000e8600000e860000c7
:1001e8000e8600000e8600000e8600000e860000b7
:0801f8000e8600000e860000d7
:020000040000fa
:0200000401f009
:04000800ffff0000f6
:020000040000fa
:0200000401f009
:04000400ff7f00007a
:020000040000fa
:0200000401f009
:04000000e5ff000018
:020000040000fa
:10d29c00536500006e7300006f7200003a250000a9
:10d2ac00352e00003166000025630000204400008c
:10d2bc0069730000706c0000617900006564000007
:10d2cc003a250000342e0000306600002563000073
:10d2dc000a0d0000004c00004344000020420000f6
:10d2ec00617200002047000072610000706800004d
:10d2fc0020260000204300006861000072610000dd
:10d30c006374000065720000205400006573000017
:10d31c007400000057720000697400006520000062
:10d32c00415300004349000049200000746f000085
:10d33c00204c0000434400002c200000455300000a
:10d34c0043200000746f0000206500007869000025
:10d35c00742e00000a0d00000057000072690000d6
:10d36c00746500002048000045580000207400003f
:10d37c006f2000004c430000442c000020310000c2
:10d38c0042200000746f00002065000078690000e6
:10d39c00742e00000a0d00000048000069670000b0
:10d3ac00682d0000566f00006c740000616700006f
:10d3bc00650000004c6f0000772d0000566f0000d8
:10d3cc006c740000616700006500000020280000fc
:10d3dc0050720000652d00004c6900006d69000062
:10d3ec007429000000200000616c000061720000d4
:10d3fc006d20000069730000206400006973000058
:10d40c00616200006c650000642e00000a0d0000d3
:10d41c0000250000372e0000336600002025000098
:10d42c0073000000253500002e310000662000003e
:10d43c005761000074740000732000002825000060
:10d44c007329000000250000352e00003066000016
:10d45c002000000025730000252d0000642500002d
:10d46c00630a00000d000000253400006920000054
:10d47c003d200000253500002e32000066560000cd
:10d48c000a0d0000004c00006173000074200000c5
:10d49c00566100006c6900006420000042610000cd
:10d4ac006e64000020530000656c00006563000092
:10d4bc00742000003a250000730a00000d000000e3
:10d4cc002d2d00002d2d00002d2d00002d2d0000e8
:10d4dc002d2d00002d2d00002d2d00002d2d0000d8
:10d4ec002d2d00002d2d00002d2d00002d2d0000c8
:10d4fc002d2d00002d2d00002d2d00002d2d0000b8
:10d50c002d2d00002d2d00002d2d00002d2d0000a7
:10d51c000a0d0000002c0000206100006e79000054
:10d52c00206b000065790000206500007869000020
:10d53c00747300002e2e00002e0a00000d00000057
:10d54c00546500006d70000065720000617400008d
:10d55c007572000065200000536500006e730000ba
:10d56c006f72000020430000616c000069620000d3
:10d57c0072610000746900006f6e00000a0d0000fb
:10d58c00004900006e70000075740000204100001e
:10d59c0074740000656e000075610000746f00000b
:10d5ac007220000053740000617400007573000059
:10d5bc000a0d000000440000697600006964000058
:10d5cc00652d0000427900002d5a000065720000a4
:10d5dc006f20000054720000617000000a0d000002
:10d5ec0000540000657300007420000054650000b6
:10d5fc00726d0000696e00006174000065640000cb
:10d60c000a0d0000004100006c610000726d00000a
:10d61c002053000079730000746500006d20000039
:10d62c0054650000737400000a0d0000000a00002d
:10d63c000d4600002d530000656e00007365000060
:10d64c002054000065730000743a0000202500008f
:10d65c00730a00000d0000002020000020310000a3
:10d66c00363000006d200000383000006d200000c6
:10d67c00343000006d200000333000006d200000bd
:10d68c00323000006d200000313700006d200000aa
:10d69c00313500006d200000313200006d2000009b
:10d6ac00313000006d0a00000d0000000a0d000072
:10d6bc00496c00006c650000676100006c20000084
:10d6cc00566100006c750000652100000a0d000019
:10d6dc00004e00006f6e00002d50000072690000bb
:10d6ec006e740000616200006c6500002043000055
:10d6fc0068610000726100006374000065720000d4
:10d70c00004e00006f7200006d6100006c000000a4
:10d71c004c6f00007720000053700000656500001e
:10d72c00642000004f4e0000004d000065640000b6
:10d73c00697500006d2000005370000065650000e5
:10d74c00642000004f4e0000004800006967000094
:10d75c006820000053700000656500006420000024
:10d76c004f4e0000004f0000757400002d4f00005c
:10d77c00662d0000426100006e6400002100000074
:10d78c00312e0000384d0000487a00002f31000087
:10d79c00363000006d000000332e0000354d0000c7
:10d7ac00487a00002f380000306d00000037000070
:10d7bc002e3000004d4800007a2f0000343000005d
:10d7cc006d000000313000004d4800007a2f000041
:10d7dc00333000006d000000313400004d48000073
:10d7ec007a2f0000323000006d000000313800004c
:10d7fc004d4800007a2f0000313700006d0000000a
:10d80c00323100004d4800007a2f00003135000005
:10d81c006d000000323400004d4800007a2f0000eb
:10d82c00313200006d000000323800004d4800001d
:10d83c007a2f0000313000006d000000556e0000a2
:10d84c006b6e00006f7700006e20000042610000dc
:10d85c006e640000210000004441000054410000af
:10d86c000041000044440000520000000a0d00007a
:10d87c00447500006d70000020450000455000000c
:10d88c00524f00004d200000636f00006e740000ca
:10d89c00656e0000747300000a0d00002534000052
:10d8ac007325000032330000730a00000d250000c0
:10d8bc002e32000033730000252e0000323200009f
:10d8cc00730000000a0d0000253400002e34000007
:10d8dc00583a000000250000352e00003458000096
:10d8ec00000a00000d2500002e32000033730000ea
:10d8fc00252e000032320000730a00000d000000db
:10d90c00416d000070730000005600006f6c000049
:10d91c00747300000025000033690000202d000006
:10d92c0020250000730000005265000076650000a1
:10d93c007273000065000000466f000072770000f3
:10d94c0061720000640000002573000000300000cc
:10d95c00202d0000204100006c6c000020410000d4
:10d96c006c610000726d0000732000004f660000b7
:10d97c00660a00000d000000312000002d20000080
:10d98c004f760000657200002d4300007572000098
:10d99c00726500006e7400000a0d00000032000079
:10d9ac00202d00002048000069670000682000005e
:10d9bc0053570000520a00000d00000033200000f5
:10d9cc002d2000004f760000657200002d540000e1
:10d9dc00656d0000706500007261000074750000d8
:10d9ec00726500000a0d000000340000202d0000bc
:10d9fc0020250000730a00000d00000034200000f8
:10da0c002d20000025730000257300000035000058
:10da1c00202d00002025000073250000730a000053
:10da2c000d000000352000002d20000025730000a3
:10da3c00257300002573000000360000202d000027
:10da4c0020250000732000004c6900006d69000067
:10da5c00740a00000d000000362000002d2000008c
:10da6c00257300002573000000370000202d0000f6
:10da7c00204100006c6c0000204100006c61000033
:10da8c00726d0000732000004f6e00000a0d000044
:10da9c00000a00000d2500002e320000307300003b
:10daac005b4300004f4d00004d4100004e44000010
:10dabc0020540000414200004c4500005d25000050
:10dacc002e320000307300000a0d000000480000e8
:10dadc002f3f000020480000656c00007020000003
:10daec002d200000285400006869000073200000fd
:10dafc005363000072650000656e0000290a000087
:10db0c000d000000412000002020000041440000d6
:10db1c004320000043680000616e00006e65000049
:10db2c006c200000447500006d7000000a0d0000b0
:10db3c00004200002020000020250000730000009f
:10db4c004320000020200000257300000a0d000077
:10db5c000044000020200000204300006c65000001
:10db6c00617200002046000061630000746f0000c9
:10db7c0072790000204400006566000061750000a9
:10db8c006c74000020520000657300006574000086
:10db9c00204300006f7500006e7400006572000079
:10dbac000a0d000000450000202000002044000069
:10dbbc00756d000070200000537900007374000034
:10dbcc00656d0000202600002055000073650000e4
:10dbdc00722000005365000074740000696e000030
:10dbec00677300000a0d00000046000020200000b2
:10dbfc0020440000756d00007020000045450000b9
:10dc0c00505200004f4d0000206300006f6e00006a
:10dc1c00746500006e740000730a00000d000000b3
:10dc2c004720000020200000546f000067670000b0
:10dc3c006c650000204600007265000071750000e4
:10dc4c00656e00006379000020530000656e0000d3
:10dc5c007365000020540000657300007420000000
:10dc6c004f6e00002f4f0000666600000a0d00008a
:10dc7c000049000020200000202500007300000057
:10dc8c004a2000002020000025730000004b0000fb
:10dc9c002020000020420000757a00007a65000008
:10dcac0072200000536f0000756e000064200000ad
:10dcbc0054650000737400000a0d0000004c000055
:10dccc002020000020250000730000004d200000e3
:10dcdc002020000025730000005a000020200000c6
:10dcec0020250000732500002e3100003573000044
:10dcfc00257300000044000049530000504c000004
:10dd0c0041590000004900004e50000055540000dd
:10dd1c0000560000414c0000554500000043000037
:10dd2c00484100004e4e0000454c0000000a000027
:10dd3c000d25000037730000253600007325000008
:10dd4c003873000025310000357300000a0d000007
:10dd5c00252e000032320000732500002e32000008
:10dd6c0032730000000a00000d4100004443000023
:10dd7c0025330000693a00002536000069250000b3
:10dd8c00372e00003366000056200000000a000009
:10dd9c000d2500002e3400007325000073000000d8
:10ddac000a0d000025730000456e0000746500002c
:10ddbc0072200000302c0000312c0000322c0000ae
:10ddcc00332c0000342c0000352c000036200000d1
:10dddc006f72000020370000202e00002e2e000055
:10ddec000a0d0000000a00000d0000002573000061
:10ddfc0025730000536500006c650000637400001f
:10de0c0020530000636100006c6500003a200000a4
:10de1c00302c0000312c0000323a000020000000b1
:10de2c0025640000202d000020250000730a00004e
:10de3c000d000000203d0000253300002e320000b4
:10de4c00585d0000000a00000d4500004550000020
:10de5c00524f00004d200000526500007365000019
:10de6c0074200000436f0000756e000074650000a4
:10de7c0072200000636c0000656100007265000098
:10de8c00642e0000003300002d4400004c340000d0
:10de9c004a43000000760000342e000030320000af
:10deac006100000020000000535900005354000092
:10debc00454d000020430000414c00004942000049
:10decc0052410000544900004f4e00002053000006
:10dedc0045540000544900004e4700005300000018
:10deec000a0d000025330000337300000a0d0000fa
:10defc002537000073460000697200006d77000042
:10df0c0061720000653a00002025000073200000bb
:10df1c0042750000696c0000643a00002025000086
:10df2c00730a00000d25000033330000730000005d
:10df3c0042610000747400006572000079200000da
:10df4c00566f00006c7400006167000065200000d3
:10df5c0046610000637400006f720000203a0000fc
:10df6c00202500002d340000640a00000d00000084
:10df7c0050410000204300007572000072650000e3
:10df8c006e7400002046000061630000746f000096
:10df9c00722000002020000020200000203a000009
:10dfac00202500002d340000640a00000d00000044
:10dfbc0052460000205000006f7700006572000090
:10dfcc00204d0000657400006572000020460000c2
:10dfdc0061630000746f000072200000203a0000a2
:10dfec00202500002d340000640a00000d00000004
:10dffc0052460000205000006f7700006572000050
:10e00c00204d00006574000065720000204f000078
:10e01c00666600007365000074200000203a000062
:10e02c00202500002d340000640a00000d000000c3
:10e03c004265000065700000204c0000656e000019
:10e04c006774000068200000546900006d650000d2
:10e05c00202000002020000020200000203a00009a
:10e06c0020000000252d0000642000006d530000ee
:10e07c000a0d0000004f0000464600000a0d00008b
:10e08c000050000057520000204d00006561000058
:10e09c0073750000726500006d6500006e74000001
:10e0ac0020530000616d0000706c0000657300006f
:10e0bc003a20000000310000202800004f660000cc
:10e0cc00662900000a0d000000250000640a00000b
:10e0dc000d0000004f760000657200002d56000008
:10e0ec006f6c000074610000676500002054000034
:10e0fc007269000070200000202000002020000029
:10e10c00203a000020000000257300000a0d0000da
:10e11c00005500006e640000657200002d56000072
:10e12c006f6c0000746100006765000020540000f3
:10e13c0072690000702000002020000020200000e8
:10e14c003a20000000500000726500002d4c0000c9
:10e15c00696d0000697400002054000072690000b1
:10e16c007020000020200000202000002020000053
:10e17c00202000003a200000005000006f770000c3
:10e18c0065720000204d000065740000657200008f
:10e19c0020460000756c00006c2d000053630000dd
:10e1ac00616c0000652000003a200000252d000065
:10e1bc00645700000a0d0000004600007265000064
:10e1cc00712000004d650000746500007220000095
:10e1dc00436100006c690000627200006174000011
:10e1ec00696f00006e2000003a200000252d000011
:10e1fc00376c0000640a00000d0000005370000032
:10e20c006c61000073680000205300006372000012
:10e21c00656500006e20000044690000737000000a
:10e22c006c61000079200000203a000020250000dd
:10e23c00730a00000d000000555300004552000009
:10e24c00204300004f4e0000464900004755000097
:10e25c0052410000544900004f4e00002053000072
:10e26c0045540000544900004e4700005300000084
:10e27c000a0d000025330000337300000a0d000066
:10e28c0025730000004600007265000071750000e7
:10e29c00656e00006379000020530000656e00007d
:10e2ac0073650000204d00006f64000065200000c5
:10e2bc00202000003a200000257300000a0d000009
:10e2cc000053000065720000696100006c200000c2
:10e2dc004c6900006e6b0000205000006f6c000059
:10e2ec006c6900006e6700002020000020200000f8
:10e2fc003a200000002500002d640000205300008f
:10e30c00656300006f6e000064730000004f000036
:10e31c0066660000000a00000d520000532d00003c
:10e32c003233000032200000506f00007274000085
:10e33c00204d00006f6400006520000020200000cc
:10e34c0020200000202000003a200000546500002e
:10e35c0073740000204d00006f640000650a00001b
:10e36c000d000000525300002d320000333200002b
:10e37c00205000006f7200007420000053700000e9
:10e38c0065650000642000002020000020200000b3
:10e39c00203a0000202500002d64000030300000e1
:10e3ac002042000061750000640a00000d000000ae
:10e3bc004c4300004420000042610000636b0000ed
:10e3cc006c69000067680000746900006e670000eb
:10e3dc00202000002020000020200000203a000017
:10e3ec00202500002d340000640a00000d00000000
:10e3fc004c43000044200000436f00006e7400008a
:10e40c0072610000737400002020000020200000c6
:10e41c00202000002020000020200000203a0000d6
:10e42c00202500002d340000640a00000d000000bf
:10e43c005357000052200000547200006970000015
:10e44c00204c0000696d0000697400002020000061
:10e45c00202000002020000020200000203a000096
:10e46c00202500002e320000660a00000d0000007e
:10e47c00466100006e2000005370000065650000ce
:10e48c0064200000436f00006e740000726f000087
:10e49c006c2000002020000020200000203a00000a
:10e4ac0020250000730a00000d00000054650000d8
:10e4bc006d700000657200006174000075720000e0
:10e4cc0065200000556e0000697400007320000088
:10e4dc002020000020200000203a00002025000011
:10e4ec00730a00000d000000546500006d70000000
:10e4fc0065720000617400007572000065200000f8
:10e50c00416c0000617200006d2000004c6900003d
:10e51c006d690000743a00002000000046610000a4
:10e52c006e20000053740000617200007420000023
:10e53c00546500006d70000065720000617400008d
:10e54c007572000065200000203a000020000000d9
:10e55c00426100006e6400002044000069730000fa
:10e56c00706c000061790000205500006e6900009d
:10e57c00747300002020000020200000203a0000ce
:10e58c0020250000730a00000d00000047720000f7
:10e59c006170000068690000632000004c69000095
:10e5ac006d69000074730000204400006973000062
:10e5bc00706c000061790000203a000020250000fa
:10e5cc00730a00000d000000462d0000536500008a
:10e5dc006e73000065200000515300004b200000ba
:10e5ec00202000002020000020200000202000001f
:10e5fc0020200000203a000020250000730a0000b3
:10e60c000d00000047720000617000006869000096
:10e61c006320000044690000737000006c6100000e
:10e62c007920000054790000706500002020000063
:10e63c00203a000020250000730a00000d000000a5
:10e64c00506f000077650000722000004d650000df
:10e65c0074650000722000005479000070650000a1
:10e66c00202000002020000020200000203a000084
:10e67c0020250000730a00000d00000053740000f8
:10e68c0061720000742d00005570000020500000d5
:10e69c0061670000652000002020000020200000a1
:10e6ac002020000020200000203a0000202500003f
:10e6bc00730a00000d000000437500007272000028
:10e6cc00656e000074200000416d0000706c00004d
:10e6dc006966000069650000722000005374000038
:10e6ec0061740000653a000020250000730a0000e8
:10e6fc000d000000426100006e6400002053000019
:10e70c00656c000065630000742000004d6f000014
:10e71c006465000020200000202000002020000064
:10e72c00203a000020250000730a00000d000000b4
:10e73c00252e000033390000730a00000d00000084
:10e74c00252e000033390000730000000a0d000074
:10e75c002573000000420000616e0000643a000066
:10e76c0020250000732000004725000031690000bf
:10e77c003a2000003d2000002532000069640000b2
:10e78c00420a00000d0000000a0d00002573000075
:10e79c00507200006573000073200000616e000071
:10e7ac00792000006b65000079200000746f000078
:10e7bc002073000074610000727400002573000067
:10e7cc000a0d0000000a00000d5300006f750000d8
:10e7dc006e6400002054000065730000740a000091
:10e7ec000d4500006e7400006572000020460000ac
:10e7fc007265000071750000656e000063790000a1
:10e80c002028000031300000302000002d200000b6
:10e81c003430000030300000487a0000293a000003
:10e82c00200000000a0d000044610000746100002b
:10e83c0020560000616c0000756500003a20000055
:10e84c00256c0000690a00000d000000456e0000f8
:10e85c007465000072200000647500007261000095
:10e86c00746900006f6e0000202800003130000039
:10e87c00202d000020330000322c0000303000002e
:10e88c00306d0000532900003a20000000430000c6
:10e89c0068610000722000003d200000307800000c
:10e8ac00252e0000325800000a0d00000043000025
:10e8bc0068610000722000003d20000030780000ec
:10e8cc00252e000032580000202d000020250000cd
:10e8dc00730a00000d000000203d00002025000000
:10e8ec00630a00000d000000203d00002025000000
:10e8fc00730a00000d0000000a0d0000496e0000b4
:10e90c00766100006c69000064200000436f000019
:10e91c006d6d0000616e0000643a0000202500005f
:10e92c0063200000566100006c750000653a000021
:10e93c0020250000640a00000d0000000c000000ff
:10e94c00180000003000000060000000c000000053
:10e95c008001000040020000800400004e6f0000a7
:10e96c00726d0000616c0000004c00006f770000bd
:10e97c00004d000065640000697500006d0000002a
:10e98c0048690000676800000046000061680000ec
:10e99c00726500006e68000065690000740000007c
:10e9ac00436500006c730000697500007300000083
:10e9bc0059610000657300007520000043410000a0
:10e9cc00540000004b580000322f00004b58000040
:10e9dc00330000004a7500006d6100002d540000ea
:10e9ec005258000032000000462d00005365000014
:10e9fc006e730000650000004654000038310000c2
:10ea0c00372f000038310000380000004d61000045
:10ea1c006e750000616c0000005800006965000014
:10ea2c0067750000002000004d2000000020000051
:10ea3c004120000000470000310000004732000078
:10ea4c00004700003300000047340000004d000078
:10ea5c00487a0000004d00006574000072650000eb
:10ea6c00730000004f660000660000004f6e00004f
:10ea7c0000530000746100006e64000062790000b5
:10ea8c00004f0000706500007261000074650000aa
:10ea9c0000410000757400006f0000002020000091
:10eaac003f21000020200000002000002031000049
:10eabc00363000006d0000002020000020380000df
:10eacc00306d0000002000002020000034300000d9
:10eadc006d0000002020000020330000306d00008d
:10eaec000020000020200000323000006d000000eb
:10eafc002020000020310000376d000000200000b5
:10eb0c0020200000313500006d00000020200000a6
:10eb1c0020310000326d0000002000002020000099
:10eb2c00313000006d00000020200000203f00006c
:10eb3c0020200000003100002e3800004d4800005d
:10eb4c007a000000332e0000354d0000487a00009a
:10eb5c0000200000203700004d4800007a00000023
:10eb6c0020310000304d0000487a000000200000e9
:10eb7c00313400004d4800007a00000020310000c4
:10eb8c00384d0000487a00000020000032310000af
:10eb9c004d4800007a00000020320000344d000087
:10ebac00487a000000200000323800004d48000078
:10ebbc007a00000020530000617600006520000000
:10ebcc005365000074740000696e000067730000e8
:10ebdc003f2000000020000052650000736500001b
:10ebec00742000004465000066610000756c000034
:10ebfc00747300003f0000004f2f000050200000f5
:10ec0c00506f000077650000720000005357000041
:10ec1c0052000000566f00006c7400006167000029
:10ec2c00650000004375000072720000656e000004
:10ec3c0074000000546500006d70000065720000e7
:10ec4c0061740000757200006500000041750000e1
:10ec5c00746f000020420000616e00006420000010
:10ec6c0044650000746500006374000000530000ec
:10ec7c0065720000696100006c2000005370000098
:10ec8c0065650000640000005365000072690000b7
:10ec9c00616c0000205000006f72000074000000d6
:10ecac00506f00006c6c0000696e00006720000063
:10ecbc00496e00007465000072760000616c000003
:10eccc00004c000043440000204400006973000025
:10ecdc00706c000061790000005300005752000076
:10ecec0020540000726900007000000046610000b2
:10ecfc006e200000436f00006e740000726f000005
:10ed0c006c0000004f760000657200007465000016
:10ed1c006d70000000460000616e00002043000092
:10ed2c00757400002d4900006e2000005465000031
:10ed3c006d70000000420000616e00006420000055
:10ed4c0044690000737000006c61000079000000e1
:10ed5c004772000061700000686900006361000088
:10ed6c006c2000004c6900006d6900007473000099
:10ed7c0000470000726100007068000069630000c9
:10ed8c002044000069730000706c00006179000081
:10ed9c000052000046200000506f00007765000014
:10edac00722000004d6500007465000072000000c8
:10edbc005374000061720000742d00005570000047
:10edcc002044000069730000706c00006179000041
:10eddc00004600002d530000656e000073650000b6
:10edec0020510000534b0000000500000000000003
:10edfc00000000000300000003460000413b00003f
:10ee0c00000500003d3f0000420a00000d0000001c
:10ee1c00000000004f72000069670000696e00007e
:10ee2c00616c0000004c000061720000676500001e
:10ee3c00005300006d6100006c6c000000200000ad
:10ee4c0020200000436100006e630000656c000030
:10ee5c006c650000642100002020000020000000f0
:10ee6c0020200000202000002053000061760000cc
:10ee7c0065640000212000002020000020200000fc
:10ee8c0000570000617400007473000000640000ff
:10ee9c00426d0000002000002d2d00002d2e0000e2
:10eeac002d570000002d00002d2e00002d640000b9
:10eebc00426d0000004f00004b0000004572000046
:10eecc00726f00007221000000520000656d00009e
:10eedc006f7400006500000054650000737400003e
:10eeec0000250000357300003a2500003869000049
:10eefc00df250000630000004c6900006d69000014
:10ef0c007400000053740000617200007400000073
:10ef1c00556e000069740000733a00002531000042
:10ef2c003073000000500000575200003a4e0000b1
:10ef3c006f200000424100004e4400002b3a0000bc
:10ef4c0059650000730000000a0d000025730000d5
:10ef5c004420000046690000726d000077610000db
:10ef6c00726500003a20000025730000204200006a
:10ef7c00756900006c6400003a20000025730000e5
:10ef8c002044000061740000653a00002025000058
:10ef9c00730a00000d000000436f00007079000040
:10efac007269000067680000743a0000204a000093
:10efbc0075680000612000004e690000696e000059
:10efcc00696b00006f7300006b690000202d00005e
:10efdc00204f0000483200004e4c0000542000002e
:10efec00262000004d6100007474000069200000b0
:10effc00486f0000687400006f6c00006120000016
:10f00c002d2000004f48000037530000560a000026
:10f01c000d000000284100006464000069740000c9
:10f02c00696f00006e6100006c20000066650000d6
:10f03c0061740000757200006573000020610000af
:10f04c006e640000206d00006f64000069660000b3
:10f05c006963000061740000696f00006e7300004a
:10f06c00202d000020410000647200006961000046
:10f07c006e20000052790000616e0000202d00000f
:10f08c00203500004234000041490000592900009d
:10f09c000a0d0000002800004d6f0000646900009c
:10f0ac00666900006564000020620000756900005c
:10f0bc006c640000202d0000204400004c34000043
:10f0cc004a430000290a00000d00000052650000b0
:10f0dc006d6f000074650000205000006f77000019
:10f0ec0065720000204f00006666000000200000e2
:10f0fc0020200000446100007461000020530000d7
:10f10c0061760000656400000025000031300000cd
:10f11c0073250000367300000020000053570000d8
:10f12c0052200000002000004f2f00004320000060
:10f13c0000200000544500004d500000002000004d
:10f14c00486900002d5600000020000042610000bc
:10f15c0074740000002000004c6f00002d5600005d
:10f16c0000520000532d000032330000322000000a
:10f17c0045630000686f00002054000065730000b8
:10f18c0074000000417700006169000074690000a0
:10f19c006e6700002064000061740000612e0000a6
:10f1ac002e2e0000000a00000d520000532d00000e
:10f1bc0032330000322000005465000073740000ec
:10f1cc000a0d0000507200006573000073200000ef
:10f1dc00505700005220000062750000747400004b
:10f1ec006f6e0000207400006f2000006578000036
:10f1fc00697400002e2e00002e0a00000d00000085
:10f20c00525800002044000061740000613a000074
:10f21c00202500006320000020300000782500002d
:10f22c00322e000032580000000a00000d5200007f
:10f23c00532d0000323300003220000074650000b2
:10f24c007374000020740000657200006d6900008a
:10f25c006e61000074650000640a00000d0000007f
:10f26c002532000069200000200000000a0d00007b
:10f27c0000530000656c000065630000743a0000e8
:10f28c002539000073000000426100007564000025
:10f29c002052000061740000653a00002534000023
:10f2ac0069300000300000004d6f00006465000004
:10f2bc003a25000031310000730000005469000051
:10f2cc006d650000723a00002536000069200000d0
:10f2dc005365000063000000546900006d65000078
:10f2ec00723a0000202000004469000073610000a5
:10f2fc00626c000065640000004200006163000065
:10f30c006b6c000069670000687400003a2500000f
:10f31c0036690000004300006f6e0000747200003c
:10f32c0061730000743a000025370000690000008a
:10f33c004c6900006d690000743a0000253800002b
:10f34c002e310000663a00003100000044690000d4
:10f35c00737000006c610000793a000025380000e1
:10f36c007300000054790000706500003a2500001d
:10f37c00313100007300000050610000676500002f
:10f38c003a25000031310000730000005357000093
:10f39c00522d00002d2e00002d0000000a0d000043
:10f3ac0045450000505200004f4d00002043000026
:10f3bc0068650000636b0000737500006d730000de
:10f3cc000a0d0000436100006c69000062720000cd
:10f3dc0061740000696f00006e200000203a00008c
:10f3ec0020250000730a00000d4300006f6e000022
:10f3fc0066690000677500007261000074690000a6
:10f40c006f6e00003a200000257300000a0d00000a
:10f41c00526500007365000074200000436f00000b
:10f42c00756e000074650000723a00002025000023
:10f43c00640a00000d0000000a0d000045450000a4
:10f44c00505200004f4d0000204300006865000042
:10f45c00636b0000737500006d20000045720000a6
:10f46c00726f00007221000020520000652d000018
:10f47c006c6f000061640000696e00006720000082
:10f48c0046610000637400006f7200007920000078
:10f49c004465000066610000756c00007473000028
:10f4ac000020000043680000656300006b730000df
:10f4bc00756d000020450000727200006f72000034
:10f4cc00200000004c6f000061640000696e0000b9
:10f4dc00672000004465000066610000756c000048
:10f4ec0074730000004a0000554d000041200000dc
:10f4fc005041000031300000300000004f48000047
:10f50c00324e00004c5400002f37000053560000c0
:10f51c00204400004c3400004a430000002000004e
:10f52c0020430000616c0000696200007261000001
:10f53c00746900006f6e000000200000204d000078
:10f54c006f64000065250000377300000020000088
:10f55c0044490000535000004c4100005920000069
:10f56c003d20000050610000676500002000000095
:10f57c004f50000045520000203d00002053000079
:10f58c0061760000652f000045780000697400006a
:10f59c000053000079730000746500006d200000ba
:10f5ac00436c00006f6300006b3a000020250000e4
:10f5bc006c690000206b0000487a00000a0d000006
:10f5cc0000200000535400004259000000200000ad
:10f5dc00205400005820000000200000457200005c
:10f5ec0072200000002000004f5000004552000027
:10f5fc00002500002d31000036730000004b000088
:10f60c0058330000204d00007367000020540000a8
:10f61c00696d0000652d00004f750000740000003e
:10f62c005365000074200000746f00003a20000045
:10f63c00202000003520000053650000637300009b
:10f64c000020000020200000202000002055000099
:10f65c007365000072000000204300006f6e000014
:10f66c006669000067750000726100007469000033
:10f67c006f6e000000200000253600002e330000c5
:10f68c006620000020000000202000002020000048
:10f69c0020000000534f00004d4100004643000085
:10f6ac00dc050000d1070000a10f0000401f000086
:10f6bc00e02e0000983a0000384a0000d8590000ab
:10f6cc0090650000317500000a0000008700000002
:10f6dc0099010000ab020000ba030000cc0400004a
:10f6ec00df050000ed060000ff0700001209000016
:10f6fc00200a00009a990000114100003d0a000008
:10f70c0083410000256300003a250000633a0000a5
:10f71c00256300003a250000633a00002532000002
:10f72c00643a000025310000643a000025330000e3
:10f73c002e310000663a0000253500002e32000004
:10f74c00663a0000253400002e310000663a0000b5
:10f75c00253500002e310000663a000025330000ec
:10f76c00643a000025310000643a000025320000a4
:10f77c00580a00000d000000000000005e000000b0
:10f78c001b010000d7010000930200005003000091
:10f79c000c040000c90400008505000042060000ae
:10f7ac00fe060000ba070000000000000100000087
:10f7bc000200000003000000030000000400000031
:10f7cc000500000006000000070000000800000013
:10f7dc00090000000a000000303400002f4f000028
:10f7ec00435400002f32000030320000360000007d
:10f7fc00332d0000444c0000344a0000430000004c
:10f80c00763400002e300000326100000000000051
:10f81c0000000000010000000200000003000000d6
:10f82c0004000000060000000500000054720000f7
:10f83c00697000003a2500003131000073000000af
:10f84c004c6900006d690000743a00002539000015
:10f85c002e3200006656000000430000616c000070
:10f86c0025370000733a00002535000069000000c0
:10f87c0046720000657100003a250000372e00002a
:10f88c0033660000204d0000487a0000004600005e
:10f89c0061630000746f0000720000004f6600008e
:10f8ac006673000065740000005300007570000062
:10f8bc00706c0000793a000020200000000000006d
:10f8cc004265000065700000204c0000656e000071
:10f8dc0020300000203d0000204f00006666000034
:10f8ec00005000006f77000065720000204100009e
:10f8fc007665000072610000676900006e670000a9
:10f90c00200000004f76000065720000766f00004a
:10f91c006c7400006167000065200000202000006e
:10f92c0020200000004f0000766500007276000079
:10f93c006f6c0000746100006765000020540000cb
:10f94c0072690000700000004c6f0000772000000e
:10f95c00566f00006c7400006167000065200000a9
:10f96c002020000020200000004c00006f770000d9
:10f97c00205600006f6c0000746100006765000089
:10f98c0020540000726900007000000050720000ea
:10f99c00652d00004c6900006d69000074200000aa
:10f9ac005472000069700000202000000046000026
:10f9bc00756c00006c2d000053630000616c00003e
:10f9cc0065200000506f0000776500007200000099
:10f9dc00537000006c61000073680000205300003d
:10f9ec0063720000656500006e200000202000009e
:10f9fc00002800004f66000066290000004200004d
:10fa0c0065650000703a000025390000696d000042
:10fa1c005300000042650000657000003a250000ac
:10fa2c003131000073000000536100006d70000064
:10fa3c006c650000733a0000253600007325000049
:10fa4c0032690000004d0000617800002050000079
:10fa5c006f770000657200003a25000035690000e0
:10fa6c005700000046610000637400006f720000d4
:10fa7c003a250000396c0000640000004469000065
:10fa8c00737000006c610000793a000025380000aa
:10fa9c00730000000a0d0000536500007276000030
:10faac00696300006520000026200000436100000f
:10fabc006c6900006272000061740000696f0000e4
:10facc006e2000004d6f000064650000000a00000d
:10fadc000d44000049530000504c000041590000f7
:10faec002f4300004f4e000046490000473a0000eb
:10fafc0020530000656c000065630000742000005a
:10fb0c0050610000676500000a0d00004f500000b6
:10fb1c00455200003a200000536100007665000059
:10fb2c00202600002045000078690000740a0000bf
:10fb3c000d0000000a0d0000436100006c6900001c
:10fb4c006272000061740000696f00006e2000009a
:10fb5c007365000074740000696e00006773000028
:10fb6c0020730000617600006564000020740000c2
:10fb7c006f20000045450000505200004f4d000022
:10fb8c000a0d0000000000004f73000063690000c4
:10fb9c006c6c0000617400006f7200002054000057
:10fbac007261000070210000002000004164000020
:10fbbc006472000065730000732000005472000032
:10fbcc0061700000212000002000000020200000b7
:10fbdc0053740000616300006b200000547200003d
:10fbec006170000021200000202000000020000097
:10fbfc00204d000061740000682000004572000078
:10fc0c00726f000072210000202000002000000014
:10fc1c00496e00007465000072720000757000007f
:10fc2c007420000045720000726f00007221000009
:10fc3c0000200000556e00006b6e00006f77000016
:10fc4c006e20000045720000726f000072210000ef
:10fc5c00200000000a0d000054520000415000002a
:10fc6c003a2000004f730000636900006c6c0000c8
:10fc7c00617400006f720000204500007272000079
:10fc8c006f7200000a0d0000004f0000534300008b
:10fc9c00434f00004e200000307800002558000033
:10fcac000a0d0000000a00000d5400005241000033
:10fcbc00503a0000204100006464000072650000ae
:10fccc007373000020450000727200006f72000018
:10fcdc000a0d0000005700003020000030780000b2
:10fcec00255800000a0d00000057000031200000cc
:10fcfc0030780000255800000a0d00000057000065
:10fd0c003220000030780000255800000a0d000059
:10fd1c000057000033200000307800002558000008
:10fd2c000a0d00000057000034200000307800005d
:10fd3c00255800000a0d0000005700003520000077
:10fd4c0030780000255800000a0d00000057000014
:10fd5c003620000030780000255800000a0d000005
:10fd6c0000570000372000003078000025580000b4
:10fd7c000a0d000000570000382000003078000009
:10fd8c00255800000a0d0000005700003920000023
:10fd9c0030780000255800000a0d000000570000c4
:10fdac00313000002030000078250000580a000097
:10fdbc000d000000573100003120000030780000a9
:10fdcc00255800000a0d00000057000031320000d9
:10fddc002030000078250000580a00000d000000bb
:10fdec005731000033200000307800002558000007
:10fdfc000a0d0000005700003134000020300000d4
:10fe0c0078250000580a00000d0000005731000052
:10fe1c003520000030780000255800000a0d000045
:10fe2c00000a00000d54000052410000503a00003e
:10fe3c002053000074610000636b0000204500003b
:10fe4c00727200006f7200000a0d0000000a0000c0
:10fe5c000d54000052410000503a0000204d0000ab
:10fe6c00617400006820000045720000726f000091
:10fe7c00720a00000d0000000a0d00005452000030
:10fe8c00415000003a2000005370000075720000d1
:10fe9c00696f000075730000204900006e7400004b
:10feac00657200007275000070740000204500003f
:10febc00727200006f7200000a0d0000000000005a
:10fecc0038380000380c0000010600002535000011
:10fedc002e30000066df00004600000025350000d3
:10feec002e30000066df00004300000025360000c5
:10fefc002e310000665700000053000057520000de
:10ff0c00253400002e31000066000000253600006c
:10ff1c002e3200006656000000250000362e000030
:10ff2c003166000041000000253400002e31000035
:10ff3c0066640000426d000000000000000000003c
:10ff4c00803f000000000000803f000020bc00004b
:10ff5c00be4c000000000000c8420000002400005d
:10ff6c00744900000050000043480000cdcc000054
:10ff7c00cc3d00007f010000bf0000005f000000ce
:10ff8c002f000000170000000b000000070000000d
:10ff9c0003000000090000000a0000000b00000034
:04ffac000e00000043
:020000040000fa
:10ffb000809fbe003400f80000002000a0018800ef
:10ffc0000000fa0040448000e20f50001a003200a6
:10ffd000e30f50002d003200e10f5000030032000b
:10ffe000d222a8008cc0a90038003700b0168000cb
:10fff0006200600000f0a7000000ea000000e900d5
:020000040001f9
:100000004f00de00004078000080fb0061006000cf
:1000100000004000b11680000110a1000100700036
:10002000b0168800600880000000d10060088800d9
:100030008828ef0025003700b016800062006000bd
:1000400000f0a7000000ea000000e9004f00de0019
:10005000004078000080fb0061006000000040006c
:10006000b11680000110a10001007000b0168800d8
:10007000b0168000620060000000e0001200320054
:10008000100020004044880010003700b0168000a7
:100090006200600000f0a7000000ea000000e90034
:1000a0004f00de00004078000080fb00610060002f
:1000b00000004000b11680000110a1000100700096
:1000c000b0168800010037000000000084c0a900bd
:1000d0000080fa003400f9004f00be000040060026
:1000e0003600f800809fbe00829fbe00849fbe0045
:1000f000869fbe003400f80000002000a0018800a8
:100100000200fa000000eb00000f780084e0a90074
:1001100005e1a90000088000a04388000021ef004d
:1001200005e1a800104480000000e0000d0032004e
:10013000a04380008000eb0061014000e0814800a6
:1001400060418000714180000200400083804800cf
:100150006041880071418800104480000000e9007f
:1001600010448800004480000000e00021003200bc
:100170001e0078008000400060b52f000080400025
:1001800090007800a0438000808f50000c00390060
:100190001e00780080004000e0c320000080400086
:1001a000100078008000e8001e0078000001400088
:1001b000e0c320000000410001087800040037007f
:1001c0001e0fe8001e007800e90f5000e8ff340021
:1001d0001e007800ea0f500003003a003c28ef00b0
:1001e000a000200030598800004480000000e90091
:1001f00000448800204480000000e0000800320035
:10020000204480000000e900204488002044800051
:100210000000e00002003a00200020004044880076
:10022000d04380000000e00003003200d043800093
:100230000000e900d0438800f04380000000e000a7
:1002400003003200f04380000000e900f043880022
:10025000104580000000e0000300320010458000df
:100260000000e90010458800c04380000000e00065
:1002700003003200c04380000000e900c043880052
:10028000b04380000000e00003003200b043800073
:100290000000e900b0438800204080000000e0003a
:1002a00003003200204080000000e9002040880068
:1002b000e04380000000e00007003200e0438000df
:1002c0000000e900e0438800e04380000000e00017
:1002d00001003a003c28ef00f04180000000e000ff
:1002e00078003a00504480000000400050448800ec
:1002f0001116800000002800008060000000e0006f
:1003000004003a00504480000000a00050448800df
:1003100003003700504480000000a10050448800d2
:100320006044800000004000604488001116800096
:1003300000002400008060000000e00004003a009b
:10034000604480000000a000604488000300370083
:10035000604480000000a100604488007044800078
:100360000000e0000b003a0050448000e10f400024
:100370000e003a001000200070448800a0282000e1
:10038000b0448800d04480000000e800d0448800d9
:1003900006003700504480000000e00003003a00ef
:1003a0008e28ef009628ef009228ef00804480000e
:1003b0000000e0000b003a0060448000e10f4000c4
:1003c0000e003a001000200080448800a028200081
:1003d000c0448800d04480000000e900d044880078
:1003e00006003700604480000000e00003003a008f
:1003f0009028ef009828ef009428ef00b044800088
:100400000000e00008003200b04480000000e90075
:10041000b0448800b04480000000e00002003a00d0
:10042000d046800090448800c04480000000e00076
:1004300008003200c04480000000e900c044880089
:10044000c04480000000e00002003a00d046800076
:10045000a0448800904480000000e0000b003200bf
:10046000904480000000e90090448800904480009f
:100470000000e00005003a00d0468000904488006b
:10048000d04480000000e800d0448800a0448000f0
:100490000000e0000b003200a04480000000e900f2
:1004a000a0448800a04480000000e00005003a005d
:1004b000d0468000a0448800d04480000000e900bd
:1004c000d044880078d6070055f107000080fa0074
:1004d0003400f9004f03be004f02be004f01be00c2
:0c04e0004f00be003600f900004006008e
:020000040000fa
:020000040001f9
:1004ec00900c00000c00000000000000ea08000066
:1004fc000400000000000000fc090000f4000000f3
:10050c0002000000b4f4bb00f4bff400c6f4cb004e
:10051c00f4d6f400def4e800f4f0f400faf402008f
:10052c00f50cf50013f51900f51df50021f5240067
:10053c00f527f5002af52d00f531f50038f53c00ce
:10054c00f53ff50047f50c00f54ff50054f55b0051
:10055c00f562f50069f57000f577f5007ef585001c
:10056c00f58cf50093f59a00f554f500a1f5a8006b
:10057c00f5aff500b6f5bd00f5c4f500cbf5d2002e
:10058c00f5d9f5009af5e000f5f1f50002f60c004e
:10059c00f610f60018f62000f62cf6003df64a0090
:1005ac00f656f60067f66700f673f6007cf6200048
:1005bc00f688f60091f6a100f6aef600bff6cf0075
:1005cc00f6def600eff6fb00f602f70007f70e007a
:1005dc00f70ef70010f71900f71ff70025f7360094
:1005ec00f747f7004df75100f759f70061f7640032
:1005fc00f738f5006bf77200f7343700ce37e800a8
:10060c00379e36002e38440038cc4000cc40cc000d
:10061c00400c3f00be3f000041fc3f00ae43420097
:10062c00446c44009444c80044ea44000c45340033
:10063c00455a45009e45dc00452e46004e46880036
:10064c0046ae4600ce46f40046000000f00a00001c
:10065c00780000000000000000080000740000009a
:10066c0000000000d808000012000000020000008a
:10067c00c8006400000400000100010000640000d8
:10068c000100520000ffff00820c00000e00000071
:10069c00020000006cff7400ff7cff0083ff8c00e5
:1006ac00ff93ff009aff0000520c000010000000a6
:1006bc0000000000ee080000040000000000000034
:1006cc00e60b00003a0000000200000087eb8e00f1
:1006dc00eb9beb00abebb900ebc6eb00d2ebdd0018
:1006ec00ebe8eb00f2ebfc00eb06ec0010ec1a0074
:1006fc00ec24ec009e53c00053e2530020542e0017
:10070c00544a54009854a80054bc5400d054e400eb
:10071c00541655005255860055000000aa0b0000d7
:10072c003c000000020000005bfc6500fc65fc0066
:10073c0065fc6600fc77fc0088fc9900fcaafc00b8
:10074c00bbfccc00fcddfc0065fcee00fc65fc0099
:10075c00fffc3e005f7e5f00aa5fd2005ffa5f0085
:10076c002e607600609c6000f2601a00617061007f
:10077c000e62480062b66200f2080000040000003d
:10078c00000000003e0c00001400000000000000ff
:10079c00740800004400000000000000b8080000cd
:1007ac002000000000000000fc0800000001000018
:1007bc0000000000f608000002000000000000002d
:1007cc00f808000002000000020000000100000018
:1007dc00fa08000002000000000000009c0c000061
:1007ec000200000000000000680b00004200000046
:1007fc00020000006c0b6e000b6e0b00010003007e
:10080c0000000000000000000000000000001600c6
:10081c001e00000000000000008a1800960e000068
:10082c0000000000000000000000000000000000bc
:10083c0000000000000000000000000000000000ac
:10084c00000000000000000000000000620c00002e
:10085c001000000002000000494e460000696e00c6
:10086c0066004e00414e00006e616e0000000000fc
:10087c00200c00001e00000002000000286e690021
:10088c006c29000025006800076c09004c836a0085
:10089c009074a0007ac000008068880000846c000e
:1008ac0082008100720c00001000000002000000a9
:1008bc00494e460000696e0066004e00414e000035
:1008cc006e616e00000000009e0c00000200000033
:0c08dc000200000001000000000000000d
:020000040000fa
:020000040001f9
:1008e8003600f800809fbe00829fbe00849fbe0035
:1008f800869fbe003400f80000002000a001880098
:100908000200fa009af1070030032000a0108800c6
:100918000000eb00000f7800020037000000000024
:100928001e0fe800f0cf27009e007800808f50004f
:10093800faff340000e32f00801f78004fc407003f
:100948008f87e900103a8000801f7800b0e42f00fc
:10095800801f780049c40700e48757000000eb00b7
:1009680089f10700ffff37003600f800809fbe00be
:10097800829fbe00849fbe00869fbe003400f800a0
:1009880000002000a00188000000fa00c04588008f
:10099800d1458800e2458800f34588000446880070
:1009a800154688002646880037468800484688004d
:1009b800594688006a4688007b4688008c4688002d
:1009c8009d468800ae468800bf46880068f107004b
:1009d80090e52f00801f780028c407008f87e90062
:1009e800c0458000801f780010e72f00801f780026
:1009f80022c40700e4875700d0458000801f780094
:100a0800b0e72f00801f78001cc40700e487570058
:100a1800e0458000801f780050e82f00801f780094
:100a280016c40700e4875700f0458000801f78004f
:100a3800f0e82f00801f780010c40700e4875700f3
:100a480000468000801f780090e92f00801f780002
:100a58000ac40700e487570010468000801f78000a
:100a680030ea2f00801f780004c40700e48757008d
:100a780020468000801f7800d0ea2f00801f780071
:100a8800fec30700e487570030468000801f7800c7
:100a980070eb2f00801f7800f8c30700e487570029
:100aa80040468000801f780010ec2f00801f7800df
:100ab800f2c30700e487570050468000801f780083
:100ac800b0ec2f00801f7800ecc30700e4875700c4
:100ad80060468000801f780050ed2f00801f78004e
:100ae800e6c30700e487570070468000801f78003f
:100af80000ee2f00801f7800e0c30700e48757004e
:100b080080468000801f7800b0ee2f00801f78009c
:100b1800dac30700e487570090468000801f7800fa
:100b280060ef2f00801f7800d4c30700e4875700c8
:100b3800a0468000801f780010f02f00801f7800ea
:100b4800cec30700e4875700b0468000801f7800b6
:100b5800c0f02f00801f7800c8c30700e487570043
:100b68001000200008f10700ffff37003600f800ea
:100b7800809fbe00829fbe00849fbe00869fbe00ed
:100b88003400f80000002000a00188000000fa00ee
:100b9800bf4688000f902000f5f0070070f12f0085
:100ba800801f7800b5c307008f87e900b046800032
:100bb800801f7800c0f02f00801f7800afc30700a7
:100bc800e487570020002000eff00700ffff370000
:100bd8003600f800809fbe00829fbe00849fbe0042
:100be800869fbe003400f80000002000a0018800a5
:100bf8000000fa00def00700d0f22f00801f780016
:100c08009ec307008f87e90030002000def0070050
:100c1800ffff37003600f800809fbe00829fbe00ad
:100c2800849fbe00869fbe003400f80000002000ac
:100c3800a00188000000fa00cdf0070090a0a900ec
:100c48009120a90020f42f00801f78008bc3070093
:100c58008f87e90040002000cbf00700ffff370036
:020000040000fa
:020000040001f9
:100c68008a1f78008b1f7800000006009101880019
:100c7800800478000000eb001a003700e28444008a
:100c880032a0b4009905ba00e284440032a0b4004e
:100c98009906ba00e284440032a0b4000006eb00d2
:100ca800476fde00fd07b200636ce10003003a0005
:100cb800ebff07000000eb000a003700606ce10062
:100cc80004003a00005deb008b05e900fdff3e00e3
:100cd800040037006168e100010032000086eb0083
:100ce8000b00070019c7ba001905ba000e04e00086
:100cf80003003a000a00e000e0ff3a0000000600a6
:100d0800fe07b2009e0188008a047800f5ff3700cc
:100d1800395dba008b05e9000c003200295dba0084
:100d28008b05e900080032000c00e00003003a00df
:100d3800e284440032a0b400f5ff370019ddba00a0
:100d48008b05e900faff3a008904e800e1844400d1
:080d580032a0b4000000060007
:020000040000fa
:020000040001f9
:100d60004fe920000e7922000e01880000000000eb
:100d7000000020000000e00002003200000120001e
:100d80002002880014000700ecbd07000000e0000e
:100d900003003a006027280001002000020037000d
:100da0000000200001002000810f700001003200cf
:100db000b0ff0700000020000000e0000200320049
:100dc0000000020000000000404802000000000097
:100dd0000040da000000fe004440a900a0682100a5
:100de0000000e0000300320000002000a0018800a5
:080df0004440a80000000600c9
:020000040000fa
:020000040001f9
:100df800809fbe00829fbe003400f80000002000e3
:100e0800a00188000200fa008520a9000e00370022
:100e180090108000004f7800f8c8bf008040e800bc
:100e2800f6c8bf0080cf500007003200f8c8bf00e6
:100e38008080fb00c28f20009e41780003f178007b
:100e48000040e800f8e8b70070108000610060001a
:100e58000000e000eeff3a007010800062006000c1
:100e68000000e000010032000e22a9000080fa0014
:100e78003400f9004f01be004f00be0000400600dc
:00000001FF
