:020000040000fa
:080000006e8504000000000001
:020000040000fa
:100200006e85040000000000a454040000000000fb
:10021000726704000000000056390400000000006e
:100220006051040000000000c2340400000000001f
:10023000ee350400000000001a3704000000000042
:10024000b437040000000000ce37040000000000b6
:100250008436040000000000143804000000000090
:100260002a38040000000000a44004000000000040
:10027000ee3e040000000000963f04000000000075
:10028000d840040000000000d43f0400000000003b
:1002900086430400000000001a440400000000002f
:1002a00044440400000000006c440400000000000e
:1002b000a044040000000000c2440400000000004c
:1002c000e4440400000000000c45040000000000ad
:1002d00032450400000000007645040000000000e4
:1002e000b4450400000000000646040000000000c1
:1002f00026460400000000004646040000000000fe
:100300006c460400000000008c4604000000000061
:10031000aa52040000000000cc52040000000000bb
:10032000ee520400000000002c5304000000000006
:100330003a5304000000000056530400000000007f
:10034000a453040000000000b453040000000000a7
:10035000c853040000000000dc530400000000004b
:10036000f0530400000000002254040000000000cc
:100370005e540400000000009254040000000000dd
:100380002a5e0400000000006a5e04000000000015
:10039000965e040000000000be5e04000000000045
:1003a000e65e0400000000001a5f04000000000088
:1003b000625f040000000000885f0400000000008d
:1003c000de5f040000000000066004000000000082
:1003d0005c60040000000000fa60040000000000ff
:1003e0003461040000000000a2610400000000006d
:1003f000121e040000000000861804000000000027
:10040000920e0400000000000a00fa001100200013
:10041000b1bf9f00c0bf9f006a805700e211070074
:100420004fb897000080fa00000006000a00fa00aa
:10043000e20f500034003e00b0648000e10f500035
:1004400003003200e20f500011003a000c003700a8
:10045000c32020000300e00001003a000040da0061
:100460000c02e200020035001422ef000de2a800a9
:100470000f42ab000d003a000f42a8000b003700fe
:10048000632120000300e00001003a000040da0090
:100490001602e200020035001e22ef0017e2a8005b
:1004a0001942ab0001003a001942a800820178000d
:1004b0000b0037003102fb00e10f500004003a004e
:1004c0000f22ab00feff3a008410880003003700c3
:1004d0001922ab00feff3a00d41088008301e90026
:1004e0000300e000f3ff3a00e10f500003003a0080
:1004f0000f02ab00feff32000b0037001902ab0009
:10050000feff32000800370033002000b3bf9f0019
:10051000c0bf9f00d1bf9f00e2bf9f006a8057000d
:10052000a31107006fb99700020078000080fa005d
:100530000000060000000500839f68000100e00045
:1005400002003d0060001000e08018000300e000a1
:1005500002003d0060011100e08119004200070027
:100560004f00e00002003b0060001000e080180037
:1005700000000600f4ff2f00a00337000001be00ba
:10058000240007000470a70003f0a1006509b10072
:10059000160032000d0035006828e1000600350025
:1005a000f0ff2f00f1ff27000300e00013003b00e5
:1005b0000100280000000500000040008180480084
:1005c0008502e900fcff3a0008003700f88f42007e
:1005d00002003c008000eb00000005008100d1001b
:1005e0000080d3008502e800fcff3a000300e00031
:1005f00002003b0060001000e080180000000600d0
:100600004f89de0082017800970337006011b8003f
:10061000a5033700c70ade00f107b200f50fb200ec
:1006200008003200e1cf4200020032000170a00059
:1006300024000500810f700001003200040805004d
:1006400044000500810f700002003a00140005000c
:100650008502e9000000400081c04800fcff3b002b
:100660000170a000240005006022b80006022000ee
:100670000000d0008180d2000482d2008582d200a6
:100680000000a0000202520083825a0003003100e1
:100690000202420083824a000000a1000603e90032
:1006a000f3ff3a000000060007f827000783610007
:1006b0000638e10004003a00f70720008783610054
:1006c0008703710001003a0003f0a200889fbe007a
:1006d0008a9fbe008c9fbe00470ade000480a100f6
:1006e000c71ade000580a10007002800078560000a
:1006f00087856100f70f20000720e1009e0032008f
:100700000728e1009c003200010678000400e000a8
:10071000b4003200f7072000878060000170a0005d
:100720000500e000c0003200f7072000878161006b
:100730000370a000050652000f003a000b50e100c4
:100740000b0032000308e10002003a000200e10061
:100750007e003200020450008384580004003100ff
:100760000001fd008101fd008402fd008a05fd00fd
:100770006044b800210037000520e10005003d007d
:100780000001fd008101fd008402fd008a05fd00dd
:10079000050652007a60e100050035000170a100f5
:1007a0004722dd00848070008a807000630037007b
:1007b0006044b800ef02660007ff2f0007066600de
:1007c0000500e00006003400f08312008714dd000d
:1007d0000511de00071bdd00060171008519de0032
:1007e0007060e1000500350009047800820478009b
:1007f000030178008001eb00700656000b50e10009
:1008000003003a00020040008380480004003700e3
:1008100060041400e0841c0002005800838058002b
:100820000188a300060032008100d1000080d300bf
:100830008984d3000884d3000402e800270037002d
:100840000178a30025003a000100e0000300320017
:100850008186cf00698656000a0037008c00200090
:100860000000e00004003a000900780088047800e5
:100870000004eb00700252008086cf000d06460097
:100880000c06e9007060e100060035008000780089
:1008900009007800880478000004eb007006560018
:1008a000700252000c00e0000c0034008c08dd00e7
:1008b000f00316000703de00868070000c00dd00e8
:1008c000074bde00060070008c4cdd000743de00a5
:1008d000868474000c44dd000c0252006120e100ab
:1008e0002000350061016000070028008781640056
:1008f000f7ff270087836400070374000300e0000c
:100900000600320082037300040032000000e80099
:10091000e08048000188a3000e003a00f70f200095
:100920000720e1004a003d000170a1004722dd00e0
:10093000810072008a8070000000be004f06be0079
:100940004f05be004f04be00000006006000b80066
:10095000faff37008100d1000080d3000402e800d4
:10096000eeff37000401780089017400a10107003f
:100970008a807000f1ff3700f70107000702780056
:100980000001fd008101fd00f301070087027800ee
:10099000850372000778a300040032000001fd0007
:1009a0008101fd0006020700e4ff370085036200b5
:1009b0000768a300080032000b50e100030032007a
:1009c000f0ff2f00f1ff2700dcff37000001fd00e2
:1009d0008101fd00d9ff37000468a300d7ff320072
:1009e000faff3700f8ff2700888360000b003a0009
:1009f0000000e00009003a00830364008283730072
:100a0000020032000200be00ccff37000b50e100b4
:100a1000ceff3a000200be00c8ff370014002000dd
:100a2000810064003eff3700f8ff270088836100e3
:100a300004003a000200e00002003a008c00780056
:100a4000beff3700150020008301640039ff370026
:100a500001f827000000200081007500b7ff370073
:100a6000889fbe008a9fbe008c9fbe001b00200096
:100a70000202be0005866800060028000606660021
:100a80004709de00f20fb200820032000243e800a4
:100a900080003200c729de00f30fb2007d00320073
:100aa0000343e8007b003200f107b2000170a000b0
:100ab000f507b2000570a000c708dd004903de009d
:100ac000868070004700dd00c72add004923de0074
:100ad000868272004722dd000305510004035000a6
:100ae00085835800030031000000400081804800e9
:100af0000a05e9008c1f78008a9fbe0004005000a0
:100b0000858058000402420085824a0000004000af
:100b1000818048000005eb000004be006033b8008f
:100b20000406be000d48e100560031001100090026
:100b30004dccd8000c01b8000d02b80084814100f2
:100b400060824a008283530003045c0084845c005a
:100b500060055d000a00e00025003a00800578008d
:100b60000d40e1004900310088007800070078005e
:100b7000110009004d88d8000c01b8000d02b80022
:100b80008481410060824a006003110083835b001e
:100b900004045c00e0845c000900e00021003a00ed
:100ba0004f01be000300e0002b003200e3016000b3
:100bb000070673008c817100010032006400700030
:100bc0004200de004e5edd000c007000c258de0008
:100bd00001e0a00083010700cf017800818071004f
:100be0004f06be004f05be004f04be0000000600c9
:100bf0008c8343000d044c00e0844c0060054d00e4
:100c00000000e9000a00e000d4ff32008c834300ba
:100c10000d044c00e0844c0060054d000000e9002c
:100c2000ceff37000c0343008d834b0060044c0063
:100c3000e0844c000000e9000900e000d8ff320029
:100c40000c0343008d834b0060044c00e0844c0097
:100c50000000e900d2ff37004200de004e5edd00fa
:100c60000c007000c258de0001e0a000cf01780047
:100c70000300e000daff320060001000e08018009e
:100c8000d7ff3700f0ff2f00aaff3700f0ff2f003b
:100c9000b9ff37000404be002f0107008706780063
:100ca0000004fd008104fd002b010700078366009e
:100cb0000678a300030032000960a7000800be0008
:100cc0002c0037000d78a300020032000800be009f
:100cd000280037000778a30026003a0001f0a100a1
:100ce00009f0a1000668a30003003200f1ff27000d
:100cf000f0ff2f00baff37000d68a3000300320099
:100d00000800be008c807000b5ff37000768a300a4
:100d100007003a000648a30003003200f1ff270055
:100d2000f0ff2f00aeff37000d48a3000300320094
:100d30006000b8008c807000a9ff37000748a3004e
:100d40000400320001f82700000020008c807000b1
:100d5000a3ff3700760107000004fd008104fd00b9
:100d600002057800720107000802be008a017800bf
:100d700059ff37000160a00012022000b24788002e
:100d800097ff37000100e000120032000500e0008c
:100d900010003200889fbe008a9fbe008c9fbe005c
:100da0000006eb0001f8a300030032006000100011
:100db000e08018000cf0a00005f8a300030032004a
:100dc00060021200e0821a000cf0a2008005eb0025
:100dd00041ff37006000b80002000500038368008f
:100de0000700280007036300470ade000480a10013
:100df000c71ade000580a100f70f20000720e100e0
:100e0000420032000728e10040003200889fbe0007
:100e10008a9fbe008c1f7800f107b200f307b20072
:100e20000400e000640032000170a0000500e00052
:100e3000680032000370a00085054200eb07b10096
:100e40000204b8000302b8008484440060854a00ac
:100e5000020ab800848444000a854a00030ab800e4
:100e600004054500040033000804d0008984d20042
:100e70000a85d2008b05e9006158e1003d0035008c
:100e8000021020000901610003082000898161002f
:100e9000f70720008783640008867300c84cde00d3
:100ea000c853dd00878474004855de000300e0006d
:100eb0000600320082037600040032008904e80054
:100ec00060054d000a88a3000c003a00f70f2000cf
:100ed0000758e10044003d000a70a100c75ddd0035
:100ee0000a8575008a007300090078004f067800b3
:100ef0004f05be004f04be00000006000a05d100e9
:100f00008984d3008b05e800f0ff3700881f780044
:100f10000604780090000700070278000001fd0039
:100f20008101fd008c0007008702780085037200b4
:100f30000778a300050032000001fd008101fd00db
:100f40009f0007004f047800000006008503720030
:100f50000748a30003003200f0ff2f00f1ff270035
:100f6000f8ff37000000200001f82700888070009b
:100f7000f4ff3700880178004848dd008081710067
:100f80004848de00c850dd0001007000c850de0097
:100f9000060478000b0178001600070088807000b6
:100fa000d2ff37000500e0000500320017002000e6
:100fb0003a0007009dff370081037000f9ff3a00f7
:100fc000860078004f0678004f05be004f04be0033
:100fd0000000050083037100f9ff320027002000a4
:100fe0002e00070094ff370001f82700868070006c
:100ff000f4ff37000100e00026003200610111001b
:101000007810e10023003c006022b8007010e1007d
:101010000400350080027800010078008000eb00b9
:10102000700151000200e00009003400700311005b
:10103000062add00822ade008603dd008782720038
:101040000200de00860bdd00070070008208de0073
:1010500084817100f4ff27000482620084817100a2
:1010600004002800848262006102600005f0a6008e
:101070000000060004827100070032000000e80052
:10108000e0804800000006000002be006000b800da
:10109000efff37006000b80000000600889fbe0028
:1010a0000004eb006138e10016003a000100e000a6
:1010b00008003a00c800de004800dd00880020007b
:1010c0000100e00003003a00c800de004800dd0037
:1010d000680444008184cf00e98454000600340091
:1010e0008908dd00f08314008703de00878070002c
:1010f0000900dd0009044400610214004f04be0031
:10110000000006000300e00008003a00c811de00fd
:101110004811dd00880020000300e00003003a00d1
:10112000c811de004811dd00680444008384cf004c
:10113000e9845400060034008919dd00f0831400ae
:101140008713de00878171000911dd000904440066
:10115000e1021400e9ff37002700200001f0a7009a
:1011600017002000470bde00f60fb200040032002b
:101170000643e8000a0032004702b3000000060000
:1011800001037800f607b2000603700002003a007f
:101190000703b300000006008702b300000006004a
:1011a00001037800f607b200060370000200320067
:1011b0000770a000000006000760a0000000060005
:1011c0000478a300040032000578a3000300320075
:1011d0000168a30001003a000200be000160a00007
:1011e0000000060081017000270032008002eb0041
:1011f00001f8a3000300320060001000e080180036
:1012000015002000f40720000202420020003400f4
:10121000f70320008703600006042000000363003a
:1012200002082000000161004700de00c909dd005e
:1012300000807100c708de000600e00008003200f0
:1012400087037100060032001000b0000180b0007a
:101250000188a30002003200c108de000402e80099
:10126000f107b200f30f20000320e10003003d006e
:101270004722dd00810072002900370001f82700b5
:101280000000eb00260037006000b80000000600f8
:10129000680212007f20e100020034006000b80004
:1012a0001f0037006011b8007020e1000400350015
:1012b00080017800010078008000eb00700252008d
:1012c0000400e00009003400f00312000719dd00fb
:1012d0008419de000703dd00868171000400de0052
:1012e000070bdd00060070008408de00f7ff270012
:1012f00083836300870371000600280003036300f3
:10130000070032000700e00003003a0061016000be
:1013100002817300020032001000b0000180b000b2
:101320000500a6000000060001f0a0000000060075
:101330004f0ade004709de00f107b200f20fb200eb
:101340000b003200f207b1000170a000c708dd00f9
:10135000c901de00838070004700dd000400a600a4
:101360000000060060001000e08018000000060089
:10137000810f700001003a00000006008182cf005a
:101380000500e00010003e008082cf00ee824200a7
:101390007028e1000400390007003e00800078005a
:1013a0000000eb000e003700708312008600de00a4
:1013b0000500dd000a003700708352008600dd0062
:1013c0000000eb0006003700e28252008508dd00d5
:1013d000708312000603de00868070000500dd00c9
:1013e0007507b0000501ea000400a6000000060031
:1013f00060001000e080180000000600889fbe001a
:101400008a9fbe00841f78007c0007004f00780090
:1014100011003300f0ff2f00838f6c0006003b00ab
:10142000040565000a00a7000800370009f0a600bf
:101430001000200008003700820f5400838f5c00ea
:10144000030039001000200001003e0000002000d1
:1014500009f0a7000000ea004f05be004f04be00df
:101460000000e00000000600881f780003047800f8
:101470000300e00007003d0060001000e08018005d
:1014800060011900e081190002003b0001f02d000d
:10149000030037000400070008f0a70001f0a000d7
:1014a0004f04780000000600889fbe008a9fbe009f
:1014b0000082700004027100048271002600320074
:1014c0000004be000200be006011b8006b092000dd
:1014d000950220000182cf000a0039000541b100c9
:1014e0000082cf00070039000541b1000982cf001a
:1014f000040039000541b1000882cf000100390025
:101500000541b10005425200120032000a003b00c2
:1015100082817100610164008100d1000080d300ec
:101520008984d3000884d3008b05e8000442e800d6
:10153000f7ff3a00070037000804440089844c0094
:1015400000004800818048008b05e9000442e90062
:10155000f9ff3a00030007004f05be004f04be002c
:101560000000060081002000618055000b003d0056
:101570000b00200061fe2f000100e1001d0034007f
:1015800082817100610164008904d1000884d30064
:101590000000e800faff3a007100200061006400da
:1015a0000300700002006000090032006104440082
:1015b000e0844c000988a500050032008b05e80096
:1015c0006808e10002003a008904d1000884d300d1
:1015d000f20f20000258e10005003d00c75ddd006c
:1015e000f907b20089807500080078000000060045
:1015f0000bf827008b007800000005000004be00f7
:1016000004fc07000003be000405be000200be008b
:1016100000fc0700844f7500000006000400fa007b
:10162000889fbe008a9fbe000004be004709de00fe
:1016300003002000f20fb200f207b100f60f5100d4
:1016400030003c000200e0001c003500faff2f00d3
:10165000fb0720000201e900030033008b85d10065
:101660000a85d300fbff37008b8164000a0160000c
:10167000e00f5100e08f59002200320002002000ec
:1016800003b8270011fc0700a0bf9f00b1bf9f0057
:10169000e00f5400e08f5c0002003d000a044400ab
:1016a0008b844c000a85ea008b85ea008b806400fd
:1016b0000a0064000004be00110037000200200090
:1016c00003b8270001fc0700a0bf9f00b1bf9f0027
:1016d000e00f5400e08f5c00020035006044b80069
:1016e000070037000800440089804c00e00f5000dc
:1016f000e08f5800020032000800200009f82b009b
:101700000800be004f05be004f04be000080fa0076
:1017100000000600f6874700889fbe008a9fbe0033
:101720008c9fbe008e1f78000001be0006002000c6
:1017300007f82f000003430081834b00f4ff2f00c4
:10174000f5f72700840f5300858f5b001b003600e0
:101750000002400081824800e00f5200e08f5a00f2
:1017600006003a000001be009cfd07000001be001b
:101770000000200001f82b0008003700e00f5000a7
:10178000e08f580007003d0012022000a26488008c
:101790000001be00c4fb07006011b800b0fc0700e8
:1017a000a10037000200200003c024008bfd0700c9
:1017b0000001be007efe2f000a003700840f50009b
:1017c000858f580098003e006000b800040020009b
:1017d00005f82300840f5100858f590092003200d4
:1017e0000007eb00d0b02f00a1042000020240004f
:1017f0008382480094b79f00a5b79f00fe07b10001
:10180000afb09700f107b20004007800324f20001b
:1018100053f32300000041008180490002002000b2
:1018200003f82300a0fb07000004be000200200014
:1018300003002400a5fb07000001be000800be0055
:1018400087fc07000002be000001be00f4b79f0045
:1018500085bf9f0061fd07000006be000001be00bd
:101860005efd07000005be000200200003f023001b
:101870000800be0059fd07000801be0057fd070023
:101880000001be00f0af9f0081b79f000800be00be
:1018900085fb070081017800c3b79f0002002f007d
:1018a00000016100b2b79f003fb19700cfb1970030
:1018b0000800be007cfb07007fa997008fb197004e
:1018c00079fb07000003be00e29e2e0013e923000f
:1018d0000a00be00d6b79f00e7b79f003ffd070094
:1018e000a2aa2a00a3f2230078fb07000001be0091
:1018f0000c00be0039fd07000004be0062e22900b2
:1019000083e723000a00be0034fd070032e12c000b
:10191000c3ec23006dfb07000001be000a00be00ff
:101920002efd07000001be000800be0067fb070097
:101930000001be007fa897008fb0970063fb0700ef
:101940000001be007fb297008fba97000400be006e
:1019500022fd07000001be005fb39700efb39700c0
:101960000600be0059fb07000005be001fb297002d
:10197000afb297004728de000100200000004700ba
:10198000cf80de001efb07000004be00b27d2200f7
:101990004355230011fd07000006be003fb197002c
:1019a000cfb197000a00be0048fb070092ad2e00a1
:1019b00043802b0009fd07000001be000c00be00a3
:1019c00042fb07000006be0002002600e3ed2300f4
:1019d0000a00be0001fd07000001be000c00be00b1
:1019e0003afb07000005be0002002600e3ed2300dd
:1019f0003fb09700cfb09700f8fc07000001be0091
:101a00000a00be0031fb07000005be0002082200ec
:101a1000a3e923000800be00f0fc07000001be009f
:101a20000a00be0029fb07004f0778004f06be00e2
:101a30004f05be004f04be006f01b100000006005c
:101a40000000fa0068815700cfb89700005b800063
:101a500010007800880507000080fa0000000600ea
:101a6000d00007000404070038040700b40407008e
:101a7000dc04070022060700cd0537000000fa004d
:101a800068815700cfb89700005b80001000780095
:101a9000790507000080fa0000000600c100070079
:101aa000f5030700a6040700ce040700270407007b
:101ab00013060700be0537000000fa0068815700d2
:101ac000cfb897007a0507000080fa0000000600f2
:101ad000b40007000d010700e703070098040700a2
:101ae000c004070019040700920507000406070058
:101af000af0537000000fa0068815700cfb89700a3
:101b00006b0507000080fa0000000600a500070032
:101b1000d90307008a040700b20407000b0407007a
:101b2000f7050700a20537008000780010002000ac
:101b300002022000828f500004003200e980500031
:101b4000e48f5000010036000000eb0000000600aa
:101b5000889fbe008a1f7800000578000a0478007c
:101b6000984478000805e8000900fb00eeff070034
:101b70000000e000f9ff3a00b0c2b30080cf54008b
:101b800005003200d0c2b3008000eb0080cf5400cb
:101b900005003a00020037008000eb00010037002a
:101ba000110020000804e8000000eb0003003700eb
:101bb0006a02b900020052000003b0003801fb00c5
:101bc00003fd2f0082814100e98f5100f8ff3600ac
:101bd0000100e00001003a000000ea004f05780033
:101be0004f04be00000006008000780010002000b6
:101bf00002022000828f500004003200e980500071
:101c0000e48f5000010036000000eb0000000600e9
:101c1000889fbe008a9fbe00000578008a04780075
:101c2000194478000905e8000800fb00eeff0700f2
:101c30000000e000f9ff3a00b0c2b300804f54004a
:101c400004003200d0c2b300804f540006003a00b6
:101c5000020037000004eb000100370018002000ec
:101c60008904e800010037000004eb006000b800c0
:101c700006003700a200200003002000230c07000c
:101c8000cfd5de000a0050008b8058003905fb00dc
:101c90000a03b100e90f5500f6ff36000800e00026
:101ca00002003a0060001000e08018004f05be00fe
:101cb0004f04be00000006008000780002fd2f00e7
:101cc0000101410010002000e90f5100050036001d
:101cd0000150a0001106b100e58f50000100360050
:101ce0000000eb0000000600f3ff37000000fa00e0
:101cf00068815700cfb89700005b80001000780023
:101d0000160007000080fa00000006000000fa003c
:101d100068815700cfb897001e0007000080fa00c6
:101d2000000006000000060060b62000000006006b
:101d3000fdff0700205b8800105b880000000600a4
:101d4000f1f92f0080804000f98f500001003e0023
:101d5000f005b20000000600f9ff37000200fa00ab
:101d6000881f780000047800e2bf9f00648157005c
:101d7000080078006c070700980090000148a30055
:101d8000010032000080eb004f0478000080fa0070
:101d9000000006008201780001017800f1ff2700b1
:101da0006d083700ec874700889fbe008a9fbe0001
:101db0008c9fbe008e1f780000067800010478001a
:101dc000180790002805900098067800cdb79f006e
:101dd000b80590003202be002203be000400be001f
:101de0000601be004f18de006011b8008000eb0055
:101df000d0b79f00e1b79f00f2b79f0083bf9f005d
:101e0000800478000900e000060032006000b8009d
:101e10006011b80004025000858258000603590082
:101e2000878359000e00e000020035000d10a1006c
:101e3000cdb79f000900e00005003a004fb09700c1
:101e40000028a30002003a000038a300020032007c
:101e50008a00e900010037008a007800f881570005
:101e6000a200200008007800620307000900e000db
:101e700003003a00cfb097000128a3000800320009
:101e80000000e90000814500b1c2b3000900e00094
:101e900001003200d1c2b3000149780005003700cb
:101ea0000138a300030032000000e90001c2b300c2
:101eb00081757800480190000201e900000151009d
:101ec000808045004fb297008a0178000c007800ae
:101ed000560507009c0090000188a3000400320012
:101ee00098009000810f500001003d000100780033
:101ef0004f0778004f06be004f05be004f04be00de
:101f0000cf00b10000000600000006004200fa0009
:101f1000889fbe008a9fbe008c9fbe00200798004d
:101f2000110f9800034f980011007800400f98009f
:101f300091009000610f98009e099000a30190000d
:101f4000330f98001e0a9000440290001407980076
:101f50009e0a9000b5029000052798003204be004a
:101f60002205be006022b8006033b8000800be0041
:101f70000a01be00100b07000000e00003003d0056
:101f80000bf0a200d0c2b300040037004e0b90004b
:101f90000628a30009003200b0c2b3008e239000cf
:101fa000804b78003e0890000000e900700f980018
:101fb00011002000510f9800100037004e099000ca
:101fc0000238a3000900320000c2b3008e21900045
:101fd000804978003e0a90000402e900740f9800de
:101fe00015002000550f9800040037003e0b9000ac
:101ff000760f98008003eb00570f98000800be0092
:102000000a01be00c0ff0700f4ff2f00f5ff2f00fc
:10201000f6ff2f00f7ff27000402600085826000b2
:1020200006036100878361006000b80002002000a1
:1020300003ff27000020e10001a8e10002b0e10059
:1020400003b8e10011003a000e4890008000fb0048
:102050001104b1000e219000de0990000300410040
:10206000f98f500002003e00a1c52000010037009a
:10207000e1c5200088070700e0c520008d070700a4
:102080005e0a900004014000150037000020e100c6
:1020900001a8e10002b0e10003b8e100130036003e
:1020a0008e4a90008500fb001104b1000e239000c1
:1020b000de0b900007004300f98f500002003e0045
:1020c00021c620000100370061c62000720707000a
:1020d00060c6200077070700de089000010140007d
:1020e0004e0a9000be099000500237006022b800ee
:1020f0006033b8000800be000a01be00ae0a070047
:102100000000e0006a0032006022b80006002000f3
:1021100007ff23004417980055179800661798008a
:10212000771798008006eb000800be000a01be0089
:10213000001f9800111f9800221f9800331f98005d
:102140000e269000070037008d06e8000802be004a
:102150000a03be00441798005517980066179800a8
:10216000771798006022b80006002000470224007c
:102170004e109000de1090006e119000fe11900045
:10218000e80b07000004be000205be000002be000e
:102190000203be000e1890009e1890002e199000a9
:1021a000be199000840a07000000e000e6ff3d0031
:1021b0000c2798000006eb004e149000de149000ef
:1021c0006e159000fe1590002500370040ed2f00a1
:1021d000808f560019003d000c00e00016003a0008
:1021e0006022b80006002000073524000e18900079
:1021f0009e1890002e199000be199000c90b070080
:102200000002be000203be00041f9800151f9800c4
:10221000261f9800371f98006022b8000600200093
:10222000073524000800be000a01be00bd0b0700f0
:102230000004be000205be001c0020006022b800a1
:1022400006002000470224000800be000a01be006c
:10225000050b07000004be000205be008d06e90064
:102260000802be000a03be000e1890009e189000df
:102270002e199000be1990004f0a07000000e000e0
:10228000d2ff35000800be000a01be0040179800ca
:102290005117980062179800731798000e1c900051
:1022a0009e1c90002e1d9000be1d9000080037005f
:1022b0006022b8000600200007ff230044179800a2
:1022c0005517980066179800771798008006eb005e
:1022d0008e4a90000500fb0018070700104f980079
:1022e0006e0b9000600020000600e0000100350049
:1022f0006e08900071c6b3009e4b900081cf5300d2
:102300000a003a00ee0890000100e000cf01320020
:10231000cf0137008d0f5000d3013c00001f980003
:1023200052c6b300425f98001e0037009e499000dd
:10233000435f98000200370064c6b300445f980012
:102340000000e800001f980060c6b300ce5a90005d
:1023500080cf520013003a000d00e00008003d005d
:102360006000b8000200200003ff2300401798001f
:102370005117980062179800731798008006eb00b9
:1023800061c6b300415f980070c6b3001e4990005b
:10239000804f5100030032008e1990008d81410062
:1023a000031f98004e129000de1290006e139000f2
:1023b000fe139000441f9800551f9800661f980058
:1023c000771f98000800be000a01be0000179800a1
:1023d0001117980022179800331798000006eb0099
:1023e0000802be000a03be00540798006507980063
:1023f00076079800070f9800310037004e1a9000ba
:10240000de1a90006e1b9000fe1b90000e109000d4
:102410009e1090002e119000be119000920a0700ad
:10242000ec0d07000004be000205be000b0a070009
:1024300080027800250f98004e1a9000de1a900056
:102440006e1b9000fe1b90000800be000a01be003b
:10245000340b07000e1290009e1290002e13900075
:10246000be1390002f0a07000002be000203be0048
:1024700007f0a20004179800151798002617980077
:10248000371798006022b800060020004702240099
:102490004e189000de1890006e199000fe19900002
:1024a000710a07000002be000203be00441f98002c
:1024b000551f9800661f9800771f98000c06e800cb
:1024c0008e1a9000850f5600ccff35005e049000f8
:1024d000ee0490007e0590008e0d90006022b80002
:1024e00006002000470124004e189000de189000de
:1024f0006e199000fe1990000a0b07000002be0042
:102500000203be00441f9800551f9800661f9800e4
:10251000771f98000e1090009e1090002e119000d2
:10252000be119000a40907000000e0000f00350074
:102530004e1a9000de1a90006e1b9000fe1b900059
:102540000e1090009e1090002e119000be11900071
:10255000990907000000e00011003a00ae0a90005f
:102560000508a300080032000d0037006000b80025
:102570006011b800401f9800511f9800621f98001a
:10258000731f9800060037006022b8006033b8005f
:10259000441f9800551f9800661f9800771f9800e9
:1025a0004e1a9000de1a90006e1b9000fe1b9000e9
:1025b0000800be000a01be00e00907000002be00dc
:1025c0000203be00041798001517980026179800fc
:1025d000371798006022b800060020004702240048
:1025e0004e109000de1090006e119000fe119000d1
:1025f000cc0a07000004be000205be000002be00b7
:102600000203be000e1090009e1090002e1190004c
:10261000be1190006d0907000000e00009003500c0
:102620008d06e80060c6b300ce5a900080cf5200fd
:1026300008003a000e1b90000603e800061f9800f1
:10264000110037004e149000de1490006e159000bb
:10265000fe15900050c6b3004e599000804f5100b7
:1026600009003a000802be000a03be00441f980099
:10267000551f9800661f9800771f98008002eb0096
:1026800045179800070037000800be000a01be0089
:10269000401f9800511f9800621f9800731f9800f8
:1026a0004d1798005e0e90000001eb00220f98007d
:1026b00032079800520798000d0f78006a00370023
:1026c0004e1a9000de1a90006e1b9000fe1b9000c8
:1026d0000e1090009e1090002e119000be119000e0
:1026e000e10907003b0d07000004be000205be0023
:1026f0005a090700e90f5000010034009000200043
:10270000ce0990000348a3000c003a000000e0004e
:102710000a003a0071c6b3001e4a9000814f520071
:1027200006003a00ce1290000500e00003003d00d4
:102730002e0b90008606e80023003700be039000b1
:102740000700e0000c003a00ce1090000100e0000d
:1027500009003d00e1c2b3000e21900001717e002e
:102760000c06e800fe0990008301e900730f980051
:1027700014002000340798008e2290000c81420043
:10278000ae0e9000850178000300370001c3b3004e
:10279000015978008d06e9000d00e000fbff3a00ca
:1027a000032798002e0b9000060646000043b00059
:1027b00080717e000c06e8000680ea00fe0b9000a7
:1027c00080834300770f98004e1a9000de1a900025
:1027d0006e1b9000fe1b90000800be000a01be00a8
:1027e000500a07000e1290009e1290002e139000c7
:1027f000be1390004b0907000002be000203be009a
:1028000007f0a200041798001517980026179800e3
:10281000371798006022b800060020004702240005
:102820004e189000de1890006e199000fe1990006e
:102830008d0907000002be000203be00441f98007d
:10284000551f9800661f9800771f9800ce129000c1
:102850008502e900451798005e0390000603e80032
:10286000560798002d0f9800de0390000e18900078
:10287000808f530005003d009e08900041009000ad
:1028800065005000800f56008dff39009e067800cd
:102890003e0190000200e00007003a00ce099000df
:1028a0000348a30004003200e0c2b3000e229000ef
:1028b00000727e000c06e8008e2290000c80420020
:1028c0000048eb0051c6b3004e5b9000814f5300af
:1028d00038003a009e0390008700e9000041eb00b9
:1028e00082f278008001eb000d00e00002003d0064
:1028f0008d06ea001300200022002000010378006a
:10290000fe0a90008e239000000478000a00370031
:1029100001037800a4002000110009008406d800fb
:1029200001027800800678000443b00084737b00c5
:102930000201e9008502e9008600e9000d00e000df
:10294000f3ff3a000200e000f1ff3c00750f980031
:10295000072798000800780001824300b2c2b30044
:102960000300e00001003200d2c2b300024a780046
:102970000101e9008e219000828041008e4a900082
:102980000502fb001404b10053c6b300f90f520056
:1029900001003e0053c4b300834878007e0b9000d2
:1029a0000683e900760f9800820f560001003d0073
:1029b00039050700ce0b900063806300e20f5000e2
:1029c00015003a007e0890000000e000120034007c
:1029d0000e209000370507008e219000040037007c
:1029e0007e09900082804100e37078000000e900d9
:1029f000de0a9000850f5000f9ff3d000327980084
:102a0000058041007e09900001032000be040700fc
:102a10000003eb00360f98000e20900025050700fc
:102a20004e0a9000be099000000178008e209000b0
:102a30002e0090007d0207004f06be004f05be002d
:102a40004f04be000080fa000000060010002000c5
:102a5000e48f46002ffe3d00001f980057c6b300cc
:102a6000475f98004ffe37000d00e00032fe350052
:102a7000001f980042fe37000200fa00889fbe0047
:102a80008a9fbe008005780001047800020078006b
:102a9000180190002805900098007800b1bf9f00b1
:102aa000b80490000200e000020035000110a1000f
:102ab000b1bf9f00ea815700820020008a007800a1
:102ac0003002be002003be00080078004900070065
:102ad0003fb99700f0006100030032000000e900f8
:102ae00001c3b300817478003fb99700e80061002a
:102af000030032000000e90001c2b30081747800d5
:102b0000480190000201e90000015100808044006a
:102b10003fba97008a0178000b0078004302070053
:102b20009b0090000188a3000400320098009000f0
:102b3000810f500001003d00010078004f05be00ec
:102b40004f04be000080fa0000000600ea8747003c
:102b5000889fbe008a9fbe008e1f78000004780008
:102b6000030078007287570084e2260055c72600cc
:102b7000049fbe00c3962200030f78006c875700a5
:102b8000004feb0011059000a10490009105780022
:102b90000200e00002003200020778000100370066
:102ba000728757000000e00002003a000e00780033
:102bb000c00407000a00e000030035008a0f50003f
:102bc000010036000a0078000b02780089017800c5
:102bd000000178008e0078000800780013020700da
:102be0004f0778004f05be004f04be00af00b10094
:102bf00000000600f4874700889fbe008a9fbe0041
:102c00008c9fbe008e1f78000605be000404be0027
:102c100081bf9f0082b79f00f3b79f00b000900074
:102c2000e1b79f001301780092b79f0090069000d3
:102c3000400090000000e900000678000d00e00070
:102c400001003d001d0020008040eb00efb1970027
:102c5000817178001e0020001f0037000c06e9007b
:102c60000fb09700cf80de006109b900a0b79f00c8
:102c7000b1b79f00c2b79f00d3b79f000203be0049
:102c80000002be000800be000a01be00e60a0700fe
:102c9000000778000e4078000043b000efb09700c6
:102ca00080707e008d06e9000fb997000201e900ef
:102cb00082bf9f002fb29700bfb297004fb397001b
:102cc000dfb397000800be000a01be00cf0a07006c
:102cd0000205be000004be000c00e0000d00340040
:102ce000e00f5400e08f5c00e00f5d00e08f5d00be
:102cf000daff3a000d00e000d8ff3c008fb99700e2
:102d00000300e000030034001fb097000018a30088
:102d1000d2ff3a000e00e00002003a00ffb0970038
:102d20001140a1000c0078004f0778004f06be004c
:102d30004f05be004f04be004f01b1000000060069
:102d40000200fa00889fbe008a9fbe00000578003e
:102d5000010478000200780018019000a804900097
:102d600098007800b1bf9f00b80590000200e00015
:102d7000020035000110a100b1bf9f00ea81570099
:102d8000a2002000890078003002be002003be00af
:102d90000800780097ff0700480190000201e90051
:102da00000015100808045003fba970089017800fa
:102db0000a0078009d0107009a0090000188a30096
:102dc0000400320098009000810f500001003d0087
:102dd000010078004f05be004f04be000080fa00dd
:102de00000000600fa874700889fbe008a9fbe0049
:102df0008c9fbe008e1f780080047800010478004c
:102e000082057800180190002805900018077800c6
:102e1000b80090000200e000020035000e10a10092
:102e2000010037001200200070006700e0b79f002b
:102e3000090032003b02be002b03be00e00f52002f
:102e4000e08f5a00e00f5b00e08f5b000200320071
:102e50008a86e900010037008a067800e8026700e8
:102e6000f5b79f00010032008d06e9003b02be006d
:102e70002b03be00e4af9f00f5af9f0086b79f0015
:102e800097b79f00480690000c06e9000040eb0051
:102e900080707e00efb297007fb2970089037800c0
:102ea00081047800d8af9f00020478008bbf9f0098
:102eb0008a057800034578002a0037000c06e900ef
:102ec0006fab97006f006300e90f500002003c00f9
:102ed0000003b000010037007005b0000a03fb00da
:102ee0001604b100f90f53000c003e0000037800f7
:102ef0000650a0001606b100f90f530007003e006f
:102f0000b4b79f00a5b79f00c7b79f008cfb070011
:102f1000cfb39700afb297003fb2970080747e00a6
:102f20000804e9008d06e9006fa89700ffa8970044
:102f30000fb197009fb19700460020008301d10098
:102f40000281d3008180d3000080d3000603e90012
:102f5000faff3a00e0af9f00f1af9f0082b79f00f9
:102f600093b79f00e10f56000f0034006fa8970041
:102f7000ffa897000fb197009fb19700e00f500096
:102f8000e08f5800e00f5900e08f5900cbff3a0066
:102f90000800e000c9ff3c000d00e0000200340022
:102fa0000e18a300c5ff3a0089007800f4b79f000f
:102fb000870478005fac97008a4178000b057800a1
:102fc0008fbd97000500e000100032003b02be00fc
:102fd0002b03be00e4af9f00f5af9f0086b79f00b4
:102fe00097b79f00e00f5200e08f5a00e00f5b00a0
:102ff000e08f5b00050032000c06e90083707e0064
:103000000c06e90000c3b30080707e00ffb2970099
:103010000500e000030032000c06e90000c2b30026
:1030200080707e00480190000201e9000c0151000f
:103030008c8040000e0278008a0178000900780038
:10304000fa000700990090000188a30004003200f4
:1030500098009000810f500001003d0001007800b1
:103060004f0778004f06be004f05be004f04be005c
:10307000af01b100000006000200fa00881f7800ce
:1030800000047800e2bf9f006481570008007800c8
:10309000a5020700980090000148a300010032003b
:1030a0000080eb004f0478000080fa00000006006a
:1030b0008201780001017800f1ff270075063700d2
:1030c000889fbe00000478004800900082047800c9
:1030d000808f5400010036008004780009017800d8
:1030e00058009000010307005800900009004000bc
:1030f00050049800c800900089845000490498004a
:103100000048eb004f04be000000060010007800ed
:10311000c6f43700900190000388a300010032003c
:10312000e7ff37000348a30001003a00f7ff07005c
:1031300000000600881f78000004780000082000c6
:10314000808f50001700350010082000808f50003d
:103150000b00340030082000808f500011003a002e
:103160009200780068805000000978003002be00ac
:103170002003be00049cbe000694be00070037007a
:103180009202780064805200000978001000be00ae
:1031900093060700009cbe000294be0010002000b1
:1031a000010037000000eb004f047800000006002b
:1031b00084082000848f50001d0032000d003c0068
:1031c00014082000848f50002700320002003c00c9
:1031d000040820000400370024082000848f5000d9
:1031e0003400320044082000848f500043003a002d
:1031f00036003700040a2000848f50002700320078
:1032000004003c0004092000848f50003b003a0079
:1032100028003700020c2000828f50002f0032005f
:10322000020f2000828f500034003a002b0037003c
:103230009380e9000200e000050032008109780077
:103240001102fb00cfa2de00612bb900280037007d
:1032500081097800114278000482fb008002eb00b3
:103260006033b8002200370013027800e4005200f7
:103270000200e00005003200810978001102be0062
:103280004fabde0086037800190037008109780013
:103290001102be006033b800150037009380e900ca
:1032a0008109780011027800cfa2de00612bb900fd
:1032b0000f00370093027800e880520081097800ff
:1032c0003102be002103be00090037009380e900ef
:1032d0000200e00002003200f1ff37009380e900b5
:1032e00081097800110278008002eb006033b80099
:1032f0000498be000690be00100005000000050006
:1033000044082000848f50002500320008003c0053
:1033100014082000848f500014003200240820007c
:10332000848f500024003200040820000c00370075
:1033300004092000848f50001f00320004003c006c
:1033400084082000848f500024003a000e003700cb
:10335000040a2000848f500011003200040c200069
:10336000848f50001d003a000d0037009380e90063
:10337000810978009100780001087800cf91de0083
:103380008288be00140037009380e900810978002c
:103390009100780001087800824878000e0037001c
:1033a0009380e90081097800910078000108780095
:1033b00082087800080037009380e90081097800ce
:1033c00091007800010878006112b900612bb90002
:1033d0008498be008690be00100005000000050025
:1033e000889fbe00000478004800900082047800a6
:1033f000808f5400010036008004780009017800b5
:103400005800900039020700580090000900400061
:1034100050049800c8009000898450004904980026
:103420000048eb004f04be0000000600f287470092
:10343000889fbe008a9fbe008c9fbe008e1f7800b2
:103440008004780001057800020478008305780084
:103450006107620002003a008b0f54000800390037
:10346000080178008a0078000900780029ff070029
:103470008b0f540002003900880578001e003700c9
:10348000088655000c017800f00f56000100360048
:1034900002012000010220007e8057001a0207006e
:1034a0008c0678000500370002012000fe805700de
:1034b0000900780017ff0700f0865600ef8f5600ce
:1034c000f9ff3e004461de0000ff2f000091b900cb
:1034d00002014600fe805700090078000dff07003a
:1034e0000e00e00004003a00080178008a0078002d
:1034f0000900780007ff07000b0078004f077800ed
:103500004f06be004f05be004f04be002f01b100a4
:103510000000060000000500000005000000050096
:10352000000178000040eb008080fb0081804000bb
:1035300003c2200063c278000404e00003003a00e4
:1035400010c2200060c078000000060092017800e0
:10355000934f520004003a0010c2200060c078006f
:103560000309e800010037000040e800ea4f50007e
:10357000edff360000000600f6874700889fbe007a
:103580008a9fbe008c9fbe008e1f780000057800c9
:103590000104780083057800040678000000eb0041
:1035a000c0b79f008080eb00d1b79f00e0b79f00bd
:1035b000f2b79f000008200080bf9f0098007800ad
:1035c000010078008004eb00010037008904e80066
:1035d000304178000204e0000300320053c2b3001f
:1035e000834f5100f9ff3a000900e0000400320067
:1035f000090178000a007800c6fe0700188c440014
:103600001807780050c2b3009e4f10003f013a00e7
:103610000e07e8000e0c780010003700cfb09700be
:103620000100a0000b003700cfb097000110a000f0
:1036300008003700cfb097000120a0000500370038
:10364000cfb097000130a00002003700cfb0970044
:103650000140a000c1b79f00000ce80018007800ee
:1036600090407800b2c2b30082cf5000f1ff320028
:1036700007003c0002c2b30082cf5000f0ff3200ce
:1036800032c2b30082cf500007003a00efff37008c
:10369000d2c2b30082cf5000e0ff320002c3b300b9
:1036a00082cf5000e0ff3200a2c2b30082cf5000b0
:1036b0000d003a00000ce8001c80e900000e7800c4
:1036c00010007800e0b79f000000e0000f003d0010
:1036d000cfb097000100a200c1b79f000000ea0030
:1036e000e0b79f000900370019f90700e0b79f0015
:1036f00001003700000ce800180078009000fb0083
:103700000103b100e98f5000faff36004fb0970077
:103710000008a300020032000010a100c0b79f0003
:1037200018007800e1c2b30090cf100016003a00f4
:103730008000eb00d1b79f000000e800000c78008b
:10374000a1c2b30090cf100006003a00000ce800c0
:103750001c80e900000e780010007800d0b79f00b0
:1037600009003700faf80700d0b79f0001003700c2
:10377000000ce800180078009000fb000103b10085
:10378000e98f5000faff36000800780064ff070058
:1037900080467800180078001000fb00e701070061
:1037a00091062000810f50003800320012003c00ca
:1037b00041062000810f5000340032000a003c0016
:1037c00011062000810f5000200032003106200039
:1037d000810f5000a000320051022000810f5000e4
:1037e000bc003a00b400370071062000810f500081
:1037f000b8003c008800370001072000810f50000e
:103800005c00320007003c00e1062000810f500000
:103810007a003200f1062000810f5000ad003a001e
:103820003900370051072000810f50002700320077
:1038300081072000810f5000420032003107200034
:10384000810f5000a3003a008f0037008d80fb00ed
:103850000c01780000fe2f000f00400035fe07002d
:103860000000e000a800320018007800000ce8001a
:103870009041780002fe2f000f014100f8805700b0
:103880000a007800dd0107000e0037008d80fb0084
:103890008c0178001200200000fe2f000f00400075
:1038a00043fe07000000e00097003200180ce8001b
:1038b00002fe2f000f014100f88057000a00780037
:1038c00038f9070080844400900037008d80fb00a9
:1038d0008c0178000001eb0000fe2f000f0040007b
:1038e00033fe07000000e00087003200180ce800fb
:1038f00002fe2f000f014100f88057000a007800f7
:103900000ffd0700efff37008d80fb008c01780072
:103910000001eb0000fe2f000f00400024fe070016
:103920000000e00078003200180ce80002fe2f00d2
:103930000f014100f88057000a0078004efc070094
:10394000e0ff37008d80fb008c0178000001eb0068
:1039500000fe2f000f00400015fe07000000e000f1
:103960006900320018007800000ce80090417800ef
:103970001c0037008c0178000001eb00010f2000d3
:1039800000fe2f000f00400009fe07000000e000cd
:103990005d003200180ce8000fb097009fb0970050
:1039a0002fb19700bfb19700e00f5000e08f580093
:1039b000e00f5900e08f590009003a00cfb5970099
:1039c0006fb4970080c120003a0107000b02780015
:1039d000880178000001780081c12000470037008d
:1039e00083c7b30002fe2f000f014100f88057008b
:1039f0000a007800fbfc0700b2ff37000b8144008f
:103a00008d80fb008c01780000fe2f000f0040002d
:103a10003bfe07003c0037008d80fb000c01780066
:103a200000fe2f000f004000c2fd07000000e00074
:103a30003500320018007800000ce8009041780052
:103a400002fe2f000f014100f88057000a007800a5
:103a50002ef907009bff370000c8b30080cf560047
:103a600029003a00180ce8001c80e900000e7800dc
:103a700010407800e0df9f0013002000e2fd2f00df
:103a80000f0141000800370000c8b30080cf560086
:103a90001d003a00180ce8001c80e900000e7800b8
:103aa0008001eb0010017800f88057000a007800d0
:103ab00026fc070083ff370000c8b30080cf560004
:103ac00011003a00180ce8004fb29700efb19700d0
:103ad000080037000e0c78000000eb00c0b79f0014
:103ae000e0b79f000080eb00d0b79f000002eb0022
:103af0008401780012002000e1c120000a00780053
:103b00004afe07006fff3700180ce8000900780034
:103b10004f0778004f06be004f05be004f04be00a1
:103b20006f01b100000006008200fa00889fbe000d
:103b30008a1f78000005780082047800c13f9f004a
:103b40000004eb00100037000902780088017800bb
:103b5000a2f72f000f01410081f72f008f80400056
:103b60000a00780084fe070008004000880f50001b
:103b700004003d00b0042000a06488000084eb0035
:103b800004003700000478004f3897001004e0006c
:103b9000edff3a00080078004f0578004f04be00a2
:103ba0000080fa0000000600889fbe000004be00ee
:103bb0000000eb000800e000180032001800900040
:103bc0000058a3000d003200d8009000680090005b
:103bd000808f500009003600b80990000001eb000a
:103be000820078000800780003000100d8009000ef
:103bf0000080eb000100e000080032000000eb0054
:103c0000200c980060049800500498000900e0001f
:103c10000200320018007800fbf107004f04be00dc
:103c200000000600889fbe000004be000000eb00fc
:103c30000800e00025003200180090000058a300a2
:103c400011003200d800900068009000808f500072
:103c500009003600b80990000001eb0082007800ee
:103c60000800780003000100d80090000080eb00fd
:103c70000100e000150032000000eb00200c98006d
:103c80006004980050049800780a90000810900092
:103c9000800f520006003100000252001100200087
:103ca000cfa2de00612bb9001800780009000700e0
:103cb0000000eb0000149800700c98000900e00070
:103cc0000200320018007800cff107004f04be0058
:103cd00000000600a0fd2f00f1ff2f008d0007005f
:103ce0004f89de0082017800000006008001780024
:103cf00002003700b15978000201e9000200e0003b
:103d0000fcff3a0000000600889fbe008a9fbe00ac
:103d1000800478000200e0005b003200014078007f
:103d2000814c780082814400f1f99f00e20f51003c
:103d30005500360091449800a1449800e1f99f0095
:103d4000d1f99f00e60f51004f003600b1449800b2
:103d5000c1f99f00e80f51004b0036000905ea0049
:103d6000630565000a8444000a055100c1ff2f0065
:103d7000010565000080fb008000eb0012102000b0
:103d800013102000e1030700008cbe000a0144006c
:103d900060b99f0071b99f00e80f55003a003600e6
:103da00020049800310498004004980051049800c1
:103db00020b99f0031b99f0040b99f0051b99f00c1
:103dc000f80f550030003600600498007104980028
:103dd000000c9800110c9800200c9800310c9800f1
:103de000400c9800510c980020b19f0031b19f0009
:103df00040b19f0051b19f0060b19f0071b19f0021
:103e000000b99f0011b99f0064016400780141006e
:103e100002044400020555006011b8000203be0010
:103e20000002be000403be006022b8000000720061
:103e300081807200020173008381730010003700db
:103e4000009cbe000294be004004980051049800fb
:103e50006204980073049800000c9800110c9800fc
:103e6000220c9800330c9800400c9800510c9800dc
:103e7000620c9800730c98000a02b1000802b000ae
:103e8000ff0f5500eeff3e00090078004f05be0011
:103e90004f04be0000000600881f78000004780070
:103ea0000800780020030700080078004f0478001d
:103eb0000000060080007800040037003104e000b4
:103ec00002003a00000051000000060001017800e5
:103ed0000108a300f9ff3a00810178003101780060
:103ee000f4ef2f00020242000281ea0002016200a8
:103ef0000408280004016100f7ff32008300780005
:103f0000010178003104e000fdff3a00000051009b
:103f10000000060002002f00f3ff2f00820f500068
:103f2000838f5800040036000000ea00a064880077
:103f30000080eb008080eb0000000600f1fb2f000a
:103f400080804000f98f500001003e000050a0002a
:103f500000000600f9ff37000f04b0008e1f780044
:103f600002027800030178000000e0000200320045
:103f700000077800020037000efc2f000f074700f3
:103f80008002eb000100e000010032008102e90044
:103f90000f007800e003b1001d0009000018eb00dd
:103fa0000080eb0090a79f0023102000a3a79f0094
:103fb000bea79f00c1a79f00d5a79f000100e000fa
:103fc00003003d00b1042000a16488000700370011
:103fd000004feb00fea79f00eea79f008400780033
:103fe00020fc2f000f0040005cf707004f0778000f
:103ff0000f04b10000000600000006003e00fa00b9
:10400000889fbe008a9fbe008c9fbe00100798004c
:104010008346780011007800400f980091019000cd
:104020004307980021029000240f9800c1029000dd
:10403000050f7800b1009000611f98003204be00a7
:104040002205be00281f9800391f98004a1f9800bb
:104050005b1f98006022b8006033b8000800be0003
:104060000a01be00d40207000000e00009003d0084
:104070000800be000a01be0003f0a200201f980045
:10408000311f9800421f9800531f9800d0c2b30000
:1040900004003700ce0890000128a3000900320078
:1040a000b0c2b3006e19900000497800ae099000cc
:1040b0008301e900330f980014002000540f98008a
:1040c00010003700ce0a90000538a3000900320026
:1040d00000c2b3006e1b9000004b7800ae0b900046
:1040e0008703e900370f980018002000580f980048
:1040f00004003700ae0c9000390f98000005eb006b
:104100005a0f98002e189000be1890004e1990007b
:10411000de199000b8ff0700f4ff2f00f5ff2f0015
:10412000f6ff2f00f7ff2700040260008582600081
:1041300006036100878361006000b8000200200070
:1041400003ff27000020e10001a8e10002b0e10028
:1041500003b8e1000c003a008d06fb001d04b1001d
:10416000ee1d9000de08900001804500a1c62000f1
:10417000f98f560001003600e1c6200046ff070017
:10418000e0c620002f0237000020e10001a8e10076
:1041900002b0e10003b8e1000c0036008d06fb0020
:1041a0001d04b1006e199000de099000030041006b
:1041b00021c72000f98f56000100360061c720009a
:1041c00035ff070060c720001e02370000c3b300a0
:1041d0006e1a9000de0a900000f27a000500e800f6
:1041e000000142008d00fb00f6fb2f00068340001b
:1041f0002607980081c7b300f90f530001003e0065
:1042000081c5b300014978000000e800500f980014
:104210006022b8006033b8002e189000be189000dd
:104220004e199000de199000630207000000e000c4
:104230005e0032008003eb006044b8000a002000fa
:104240000bff230068079800790798000a0f980071
:104250001b0f980007067800050037000c06e800e1
:104260006e0c9000fe0c90000e1590009e159000b4
:104270000802be000a03be000800be000a01be001c
:10428000ae0207000002be000203be00640f9800e9
:10429000750f980006179800171798002e189000b1
:1042a000be1890004e199000de19900042020700df
:1042b0000000e000e9ff3d006c0f98002a00370085
:1042c0006022b8000600200007fe23000800be00a0
:1042d0000a01be00930307006022b8006033b800f3
:1042e000350207000000e00016003a006022b80026
:1042f00006002000073524000800be000a01be00a9
:10430000880307000004be000205be006022b8005a
:1043100006002000073524002e189000be189000db
:104320004e199000de1990007e0307000002be00c7
:104330000203be00241f9800351f9800461f9800f6
:10434000571f98006022b8000600200007fe2300d7
:104350000800be000a01be00720307000004be0090
:104360000205be000c06e9000802be000a03be00fa
:104370002e189000be1890004e199000de19900083
:104380000d0207000000e000cdff35000800be0070
:104390000a01be006007980071079800020f98009c
:1043a000130f98006c0f9800090037008000eb0095
:1043b000610f98006022b8000600200007ff23006c
:1043c0006407980075079800060f9800170f98006b
:1043d000ce029000800120000500e00001003500c1
:1043e0004e0090000000e800300798006e04900036
:1043f000fe0490000e0d90009e0d9000681798002e
:10440000791798000a1f98001b1f98002e1c900017
:10441000be1c90004e1d9000de1d90000006eb00bb
:104420003a0037006e129000fe1290000e1b9000b2
:104430009e1b90000800be000a01be008a02070011
:10444000e40507000002be000203be002417980026
:10445000351798004617980057179800ff01070076
:1044600080027800550798006e129000fe129000ae
:104470000e1b90009e1b90002e109000be1090000e
:104480004e119000de119000260307000002be00ce
:104490000203be000800be000a01be0021020700a0
:1044a0000004be000205be006022b8000600200025
:1044b00007fb23006e109000fe1090000e19900074
:1044c0009e199000170307000002be000203be0001
:1044d0006417980075179800061f9800171f98001a
:1044e0000c06e800ce0290000500e00007003d0049
:1044f0006022b8006033b8000800be000a01be00a8
:10450000ad0107000000e000040032003e0390000f
:10451000860f5600c3ff3500010037003c079800a6
:104520006022b80006002000070224006e109000f0
:10453000fe1090000e1990009e199000f9020700dd
:104540000002be000203be006417980075179800b1
:10455000061f9800171f98000800be000a01be0041
:10456000950107000000e0000d0035006e1290007c
:10457000fe1290000e1b90009e1b90000800be00d3
:104580000a01be008c0107000000e00011003a00a3
:10459000de0290000508a300080032000d0037007d
:1045a0006044b8006055b800681798007917980003
:1045b0000a1f98001b1f9800060037006000b80013
:1045c0006011b8006017980071179800021f9800da
:1045d000131f98006e129000fe1290000e1b9000a8
:1045e0009e1b90002e189000be1890004e1990004f
:1045f000de199000d10107000002be000203be00d8
:104600006417980075179800061f9800171f9800e8
:1046100079fe07000203be000002be00f0ff2f007b
:10462000f1ff2f00f2ff2f00f3ff270000046200cc
:10463000818462000205630083856300281f98005f
:10464000391f98004a1f98005b1f98006000b8004f
:104650000200200003ff27000040e10001c8e10044
:1046600002d0e10003d8e100bbfe3200be0c900096
:104670008984e900291f98005e0e90008006eb00f7
:104680005d0798002d1798006f0037006e029000ac
:10469000fe0290000e0b90009e0b90006e1090009a
:1046a000fe1090000e1990009e199000ee01070078
:1046b000480507000004be000205be0067010700b0
:1046c000800078000100e00006003a002e10900003
:1046d0000000e000030032008d06e8003d0f980066
:1046e000330037005e0190000200e0000c003a0049
:1046f000ae1190000300e00009003200e0c2b300f8
:104700006e1a900000727e000c06e800ae1a90004f
:104710008502e900251f9800160020005607980022
:10472000ee1b90000c8143000d007800070278001a
:104730000300370003c3b300035978000000e90009
:104740000000e000fbff3a00300f9800641f980063
:104750000d064600e98f500003003c0000032000d6
:1047600001004000020037007005200001004000f9
:10477000ae009000f98f500006003e0080007800e7
:104780000150a0001106b100f98f500001003e0059
:104790006bf507006e19900000717e000c06e800b2
:1047a0008d86ea00ae1990008d814100231f98008c
:1047b0006e029000fe0290000e0b90009e0b900087
:1047c0000800be000a01be00560207000002be003b
:1047d0000203be006e109000fe1090000e199000b3
:1047e0009e1990004f0107000002be000203be00a8
:1047f0006417980075179800061f9800171f9800f7
:104800006022b8000600200007fb23006e00900025
:10481000fe0090000e0990009e09900041020700e2
:104820000004be000205be006807980079079800e2
:104830000a0f98001b0f9800ae1490008904e9003d
:1048400029179800be0e90002e1590000a00ea006d
:10485000be0590008b0f500004003d009e007800c4
:1048600065805000800f560088ff39005e0190007f
:104870000200e0001e003a000d00e0007d00340060
:10488000ce0190000300e0007a0034004e0a900050
:104890000408a30077003a00ee1a90008c804200d2
:1048a000e0c2b300804878000d00780085017800f0
:1048b00002c3b300826878000000e900fcff3a0000
:1048c000631f98000c8646000c06e8002e1b900023
:1048d0000600e9000d005000201f9800040037007a
:1048e000e0c2b300ee1b900080737e000c06e8006f
:1048f0006e1c90000c0044000048eb009e04780001
:104900008900e9000041eb0002f478008001eb002f
:104910006e0d90000a00e00003003d000a05ea0069
:104920006a0f980013002000120020006e0a900009
:10493000810378002e1b90006e1c9000800678008a
:104940000900370081037800a5002000110009004c
:104950000502d8000002be000543b00005f47b004c
:104960000201e9000603e9008700e9000400e00015
:10497000f4ff3a00e10f5100f2ff3200261f9800c9
:10498000681f98000d00780001024400b2c2b30015
:104990000300e00001003200d2c2b300024a7800f6
:1049a0000101e900ee1990008280410003c7b300c5
:1049b0002e029000f90f520001003e0003c5b30023
:1049c00083487800820f560001003d0032fd070049
:1049d000ce0a900063806200e20f500018003a0097
:1049e0002e1b90000684e9004240a9001400340008
:1049f0006e1890002ffd0700800044008100e80041
:104a0000ee1b900081804300870178000200370090
:104a1000e36078000000e900de0c9000890f500090
:104a2000fbff3d00631f98000980410008017800ea
:104a300001032000b4fc07000005eb002a0f9800da
:104a40006e1890001bfd07004e0a9000ae09900002
:104a500000017800ee1890001e00900073fa070025
:104a60004f06be004f05be004f04be000080fa0096
:104a700000000600ce0d90000b48a30098ff3a00fe
:104a80009bff370000000600a9f40700fdff0700a8
:104a9000fcff3700f28747008e1f78000202780083
:104aa000030178000000e0000200320000077800f7
:104ab00001003700728757008002eb000100e00020
:104ac000010032008102e9007080570006000900f1
:104ad0000018eb000080eb0080bf9f002310200037
:104ae00093bf9f00aebf9f00b1bf9f00c5bf9f0097
:104af0000100e00003003d00b1042000a164880033
:104b000006003700004feb00eebf9f00debf9f00a6
:104b1000840078007080570057f907004f0778002d
:104b20002f01b1000000060001017800800178002b
:104b3000008268000408a30005003200130037005b
:104b400032407800805978000004e0001400320000
:104b5000030278000208a300f9ff3a00030078007e
:104b6000010037000318780082007800b201780055
:104b7000f5ef2f00838242000382ea000482620084
:104b80000508280005026200f6ff320000027800e6
:104b900031417800025878000204e000fbff3a003f
:104ba000040078000000060000c0da0000000600e3
:104bb00000c0da00000006008f1fd1007c03070050
:104bc0008f87e9000000e00000000600809feb00f6
:104bd000770307008f87e9000000e000000006006f
:104be000810378008bee07000001be006000b80072
:104bf0000478a30013003a006220e10015003e0093
:104c00000d0039008301d1000281d3008180d300df
:104c10008301d1000281d3008180d3008301d100c0
:104c20000281d3008180d3000538b000c42add00a2
:104c3000f300b2008381720007f0a70003f0a00028
:104c40000000060083ff2700020020006110b90069
:104c5000f9ff370003ff2700f7ff37001400fa00c1
:104c6000889fbe008a9fbe008c9fbe000004be00cd
:104c70000205be00680047000a90be000890be0012
:104c8000860307000070a7000bf0a100304320004e
:104c90009e02900080825200b0fe2f000028e100aa
:104ca00011003d00b0fc2f000028e1001500340089
:104cb0001e0990008e0890007e0090000501b00053
:104cc0000201d1008180d3000080d3008502e8007a
:104cd000fbff3a000b00e000ab033b00600010005c
:104ce000e0801800a8033700f0ff2f00f1ff270035
:104cf0000b00e000a4033b0001002800000020009e
:104d0000a10337006000b8009f033700020ab90012
:104d1000001bb9000200b80081004200810043007e
:104d2000000006008c9fbe008a9fbe00889fbe00c8
:104d3000ca0107000bf0a200040037008c9fbe00e0
:104d40008a9fbe00889fbe00c40107000c48e10096
:104d50000b003a000c40e100020032008b0107001a
:104d6000400037008b066d003e0032000af0a100c3
:104d7000f3012000f2ff2f006110b9003900370065
:104d80000c40e100370032000940e100010036002c
:104d90007e0107008a856d00cf5dde000b05750082
:104da0000006eb008804fd00890454000100320075
:104db0007d0107000a04e00011003a000800e0004d
:104dc00028003200040040008580480006014900a8
:104dd000878149000358a300180032008301d100e5
:104de0000281d3008180d3000080d3000c86d300e1
:104df00001003900610676000804e8001800370059
:104e00000400500085805800060159008781590030
:104e1000060031000af0a2000c06ea00600018004b
:104e2000e080180060011900e081190003003a00d9
:104e30000004eb000005eb000a0037000348a30064
:104e400007003a000c064600000048008180480038
:104e500002014900838149000804e900f7ff370097
:104e6000af013700c90137008c9fbe008a9fbe008a
:104e7000889fbe00790107000b056d000940e10025
:104e80000a003a000800e000020032000c40e10095
:104e900006003a000af0a1000c047800f30120009b
:104ea000f2ff2f006110b9009d0037000c40e100b7
:104eb0009b0032000800e000990032000c48e1003d
:104ec00002003a000004eb00030037000900e00094
:104ed00004003a000c0478006000b8006011b800cb
:104ee0008f0037000348a30006003a00000040008e
:104ef0008180480002014900838149000804e900db
:104f0000f8ff37000748a30006003a0004024200f9
:104f100085824a0006034b0087834b008904e90021
:104f2000f8ff3700fd3f20008d8454000904540031
:104f30008a1f7800881f78000004780081047800b8
:104f400002057800830578006000b8006011b800a1
:104f50000d042000050037000804440089844c003b
:104f60000a054d008b854d000800310004045400f3
:104f700085845c0006055d0087855d008381d20025
:104f80008d06d300f4ff3b00070037000404440003
:104f900085844c0006054d0087854d008381d20035
:104fa0008d06d300ecff3b000804440089844c00cc
:104fb0000a054d008b854d000800310004045400a3
:104fc00085845c0006055d0087855d000281d20056
:104fd0008d06d300f4ff3b000700370004044400b3
:104fe00085844c0006054d0087854d000281d20066
:104ff0008d06d300ecff3b000804440089844c007c
:105000000a054d008b854d00080031000404540052
:1050100085845c0006055d0087855d008180d20087
:105020008d06d300f4ff3b00070037000404440062
:1050300085844c0006054d0087854d008180d20097
:105040008d06d300ecff3b000804440089844c002b
:105050000a054d008b854d00080031000404540002
:1050600085845c0006055d0087855d000080d200b8
:105070008d06d300f4ff3b00070037000404440012
:1050800085844c0006054d0087854d000080d200c8
:105090008d06d300ecff3b000b00e00004003d0058
:1050a0000404440085844c0006054d0087854d00ae
:1050b0000006eb008301d1000281d3008180d30080
:1050c0000080d3000c86d3008301d1000281d3007d
:1050d0008180d3000080d3000c86d3008904740043
:1050e0008b0575008b847400010032006106760028
:1050f0004f0478004f0578000348a30007003a00ea
:105100000c0646000000480081804800020149006a
:10511000838149000804e900f7ff370000013700e8
:105120001a0137008c9fbe008a9fbe00889fbe0078
:10513000ca0007000b056d008a0578000c40e100ed
:1051400008003a000900e00082003a000af0a100dd
:105150000c047800f3012000f2ff2f006110b90069
:105160007c0037000c48e10004003a00870007008b
:105170000900e00077003a00f4ff37000800e00083
:10518000740032000900e00002003a007f000700ce
:1051900070003700ed3f20008d8454000904440066
:1051a0008a1f7800881f7800871f7800861f780084
:1051b000851f7800841f7800cb19dd00c515de003f
:1051c0008b8571004b11dd00450dde000a05710075
:1051d000cb08dd00c504de00898470004b04dd00cf
:1051e0000440b8000546b8008c80400060814e0045
:1051f000044eb8008c8040000d0149008001eb0096
:105200000318ad000456b8000c0141008d8149001f
:105210000002eb000420ad000646b8000c0141007e
:105220008d81490060024a00054eb8000c01410022
:105230008d81490060024a000556b8008c8141000a
:105240000d024a008002eb000528ad000746b800b9
:105250008c8141000d024a00e0824a00064eb800ef
:105260008c8141000d024a00e0824a004f0678001e
:105270000c5eb8008c8141000d024a00e0824a00b9
:105280000656b8000c0242008d824a000003eb0073
:105290000630ad00074eb8000c0242008d824a0075
:1052a00060034b004f0678000c5eb8000c02420011
:1052b0008d824a0060034b000756b8008c82420082
:1052c0000d034b008003eb000738ad004f0678005c
:1052d0000c5eb8008c8242000d034b00e0834b0053
:1052e0004f0678000c5eb8000c0343008d834b0022
:1052f0004f0478004f0578000748a3000a003a00e1
:10530000000040008180480002014900838149007b
:1053100004024a0085824a0006034b0087834b0043
:105320000804e900f4ff370003067800808070006d
:1053300082807000010032006106760087017800eb
:105340000601780085007800040078008804780061
:10535000780037008d0037008c06460002003a00c6
:105360000000a6000000060060004800e080480041
:1053700060014900e08149000350a60000000600da
:105380008301d1000804e800000006000002fd00cf
:105390008102fd000203fd008303fd008804fd007f
:1053a0008a05fd00000006007048e1001a0039007f
:1053b0007d0320000d48e1000a00390081057000de
:1053c000830671008c8575008d8575000006eb00e5
:1053d0000cd8e700610676006000b8006011b800e4
:1053e000000006007048e1000b0039008c057800d1
:1053f0000006780001007800820078000301780040
:105400008001eb0003d8e70061067600f0845400c9
:10541000f4ff3a00000006006160e1000c48ad00b6
:10542000f08514008b06dd000966de000d067600af
:105430008b0edd000900de000d0070008b16dd0014
:105440008908de008d8070008b1edd000911de00f2
:105450000d0171008919de00000006000d00280012
:10546000fc7f20000d856100441cde00ef8161009f
:105470000c046400010032000340a0008d8563002d
:10548000c43cde00ef8363008c84640001003200c2
:105490000740a0000c40e10006003a00ef866100e2
:1054a0008286760081867600808676000100320052
:1054b000180037000c48e10007003a00ef8663004f
:1054c0008686760085867600848676000200320025
:1054d000aeff07000f0037000348a30005003a00a5
:1054e0008106700082867600838676000100320095
:1054f0000804e8000748a30005003a00850672008a
:105500008686760087867600010032008904e800ee
:1055100000000600cf047800cf0578001b0037009c
:10552000000278008102780002037800830378008b
:10553000880478000cf0a70087ff0700fd7f20009b
:105540000d40e100040035000d0478006000b80053
:105550006011b8000d0037000800e0000b003c00af
:105560000400780085007800060178008701780043
:10557000e18414008cff07000cf0a70076ff070001
:105580000004eb000340a7000804e8004444dd00e9
:105590006fc56100880175004f04be004f05be0055
:1055a0004f06be0000000600889fbe008a9fbe0016
:1055b00030044200b0844a0030054b0090854b0017
:1055c0006000b1000898be000a90be000440e100ef
:1055d00005c8e10006d0e10007d8e1000200310073
:1055e000680040001008e8004f05be004f04be00f0
:1055f00000000600889fbe008a9fbe003004be00e7
:105600002005be000418540005985c0006185d00d3
:1056100007985d00110020000440e10005c8e1008a
:1056200006d0e10007d8e100010039008000eb005e
:10563000108810004f05be004f04be000000060099
:105640001200fa00889fbe008a9fbe008c9fbe0099
:10565000e0b79f00f1b79f0082bf9f0093bf9f00fc
:105660000605be000404be000000eb00d0b79f009a
:10567000c0b79f00b0b79f00a0b79f0090b79f0032
:10568000000678005fb19700cfb09700820141001b
:105690003fb097000200e00004003d003700070023
:1056a0007e805700c0ff070003003700330007006b
:1056b0007e805700cfff0700dfb697000d00e000a7
:1056c0000c0035006fb29700ffb297000fbb970038
:1056d0009fbb970010002000010020006011b8005f
:1056e00000027200818272000203730083837300e0
:1056f0001b0007000c06e80001042000810f560083
:10570000e0ff3a000d00e00004003d000802be008a
:105710000a03be007e805700a3ff07005fa8970022
:105720000000e00005003a001fb29700afb29700fa
:105730003fb39700cfb39700090007006fb0970001
:10574000ffb097000fb997009fb997004f06be00b2
:105750004f05be004f04be000080fa0000000600a6
:105760000100070000000600a4b79f00b5b79f0026
:10577000c6b79f00d7b79f00000006004f09de00a4
:1057800082817100b3b79f004f01de00818040002d
:1057900082807000a1b79f008fb097004f09de0094
:1057a000000040000200700090b79f007fa89700a3
:1057b0004f01de00818040008280700081b79f0031
:1057c0000d0007004f3ade000000400004007000aa
:1057d000f0af9f00080007000402420085824a00e3
:1057e00006034b0087834b00dfff07000802be0063
:1057f0000a03be00000006002fb29700bfb2970058
:105800004fb39700dfb3970000000600881f7800b1
:1058100018002000881f780089ff07008f87e900a3
:105820004f04780000000600801feb0084ff070093
:105830008f87e90000000600889fbe008a9fbe0097
:10584000e00f5000e08f5800e00f5900e08f590042
:105850000c003d006044b8006055b80000005400e2
:1058600081805c0002015d0083815d0018002000e2
:105870001500070008003d00180007000004eb00b9
:10588000050037000004eb000f00070002003d0098
:105890001200070018002000dcff07000800e000ed
:1058a000060032006022b8006033b80000005200e9
:1058b00081805a0002015b0083815b004f05be00be
:1058c0004f04be0000000600e00f5200e08f5a00b7
:1058d000e00f5b00e08f5b00000006006044b80052
:1058e0006055b8000402540085825c0006035d0028
:1058f00087835d0000000600889fbe008a9fbe006f
:105900008c1f7800e00f5000e08f5800e00f590026
:10591000e08f59000d003d006044b8006055b800ac
:105920000000540081805c0002015d0083815d0005
:105930001c0020000820e10009a8e1000ab0e100f5
:105940000bb8e1000d003d00080037000006eb0039
:10595000e00f5200e08f5a00e00f5b00e08f5b0029
:1059600006003d006044b8006055b80004025400d1
:1059700085825c0006035d0087835d00aaff070047
:105980000c00e000060032006022b8006033b8006e
:105990000000520081805a0002015b0083815b009d
:1059a0004f0678004f05be004f04be000000060001
:1059b000889fbe008a9fbe008c9fbe000404be006c
:1059c0000605be00809fbe00829fbe00210007002a
:1059d000040678000800be000a01be001d00070092
:1059e000840678004f03be004f02be008d4f760044
:1059f0007fb0970013003300f0ff2f008b8f6b00f8
:105a000006003b000d0666000c00a7000a003700e8
:105a100007f0a600100020000a003700880f52008f
:105a2000898f5a008a0f5b008b8f5b00030039005f
:105a30001000200001003e000000200007f0a70039
:105a40000000ea004f06be004f05be004f04be0036
:105a50000000060005ff27000582610007003200f4
:105a60000428e100010032002400050006000700c0
:105a700001003a0044000500040805000200070088
:105a8000f9ff3a00140005006f8261008102700086
:105a90008502710085027200000006008000780017
:105aa0005002be005003be004439de00f700b200d1
:105ab000f37f200003016100090032000218e100b9
:105ac00016003a0085017200830173008381730020
:105ad0000008200015003a004000200013003700a5
:105ae00085017200830173008381730005003a0011
:105af00004a8be0006a8be00100020000b0037005e
:105b00000201e9000402420085824a0006034b00bc
:105b100087834b000748a300f9ff32000740a0002d
:105b200004a8be0006a8be00200020008000980047
:105b30009200980000000600680447000294be002e
:105b40000094be00fc0447008694be008494be000e
:105b500009007800d1ff070008007800cfff070098
:105b600099007800814f70000b003b000800be00d8
:105b70000a0007004f00b10003003700f3ff2700c1
:105b8000f2ff2f006110b9004f06be004f05be00a6
:105b90004f04be000080fa0000000600e4824000ce
:105ba0001078a30007003200640240001178a300bf
:105bb0003400be001401be00040032000330a70010
:105bc000000006003500be001501be000330a00035
:105bd000000006001800fa00889fbe008a9fbe00e1
:105be0008c1f78000004be000205be000802be0043
:105bf0000a03be00443ade00f07f20000006620087
:105c000020432000800f560067003c006022b8004f
:105c10006033b8000800be00e7fb07000000e000aa
:105c2000610032000802be000a03be00b4b79f0044
:105c3000c5b79f00d6b79f00e7b79f00e00f52009f
:105c4000e08f5a00e00f5b00e08f5b000b003d002f
:105c50006022b80006002000073324000800be00c0
:105c60000a01be002ffc07006022b80006002000d9
:105c70000733240031fc07000a0037006022b80017
:105c800006002000073324000800be000a01be0001
:105c90002afc07006022b800060020000733240019
:105ca00020fc07000802be000a03be001dfc07001e
:105cb0000002be000203be00f4b79f0085bf9f0034
:105cc00096bf9f00a7bf9f00e03f2000800f5600b7
:105cd00017003c007fb097008fb897001fb997005e
:105ce000afb99700f0af9f0081b79f0092b79f00b8
:105cf000a3b79f006044b8006055b8003fb297005a
:105d0000cfb297005fb39700efb39700e00f520058
:105d1000e08f5a00e00f5b00e08f5b0022003d0047
:105d20006044b8000a0020000bff2b001e00370063
:105d30006022b8006033b8007fb097008fb897003a
:105d40001fb99700afb99700a0fb07000000e00063
:105d50000c0034007fb297008fba97001fbb9700ea
:105d6000afbb97000800be000a01be00f3fb0700ae
:105d70006022b8000600200007ff2300e9fb0700af
:105d8000070037007fb297008fba97001fbb9700bc
:105d9000afbb97000800be000a01be00e7fb07008a
:105da0000004be000205be000800be000a01be00dd
:105db0004f0678004f05be004f04be000080fa0079
:105dc000000006000000fa00aa22ef00f01f2800e1
:105dd00040158800c0002000301588000008200011
:105de00020158800a222ef0000002800001588007e
:105df000a022a8001000200030478800a00020004a
:105e0000c31b07000080fa00000006000200fa0031
:105e1000000f78009e0078006f80600030158800c9
:105e2000a022a80092000900000000000080fa00f3
:105e3000000006000400fa0010079800401f200030
:105e4000000f7800a002a900a022a9000000000015
:105e500000158000610060000000e00004003a00ce
:105e60001e0fe9001e0078000000e000f8ff3a0075
:105e70001e0078000000e000070032001e009000c5
:105e800069005000011480000001400080c820001b
:105e900000004100010878000080fa0000000600c0
:105ea0000000fa00304780000000e0001d003200d2
:105eb000c0002000dfff0700d0002000d3ff070054
:105ec000d0002000dbff07004047800021e92f00c1
:105ed000000040000080400010007800cbff070069
:105ee0004047800021e92f00000040000080400072
:105ef00010007800cfff0700404780000000e80056
:105f00004047880040478000e30f50000100340004
:105f1000e828ef00c000200030158800a022a8006b
:105f200001003700000000000080fa0000000600b9
:105f30000200fa00000f78001e007800e80f500001
:105f4000030036001e007800ee0f500002003600fd
:105f50000000eb00060037009e00780069805000ca
:105f60008000400080c820000080400010007800c1
:105f70000080fa00000006003200f800900188005e
:105f80006118e100040032007018e10002003200e4
:105f9000f0ff2f00030037003119ba008301e90038
:105fa000fdff3a003200f90000000600849fbe00a9
:105fb0004220a900440424006110e1000a003200dc
:105fc000540424007010e10007003200640424002f
:105fd000f5ff2f000510e10003003200f0ff2f0055
:105fe0004f02be00000006003200f800203b88008f
:105ff000113b8800043b88000500fc005005200090
:10600000303b8800a00a2000303b880061e7a800f0
:10601000000000000000000061e7af00feff370055
:106020000000eb003200f9004f02be000000060045
:10603000841f78004220a900440024006118e10078
:1060400006003200540024007018e1000300320002
:106050004f027800f0ff2f00000006003200f80029
:1060600091018800821f78003019bb008301e9008c
:10607000fdff3a00213b88004f017800123b880069
:10608000043b88000500fc0050052000303b8800e0
:10609000a00a2000303b880061e7a8000000000053
:1060a0000000000061e7af00feff37000000eb00da
:1060b0003200f9004f027800000006000400fa00e8
:1060c000004f7800110798009e40780061cf600073
:1060d0001e0090000000d100004078001e4f6800b4
:1060e0001e0090004300de00004078001e4f680054
:1060f0001e0090004500de00004078001e4f680042
:106100001e0090004e00de00004078001e4f680028
:106110001e00900000004000100798001e80fb0049
:10612000e10060001e009000008040000080fa0046
:10613000000006000600fa0020479800210798009a
:1061400070002000000f7800ae0090002e409000fc
:10615000daff0700200798002e4090008080fb00a7
:106160001e0078000088de0000407800ae0090003d
:10617000d2ff0700200798001e0fe9001e007800dc
:106180000000e000f4ff3a002e0090000080fa00ca
:10619000000006000400fa00000f780011079800c4
:1061a0001e007800004078009e009000e1ff07008c
:1061b000100798001e0078004800de0000407800bc
:1061c0009e009000dbff07000080fa000000060040
:1061d0000200fa000000eb00000f78001e007800bb
:1061e0008000400080b02000008040008000eb0074
:1061f000010878001e0fe8001e007800ea0f50002a
:10620000f6ff340090002000f0588800007d200048
:1062100020598800c0122000305988000000eb008f
:10622000405988003000200050598800300020007c
:10623000005988002000200010598800c01220005a
:106240006059880010002000705988000000eb00a1
:106250008059880060042000905988008002200046
:10626000a05988000000eb00b05988000000eb0046
:10627000c05988000000eb00d05988000000eb00f6
:10628000e05988000000eb00f05988000000eb00a6
:10629000005a8800809d2000205a88002048210054
:1062a000305a880060422000405a880020032000b5
:1062b000505a8800c0b4200011c0b30001487800d3
:1062c000d0b4200011c0b30001487800f0032000d2
:1062d000705a8800a0ac2000805a880000832000fb
:1062e000905a880060852000a05a8800400620004f
:1062f000b05a880010232400f1002000c05a880002
:10630000d15a880080072000e05a8800130020003e
:1063100002852000010f2f00f007200016ff070064
:10632000804280000000e8008042880012002000c7
:10633000010f2f00f00720001cff070013002000b2
:10634000020f2f00f10720000085200038ff070012
:106350000080fa00000006000200fa000000eb00d6
:10636000105a88000000eb00000f78002100370071
:106370001e007800fc0f500008003e00115a8000fb
:106380001e0078000001400080b0200000004100a5
:10639000100078007fff0700105a88009e007800e8
:1063a0000080270000804000000040001200200014
:1063b00080007800f0072000fcfe07009e007800b7
:1063c000008027000080400000004000800078002e
:1063d00082b020001e007800000040000000410054
:1063e0001300200001017800f107200010ff0700d2
:1063f0001e0fe8001e007800fd0f5000dcff360085
:106400000080fa00000006000400fa000000eb0023
:10641000100798000000eb00000f7800190037000b
:1064200081b020001e007800000040008080400005
:106430001e0178000080270000004100000040009d
:10644000130020000101780080007800f007200090
:10645000c9fe07001e007800fc0f500008003e0037
:106460001e0078008000400080b0200000804000c6
:10647000100078009e00900046ff0700100798006b
:106480001e0fe8001e007800fd0f5000e4ff3600ec
:106490001300200002852000010f2f00f0072000cc
:1064a000b5fe0700115a80001e00900000806800b1
:1064b00000f0a7000000ea000000ea004f00de0044
:1064c0000080fa00000006000200fa000000eb0065
:1064d000f05a88000000eb00000f78002100370020
:1064e0001e007800ec0f500008003e00f15a8000ba
:1064f0001e0078000001400040b420000000410070
:106500001000780023ff0700f05a88009e007800f2
:1065100000822700008040000000400012002000a0
:1065200080007800f0072000a0fe07009e007800a1
:1065300000822700008040000000400080007800ba
:1065400042b420001e00780000004000000041001e
:106550001300200001017800f1072000b4fe0700bd
:106560001e0fe8001e007800ed0f5000dcff360023
:106570000080fa00000006000400fa000000eb00b2
:10658000100798000000eb00000f7800190037009a
:1065900041b420001e0078000000400080804000d0
:1065a0001e0178000082270000004100000040002a
:1065b000130020000101780080007800f00720001f
:1065c0006dfe07001e007800ec0f500008003e0032
:1065d0001e0078008000400040b420000080400091
:1065e000100078009e009000eafe07001007980057
:1065f0001e0fe8001e007800ed0f5000e4ff36008b
:10660000f15a80001e0090000080680000f0a70092
:106610000000ea000000ea004f00de000080fa00ff
:10662000000006000000fa0000000000a016800034
:10663000610060000000e000fcff3a00701680007e
:10664000620060000000e000f8ff32000080fa0005
:10665000000006000000fa0000000000a016800004
:10666000610060000000e000fcff3a00800c2000a8
:10667000a71907000080fa00000006000400fa00d5
:10668000100798001e009000104078000000fb00ea
:10669000000f78001e0090000000e800100798002e
:1066a000060037001e009000104078009e00900009
:1066b0008100e80011079800f21907001e00780019
:1066c00000f0a7000000ea000000ea004f00de0032
:1066d000004078001e0fe9000004e000f1ff3a00de
:1066e0000080fa00000006000000fa007040800000
:1066f000016720000088de00610060000040780033
:106700000004e000020032004006200001003700d3
:10671000a0282000b04688000080fa000000060093
:106720000200fa00000f78001e0078000000e00070
:1067300005003200505a800080007800a07f2100c0
:106740005319070008003700505a80006a00b9004a
:106750000000780080007800c0f620004c19070087
:10676000401f20006a1907000080fa0000000600a0
:106770000800fa002007980031079800ae0090004a
:106780003e00900000017800110009008200d8004e
:10679000000f7800ae0090003e00900000017800ed
:1067a000110009008200d8008000fd001007980049
:1067b0003e0090008080d1001e009000808f50002d
:1067c00001003c001e0fe8001e0078000080fa0067
:1067d000000006000000fa000428ef00f0418000ed
:1067e0000000e0003d003200f041800062006000e7
:1067f0000000e00009003200f1418000d0032000d9
:1068000000806000f0418800caa2a9004001200079
:106810003f190700caa2a80031003700f0418000ec
:1068200061006000004078000004e00005003200d4
:10683000f1418000e003200000806000f04188000a
:1068400027003700f0418000640060000000e00095
:1068500005003200f1418000b0032000008060009c
:10686000f04188001e003700f041800068006000a1
:106870000000e00005003200f141800070032000bc
:1068800000806000f041880015003700f041800072
:10689000700060000000e000060032002628ef00d3
:1068a000f1418000f002200000806000f04188008b
:1068b0000b003700f14180000002200000806000e2
:1068c0000000e00006003200f04180007f00600020
:1068d000f0418800000000000100370000000000c7
:1068e0000080fa00000006000200fa00000f7800a5
:1068f00000478000e10f50000b003a001059800063
:106900000000e00008003a001e007800800040000f
:1069100080a82000008040001000780057ff07008a
:10692000e028ef00000000000080fa0000000600f0
:106930000400fa00100798000000eb00000f780038
:106940001e0078008000400080a12f0000804000e1
:10695000900078001e009000808f500005003e00df
:106960001e0fe8001e007800e90f5000f4ff34000d
:1069700001003700000000001e0078000080fa00cf
:10698000000006000600fa0010002000d6ff0700f5
:10699000481907000004e0004500320057190700bd
:1069a00040479800604780000000e00004003a0083
:1069b000ce40900060c4b30080cf50003b003a004e
:1069c000a04680009043880060478000e10f50009f
:1069d00007003a00ce40900010c4b30080cf5000b2
:1069e000030032007228ef00260e07003000370047
:1069f000604780004e419000a1c420008270780062
:106a00000000e8006047880060478000ee0f5000fb
:106a100003003c00904380000000e00002003a00c8
:106a2000180e070022003700ce409000b0c3b3001c
:106a300080cf50001e003a00105980000000e00096
:106a4000020032001000200050478800a0c420003f
:106a50000080e8006eec0700401fb0000180b0002d
:106a6000823e200003002000b3e60700008fbe0036
:106a700000532700010020001e01be00800f5100be
:106a8000818f5900030034002053270001002000ab
:106a9000008fbe001e007800a5ff0700f058880098
:106aa0007228ef00f70d070001003700000000001a
:106ab0000080fa00000006000400fa0010079800a9
:106ac0001e0090004480de00000f78001e00780059
:106ad0006a00b90000007800000f78001e009000e6
:106ae0006f0060001e0040000080fa0000000600f9
:106af0000600fa006000b800008fbe000000eb0046
:106b0000200798009e009000400620000088b900f1
:106b1000000178001e0078006000b90000007800d5
:106b2000000141009e007800400620000008b800e7
:106b30000101410082007800008fbe00008fbe007e
:106b4000a1c420002e00900000804000104078007a
:106b50000080fb00d8ff07006101b9001e00be00e5
:106b60000200400083804800008fbe002e0090008d
:106b70000000e800200798002e009000e30f50006e
:106b8000e0ff340022032000030020001e0f41001c
:106b90005e9749001e00be00420620000300200050
:106ba00065e60700008fbe000053270001002000ab
:106bb0001e01be00800f5100818f59000300340078
:106bc0002053270001002000008fbe001e00780027
:106bd00057ff07000080fa00000006000000fa00de
:106be000881f78000000eb003fff0700b118070086
:106bf0000004e0001400320068478000bf1807005e
:106c0000a1c4200080707c000800e8006047880074
:106c1000800c20009043880060478000e40f500003
:106c200010003400105980000000e0000200320023
:106c30001000200050478800adff0700f058880082
:106c4000900d070007003700604780000000e0005b
:106c500004003200904380000000e00001003a0090
:106c6000880d07004f0478000080fa00000006003d
:106c70000000fa00889fbe00f04380000000e000a2
:106c80001c003a006241800073418000006a2800c5
:106c900011002000800f5100818f59000e00340038
:106ca000604180007141800055e607000004be008d
:106cb000c05a8000d15a800051e60700020020002f
:106cc0000312240066e707000001be000800be00b2
:106cd00063e70700010037006000b80060438800e8
:106ce000714388002c28ef002e28ef00400620007a
:106cf000f043880060438000714380004f04be0071
:106d00000080fa00000006000000fa00889fbe0024
:106d10002143800000428000808f50000700320035
:106d200000428000204388006000b80030438800a3
:106d3000414388006a28ef0034003700e0578000a4
:106d40008000eb0031e607000004be00205a8000fe
:106d5000cf80de002ae607000001be000800be006a
:106d60001ee80700c0408800d1408800c440800071
:106d7000d5408000304380004143800018c0b300fc
:106d80000001be000400be00fae507000000e000bc
:106d900001003c000044eb000804e0000700320062
:106da000c0408000d14080003043880041438800cb
:106db000800c2000504388000a00370050438000b8
:106dc0000000e00004003200504380000000e900b1
:106dd00050438800030037006000b800304388004b
:106de00041438800504280000000e0000300320070
:106df000c0408000d1408000020037003043800056
:106e00004143800052002000050d07004f04be00e2
:106e10000080fa00000006000000fa008c21ef005c
:106e2000e842a900e862a9000afe0700cfa2a90073
:106e3000ffff37000400fa00889fbe00c2418000b7
:106e4000d34180000043800011438000800f510037
:106e5000818f590007003500c0418000d14180007a
:106e60000043880011438800803e2000d043880002
:106e700007003700d04380000000e00004003a0023
:106e80006028ef006228ef006000b800008fbe00ad
:106e90000043800011438000d9e507000004be00d4
:106ea000405a8000cf80de00d5e507000001be001b
:106eb0000800be00c9e70700008fbe00005a80002e
:106ec0000000e0001500320018c0b30062da2d00a7
:106ed00073c124001e00be00a6e507000000e0000c
:106ee00001003c000044eb000804e0000800320010
:106ef00002002500337c24001e00be00d8e60700f7
:106f000004ea070062002000c50c070013003700e8
:106f100010558000a00c07001000370018c0b30007
:106f200062da2d0073c124001e00be0091e5070047
:106f30000000e00001003c000044eb000804e00019
:106f400004003200220020001e00be00b40c070026
:106f500002003700005580008f0c07004f04be0070
:106f60000080fa00000006000000fa00f0468000f1
:106f70000000e00003003a00e0882f00860c0700c4
:106f800004003700e0408000f14080003200200023
:106f9000a30c07000080fa00000006000000fa00c1
:106fa000889fbe008a9fbe00804080009140800084
:106fb00082142e00a3f7230088e707000004be0018
:106fc000f05780008000eb0090e507000005be0050
:106fd000305a8000cf80de0089e507000001be0046
:106fe0000a00be007de70700020020008324240081
:106ff0009be607000001be000800be00b3e50700e5
:10700000804088009140880080408000914080004e
:1070100042002000820c07004f05be004f04be0056
:107020000080fa00000006000000fa00881f7800c7
:107030007859800020418000cf80de0070e5070095
:1070400008017800760c07004f0478000080fa00f1
:10705000000006000000fa0005ff0700809fbe0048
:1070600030a02f00801f780080ae200027eb0700a3
:10707000e687570080ae2000470c07006dff070031
:107080000080fa00000006006000fa00889fbe0041
:107090008a9fbe008c9fbe00660f4700c0418000e3
:1070a000d141800056e507000004be00405a800030
:1070b000cf80de0052e507000001be000800be00e0
:1070c00046e707001007980021079800f14180006b
:1070d000312f980071428000412f9800214180009b
:1070e000512f980018c0b30062da2d0073c124003c
:1070f0001e009000ae0090001ee507000000e000ba
:1071000001003c000044eb000804e00007003200ee
:1071100002c22b00e3cb24001e009000ae009000c2
:107120004fe607000005be00010037006055b800bb
:10713000e05780008000eb0034e507000004be004b
:10714000205a8000cf80de002de507000001be0040
:107150000800be0021e70700020025003384240058
:107160003fe607000006be00f05780008000eb00fd
:1071700026e507000004be00305a8000cf80de0004
:107180001fe507000001be000800be0013e707006e
:10719000024022004397240031e607000004be00ad
:1071a000f0468000cf80de0015e5070002002000d9
:1071b000832c24002ae607000001be00f05880005e
:1071c0008000400080b02000008040001000780067
:1071d0000000e800602f9800f75880007059800088
:1071e00061a12f00614078000003fb00e2c8bf00ee
:1071f0008002fb00c159800040a12f0060c07800d0
:107200000002fb00e141800020a12f0060c0780057
:107210000000fb00e6004700712f9800be28900098
:10722000811f7800ce289000811f7800de28900012
:10723000811f78008a9fbe008c9fbe00889fbe0081
:10724000829fbe00ee289000811f7800871f780083
:10725000861f7800851f7800841f7800801f7800c3
:10726000a0a42f00801f78007e28900012ea07005b
:107270004f02b100040037001e0078001040780073
:107280001e0fe800ff1607001e007800104078006f
:107290000004e000f8ff3a004f06be004f05be00b4
:1072a0004f04be000080fa00000006000400fa004f
:1072b00050408000e10f5000c5003200a043800024
:1072c0000000e0000c003a00105980000000e000cf
:1072d000090032006cff070011598000803e200039
:1072e0000088b90000007800a0438800a043800017
:1072f0004006b000c0438800ee1607000004e0001e
:10730000b5003200fd160700004f78001e407800df
:10731000ea4f5000b200320060478000e10f500099
:107320000f003200e10f500003003c000000e000bd
:10733000060032001e003700e20f50000e0032003f
:10734000e30f50001500320019003700d0c3b3001e
:107350009e40780080cf500017003200a300370015
:107360001e00fb001004b100f90f5000140036009d
:10737000c40b07009d0037001e407800ed4f500001
:10738000110032001e00fb000003b100e90f5000a5
:107390000f003600bb0b0700940037001e4078003a
:1073a000ed4f50000c003200b60b07008f00370085
:1073b000b40b07008d003700000000000700370005
:1073c0000000000005003700000000000300370047
:1073d000000000000100370000000000604780004e
:1073e0001e417800a1c42000827078000000e800ef
:1073f000604788001e407800ed4f50007a003a0048
:10740000105980000000e000060032001159800091
:10741000803e20000088b900000078004006b000df
:107420000100370080382100c0438800b0c420002c
:1074300010407800004f7800c0c420001040780051
:107440000080fb000003b100100798001e00fb0045
:1074500071042000810f50002e00320071042000c2
:10746000810f50000a003c0021042000810f5000d1
:107470001b00320031042000810f50002300320035
:1074800011042000810f5000120032004e0037001e
:1074900001052000810f50002f003200010520005f
:1074a000810f500004003c00f1042000810f5000c7
:1074b000260032004400370021052000810f5000d3
:1074c0003600320031052000810f500035003200b7
:1074d0003d00370010002000c05988003a003700f6
:1074e0001e0090000000e000300032001e009000fe
:1074f000e90f50002f003e000000eb00c05988004b
:107500001e009000f05888002f003700b1fc0700e3
:107510002d0037001e0090000000e0002700320020
:107520001e009000e40f500026003e00f05880003e
:107530009e0090008100e9000001400080b0200022
:1075400000004100010878001f00370010002000f3
:10755000e04188001c0037001e0090000000e000a1
:10756000010032007cfb07001e0090000000e000dc
:1075700002003200f0732f000100370040a82f00f6
:1075800080007800e0722f001a0b0700c05d200019
:10759000df15070020fe07000b003700bafe0700ca
:1075a000090037003c28ef0007003700000000000a
:1075b0000500370000000000030037000000000055
:1075c00001003700000000002e0b07000700370005
:1075d0000000000005003700000000000300370035
:1075e0000000000001003700000000000080fa00e9
:1075f000000006000000fa00005980000000e000d2
:107600001600320000598000e10f500011003200d6
:1076100000598000e20f50000c00320040598000f9
:10762000e10f50000700320040598000e20f500087
:1076300002003a00404a250001003700207726006a
:107640000100370060952300010037000016250077
:1076500001003700204c230001003700e05e2300ca
:10766000004088000080fa00000006000c00fa00cc
:10767000889fbe00200798003107980042079800b5
:10768000530798002e019000be019000b012200018
:1076900001002000800f5100818f590002003c0042
:1076a0006000b800270037004e009000de00900018
:1076b000d3e307000004be002e009000be0090003f
:1076c000cfe307000001be000800be00e4e40700ad
:1076d000008fbe0018c0b3000271200013f5230014
:1076e0001e00be00a3e307000000e00001003c0014
:1076f0000044eb000804e0000300320000712000a9
:1077000011f52300008fbe000200200003f82300c3
:107710001e00be00ede307000004be001e01be0017
:107720000000200001f82300dfe307000001be0095
:107730000800be00cae4070002002000832c2400d9
:10774000a6e507004f04be000080fa000000060016
:107750000000fa00204080000000e00008003a002d
:107760000019200020408800304080000000a20066
:1077700030408800e10120003073200044150700ec
:10778000304080000000e00026003200f041800020
:10779000620060000000e00002003200b0752f00bf
:1077a00021003700f0418000610060000040780057
:1077b0000004e0000200320050752f001a0037006c
:1077c000f0418000640060000000e0000200320030
:1077d00010762f0014003700f04180006800600030
:1077e0000000e0000200320070762f000e0037002b
:1077f000f0418000700060000000e00002003200f4
:10780000d0762f0008003700f141800000022000f0
:10781000008060000000e0000200320030772f009e
:1078200001003700c0a02f000080fa000000060011
:107830000000fa00e05980000000e0004a00320039
:1078400060408000e10f500012003a00f1468000d5
:1078500030062000808f500002003c000000eb004a
:107860004a00370060598000d2f92f000001410022
:10787000f1468000000320000088b90080007800f5
:1078800000d72e000080400082007800b8fb07007f
:107890003e00370060408000e20f50000d003a00cb
:1078a000a0408000b140800034e307000001780070
:1078b000f1578000905a8000808050000003200023
:1078c0000088b9000000780082007800a8fb07005b
:1078d0002e00370060408000e30f500008003a009f
:1078e000c0408000d140800002a02500337c2400ed
:1078f0005be4070021e30700000078002300370065
:1079000060408000e40f500017003a00705980007a
:107910000000e00008003200925980002141800000
:10792000000320000088b900000078008200780081
:107930008ffb0700150037009059800002fe2f00d2
:107940000001410021418000000320000088b900af
:107950008000780000a02f000080400082007800a6
:1079600083fb0700090037008041800091418000bf
:107970000002be0040418000514180000001be0075
:107980000400be0038e30700000078000080fa0021
:10799000000006000000fa00f1578000805a8000c5
:1079a000808f500003003600f04180000030a000be
:1079b000f0418800f157800030418000808f5000f6
:1079c00003003100f04180000040a000f041880039
:1079d000f1578000905a8000808f500003003100e2
:1079e000f04180000050a000f04188003117800075
:1079f00000002800008060000000e000030032006a
:107a0000f04180000010a000f041880091598000f2
:107a100020418000808f500003003d00f041800035
:107a20000020a000f041880062598000f1468000eb
:107a300010002000810f5100010035000000eb0014
:107a4000e1418000010060000000e000030032001e
:107a5000f04180000000a000f0418800d044800088
:107a60000000e00004003200f04180000000a000af
:107a7000f04188009a28ef00705a8000800078005a
:107a8000f041800000806000f0418800f1418000fa
:107a9000f0022000008060000000e00005003200dd
:107aa000ca82a90020c5b300e2e8b7003c28ef0075
:107ab0000a28ef000080fa00000006000600fa0025
:107ac000100798002107980010002000000f780090
:107ad0001e00900080004000a0a520000080400013
:107ae00010007800b1652f00c2090700cdfa070029
:107af000800c200086140700000000007016800033
:107b0000620060000000e00004003200a016800067
:107b1000610060000000e000f8ff320000ccb3001c
:107b20000908070070168000620060000000e00095
:107b300018003a002e009000640060000000e00091
:107b400001003200a2f907002e00900061006000e1
:107b5000004078000004e000010032005afa0700fb
:107b60002e009000620060000000e0000200320081
:107b7000f9f907004628ef00505a80006500b90067
:107b80000000780080007800f0a420004014070076
:107b9000110037002e009000610060000040780066
:107ba0000004e0000100320073fa07002e0090008c
:107bb000620060000000e0000100320012fa0700dd
:107bc0000000eb00000f7800505a80008000780021
:107bd000a07f21002e1407001e00780080004000c6
:107be00080a9200000804000100078006a0907008a
:107bf000803e2000461407008afa0700f0598000f2
:107c00000c0807000080fa00000006000000fa00df
:107c1000401f2000b0438800f04180000000e000d9
:107c200004003200ebfa07000628ef0089fa07008b
:107c300021003700b04380000000e0000e003a0051
:107c4000505a80000000400080007800e0252100ac
:107c50000f140700304280000000e00003003200f3
:107c6000210020000000eb0094ff070010c0b300cb
:107c7000b507070068fc0700a016800061006000df
:107c80000000e000ebff3a00800c20002014070009
:107c9000604080000000e900604088006040800093
:107ca0000000e00002003d00c04680006040880007
:107cb000604080009afa07000080fa000000060089
:107cc0000200fa00a1782f0090772f0049090700e1
:107cd000b0792f00801f780004e807008f87e90043
:107ce000001920000a1407007e1407007114070011
:107cf0000004e0001300320080140700004f7800f9
:107d00002103200090392000e11307001e40780075
:107d10005c1407009e80fb001e80fb00811f780022
:107d2000801f7800807c2f00801f780080ae2000ac
:107d3000f6e70700e687570081ae2000000c200020
:107d400022090700a0168000610060000000e0002a
:107d5000e6ff3200505a800080007800c0f6200014
:107d6000cb130700d07d2f00801f7800dfe70700ce
:107d70008f87e9005b14070036fa07000080fa00dd
:107d8000000006000200fa0090002000000f7800ba
:107d90001e0078008000400060c32000008040008a
:107da0008000eb00010878001e00780000f0a700ba
:107db0000000ea000000ea004f00de00004078000a
:107dc0001e0fe9000004e000f1ff3a00400120002e
:107dd000e04388000080fa00000006000200fa007c
:107de000004280000000e00001003a005e28ef0041
:107df000e04380000000e00035003a00604280006f
:107e00000000e000140032000000eb00000f7800da
:107e10001e0078008000400060c320000080400009
:107e200010007800801f7800807f2f00801f78006e
:107e3000aee70700e48757001e0fe8001e00780039
:107e4000e90f5000f2ff3400e07f2f00801f780020
:107e5000a6e707008f87e90090002000000f780058
:107e6000b0618000e40f500018003c001e00780054
:107e70008000400060c320000080400010007800b7
:107e80000000e00005003a001e0fe9001e00780027
:107e90000000e000f5ff3a0001003700000000009c
:107ea000f04280009e0f500004003d009e007800cc
:107eb000f14288009e007800f1588800004280005e
:107ec0000000e000010032009c28ef00adff070039
:107ed0000080fa00000006000400fa001007980075
:107ee000a0002000000f78009e0090001e00780087
:107ef00000014000c0a22f000000410010007800e7
:107f0000808f500005003e001e0fe9001e00780023
:107f10000000e000f4ff3a0001003700000000001c
:107f20001e0078000080fa00000006000000fa0041
:107f300000588000e8ff0700f05888000080fa0031
:107f4000000006000400fa00100798000000eb0093
:107f5000000f7800010037001e0fe8001e007800b7
:107f6000ea0f500009003c001e007800800040002d
:107f700060a82f000080400010007800800078008a
:107f80001e009000808f5000f3ff35001e00780027
:107f900080004000c0a92f00008040001000780041
:107fa0000080fa00000006000000fa00005880007f
:107fb000e4ff0700f05888000080fa000000060087
:107fc0000000fa00f158800020478000808f5000a8
:107fd0001800320050168000700060000000e000c1
:107fe00008003200ca82a90020c5b300e2e8b70049
:107ff00040012000f044880010002000e04288008a
:108000004f003700e04280000000e0000300320033
:10801000f04480000000e00048003a005c28ef00d7
:10802000f05880002047880040012000f04488007c
:108030009c28ef00f05880008000400080b02000b5
:10804000008040001000780061006000004078006f
:108050000004e00002003200cae2a900010037007b
:10806000cae2a800f05880008000400080b02000e4
:108070000080400010007800620060000000e00016
:1080800002003200cac2a90001003700cac2a8001b
:10809000f0588000e10f500002003a00e9a2a80069
:1080a00001003700e9a2a900f0588000e20f50005b
:1080b00002003a00e982a80001003700e982a90025
:1080c000f0588000e30f500002003a00e9c2a80017
:1080d00001003700e9c2a900f0588000e40f500009
:1080e00002003a00c4e2a80001003700c4e2a9007f
:1080f000f0588000e50f500003003200f058800077
:10810000e60f500002003a00c4c2a8000100370088
:10811000c4c2a900f05880000000e0000300320053
:10812000f0588000e60f500002003400e802a8007a
:1081300003003700e802a90001003700000000003a
:108140000080fa00000006000000fa0010598000cc
:108150000000e00014003200a04380000000e000b6
:1081600011003a0011598000803e20000088b900bb
:1081700000007800a0438800504780000000e00025
:1081800002003a00a0002000f0588800005980004a
:108190008000400080a8200000804000100078008f
:1081a00036f90700ea28ef000080fa000000060018
:1081b0000000fa000000eb00c05988000080fa00bf
:1081c000000006000400fa00008fbe007059800015
:1081d000c200dd0020a42f00008040001000be007f
:1081e0000001be001e00be001de20700008fbe00a1
:1081f000705980000000e00005003a0002002000f5
:10820000032024001e00be0030e10700008fbe00e6
:108210000200200003f023001e00be002be1070037
:10822000fee40700d5e00700000078000080fa00b7
:10823000000006000200fa00889fbe000000eb006c
:10824000000f78008ce0a9001e007800800040003c
:1082500080c8200000804000900078001e00780058
:1082600000014000c0af200000004100010878007c
:108270001e0fe8001e007800e50f5000f2ff3400ea
:108280008ce0a8000041800011418000420a2700d4
:10829000d3f72300d1e207000004be00305880006d
:1082a0008000eb00d9e00700a2702d0033c223004c
:1082b000cae207000001be000800be0003e107009b
:1082c0000041880011418800004180001141800078
:1082d000bcff070020418800e04680000000e0006d
:1082e00016003200e04680000000e900e046880009
:1082f00021588000e05a8000008040006101b800f1
:10830000a0428000b142800002004000838048000b
:10831000a0428800b1428800105880006101b80076
:10832000c0428000d14280000200400083804800ab
:10833000c0428800d142880052003700a442800029
:10834000b5428000c0b42000104078000080fb00df
:108350008000eb000001be000400be0076e00700d4
:10836000a0428800b1428800c4428000d54280000b
:10837000c0b42000104078000080fb008000eb00bb
:108380000001be000400be006be00700c042880090
:10839000d1428800a2428000b3428000a042800007
:1083a000b1428000009ab90004027800028bb90043
:1083b00086027800050242000010b8000102420067
:1083c000840078008041880091418800c24280008a
:1083d000d3428000c0428000d1428000009ab900a0
:1083e00004027800028bb900860278000502420080
:1083f0000010b8000102420084007800a04188000b
:10840000b14188008241800093418000a0418000fa
:10841000b14180000000510081805900c0418800b6
:10842000d1418800c0428000d1428000a442800037
:10843000b54280000001be000400be008bfc0700b6
:10844000e0408800f1408800e0408000f14080007a
:108450004ae0070000007800f04688005828ef0046
:108460005a28ef00c0428000d1428000a04288001c
:10847000b1428800c0b42000104078000080fb00aa
:10848000e04688004f04be000080fa0000000600ad
:108490000600fa00000f78001107980022079800e4
:1084a0001e007800900078001e009000808f500021
:1084b000030034001e0078009e0090000108780040
:1084c0001e007800900078002e009000808f5000f1
:1084d00003003d001e007800ae0090000108780007
:1084e0000080fa00000006000400fa0070598000c5
:1084f0000000e00006003200a0598000650f400037
:10850000a05980006a00400010079800050037005d
:10851000a05980006a0f4000a059800074004000fc
:10852000100798004e28ef00a159800020418000dc
:10853000808f500002003c00100020007042880034
:10854000204180009e0f50000200350020002000d6
:1085500070428800214180001e009000808f5000f2
:1085600002003500300020007042880081598000f0
:108570007042800000804000704288000001eb00e3
:1085800031002000e0842000c1ff0700704280001d
:108590006200600000f0a7000000ea000000ea00ae
:1085a0004f00de00004078000080fb0061006000aa
:1085b0004200dd00411780000120a1000100700091
:1085c00040178800704280000040780061406000e1
:1085d00061406000614060000080fb00610060005d
:1085e0004300dd00411780000130a1000100700050
:1085f000401788000080fa00000006000000fa0022
:1086000040ab2f00801f780000ac2f00801f780047
:1086100080ac2f00801f7800b0932f00801f78005f
:10862000c0662f00801f7800b0e50700ea8757007a
:1086300040692f00801f7800ace507008f87e900b4
:10864000206d2f00801f7800a8e507008f87e900c4
:1086500030712f00801f7800a4e507008f87e900a4
:10866000c0cc210001002000809fbe0010992f0087
:10867000801f78009de50700e68757000080fa001c
:10868000000006000800fa00881f7800000f78003c
:10869000110798002207980033079800d046800001
:1086a0000000e000090032001e0090001004780075
:1086b000431107009e0078000180b9000000780097
:1086c000800044001e009000010878003e019000e8
:1086d000ae0090001e0090006dff07004f04780070
:1086e0000080fa00000006000200fa00000f780087
:1086f0008001eb00120020009e0078001000200096
:10870000e0ff07000080fa00000006000200fa0007
:108710000000eb00000f78000059800090428800b4
:10872000030037001e0078000000e800000f78000a
:108730001e007800e50f500008003c001e00780085
:108740008000400000ad2f000080400090007800c5
:1087500000598000808f5000f2ff3a008001eb004a
:10876000620020008e00780010002000c5ff070086
:108770001e0078008000400000ad2f000080400007
:108780001000780000598800015980009042800054
:10879000808f50001200320000598000e10f50001d
:1087a00005003c00105980000000e00002003a0083
:1087b000200020001059880000598000e20f50006e
:1087c00002003a000000eb001059880000598000b8
:1087d000e50f500002003a0090002000f058880099
:1087e00084fb070000598000e30f500002003a00ac
:1087f000500020000100370040002000c0468800e3
:10880000005980008000400040a02000008040000f
:1088100010007800801f780010802f00801f7800e3
:1088200080ae200039e50700e48757000080fa0099
:10883000000006000000fa008001eb00720020003a
:10884000a1b22000100020008eff070050598000c8
:108850007d110700505980008000400020372f0014
:108860000080400010007800801f7800c0802f003a
:10887000801f780080ae200024e50700e4875700c1
:108880000080fa00000006000000fa008001eb0002
:108890002200200081b220001000200079ff070094
:1088a00054fb0700405980008000400080aa20004f
:1088b0000080400010007800801f7800c0812f00e9
:1088c000801f780080ae200010e50700e487570085
:1088d0000080fa00000006000000fa008001eb00b2
:1088e000a200200021b220001000200065ff070038
:1088f000105980000000e00008003200105980008c
:10890000801f780060822f00801f780080ae2000da
:10891000fee40700e48757000700370040832f007c
:10892000801f7800109c2f00801f780080ae2000f0
:10893000f6e40700e48757000080fa000000060014
:108940000000fa0023032000823e200061b22000d4
:10895000a00020004bff070030598000600c880009
:1089600030598000801f780050842f00801f7800cd
:1089700080ae2000e5e40700e48757000080fa009d
:10898000000006000000fa008001eb0082bb20001e
:1089900041b22000200320003aff07002059800048
:1089a000900c880020598000801f780030852f00af
:1089b000801f780080ae2000d4e40700e4875700d1
:1089c0000080fa00000006000000fa0043062000c4
:1089d00042382000c1b22000a000200029ff07007b
:1089e00060598000cf80de0005df07000200200014
:1089f000832c24001ae00700809fbe0000862f0011
:108a0000801f780080ae2000c0e40700e687570092
:108a10000080fa00000006000000fa008001eb0070
:108a20003200200001b320001000200015ff0700d5
:108a30008059800080004000809f2000008040001e
:108a400010007800801f7800c0812f00801f780000
:108a500080ae2000ade40700e48757000080fa00f4
:108a6000000006000000fa00e0b220001eff070030
:108a70007159800040428000808f50000e0032000b
:108a80007059800040428800705980000000e0006a
:108a90000500320060042000905988008002200008
:108aa000a059880004003700e00920009059880090
:108ab00080062000a0598800705980008000400086
:108ac00000a020000080400010007800801f780087
:108ad00000652f00801f780080ae20008be4070027
:108ae000e48757000080fa00000006000000fa004a
:108af000705980000000e0000600320023032000cf
:108b00004206200021b3200010002000ddfe0700f7
:108b10000500370083072000420d200021b320000c
:108b200010002000d7fe07007059800061a12f00bf
:108b3000614078008000fb0090598000811f780020
:108b4000801f780040642f00801f780090632f0002
:108b5000801f780080ae20006ce40700e887570093
:108b60000080fa00000006000000fa007059800042
:108b70000000e0000b0032009059800074005000ab
:108b80008001eb000001780041b3200010002000bc
:108b9000bcfe0700a05980000080e9002042880048
:108ba0000a003700905980008002b10003022000c3
:108bb0000001780041b3200010002000b1fe070042
:108bc000a059800064005000204288007059800045
:108bd00061a12f00614078008000fb00a059800057
:108be000811f7800801f7800a0642f00801f78000c
:108bf00090632f00801f780080ae200043e40700c0
:108c0000e88757000080fa00000006000000fa0024
:108c1000a0b32000b4fe0700d059800080004000bf
:108c2000e0a120000080400010007800801f780044
:108c300000652f00801f780080ae200033e407001d
:108c4000e48757000080fa00000006000000fa00e8
:108c5000c0b32000a4fe0700e0598000800040005f
:108c600020a220000080400010007800801f7800c3
:108c7000e0862f00801f780080ae200023e40700ec
:108c8000e48757000080fa00000006000000fa00a8
:108c90008001eb0022002000e1b320001000200042
:108ca00078fe0700f05980008000400020a92000d5
:108cb0000080400010007800801f7800a0872f00ff
:108cc000801f780080ae200010e40700e487570082
:108cd0000080fa00000006000000fa0000b4200046
:108ce00081fe0700005a800080004000c0a92000db
:108cf0000080400010007800801f7800a0872f00bf
:108d0000801f780080ae200000e40700e487570051
:108d10000080fa00000006000000fa008001eb006d
:108d20004200200061b320001000200055fe070023
:108d3000b059800080004000e0a520000080400085
:108d400010007800801f780040882f00801f780076
:108d500080ae2000ede30700e48757000080fa00b2
:108d6000000006000000fa00704080008000400013
:108d700080a620000080400010007800801f78004e
:108d8000109c2f00801f780080ae2000dfe30700da
:108d9000e487570081ae2000000820000b05070083
:108da000704080008000400080ac200000804000c7
:108db000100078000000010081ae2000000c2000af
:108dc000020507000080fa00000006000200fa0019
:108dd000000f7800704080001e0040007040880046
:108de00000598000e20f5000090034004059800013
:108df000e10f50000600320070408000e30f500089
:108e000003003a00704080001e004000704088005f
:108e100000598000e20f500006003c0070408000c6
:108e2000e20f500003003a00704080001e00400036
:108e30007040880070408000ef0f50000100340047
:108e40000e28ef00704080000000e00002003d00ae
:108e5000f00020007040880023f60700704080007a
:108e60002ff607000080fa00000006000200fa005a
:108e7000000f78001e007800d4ff0700da28ef000a
:108e8000b8ff070010002000d0468800a02820006e
:108e90009f0f07009628ef000080fa0000000600f0
:108ea0000600fa00000f78001107980022079800ca
:108eb0001e0090009e007800808f500004003a0051
:108ec000e1152000f0a42000710f07000c0037000e
:108ed0002e0090009e007800808f500004003a0021
:108ee000e1152000c0f62000690f070004003700dc
:108ef000505a800080007800a07f2100640f070096
:108f00000080fa00000006000600fa00889fbe00fc
:108f1000f0f32f0000168800c222ef0080e0270047
:108f200030168800c822ef00e00124006016880097
:108f3000ce22ef001000200090168800d422ef000f
:108f4000c0c72f00f0168800e022ef0000002800c4
:108f500020178800e622ef00cfa2a800e862a80050
:108f600040442500a0048800b1048000f08f2f0049
:108f7000808060000050200001007000b004880074
:108f8000c1048000f0f82f008080600000062000ff
:108f900001007000c0048800100f0700f3020700f2
:108fa0009e0f070087f3070073f50700000f780096
:108fb00015f507001007980040598000e20f500097
:108fc00015003a0000598000e20f500012003400f2
:108fd000824280001e0090008000400040aa2000d5
:108fe00000804000900078001e0078008001400062
:108ff00040aa20000080410010007800821f780005
:10900000811f7800801f780060892f00801f780002
:1090100036e30700e88757001e0078000000e000f4
:1090200003003a001e0090000000e0000d00320036
:10903000fb040700408e2f00801f78002be3070001
:109040008f87e900a1922f0090912f0069040700fb
:109050005ff407001cf50700bff40700c05d2000a7
:109060002b0f0700705a80007000b300705a880000
:1090700070168000620060000000e00003003a000b
:1090800071002000100020008cfa07002059800099
:10909000900c880030598000600c8800f0598000e6
:1090a000e402070070168000680060000000e00025
:1090b0000a003a0080382100a0468800819d2f00d8
:1090c000709c2f004b040700000000007016800009
:1090d000680060000000e000fcff3200d0b4200017
:1090e000104078000004e0000e00320080ac2f0039
:1090f000801f7800b0932f00801f7800d0742f005d
:10910000801f780080ae200000e30700e68757004c
:1091100061942f0080ae200036040700007d2000ff
:10912000000f7800004b2000b04388001e0037007d
:10913000b04380000000e0001b003a00e115200071
:10914000e0252100d20e070080ac2f00801f7800a0
:1091500050962f00801f780080ae2000ebe20700c1
:10916000e487570081ae200070952f00210407008e
:1091700038f5070001982f00f0962f001d04070016
:10918000007d2000e20e0700100020005042880001
:1091900090002000f058880050428000ce0c07005c
:1091a0000000eb00000f7800a01680006100600056
:1091b0000000e000deff3a00f0588000e90f5000a8
:1091c0000200340090002000f058880050428000d7
:1091d0000000e00003003a0041062000f0a4200057
:1091e000ab0e07004a28ef00e842a800e862a90099
:1091f000caa2a9001e007800c50e0700caa2a800d6
:10920000e842a900e862a900505980000e0f07004b
:1092100040598000e20f500004003a0000598000dd
:10922000e20f500001003400f4fc0700111680002a
:1092300000002200008060000000e00001003a0011
:109240009ffa07007059800040428800715a8000e0
:1092500000022000008060000000e00002003200f8
:10926000a05a8000010037000000eb003041880068
:10927000c05980000000e00002003a00f058800071
:10928000010037009000200010428800a0598000a3
:10929000e400500070598000000040000080400051
:1092a0002042880000598000e30f500002003a007d
:1092b00050002000c0468800f2030700a0002000f4
:1092c0001bf30700cf80de00cddc07000004be00ea
:1092d000305a8000cf80de00c9dc07000001be00ec
:1092e0000800be00bdde0700804088009140880075
:1092f000e00020000ef30700cf80de00c0dc070096
:109300000041880011418800b05a8000cf80de0003
:1093100082cf25000289b900020178007d02b900e0
:10932000840178000301410083cf25000300b800c9
:109330000101410082007800425a8000cf91de0096
:10934000c9dc07004041880051418800815a8000f3
:10935000905a800000805000cf80de00a8dc07001b
:10936000a0408800b1408800a2f80700a028200093
:10937000b04688007a28ef003428ef003628ef0046
:10938000a0418000b1418000804188009141880067
:10939000b0598000604088000100370000000000e4
:1093a000501680006200600000f0a7000000ea0094
:1093b0000000e9004f00de00004078000080fb0064
:1093c0006100600000004000511680000110a10003
:1093d00001007000501688009828ef0040168000a9
:1093e0004300de00614060000080fb000042880016
:1093f000004280000000e00001003a009c28ef00dd
:109400000059800080004000a0ab20000080400098
:10941000100078000000010086fb07005df90700de
:10942000a0282000b0438800111680000000220010
:10943000008060000000e0003b003a00f041800046
:109440000000e00038003a00b04380000000e00077
:1094500017003a00504080000000e00012003a007f
:10946000e1152000c0f62000090e070010002000c2
:1094700050408800419f2f00909e2f005d03070001
:1094800099f407000000000011168000000022007f
:10949000008060000000e000fbff3200800c200034
:1094a0001b0e070002003700100020006ffe0700af
:1094b0001116800000002200008060000000e00023
:1094c000e1ff3200800c2000110e0700b043800045
:1094d0000000e00013003200504080000000e00077
:1094e0000e003a00604080000000e8006040880004
:1094f00061408000c04680000000e8000001780064
:10950000110009008200d8008000fd006040880042
:109510006040800082f40700020037001000200045
:109520002afe0700a60d0700504080000000e00062
:1095300025013a00f04180000000e0008a003a0076
:1095400070168000700060000000e00012003a0019
:10955000e04180000000a200e0418800515a8000f4
:10956000e04180000000e00002003200a07f210006
:1095700001003700c0f62000c50d07000000000004
:1095800070168000700060000000e000fcff3200f8
:10959000800c2000de0d0700111680000000210065
:1095a000008060000000e00025003a0000598000c3
:1095b000e50f500022003200c05980000000a200d8
:1095c000c0598800100020000047880010002000cb
:1095d00030428800c05980000000e00006003200e0
:1095e000e8f90700f058800010428800a000200031
:1095f000f05888000200370010428000f0588800c0
:10960000515a8000c05980000000e0000200320082
:10961000c0f6200001003700a07f21009c0d07004c
:109620000000000011168000000021000080600092
:109630000000e000fbff3200800c2000b40d0700aa
:1096400070168000620060000000e000040032003c
:1096500070168000680060000000e00042003a00e0
:10966000004280000000e0003f003a0010002000af
:1096700030428800c05980000000e000090032003c
:109680000000eb00c059880010428000f0588800ac
:10969000505a800080007800a07f21007c0d0700d8
:1096a0002f003700f15880007016800062006000c3
:1096b0000000e00002003a00100020000100370026
:1096c0000080eb0000804000f0588800120020006d
:1096d00091002000e0b120006dfb0700f0588000f1
:1096e0001200200091002000edfd0700d0598000fd
:1096f0000000e00006003200f058800080004000ca
:10970000e0a2200000804000100078000500370033
:10971000f05880008000400040a4200000804000fd
:109720001000780080007800a00c2000a70207003d
:10973000a0282000760d07007016800062006000ef
:109740000000e000d7ff3200701680006800600063
:109750000000e000d3ff3200f05880001042880083
:10976000100020000047880000c8b300f600070082
:1097700060408000e40f500002003c002cf807001d
:10978000560207006040800080004000e0aa2000f0
:10979000008040001000780000000100f0588000b8
:1097a0008000400080b02000008040001000780061
:1097b0008000400060a12000008040001000780080
:1097c00080007800000c200080020700f04180003b
:1097d0000000e00003003200ddf7070010408800c1
:1097e00017003700e04180000000e0001200320066
:1097f000004280000000e0000c003200f0588000c1
:10980000ea0f500006003200f05880000000e0002f
:1098100003003200f09a2f00104088000800370043
:10982000509b2f001040880005003700b09b2f0090
:109830001040880002003700909a2f0010408800e6
:109840001040800054020700c05980008000400092
:1098500020a1200000804000100078004e02070088
:10986000d05980000000e00006003200f05880006f
:1098700080004000e0a2200000804000100078003e
:1098800005003700f05880008000400040a4200010
:1098900000804000100078003f020700c80c07005d
:1098a000200798002e0090000000e0002800320001
:1098b0001000200030428800f0588000f1588000ed
:1098c0000181400081b02000810041001101780039
:1098d000ae0090000100e00007003c00ae009000e8
:1098e0000100e00002003d008080eb000100370035
:1098f0008000eb00010037001100200081004100d2
:109900000001400080b02000000041000108780004
:10991000f0588000000040008000780080b02000f7
:10992000008040000001eb0031002000d8fa070061
:10993000f05880008000400080b02000008040008f
:10994000100078000001eb003100200054fd0700fa
:109950009bf90700004280000000e0001600320082
:10996000e04180000000e00013003200f041800080
:109970000000e00010003a00f0588000ea0f5000ac
:109980000d003200f05880000000e0000a003200b4
:10999000f04480000000e00007003a00e04480004e
:1099a0000000e00004003a00ca82a80040c5b300ed
:1099b000e2e8b70020003700ca82a90020c5b30042
:1099c000e2e8b7001c0037003c28ef00ca82a9007b
:1099d00020c5b300e2e8b700e2fc07007016800083
:1099e000700060000000e00013003a00505a800050
:1099f00080007800a07f2100a50c07002100200036
:109a00000000eb002df807000a28ef00a028200036
:109a1000b04688006a0c07001a020700005980004f
:109a2000e30f50000400320060408000e50f50005a
:109a300001003a000c28ef00abfa0700004080005c
:109a400000000100a0168000610060000000e0003e
:109a500052fe320050408000e10f500007003a00f3
:109a60000080eb0001fd0700a0168000610060008f
:109a70000000e000faff3a0049fe370063f80700f3
:109a800047fe37000200fa00004f78000900fc0092
:109a9000b1168000f00f2000808060001e80fb0067
:109aa0004800dd0001007000b016880010002000a2
:109ab000860c0700d6a2a80010002000830c070027
:109ac000d6a2a90010002000800c07000080fa0038
:109ad000000006000200fa000400fc00911680005d
:109ae00000f02f000100700090168800d6c2a80078
:109af000d6e2a90010002000740c0700d6a2a8002e
:109b000010002000710c0700a11680000000280042
:109b1000008f6000d6a2a9001e0078000000e000bf
:109b2000f4ff3a00d6c2a900d6e2a8000400fc0067
:109b300091168000f00f20000080600090168800d1
:109b40000080fa00000006000200fa00004f7800d2
:109b5000e0ff0700d6e2a9001e407800c9ff070019
:109b6000d6e2a8000080fa00000006000200fa0019
:109b70000000eb00000f7800d6e2a900d6c2a900d1
:109b8000f0002000620c070080e22f001e00400061
:109b900010407800bbff0700500020005c0c07005d
:109ba0001e0fe8001e007800e50f5000f6ff34009d
:109bb000d6e2a800007d2000900c8800c012200092
:109bc000600c88000080fa00000006000200fa0025
:109bd000004f7800bfff07001e407800a9ff070074
:109be0000080fa00000006000400fa00004f780030
:109bf00011079800020037001e407800f3ff0700ad
:109c00001e00900000f0a7000000ea000000ea003b
:109c10004f00de00004078009e0090008100e900c7
:109c2000110798000004e000f3ff3a000080fa00fa
:109c3000000006000200fa00000f780000c4b30024
:109c4000c1ff07001e007800e20f500058003a00e4
:109c5000210020000040eb00e3ff0700110020007e
:109c600000c1b300e0ff07002100200050c1b30095
:109c7000ddff07001100200000c1b300daff07007c
:109c8000210020000040eb00d7ff0700210020004a
:109c90000040eb00d4ff07001100200080c1b3009a
:109ca000d1ff070021002000d0c1b300ceff070084
:109cb0001100200080c1b300cbff0700210020006d
:109cc0000040eb00c8ff0700210020000040eb002f
:109cd000c5ff070011002000c0c1b300c2ff07008c
:109ce00021002000d0c1b300bfff070011002000f9
:109cf000c0c1b300bcff0700210020000040eb0002
:109d0000b9ff0700210020000040eb00b6ff07006c
:109d100011002000e0c1b300b3ff070021002000c4
:109d2000f0c1b300b0ff070011002000e0c1b30094
:109d3000adff0700210020000040eb00aaff070054
:109d4000210020000040eb00a7ff07004100200099
:109d5000f0c1b300a4ff0700210020000040eb0089
:109d6000a1ff0700210020000040eb009eff07003c
:109d700041002000f0c1b3009bff0700210020003c
:109d80000040eb0098ff0700210020000040eb009e
:109d900095ff07004100200000c1b30092ff0700bb
:109da000210020000040eb008fff0700b8003700c3
:109db0001e007800e10f500076003a0011002000ec
:109dc0000040eb0088ff07002100200000c1b30025
:109dd00085ff07002100200050c1b30082ff07006b
:109de0002100200000c1b3007fff07001100200008
:109df0000040eb007cff0700110020000040eb005a
:109e000079ff07001100200000c1b30076ff0700b2
:109e10001100200080c1b30073ff07002100200063
:109e2000d0c1b30070ff07001100200080c1b30053
:109e30006dff07001100200000c1b3006aff07009a
:109e4000110020000040eb0067ff07001100200018
:109e50000040eb0064ff07001100200000c1b300c8
:109e600061ff070011002000c0c1b3005eff0700c2
:109e700021002000d0c1b3005bff070011002000cb
:109e8000c0c1b30058ff07001100200000c1b3009b
:109e900055ff0700110020000040eb0052ff0700b3
:109ea000110020000040eb004fff070011002000d0
:109eb00000c1b3004cff070011002000e0c1b30057
:109ec00049ff070021002000f0c1b30046ff070052
:109ed00011002000e0c1b30043ff07001100200083
:109ee00000c1b30040ff0700110020000040eb005c
:109ef0003dff0700110020000040eb003aff070083
:109f00001100200000c1b30037ff0700410020000e
:109f1000f0c1b30034ff07001100200000c1b300fe
:109f200031ff0700110020000040eb002eff07006a
:109f3000110020000040eb002bff07001100200063
:109f400000c1b30028ff070041002000f0c1b300aa
:109f500025ff07001100200000c1b30022ff070009
:109f6000110020000040eb001fff0700110020003f
:109f70000040eb001cff07006100200000c1b3009f
:109f800019ff0700110020000040eb0016ff07003a
:109f90003f003700210020000040eb0012ff0700c7
:109fa0003100200000c1b3000fff07003100200086
:109fb0000040eb000cff0700110020000040eb0008
:109fc00009ff07005100200000c1b30006ff070091
:109fd000210020000040eb0003ff070011002000db
:109fe0000040eb0000ff07005100200000c1b3005b
:109ff000fdfe0700210020000040eb00fafe0700f4
:10a00000110020000040eb00f7fe07005100200087
:10a0100040c1b300f4fe0700210020000040eb0027
:10a02000f1fe0700110020000040eb00eefe0700eb
:10a030005100200040c1b300ebfe070021002000ca
:10a040000040eb00e8fe0700110020000040eb009c
:10a05000e5fe07005100200050c1b300e2fe0700fa
:10a06000210020000040eb00dffe0700210020005f
:10a070000040eb00dcfe07003100200000c1b3000f
:10a08000d9fe0700310020000040eb00d6fe07009b
:10a09000110020000040eb00d3fe0700110020005b
:10a0a000c0c1b300d0fe07001100200040c1b300c2
:10a0b000cdfe070011002000c0c1b300cafe07009a
:10a0c000410020000040eb00c7fe070010c0b300b5
:10a0d0009dfe07000080fa00000006000800fa005c
:10a0e000300798000000eb0010079800be009000b9
:10a0f00000032000808f5000020034000003200085
:10a10000300798003e019000b0aa22000090b900ec
:10a110004f91de0002805000200798003e00900022
:10a12000b1aa22000181b900cf80de0081805100f8
:10a130006609b9008200780001005000000f780025
:10a140009e0090002e009000808f500003003d0084
:10a1500050c0b3009dfe0700050037001e007800c8
:10a160000040780099fe07000000eb00000f780027
:10a170001e0090000000e800100798001e009000ec
:10a18000e70f5000eeff340060c0b3008ffe070001
:10a190000080fa00000006000000fa00881f780026
:10a1a0000004780003003700184078000804e80035
:10a1b00086fe0700184078000004e000faff3a002d
:10a1c0004f0478000080fa00000006000400fa0046
:10a1d000000f7800110798001e00780000407800fa
:10a1e00059fe07001e009000ebff07000080fa00f8
:10a1f000000006000400fa00000f78001107980024
:10a200009e00780010002000f0ff07009e009000e4
:10a21000000c2000edff07000080fa00000006009f
:10a220000600fa00008fbe00220798002e00900062
:10a23000c200dd0060e62f00008040001000be007c
:10a240000001be001e00be0005da07002e019000ce
:10a2500082014100a2c72000028141001201780062
:10a26000809fbe00821f780080ae2000a7de07001e
:10a27000e687570080ae2000c7ff07000080fa0085
:10a28000000006000000fa0000012000604788007e
:10a29000604780000000e900604788006047800058
:10a2a000a1c420000041eb0082707800604780006c
:10a2b0000000e000f6ff3a000080fa00000006000f
:10a2c0000200fa002000200087f10700f90a0700c9
:10a2d0000004e00041003200080b0700004f780046
:10a2e0001e407800ea4f50003b003200604780007b
:10a2f000e10f500009003200e20f50000d00320063
:10a300000000e00011003a00d0c3b3009e40780086
:10a3100080cf5000240032003000370020c4b3004a
:10a320009e40780080cf500021003200ec28ef00e2
:10a330002a0037001e00fb000003b100e90f5000a7
:10a340001d003600ec28ef00240037001e40780086
:10a35000ed4f500012003a00604780001e41780027
:10a36000a1c4200082707800a0c420000080e80012
:10a37000f7dd0700f0588800f05880000000e0008a
:10a3800003003400f0588000e90f50000200340050
:10a39000a0002000f05888001000200050478800de
:10a3a000b8ff07000d003700000000000300370071
:10a3b000000000000100370000000000604780003e
:10a3c0001e417800a1c42000827078000000e800df
:10a3d0006047880001003700000000000080fa009c
:10a3e000000006000a00fa00008fbe002207980055
:10a3f00034079800450798002e009000cf80de00bb
:10a400007fd807001e01be0074da07003e019000ed
:10a41000ce01900092d907000080fa0000000600eb
:10a420000400fa0020952e00801f780020952e0051
:10a43000801f7800e0b12e00801f780030b22e001f
:10a44000801f780080b22e00801f78007cdd07001e
:10a45000ea8757000000eb00000f78001900370072
:10a460008e80e8001e01780000002f0000004100ef
:10a47000130020000101780080007800f007200020
:10a48000bdee07001e0078006f0060000000e000d5
:10a4900005003a009e1f780040b52e00801f78000e
:10a4a00067dd0700e48757001e009000801f7800da
:10a4b000d0b52e00801f780061dd0700e4875700cb
:10a4c0001e8fe800f00f20009e007800808f500063
:10a4d000e3ff340020952e00801f780020952e0089
:10a4e000801f780030b62e00801f780054dd0700f2
:10a4f000e68757000080fa00000006000600fa0018
:10a50000008fbe00220798001e01be001e00be0084
:10a5100032da0700008fbe00405a800004c22b00d0
:10a52000e5cb2400000178001e00be00adff07004f
:10a530002e019000821f7800809fbe0040902e0068
:10a54000801f7800e9dd0700e88757000080fa00e7
:10a55000000006000400fa00008fbe00205a8000b0
:10a560000400250035842400000178001e00be0090
:10a570009cff070022b72e00821f7800809fbe003c
:10a58000b08f2e00801f7800d8dd0700e8875700c5
:10a590000080fa00000006000400fa00008fbe00f0
:10a5a000305a8000044022004597240000017800c2
:10a5b0001e00be008bff070072b72e00821f7800be
:10a5c000809fbe00b08f2e00801f7800c7dd07007f
:10a5d000e88757000080fa00000006000600fa0035
:10a5e000100798002107980000598000e60f5000de
:10a5f00006003a001e009000ae009000dfd7070072
:10a60000000078004ff60700050037001e0090009c
:10a61000ae009000d9d70700000078002ef60700a2
:10a62000000f78001e0078008000400060be20000f
:10a630000080400010007800801f78009e1f780086
:10a64000d0b72e00801f7800fddc0700e68757009a
:10a650000080fa00000006000400fa00008fbe002f
:10a6600062b82e001e00be00a4ff07000080fa00a2
:10a67000000006000400fa00008fbe00e05a8000cf
:10a68000cf80de00ded707000001be001e00be0046
:10a690000ed80700008fbe00e2b82e001e00be00dc
:10a6a00096ff07000080fa00000006000400fa0090
:10a6b000008fbe00705980000000e0000a003200e8
:10a6c000d2a32000331824001e00be00e4d80700e7
:10a6d000809fbe0050912e00801f780083dd070010
:10a6e000e68757000c003700a299290013112400b7
:10a6f0001e00be00dad8070002002000032024005c
:10a70000f2d70700809fbe0050912e00801f780076
:10a7100076dd0700e6875700705980008000400012
:10a7200000a020000080400010007800801f78000a
:10a7300060b92e00801f78006cdd0700e4875700a9
:10a740000080fa00000006000000fa0090b92e0018
:10a75000801f7800badc07008f87e9003e28ef00f1
:10a760000080fa00000006000000fa00e0ba2e00a7
:10a77000801f7800b2dc07008f87e900f04180007d
:10a780000010a000f04188000080fa0000000600e0
:10a790000000fa0010bc2e00801f7800a8dc070023
:10a7a0008f87e900f04180000000a000f0418800a0
:10a7b0000080fa00000006000000fa0000bd2e0034
:10a7c000801f78009edc07008f87e900f041800041
:10a7d0000020a000f04188000080fa000000060080
:10a7e0000000fa00705a8000680060000000e0007d
:10a7f0000a003200f08b2e00801f780070be2e0001
:10a80000801f78008edc0700e4875700f04180004d
:10a810000030a000f041880008003700508e2e0064
:10a82000801f7800f08b2e00801f780000bf2e0064
:10a83000801f780082dc0700e68757000080fa005e
:10a84000000006000000fa00715a8000000220009b
:10a85000008060000000e0000c003200808d2e00bf
:10a86000801f7800c08c2e00801f780090bf2e00c3
:10a87000801f780072dc0700e6875700f0418000f7
:10a880000040a000f04188000a003700508e2e00e2
:10a89000801f7800808d2e00801f7800c08c2e00d5
:10a8a000801f780040c02e00801f780064dc070005
:10a8b000e88757000080fa00000006000000fa0058
:10a8c000715a800000022000008060000000e0005b
:10a8d0000a003200c08c2e00801f7800f0c02e00cd
:10a8e000801f780056dc0700e4875700f0418000a5
:10a8f0000050a000f041880008003700508e2e0064
:10a90000801f7800c08c2e00801f7800e0c12e00d0
:10a91000801f78004adc0700e68757000080fa00b5
:10a92000000006000000fa0070c22e00801f7800b0
:10a9300043dc07008f87e900f0032000f041880026
:10a940000080fa00000006001200fa00881f78005c
:10a95000580907000004e0005804320067090700a6
:10a960000080fb00f6dc0700604798006e40900016
:10a970000080fb006101b90010fc2f00f1ff2f00e7
:10a980000200400083804800b20120000300200044
:10a99000820f5000838f58003d043e00006001008c
:10a9a0001b0037003a0437006d003700aa0037005b
:10a9b000ba0037001001370020013700b802370015
:10a9c000b902370012003700e30237000b033700eb
:10a9d00055033700a1033700e10337002c0437008b
:10a9e0002b0437002a0437002904370028043700d5
:10a9f00027043700260437002504370024043700d5
:10aa00002304370022043700210437000f043700e5
:10aa1000faf6070020952e00801f780020952e0062
:10aa2000801f7800b0c32e00801f7800afdc0700c5
:10aa3000e687570090c52e00801f7800abdc07002a
:10aa40008f87e90040c72e00801f7800a7dc070031
:10aa50008f87e900509f2e00801f7800b0c82e001d
:10aa6000801f7800a1dc0700e4875700d0852e0006
:10aa7000801f780020c92e00801f78009bdc070013
:10aa8000e4875700b0c92e00801f780097dc0700cc
:10aa90008f87e90050cc2e00801f780093dc0700e0
:10aaa0008f87e90070ce2e00801f78008fdc0700b2
:10aab0008f87e90020d02e00801f78008bdc0700f4
:10aac0008f87e900309b2e00801f7800b0d22e00c7
:10aad000801f780085dc0700e487570020992e004e
:10aae000801f780020d32e00801f78007fdc0700b5
:10aaf000e487570090d32e00801f78007bdc07008e
:10ab00008f87e900c0872e00801f780010d52e00a7
:10ab1000801f780075dc0700e4875700f0892e005d
:10ab2000801f780080d52e00801f78006fdc070022
:10ab3000e487570020952e00801f780020952e0076
:10ab4000801f7800d09c2e00801f7800f0d52e004a
:10ab5000801f780065dc0700e8875700d7033700bf
:10ab600020952e00801f780020952e00801f7800f1
:10ab7000d0d62e00801f780050d72e00801f78007e
:10ab8000b0d72e00801f780010d82e00801f7800cc
:10ab900090d82e00801f780054dc0700ee87570005
:10aba00090002000200798002e009000e0ec0700a5
:10abb000000f98000e089000cf80de0090d60700ae
:10abc00004002000055824005200200005fe070064
:10abd0000e099000809fbe00821f7800ae0090009a
:10abe000811f780050da2e00801f78003fdc0700bc
:10abf000ea8757002e009000690050008000400056
:10ac0000c0bf200000804000100478000e089000b3
:10ac1000cf80de007ad60700080001002e009000e9
:10ac20000000e800200798002e009000ee0f500072
:10ac3000ddff340020952e00801f780020952e0027
:10ac4000801f780090db2e00801f780027dc070033
:10ac5000e687570099033700509f2e00801f780029
:10ac600020dc2e00801f780020dc0700e4875700de
:10ac7000a208070067406000604798006e4090009f
:10ac80000080fb008000400080c020000080400069
:10ac900010007800000001008803370050de2e000d
:10aca000801f780011dc07008f87e900d0972e0005
:10acb000801f7800d0852e00801f780080de2e0057
:10acc000801f780009dc0700e68757008b08070023
:10acd0000081fb00b0aa2a000010b8000100d100da
:10ace0006300b90000007800000051006047980040
:10acf0006e4090000080fb008000400020a92000f2
:10ad000000804000900078006e4090000080fb00c2
:10ad1000811f7800801f780020e02e00801f7800bf
:10ad2000f2db0700e68757006e4090000080fb00d2
:10ad3000c0fb07000040eb00604798000000eb00fc
:10ad40002007980040ccb3007ffb0700b0c5b300dc
:10ad50009efb07006e4090009cfb07006e40900039
:10ad60000080fb00801f7800c0e02e00801f78006c
:10ad700080ae20005fdb0700e487570080ae200034
:10ad800005fd070040c8b3006ffb07002e009000d0
:10ad9000d2fc0700a0002000dd0707002e00900075
:10ada0000000e80020079800ae009000000320009b
:10adb000808f5000f3ff34006e4090000040e800a8
:10adc00060479800401f2000d1070700390807009e
:10add0000004e000d9ff320048080700f059800065
:10ade00094fb0700309e2e00801f7800bfdb070019
:10adf0008f87e9003103370050e12e00801f780073
:10ae0000badb07008f87e9000000eb00000f980015
:10ae100012002000010f2f00f007200063ec070054
:10ae20007000470013002000020f2f00f1072000e0
:10ae30007fec07007afd07002003370020952e00e5
:10ae4000801f780050e32e00801f7800d0e32e0092
:10ae5000801f780040e42e00801f780060e42e0000
:10ae6000801f780020e62e00801f78009fdb0700ff
:10ae7000ec875700305a8000801f7800a0e82e0031
:10ae8000801f780099db0700e4875700205a800074
:10ae9000801f7800a0ea2e00801f780093db070057
:10aea000e4875700405a8000801f7800a0ec2e00f5
:10aeb000801f78008ddb0700e4875700e05a800090
:10aec000801f7800a0ee2e00801f780087db07002f
:10aed000e4875700a0f02e00801f780083db070076
:10aee0008f87e900505a80000000e0000700320020
:10aef000505a8000801f780040f22e00801f78009a
:10af00007adb0700e487570004003700d0f22e00f8
:10af1000801f780075db07008f87e90030f32e0073
:10af2000801f780071db07008f87e900c0b4200024
:10af300010407800e14f500005003a00d0f42e0098
:10af4000801f780069db07008f87e9000800370061
:10af5000c0b42000104078000080fb00801f780003
:10af600070f52e00801f780060db0700e487570033
:10af7000c0f52e00801f78005cdb07008f87e9009a
:10af8000705a8000680060000000e000100032008d
:10af9000385a8000805a8000cf80de0098d50700a4
:10afa0000440220045972400080178000dfd0700a9
:10afb000825a8000809fbe00821f780060922e001f
:10afc000801f780049db0700e8875700060037003c
:10afd00010518000801f780060f72e00801f7800dd
:10afe00042db0700e4875700b0f72e00801f78008f
:10aff0003edb07008f87e900715a800000022000c5
:10b00000008060000000e00010003200385a80002c
:10b01000905a8000cf80de0079d5070004402200de
:10b020004597240008017800eefc0700925a800042
:10b03000809fbe00821f780060922e00801f7800e3
:10b040002adb0700e8875700060037001051800010
:10b05000801f780060f72e00801f780023db070038
:10b06000e487570050f92e00801f78001fdb07008f
:10b070008f87e900715a8000000220000080600084
:10b080000000e00010003200385a8000a05a800012
:10b09000cf80de005ad507000440220045972400e7
:10b0a00008017800cffc0700a25a8000809fbe00f4
:10b0b000821f780060922e00801f78000bdb070053
:10b0c000e88757000600370010518000801f780085
:10b0d00060f72e00801f780004db0700e48757002c
:10b0e000b05a8000801f7800f0fa2e00801f780090
:10b0f000feda0700e4875700c05a8000d15a80006a
:10b10000809fbe00f0fc2e00801f7800f7da070059
:10b11000e6875700d0b42000104078000080fb0084
:10b120008000400020a22000008040001000780035
:10b13000801f780000ff2e00801f7800ebda0700e8
:10b14000e487570020952e00801f7800e0002f0034
:10b15000801f7800a0022f00801f7800e3da07002c
:10b16000e6875700005980008000400040a0200082
:10b170000080400010007800801f780050032f00ee
:10b18000801f7800d9da0700e487570030052f00c8
:10b19000801f7800d5da07008f87e90010598000fa
:10b1a0000000e0000700320010598000801f780086
:10b1b000d0062f00801f7800ccda0700e487570004
:10b1c0000400370090072f00801f7800c7da0700bf
:10b1d0008f87e900d0072f00801f7800c3da0700af
:10b1e0008f87e900505980008000400020372f00f1
:10b1f0000080400010007800801f7800400a2f0077
:10b20000801f7800b9da0700e487570030598000c2
:10b21000801f7800a00c2f00801f7800b3da070091
:10b22000e487570020598000801f7800a00e2f006f
:10b23000801f7800adda0700e4875700605980006e
:10b24000cf80de00eed4070002002000832c240013
:10b2500003d60700809fbe00a0102f00801f78003b
:10b26000a2da0700e687570080598000800040007e
:10b27000e0bd20000080400010007800801f7800b2
:10b28000a0122f00801f780098da0700e48757008b
:10b29000705980008000400000a020000080400025
:10b2a00010007800801f780080142f00801f780025
:10b2b0008eda0700e48757007059800061a12f00e3
:10b2c000614078008000fb0090598000811f780069
:10b2d000801f780060162f00801f7800c0912e001c
:10b2e000801f780081da0700e887570070598000d6
:10b2f00061a12f00614078008000fb00a059800010
:10b30000811f7800801f780000182f00801f7800b0
:10b31000c0912e00801f780074da0700e88757007c
:10b32000d059800080004000e0a120000080400053
:10b3300010007800801f7800a0192f00801f78006f
:10b340006ada0700e4875700e05980008000400077
:10b3500020a220000080400010007800801f7800ac
:10b36000801b2f00801f780060da0700e4875700f9
:10b37000f05980008000400020a92000008040009b
:10b3800010007800801f7800601d2f00801f78005b
:10b3900056da0700e4875700005a8000800040001a
:10b3a000c0a920000080400010007800801f7800b5
:10b3b000401f2f00801f78004cda0700e4875700f9
:10b3c000b059800080004000e0a5200000804000cf
:10b3d00010007800801f780020212f00801f780047
:10b3e00042da0700e4875700e04180008000400017
:10b3f00060a220000080400010007800801f7800cc
:10b4000000232f00801f780038da0700e4875700f8
:10b41000c059800080004000a0a2200000804000b1
:10b4200010007800801f7800e0242f00801f780033
:10b430002eda0700e4875700d05980000000e000b2
:10b44000060032001042800080004000e0a2200090
:10b450000080400010007800050037001042800096
:10b460008000400040a420000080400010007800d0
:10b47000801f780050932e00801f78001bda070091
:10b48000e487570020952e00801f780060b92e00b9
:10b49000801f780015da0700e4875700870137001e
:10b4a000dffb070085013700604280000000a2003a
:10b4b00060428800604280000000e0001500320019
:10b4c000604280008000400020a2200000804000f8
:10b4d00010007800801f780090a02e00801f780058
:10b4e00002da0700e4875700e0a12e00801f7800f1
:10b4f000fed907008f87e90020952e00801f780075
:10b50000c0262f00801f7800f8d90700e487570075
:10b510006a01370020952e00801f780040272f00f9
:10b52000801f7800f1d90700e4875700604280004f
:10b530008000400020a22000008040001000780021
:10b54000801f780090a02e00801f7800e7d90700a8
:10b55000e487570059013700309b2e00801f780088
:10b56000a0272f00801f7800e0d90700e48757004c
:10b5700010002000200798002e009000800040005e
:10b5800080b0200000804000100078006300500070
:10b5900000004000000178002e0090008000400074
:10b5a00080b0200000804000100078008000e8009b
:10b5b0002e0090008001400040a420000080410047
:10b5c00010007800821f7800811f7800801f7800ab
:10b5d000f0272f00801f7800c4d90700e8875700a4
:10b5e0002e0090000000e800200798002e00900038
:10b5f000e90f5000e0ff340030013700d0972e00f3
:10b60000801f780020992e00801f780080292f004d
:10b61000801f7800b5d90700e68757003706070076
:10b620007059800061a12f00614078006047980048
:10b630006000b800008fbe000000eb0020079800fb
:10b64000e00020003aea0700cf80de00ecd30700dc
:10b650000001be001e00be001cd40700008fbe000b
:10b660002e0090000000e800200798002e009000b7
:10b67000e90f5000f2ff3400705980000000e00034
:10b6800006003200c2cc2c00333224001e00be0063
:10b69000f3d40700008fbe000a003700020020002c
:10b6a000632b24001e00be00edd40700008fbe00f7
:10b6b00002002000032024001e00be0003d4070067
:10b6c000008fbe006e4090000080fb00ee409000b6
:10b6d0000181fb00801f78001e00be00809fbe001d
:10b6e000821f78001e00be00809fbe00a0832e0037
:10b6f000801f78007dd90700ee87570020032000c7
:10b7000083050700eb0507000004e000c8ff3200d6
:10b71000fa050700309e2e00801f780073d90700bd
:10b720008f87e900e5003700702b2f00801f78001d
:10b730006ed907008f87e9000606070040079800ca
:10b74000510798004e019000de0190003006200065
:10b7500001002000800f5100818f59000700340044
:10b760004e019000de01900000fa20000100200050
:10b77000800f5100818f59000500340080a42e00f5
:10b78000801f780059d907008f87e900cb00370068
:10b790004e009000de0090000000400081804800d4
:10b7a0000001be000000280001072000aed3070002
:10b7b00060079800710798004e009000de0090002e
:10b7c000809fbe00602e2f00801f780047d90700a1
:10b7d000e6875700a02f2f00801f780043d907006d
:10b7e0008f87e900db0507004007980051079800a4
:10b7f0004e019000de01900090002000010020002a
:10b80000800f5100818f5900070034004e019000d5
:10b81000de01900000d0270001002000800f5100c1
:10b82000818f59000500340080a42e00801f78000d
:10b830002ed907008f87e900a0003700ce009000c6
:10b840006e0090001205070050de2e00801f780069
:10b8500026d907008f87e90098003700c0872e009f
:10b86000801f7800a0272f00801f78001fd90700b5
:10b87000e487570010c0b300b3f807000000eb00e6
:10b88000200798009d050700604798002e00900053
:10b89000f00f500002003a0000ccb300aaf80700f5
:10b8a0006e409000ed4f500004003200ae0090005a
:10b8b00000022000808f500004003a0010c0b30046
:10b8c000a1f807000000eb00200798006e409000f0
:10b8d0000080fb0001fe2f0080804000e00520007a
:10b8e000808f50000d003e006e4090000080fb00f5
:10b8f000801f7800b0312f00801f7800fbd8070030
:10b90000e48757006e409000b0f807002e009000ca
:10b910000000e80020079800090037006e40900002
:10b920000080fb00b1a52e00811f7800801f7800e9
:10b93000b0322f00801f7800ecd80700e687570050
:10b940006e409000fb4f5000ceff3a00309e2e001c
:10b95000801f7800e5d807008f87e900570037007f
:10b96000f0892e00801f7800a0272f00801f78000c
:10b97000ded80700e487570010c0b30072f8070054
:10b980000000eb0020079800b10507006047980011
:10b990002e009000f00f500002003a0000ccb300df
:10b9a00069f80700ae00900000022000808f500070
:10b9b00004003a0010c0b30063f807000000eb0079
:10b9c000200798006e40900080f807006e409000bd
:10b9d0000080fb0001fe2f0080804000e005200079
:10b9e000808f50000b003e002e0090000000e80009
:10b9f000200798006e4090000080fb00801f7800b8
:10ba000000342f00801f7800b8d80700e487570063
:10ba100006003700b0a52e00801f780080342f006c
:10ba2000801f7800b1d80700e48757006e4090006f
:10ba3000fb4f5000d4ff3a00309e2e00801f78004c
:10ba4000aad807008f87e9001c00370010002000eb
:10ba5000200798000000eb00000f9800d09c2e00fb
:10ba6000801f7800a0272f00801f78009fd8070034
:10ba7000e48757000e089000ae00900000017800a7
:10ba8000110009008200d800200798000b00370041
:10ba90006e4090008080fb006e4090000080fb00b4
:10baa000811f7800801f780000352f00801f7800ec
:10bab0008ed80700e68757000a0507004f04780074
:10bac0000080fa00000006000600fa001007980047
:10bad000210798000000eb00000f7800d04680009e
:10bae0000000e0000200320035040700000f78007b
:10baf0001e0078000000e00004003400715a80004d
:10bb00001e00900001007000705a88001e0078002e
:10bb10000000e00004003d00715a80002e009000fb
:10bb200000806000705a88000080fa000000060063
:10bb30001000fa00008fbe0022079800330798001b
:10bb40004407980055079800660798007707980003
:10bb50009e0090002e0090000088b900000178003f
:10bb6000be0090001e0078000088b9000000780038
:10bb7000000141009e0078002e0090000008b800ef
:10bb80000101410082007800008fbe00008fbe00de
:10bb90001e01be004e009000de009000800f51009c
:10bba000818f5900030036004e019000de019000a5
:10bbb000028fbe001e01be006e009000fe009000cd
:10bbc000800f5100818f5900030031006e019000f9
:10bbd000fe019000028fbe002e019000be01900079
:10bbe0001e00be0054d20700000078000080fa005a
:10bbf000000006000000fa00c059800080004000ec
:10bc000020a12000008040001000780062f90700a9
:10bc1000f05880008000400040a4200000804000d8
:10bc2000100078005cf907000080fa0000000600b0
:10bc30000000fa00c0002000bde80700105888008e
:10bc4000d0002000bae80700205888000080fa00e1
:10bc5000000006000000fa00889fbe00e3282100d3
:10bc60006267210061b420001000200085f2070007
:10bc7000a0002000aee80700cf80de0060d2070001
:10bc80000004be00305a8000cf80de005cd2070086
:10bc90000001be000800be0050d407004200200092
:10bca0005ff90700305a8000801f7800f0b02f0045
:10bcb000801f780050af2f00801f780080ae2000da
:10bcc00012d80700e68757004f04be000080fa0034
:10bcd000000006000000fa009000200094e8070031
:10bce000e0578800c35d200002fa200041b4200024
:10bcf0001000200063f20700beff070002ec0700ff
:10bd0000205a8000801f7800f0b02f00801f78003c
:10bd100050af2f00801f780080ae2000fbd70700b7
:10bd2000e68757000080fa00000006000000fa00d5
:10bd3000bfff0700e32e2000c25d200081b4200079
:10bd4000100020004ff20700aaff070039ec07009f
:10bd5000405a8000801f7800f0b02f00801f7800cc
:10bd600050af2f00801f780080ae2000e7d707007b
:10bd7000e68757000080fa00000006000000fa0085
:10bd8000abff07008001eb0062092000c1b5200075
:10bd9000100020003bf2070096ff070025ec07008b
:10bda000e05a8000801f780060b12f00801f78006b
:10bdb00050af2f00801f780080ae2000d3d707003f
:10bdc000e68757000080fa00000006000000fa0035
:10bdd0008001eb0042062000a1b4200010002000ea
:10bde00028f20700505a80000000e00008003200ee
:10bdf000505a8000801f780070bc2f00801f780090
:10be000080ae2000c1d70700e48757000700370045
:10be100010518000801f780020bd2f00801f780007
:10be200080ae2000b9d70700e48757000080fa00f1
:10be3000000006000200fa00c0b4200010407800a4
:10be40000080fb00000f780013002000020120009a
:10be50008e007800100020000af207001e00780013
:10be600080407800c0b4200001487800c0b42000b1
:10be7000104078008080fb00c0b4200010407800a3
:10be80000004a2000080fb000000e9004f00de007b
:10be900000014000e0bb20000000410010007800dd
:10bea000811f7800801f7800c0bd2f00801f7800a0
:10beb00080ae200095d70700e68757000080fa0083
:10bec000000006000000fa0071032000f0002000ce
:10bed000fdfe0700705a8000680060000000e0006e
:10bee0000200320020518000010037001051800014
:10bef000801f7800e0ad2f00801f780080ae20000a
:10bf000082d70700e48757000080fa00000006008f
:10bf10000000fa00889fbe00d04680000000e000cc
:10bf200004003200885a8000250307000000440006
:10bf3000805a8800305a8000cf80de00825a80000c
:10bf40006114b90006f82900570d2000041c2e00ca
:10bf5000450e20000001be000800be00f4fe0700f0
:10bf6000805a8800805a8000cf80de00a4d107006c
:10bf70000004be00305a8000cf80de00a0d1070050
:10bf80000001be000800be0094d30700024022005a
:10bf900043972400b2d20700809fbe0080ae2f00de
:10bfa000801f780080ae200058d70700e687570032
:10bfb0004f04be000080fa00000006000000fa00f6
:10bfc000f100200070032000bffe0700715a8000be
:10bfd00000022000008060000000e000020032004b
:10bfe000205180000100370010518000801f780030
:10bff000e0ad2f00801f780080ae200043d70700ff
:10c00000e48757000080fa00000006000000fa00f4
:10c01000889fbe00d04680000000e000040032008f
:10c02000985a8000e602070000004400905a8800f9
:10c03000305a8000cf80de00925a80006114b9002f
:10c04000067a2300070a2000049e2700f50a200034
:10c050000001be000800be00b5fe0700905a88002f
:10c06000905a8000cf80de0065d107000004be003a
:10c07000305a8000cf80de0061d107000001be0091
:10c080000800be0055d30700024022004397240059
:10c0900073d20700809fbe0080ae2f00801f780003
:10c0a00080ae200019d70700e68757004f04be0076
:10c0b0000080fa00000006000800fa00889fbe0019
:10c0c000915a800080478000808f50000800320025
:10c0d000a15a8000925a80008047800000005100e1
:10c0e00000804000a05a8800905a80008047880055
:10c0f000905a80006101b900305a8000cf80de0084
:10c10000009ab90004027800028bb9008602780018
:10c11000050242000010b8000102420084007800cd
:10c1200002502300c3002000021f40000397480074
:10c13000001a250051ff2f003e014000ae8148004b
:10c140000200be002007980031079800d04680000a
:10c150000000e00004003200a85a800098020700a6
:10c1600000004400a05a88002e029000be029000f9
:10c170001e01be00305a8000cf80de00a65a80002b
:10c180006134b9000403be000202be000001be001b
:10c190000800be0066fe0700a05a8800a05a800072
:10c1a000cf80de0016d107000004be00305a8000a8
:10c1b000cf80de0012d107000001be000800be00e3
:10c1c00006d30700024022004397240024d2070030
:10c1d000809fbe0080ae2f00801f780080ae2000c0
:10c1e000cad60700e68757004f04be000080fa0059
:10c1f000000006000000fa00881f7800d04680008a
:10c200000000e00004003200b85a80006c02070011
:10c2100000004400b05a8800b05a8000cf80de0091
:10c220008602200007002000040a200005002000ec
:10c2300012002000030020003dfe0700b05a8800d5
:10c24000b05a8000801f7800b0be2f00801f780099
:10c2500080ae2000add60700e48757004f04780079
:10c260000080fa00000006000000fa00889fbe006f
:10c270007fea0700809fbe0000b02f00801f78007b
:10c2800080ae2000a1d60700e687570080ae2000d0
:10c29000c1f70700d04680000000e000080032002f
:10c2a000c85a8000d95a800045020700cf80de00be
:10c2b0000800400089804800c05a8800d15a880090
:10c2c000c25a8000d35a800090392400f100200027
:10c2d000800f5100818f59000400340090392400f0
:10c2e000f1002000c05a8800d15a8800c25a80004c
:10c2f000d35a8000800c2400f1002000800f5100f0
:10c30000818f590004003c00900c2400f1002000b3
:10c31000c05a8800d15a8800c05a8000d15a800083
:10c32000809fbe00a0bf2f00801f780080ae20003d
:10c3300076d60700e68757004f04be000080fa005b
:10c34000000006000200fa00d0b42000104078007f
:10c350000080fb00000f78000e007800e2f007007c
:10c360001e00780080407800d0b42000014878009a
:10c370001e0078008000400020a2200000804000c5
:10c3800010007800801f780060c02f00801f7800a8
:10c3900080ae20005dd60700e48757000080fa00d9
:10c3a000000006000000fa00704780008000400096
:10c3b00020ba200000804000100078008000780043
:10c3c0000008200081f707007047800080004000cf
:10c3d00020bc200000804000100078000000010018
:10c3e00081ae2000000c200078f707007047800025
:10c3f000e90f500002003200905a80008047880008
:10c400000080fa00000006000200fa00000f780029
:10c41000704780001e00400070478800705a8000fe
:10c42000680060000000e00006003a0070478000ed
:10c43000e70f500003003a00704780001e004000e4
:10c4400070478800715a8000000220000080600060
:10c450000000e0000c003a0070478000e90f500037
:10c460000300320070478000ea0f500006003a00d7
:10c470001e007800000040008000780070478000b7
:10c48000008040007047880070478000ed0f50002a
:10c4900001003400ee28ef00704780000000e0004b
:10c4a00002003d00d00020007047880070478000e7
:10c4b000e50f500002003a00a028200001003700dc
:10c4c00040062000b04688007047800094e80700ce
:10c4d0000080fa00000006001a00fa00400f9800e1
:10c4e0000000eb00000f78000000eb00005a88000d
:10c4f0001e0078008000400080b0200000804000d6
:10c50000900078001e007800000040000000470006
:10c510000080e800010878001e00780080004000dc
:10c5200080b02000008040008000eb00010878000f
:10c530001e0fe8001e007800ea0f5000ecff3400e8
:10c540009828ef00401680004300de006140600044
:10c550000080fb0000428800004280000000e000f4
:10c5600001003a009c28ef0032ef070009ed0700b8
:10c57000f04180000000e000040032004a28ef0093
:10c5800051428000410f98004c003700c059800094
:10c59000e10f500002003a0010ee070005003700de
:10c5a000f0588000e90f5000020032009000200097
:10c5b000f058880082ee0700004280000000e00092
:10c5c00013003200f0588000ea0f500010003200d3
:10c5d00070478000e10f5000030032007047800078
:10c5e000e20f50000a003a00f04480000000e00032
:10c5f00007003a00e04480000000e00004003a0038
:10c6000010002000e0418800ca82a8000200370024
:10c61000ca82a9003c28ef00b3ef07000f003700e3
:10c62000da28ef00a0168000610060000000e00042
:10c63000020032000080eb000100370010002000f3
:10c6400071ff070057ff0700a0282000b001070076
:10c650009628ef0010002000d046880011168000b8
:10c6600000002200008060000000e000ecff3200cb
:10c67000a0168000610060000000e000e8ff3a00c2
:10c6800048ff070070168000700060000000e000a6
:10c690000a003a00505a800080007800a07f2100f4
:10c6a0007b010700110020000000eb0003ed0700f4
:10c6b000ee28ef000000eb00400f98004e089000bd
:10c6c0000000e0009eff3a000000eb00000f780041
:10c6d0001e0078000000400000004700900090001d
:10c6e0001e0078000001400080b0200000004100e2
:10c6f000010878001e0fe8001e007800ea0f5000c5
:10c70000f3ff34003c28ef000080fa000000060030
:10c710000200fa00000f78001e0078000000e00020
:10c72000090034001e007800e40f500006003c00b1
:10c730001e0078008000400080a12f000080400093
:10c7400010007800090037001e007800e50f500047
:10c75000030032001e007800e60f500002003a008d
:10c7600020d18700010037000080eb000080fa0034
:10c77000000006000200fa00000f78001e0078009a
:10c780000000e000090034001e007800e40f5000b3
:10c7900006003c001e00e9008000400080a12f0040
:10c7a0000080400010007800110037001e00780063
:10c7b000e50f5000030032001e007800e60f500025
:10c7c00002003a0000d18700090037001e007800ff
:10c7d000e60f5000050034001e007800e90f5000fd
:10c7e00002003c0020d18700010037000000eb0070
:10c7f0000080fa00000006000400fa00889fbe00d6
:10c800006059800010079800c0b4200010407800e4
:10c810000080fb00000f78001e0078000000e000a0
:10c82000030034001e007800f00f500002003400b6
:10c8300010002000000f78001e0078004200dd008c
:10c84000000f78001e007800e70f500002003c0047
:10c8500080002000000f78005016800070006000fb
:10c860000000e00003003a004001200090458800ed
:10c8700006003700904580000000e0000300320011
:10c88000904580000000e9009045880090458000b8
:10c890000000e00008003200aa28ef00ac28ef00fa
:10c8a0005045800061458000304588004145880042
:10c8b000ae28ef001500370081648000e05a800048
:10c8c000008040006101b800304580004145800093
:10c8d00002004000838048003045880041458800c0
:10c8e000706480006101b80050458000614580009f
:10c8f0000200400083804800504588006145880060
:10c90000704580000000e800704588007045800098
:10c910009e0f50003a003500e04180000000e0002a
:10c920003000320070458000cf80de00c21220004f
:10c930000289b900020178006002b9008401780020
:10c9400003014100c31220000300b80001014100af
:10c95000820078003245800043458000820f5000fd
:10c96000838f58001f003e001e0090004006b0005c
:10c970006101b8005045800061458000009ab9000f
:10c9800004027800028bb90086027800050242009a
:10c990000011b80003024200840178001e009000dc
:10c9a0004006b1006102b80030458000414580007a
:10c9b00000abb90006037800048cb9008803780046
:10c9c000070343000020b8000103430086007800fd
:10c9d000800f5100818f59000200360010002000a6
:10c9e000d0448800aa28ef00ac28ef005045800012
:10c9f000614580003045880041458800ae28ef0041
:10ca000040168000680060000000e0001000320066
:10ca1000c1d0870080438000808f50000c0031001f
:10ca2000f05880003aff070081438000810f5000da
:10ca30000700310000458000e10f500005003c0078
:10ca4000004580000000e800004588000100370034
:10ca5000a028ef0000458000e10f500002003400e4
:10ca600010002000e044880040168000680060004c
:10ca70000000e0000700320020458000e10f400088
:10ca800005003200204580000000e80020458800b5
:10ca900001003700a428ef0000598000e30f500088
:10caa00018003a0040168000680060000000e000b6
:10cab0001400320021458000800c2000808f50003f
:10cac00010003e00c1d0870080438000808f50005e
:10cad0000c003100f058800026ff070081438000e1
:10cae000810f50000700360010458000e20f500013
:10caf00005003c00104580000000e800104588005b
:10cb000001003700a228ef0010458000e20f50001e
:10cb10000200340010002000e0448800401680002d
:10cb2000680060000000e00002003200b028ef0062
:10cb30000600370080458000e10f500003003c00f4
:10cb4000804580000000e80080458800c1448000e6
:10cb5000f07c2000808f500003003e00c044800025
:10cb60000000e800c044880080458000e10f5000cc
:10cb70000f003c00d04480000000e0000c003a00b0
:10cb8000e04480000000e00009003a00f14180002c
:10cb9000f0022000008060000000e00004003a0085
:10cba000c1448000f07c2000808f500001003600de
:10cbb000ca82a9004f04be000080fa0000000600ef
:10cbc0000200fa00b1448000010f78009628ef00bf
:10cbd0001e0078000080fa00000006000000fa0045
:10cbe00040012000e043880040062000f043880018
:10cbf0009021ef009621ef00c0122000600c880009
:10cc0000c0122000700c8800e0002000800c88001a
:10cc1000007d2000900c8800007d2000a00c880082
:10cc2000e0002000b00c880020cd210070088800b2
:10cc300013e1a8008ce0a8008c60a900200020006f
:10cc4000200888007228ef000080fa00000006002b
:10cc50000200fa00000f7800300020002044880015
:10cc60001e00e90060088800600880000000d10014
:10cc700030088800d622a900d222a90011e1a8001c
:10cc800084c0a9008cc0a8000080fa000000060043
:10cc90000400fa00000f780011079800104480008b
:10cca0000000e00007003a001e0090000000e000d5
:10ccb000040034001e009000004488001e0078002c
:10ccc000e3ff07000080fa00000006000200fa00ff
:10ccd000000f78001821ef001e0078004300dd00ef
:10cce000e008880086c0a90021e1a800000000003b
:10ccf0003104800000042000008060000000e0009b
:10cd0000fbff320021e1a9000080fa0000000600cc
:10cd10000200fa00000f780002003700803e200079
:10cd2000eaff07001e00780000f0a7000000ea00fc
:10cd30000000ea004f00de00004078001e0fe9000e
:10cd40000004e000f5ff3a000080fa000000060051
:10cd50000000fa00ca82a900e842a800e862a80020
:10cd60000080fa00000006000200fa00000f7800c0
:10cd700010c0b30074f307001e007800e20f5000eb
:10cd800012003200e20f500005003c000000e000fd
:10cd900008003200e10f5000090032001400370093
:10cda000e30f50000c003200e40f50000d00320081
:10cdb0000f003700c0c82f00f7f40700110037003c
:10cdc000d0c92f00f4f407000e003700e0ca2f008e
:10cdd000f1f407000b003700f0cb2f00eef4070052
:10cde0000800370000cd2f00ebf4070005003700e6
:10cdf00010ce2f00e8f4070000000000010037000b
:10ce000000000000a0168000610060000000e0004b
:10ce1000fbff3200cfa2a900faff37000000fa00a2
:10ce200040f48700a01088000c22ef000e22ef00d3
:10ce30008520a9008d20a8000de2a8000f42a800bf
:10ce40000080fa00000006000200fa00000f7800df
:10ce50001e007800e70f5000020034007000200030
:10ce6000000f78001e0078008000400020e82f00ae
:10ce70000080400010007800a01088000080fa00b8
:10ce8000000006000200fa00004f780000000000d9
:10ce90007110800000202000008060000000e00091
:10cea000fbff3a001e80fb00801088000080fa0023
:10ceb000000006000000fa007010800062006000b0
:10cec0000000e000010032000e22a900f2c8bf00fd
:10ced00080c0ea00f4c8bf0000c040000080fa0033
:10cee000000006000000fa00f268ef0010c0b30076
:10cef000f4e8b7000080fa00000006000000fa0025
:10cf000000000000ebff07000004e000fdff32001e
:10cf1000f2c8bf000040e800f2e8b700f2c8bf0066
:10cf20000080fb00818f2000614078000080fa00c3
:10cf3000000006000200fa00f0ff0700004f780032
:10cf40001e407800cfff07001e4078000080fa00e6
:10cf5000000006000600fa006000b800008fbe0066
:10cf60000040eb0040479800e4ff07000074a10078
:10cf7000404798004e4090000080fb000003b10045
:10cf8000e90f500014003e004e409000bdff070026
:10cf90001e0090006a00b900000178001e007800b1
:10cfa0006000b90000007800000141009e00780098
:10cfb000a00020000008b8000101410082007800b4
:10cfc0004e4190000281fb000203b100cf91de00d0
:10cfd000021f4000039748004e409000ed4f500064
:10cfe000e1ff3a001e00be000080fa0000000600cb
:10cff0000200fa00c1ff0700004f78001e80fb000e
:10d000002dd307000000e000faff32001e80fb0075
:10d010004bd30700004f78001e40780099ff0700af
:10d0200090c3b3009e40780080cf500002003e00c5
:10d0300000c3b3000100370070c3b3009e40780006
:10d0400000cf50001e4078000080fa00000006006b
:10d050000200fa00e6ff07004400dd00004f780000
:10d06000e3ff07001e4f40001e4078000080fa00da
:04d0700000000600b6
:020000040000fa
:10000800cc840000328300007683000078840000ee
:10001800aa840000cc840000cc840000cc840000ba
:10002800cc840000cc840000cc840000cc84000088
:10003800cc840000cc8400009a7e0000327f00004f
:10004800cc840000ba850000cc840000cc84000079
:10005800cc840000cc840000cc840000cc84000058
:10006800cc840000cc840000cc840000cc84000048
:10007800cc840000cc840000cc840000cc84000038
:10008800cc840000cc840000cc840000cc84000028
:10009800cc840000cc840000cc840000cc84000018
:1000a800cc840000cc840000cc840000cc84000008
:1000b800cc840000cc840000cc840000cc840000f8
:1000c800cc840000cc840000cc840000cc840000e8
:1000d800cc840000cc840000cc840000cc840000d8
:1000e800cc840000cc840000cc840000cc840000c8
:0800f800cc840000cc84000060
:020000040000fa
:10010800cc840000328300007683000078840000ed
:10011800aa840000cc840000cc840000cc840000b9
:10012800cc840000cc840000cc840000cc84000087
:10013800cc840000cc8400009a7e0000327f00004e
:10014800cc840000ba850000cc840000cc84000078
:10015800cc840000cc840000cc840000cc84000057
:10016800cc840000cc840000cc840000cc84000047
:10017800cc840000cc840000cc840000cc84000037
:10018800cc840000cc840000cc840000cc84000027
:10019800cc840000cc840000cc840000cc84000017
:1001a800cc840000cc840000cc840000cc84000007
:1001b800cc840000cc840000cc840000cc840000f7
:1001c800cc840000cc840000cc840000cc840000e7
:1001d800cc840000cc840000cc840000cc840000d7
:1001e800cc840000cc840000cc840000cc840000c7
:0801f800cc840000cc8400005f
:020000040000fa
:0200000401f009
:04000800ffff0000f6
:020000040000fa
:0200000401f009
:04000400ff7f00007a
:020000040000fa
:0200000401f009
:04000000e5ff000018
:020000040000fa
:10d07400536500006e7300006f7200003a250000d3
:10d08400352e0000316600002563000020440000b6
:10d0940069730000706c0000617900006564000031
:10d0a4003a250000342e000030660000256300009d
:10d0b4000a0d0000004c0000434400002042000020
:10d0c4006172000020470000726100007068000077
:10d0d4002026000020430000686100007261000007
:10d0e4006374000065720000205400006573000042
:10d0f400740000005772000069740000652000008d
:10d10400415300004349000049200000746f0000af
:10d11400204c0000434400002c2000004553000034
:10d1240043200000746f000020650000786900004f
:10d13400742e00000a0d0000005700007269000000
:10d144007465000020480000455800002074000069
:10d154006f2000004c430000442c000020310000ec
:10d1640042200000746f0000206500007869000010
:10d17400742e00000a0d00000048000069670000da
:10d18400682d0000566f00006c7400006167000099
:10d19400650000004c6f0000772d0000566f000002
:10d1a4006c74000061670000650000002028000026
:10d1b40050720000652d00004c6900006d6900008c
:10d1c4007429000000200000616c000061720000fe
:10d1d4006d20000069730000206400006973000082
:10d1e400616200006c650000642e00000a0d0000fe
:10d1f40000250000372e00003366000020250000c3
:10d2040073000000253500002e3100006620000068
:10d21400576100007474000073200000282500008a
:10d224007329000000250000352e00003066000040
:10d234002000000025730000252d00006425000057
:10d24400630a00000d00000025340000692000007e
:10d254003d200000253500002e32000066560000f7
:10d264000a0d0000004c00006173000074200000ef
:10d27400566100006c6900006420000042610000f7
:10d284006e64000020530000656c000065630000bc
:10d29400742000003a250000730a00000d0000000d
:10d2a4002d2d00002d2d00002d2d00002d2d000012
:10d2b4002d2d00002d2d00002d2d00002d2d000002
:10d2c4002d2d00002d2d00002d2d00002d2d0000f2
:10d2d4002d2d00002d2d00002d2d00002d2d0000e2
:10d2e4002d2d00002d2d00002d2d00002d2d0000d2
:10d2f4000a0d0000002c0000206100006e7900007f
:10d30400206b00006579000020650000786900004a
:10d31400747300002e2e00002e0a00000d00000081
:10d32400546500006d7000006572000061740000b7
:10d334007572000065200000536500006e730000e4
:10d344006f72000020430000616c000069620000fd
:10d3540072610000746900006f6e00000a0d000025
:10d36400004900006e700000757400002041000048
:10d3740074740000656e000075610000746f000035
:10d384007220000053740000617400007573000083
:10d394000a0d000000440000697600006964000082
:10d3a400652d0000427900002d5a000065720000ce
:10d3b4006f20000054720000617000000a0d00002c
:10d3c40000540000657300007420000054650000e0
:10d3d400726d0000696e00006174000065640000f5
:10d3e4000a0d0000004100006c610000726d000035
:10d3f4002053000079730000746500006d20000064
:10d4040054650000737400000a0d0000000a000057
:10d414000d4600002d530000656e0000736500008a
:10d424002054000065730000743a000020250000b9
:10d43400730a00000d0000002020000020310000cd
:10d44400363000006d200000383000006d200000f0
:10d45400343000006d200000333000006d200000e7
:10d46400323000006d200000313700006d200000d4
:10d47400313500006d200000313200006d200000c5
:10d48400313000006d0a00000d0000000a0d00009c
:10d49400496c00006c650000676100006c200000ae
:10d4a400566100006c750000652100000a0d000043
:10d4b400004e00006f6e00002d50000072690000e5
:10d4c4006e740000616200006c650000204300007f
:10d4d40068610000726100006374000065720000fe
:10d4e400004e00006f7200006d6100006c000000cf
:10d4f4004c6f000077200000537000006565000049
:10d50400642000004f4e0000004d000065640000e0
:10d51400697500006d20000053700000656500000f
:10d52400642000004f4e00000048000069670000be
:10d53400682000005370000065650000642000004e
:10d544004f4e0000004f0000757400002d4f000086
:10d55400662d0000426100006e640000210000009e
:10d56400312e0000384d0000487a00002f310000b1
:10d57400363000006d000000332e0000354d0000f1
:10d58400487a00002f380000306d0000003700009a
:10d594002e3000004d4800007a2f00003430000087
:10d5a4006d000000313000004d4800007a2f00006b
:10d5b400333000006d000000313400004d4800009d
:10d5c4007a2f0000323000006d0000003138000076
:10d5d4004d4800007a2f0000313700006d00000034
:10d5e400323100004d4800007a2f00003135000030
:10d5f4006d000000323400004d4800007a2f000016
:10d60400313200006d000000323800004d48000047
:10d614007a2f0000313000006d000000556e0000cc
:10d624006b6e00006f7700006e2000004261000006
:10d634006e640000210000004441000054410000d9
:10d644000041000044440000520000000a0d0000a4
:10d65400447500006d700000204500004550000036
:10d66400524f00004d200000636f00006e740000f4
:10d67400656e0000747300000a0d0000253400007c
:10d684007325000032330000730a00000d250000ea
:10d694002e32000033730000252e000032320000c9
:10d6a400730000000a0d0000253400002e34000031
:10d6b400583a000000250000352e000034580000c0
:10d6c400000a00000d2500002e3200003373000014
:10d6d400252e000032320000730a00000d00000005
:10d6e400416d000070730000005600006f6c000074
:10d6f400747300000025000033690000202d000031
:10d7040020250000730000005265000076650000cb
:10d714007273000065000000466f0000727700001d
:10d7240061720000640000002573000000300000f6
:10d73400202d0000204100006c6c000020410000fe
:10d744006c610000726d0000732000004f660000e1
:10d75400660a00000d000000312000002d200000aa
:10d764004f760000657200002d43000075720000c2
:10d77400726500006e7400000a0d000000320000a3
:10d78400202d000020480000696700006820000088
:10d7940053570000520a00000d000000332000001f
:10d7a4002d2000004f760000657200002d5400000b
:10d7b400656d000070650000726100007475000002
:10d7c400726500000a0d000000340000202d0000e6
:10d7d40020250000730a00000d0000003420000022
:10d7e4002d20000025730000257300000035000083
:10d7f400202d00002025000073250000730a00007e
:10d804000d000000352000002d20000025730000cd
:10d81400257300002573000000360000202d000051
:10d8240020250000732000004c6900006d69000091
:10d83400740a00000d000000362000002d200000b6
:10d84400257300002573000000370000202d000020
:10d85400204100006c6c0000204100006c6100005d
:10d86400726d0000732000004f6e00000a0d00006e
:10d87400000a00000d2500002e3200003073000065
:10d884005b4300004f4d00004d4100004e4400003a
:10d8940020540000414200004c4500005d2500007a
:10d8a4002e320000307300000a0d00000048000012
:10d8b4002f3f000020480000656c0000702000002d
:10d8c4002d20000028540000686900007320000027
:10d8d4005363000072650000656e0000290a0000b1
:10d8e4000d00000041200000202000004144000001
:10d8f4004320000043680000616e00006e65000074
:10d904006c200000447500006d7000000a0d0000da
:10d9140000420000202000002025000073000000c9
:10d924004320000020200000257300000a0d0000a1
:10d934000044000020200000204300006c6500002b
:10d94400617200002046000061630000746f0000f3
:10d9540072790000204400006566000061750000d3
:10d964006c740000205200006573000065740000b0
:10d97400204300006f7500006e74000065720000a3
:10d984000a0d000000450000202000002044000093
:10d99400756d00007020000053790000737400005e
:10d9a400656d00002026000020550000736500000e
:10d9b400722000005365000074740000696e00005a
:10d9c400677300000a0d00000046000020200000dc
:10d9d40020440000756d00007020000045450000e3
:10d9e400505200004f4d0000206300006f6e000095
:10d9f400746500006e740000730a00000d000000de
:10da04004720000020200000546f000067670000da
:10da14006c6500002046000072650000717500000e
:10da2400656e00006379000020530000656e0000fd
:10da3400736500002054000065730000742000002a
:10da44004f6e00002f4f0000666600000a0d0000b4
:10da54000049000020200000202500007300000081
:10da64004a2000002020000025730000004b000025
:10da74002020000020420000757a00007a65000032
:10da840072200000536f0000756e000064200000d7
:10da940054650000737400000a0d0000004c00007f
:10daa4002020000020250000730000004d2000000d
:10dab4002020000025730000005a000020200000f0
:10dac40020250000732500002e310000357300006e
:10dad400257300000044000049530000504c00002e
:10dae40041590000004900004e5000005554000008
:10daf40000560000414c0000554500000043000062
:10db0400484100004e4e0000454c0000000a000051
:10db14000d25000037730000253600007325000032
:10db24003873000025310000357300000a0d000031
:10db3400252e000032320000732500002e32000032
:10db440032730000000a00000d410000444300004d
:10db540025330000693a00002536000069250000dd
:10db6400372e00003366000056200000000a000033
:10db74000d2500002e340000732500007300000002
:10db84000a0d000025730000456e00007465000056
:10db940072200000302c0000312c0000322c0000d8
:10dba400332c0000342c0000352c000036200000fb
:10dbb4006f72000020370000202e00002e2e00007f
:10dbc4000a0d0000000a00000d000000257300008b
:10dbd40025730000536500006c6500006374000049
:10dbe40020530000636100006c6500003a200000cf
:10dbf400302c0000312c0000323a000020000000dc
:10dc040025640000202d000020250000730a000078
:10dc14000d000000203d0000253300002e320000de
:10dc2400585d0000000a00000d450000455000004a
:10dc3400524f00004d200000526500007365000043
:10dc440074200000436f0000756e000074650000ce
:10dc540072200000636c00006561000072650000c2
:10dc6400642e0000003100002d4400004c340000fc
:10dc74004a43000000760000342e000030320000d9
:10dc840061000000200000005359000053540000bc
:10dc9400454d000020430000414c00004942000073
:10dca40052410000544900004f4e00002053000030
:10dcb40045540000544900004e4700005300000042
:10dcc4000a0d000025330000337300000a0d000024
:10dcd4002537000073460000697200006d7700006c
:10dce40061720000653a00002025000073200000e6
:10dcf40042750000696c0000643a000020250000b1
:10dd0400730a00000d250000333300007300000087
:10dd14004261000074740000657200007920000004
:10dd2400566f00006c7400006167000065200000fd
:10dd340046610000637400006f720000203a000026
:10dd4400202500002d340000640a00000d000000ae
:10dd5400504100002043000075720000726500000d
:10dd64006e7400002046000061630000746f0000c0
:10dd7400722000002020000020200000203a000033
:10dd8400202500002d340000640a00000d0000006e
:10dd940052460000205000006f77000065720000ba
:10dda400204d0000657400006572000020460000ec
:10ddb40061630000746f000072200000203a0000cc
:10ddc400202500002d340000640a00000d0000002e
:10ddd40052460000205000006f770000657200007a
:10dde400204d00006574000065720000204f0000a3
:10ddf400666600007365000074200000203a00008d
:10de0400202500002d340000640a00000d000000ed
:10de14004265000065700000204c0000656e000043
:10de24006774000068200000546900006d650000fc
:10de3400202000002020000020200000203a0000c4
:10de440020000000252d0000642000006d53000018
:10de54000a0d0000004f0000464600000a0d0000b5
:10de64000050000057520000204d00006561000082
:10de740073750000726500006d6500006e7400002b
:10de840020530000616d0000706c00006573000099
:10de94003a20000000310000202800004f660000f6
:10dea400662900000a0d000000250000640a000035
:10deb4000d0000004f760000657200002d56000032
:10dec4006f6c00007461000067650000205400005e
:10ded4007269000070200000202000002020000053
:10dee400203a000020000000257300000a0d000005
:10def400005500006e640000657200002d5600009d
:10df04006f6c00007461000067650000205400001d
:10df14007269000070200000202000002020000012
:10df24003a20000000500000726500002d4c0000f3
:10df3400696d0000697400002054000072690000db
:10df4400702000002020000020200000202000007d
:10df5400202000003a200000005000006f770000ed
:10df640065720000204d00006574000065720000b9
:10df740020460000756c00006c2d00005363000007
:10df8400616c0000652000003a200000252d00008f
:10df9400645700000a0d000000460000726500008e
:10dfa400712000004d6500007465000072200000bf
:10dfb400436100006c69000062720000617400003b
:10dfc400696f00006e2000003a200000252d00003b
:10dfd400376c0000640a00000d000000537000005c
:10dfe4006c6100007368000020530000637200003d
:10dff400656500006e200000446900007370000035
:10e004006c61000079200000203a00002025000007
:10e01400730a00000d000000555300004552000033
:10e02400204300004f4e00004649000047550000c1
:10e0340052410000544900004f4e0000205300009c
:10e0440045540000544900004e47000053000000ae
:10e054000a0d000025330000337300000a0d000090
:10e064002573000000460000726500007175000011
:10e07400656e00006379000020530000656e0000a7
:10e0840073650000204d00006f64000065200000ef
:10e09400202000003a200000257300000a0d000033
:10e0a4000053000065720000696100006c200000ec
:10e0b4004c6900006e6b0000205000006f6c000083
:10e0c4006c6900006e670000202000002020000022
:10e0d4003a200000002500002d64000020530000b9
:10e0e400656300006f6e000064730000004f000061
:10e0f40066660000000a00000d520000532d000067
:10e104003233000032200000506f000072740000af
:10e11400204d00006f6400006520000020200000f6
:10e1240020200000202000003a2000005465000058
:10e1340073740000204d00006f640000650a000045
:10e144000d000000525300002d3200003332000055
:10e15400205000006f720000742000005370000013
:10e1640065650000642000002020000020200000dd
:10e17400203a0000202500002d640000303000000b
:10e184002042000061750000640a00000d000000d8
:10e194004c4300004420000042610000636b000017
:10e1a4006c69000067680000746900006e67000015
:10e1b400202000002020000020200000203a000041
:10e1c400202500002d340000640a00000d0000002a
:10e1d4004c43000044200000436f00006e740000b4
:10e1e40072610000737400002020000020200000f1
:10e1f400202000002020000020200000203a000001
:10e20400202500002d340000640a00000d000000e9
:10e21400535700005220000054720000697000003f
:10e22400204c0000696d000069740000202000008b
:10e23400202000002020000020200000203a0000c0
:10e24400202500002e320000660a00000d000000a8
:10e25400466100006e2000005370000065650000f8
:10e2640064200000436f00006e740000726f0000b1
:10e274006c2000002020000020200000203a000034
:10e2840020250000730a00000d0000005465000002
:10e294006d7000006572000061740000757200000a
:10e2a40065200000556e00006974000073200000b2
:10e2b4002020000020200000203a0000202500003b
:10e2c400730a00000d000000546500006d7000002a
:10e2d4006572000061740000757200006520000022
:10e2e400416c0000617200006d2000004c69000068
:10e2f4006d690000743a00002000000046610000cf
:10e304006e2000005374000061720000742000004d
:10e31400546500006d7000006572000061740000b7
:10e324007572000065200000203a00002000000003
:10e33400426100006e640000204400006973000024
:10e34400706c000061790000205500006e690000c7
:10e35400747300002020000020200000203a0000f8
:10e3640020250000730a00000d0000004772000021
:10e374006170000068690000632000004c690000bf
:10e384006d6900007473000020440000697300008c
:10e39400706c000061790000203a00002025000024
:10e3a400730a00000d000000477200006170000055
:10e3b4006869000063200000446900007370000075
:10e3c4006c61000079200000547900007065000041
:10e3d40020200000203a000020250000730a0000dd
:10e3e4000d000000506f00007765000072200000ef
:10e3f4004d6500007465000072200000547900002f
:10e404007065000020200000202000002020000073
:10e41400203a000020250000730a00000d000000cf
:10e424005374000061720000742d000055700000e8
:10e4340020500000616700006520000020200000db
:10e44400202000002020000020200000203a0000ae
:10e4540020250000730a00000d0000004375000031
:10e4640072720000656e000074200000416d0000af
:10e47400706c00006966000069650000722000008d
:10e484005374000061740000653a00002025000008
:10e49400730a00000d000000426100006e64000079
:10e4a40020530000656c00006563000074200000c8
:10e4b4004d6f000064650000202000002020000053
:10e4c40020200000203a000020250000730a0000ec
:10e4d4000d000000252e000033390000730a0000ef
:10e4e4000d000000252e00003339000073000000e9
:10e4f4000a0d00002573000000420000616e000058
:10e50400643a000020250000732000004725000025
:10e51400316900003a2000003d200000253200004f
:10e5240069640000420a00000d0000000a0d0000aa
:10e534002573000050720000657300007320000012
:10e54400616e0000792000006b65000079200000f6
:10e55400746f000020730000746100007274000086
:10e56400257300000a0d0000000a00000d5300008e
:10e574006f7500006e640000205400006573000095
:10e58400740a00000d4500006e74000065720000fe
:10e59400204600007265000071750000656e000081
:10e5a4006379000020280000313000003020000092
:10e5b4002d2000003430000030300000487a000084
:10e5c400293a0000200000000a0d00004461000008
:10e5d4007461000020560000616c00007565000045
:10e5e4003a200000256c0000690a00000d000000bc
:10e5f400456e000074650000722000006475000020
:10e6040072610000746900006f6e00002028000031
:10e6140031300000202d000020330000322c000097
:10e6240030300000306d0000532900003a20000013
:10e634000043000068610000722000003d200000db
:10e6440030780000252e0000325800000a0d00002a
:10e654000043000068610000722000003d200000bb
:10e6640030780000252e000032580000202d0000d4
:10e6740020250000730a00000d000000203d00006a
:10e6840020250000630a00000d000000203d00006a
:10e6940020250000730a00000d0000000a0d000090
:10e6a400496e0000766100006c690000642000007f
:10e6b400436f00006d6d0000616e0000643a00005d
:10e6c4002025000063200000566100006c750000e6
:10e6d400653a000020250000640a00000d000000d7
:10e6e4000c00000018000000300000006000000072
:10e6f400c00000008001000040020000800400000f
:10e704004e6f0000726d0000616c0000004c000050
:10e714006f770000004d000065640000697500001b
:10e724006d000000486900006768000000460000b2
:10e7340061680000726500006e6800006569000091
:10e7440074000000436500006c73000069750000ec
:10e75400730000005961000065730000752000001b
:10e7640043410000540000004b580000322f0000c9
:10e774004b580000330000004a7500006d61000032
:10e784002d5400005258000032000000462d0000b5
:10e79400536500006e7300006500000046540000dd
:10e7a40038310000372f00003831000038000000f5
:10e7b4004d6100006e750000616c0000005800009f
:10e7c4006965000067750000002000004d2000000e
:10e7d400002000004120000000470000310000003c
:10e7e40047320000004700003300000047340000b7
:10e7f400004d0000487a0000004d000065740000e0
:10e8040072650000730000004f660000660000009f
:10e814004f6e000000530000746100006e6400003d
:10e8240062790000004f0000706500007261000012
:10e834007465000000410000757400006f00000062
:10e84400202000003f2100002020000000200000c4
:10e8540020310000363000006d0000002020000050
:10e8640020380000306d000000200000202000004f
:10e87400343000006d000000202000002033000030
:10e88400306d000000200000202000003230000025
:10e894006d0000002020000020310000376d0000d2
:10e8a4000020000020200000313500006d00000031
:10e8b4002020000020310000326d00000020000004
:10e8c40020200000313000006d00000020200000f6
:10e8d400203f000020200000003100002e380000fe
:10e8e4004d4800007a000000332e0000354d000032
:10e8f400487a000000200000203700004d48000046
:10e904007a00000020310000304d0000487a0000f9
:10e9140000200000313400004d4800007a0000005f
:10e9240020310000384d0000487a0000002000002b
:10e93400323100004d4800007a000000203200000f
:10e94400344d0000487a00000020000032380000f6
:10e954004d4800007a00000020530000617600005a
:10e96400652000005365000074740000696e0000a7
:10e97400677300003f200000002000005265000083
:10e9840073650000742000004465000066610000a7
:10e99400756c0000747300003f0000004f2f0000ee
:10e9a40050200000506f00007765000072000000e6
:10e9b4005357000052000000566f00006c740000b2
:10e9c400616700006500000043750000727200007a
:10e9d400656e000074000000546500006d70000056
:10e9e400657200006174000075720000650000002b
:10e9f40041750000746f000020420000616e000049
:10ea04006420000044650000746500006374000025
:10ea14000053000065720000696100006c20000072
:10ea24005370000065650000640000005365000039
:10ea340072690000616c0000205000006f720000d9
:10ea440074000000506f00006c6c0000696e0000e0
:10ea540067200000496e00007465000072760000b3
:10ea6400616c0000004c000043440000204400009e
:10ea740069730000706c00006179000000530000ad
:10ea8400575200002054000072690000700000001a
:10ea9400466100006e200000436f00006e740000a9
:10eaa400726f00006c0000004f7600006572000079
:10eab400746500006d70000000460000616e000087
:10eac40020430000757400002d4900006e200000f2
:10ead400546500006d70000000420000616e00008b
:10eae4006420000044690000737000006c61000041
:10eaf400790000004772000061700000686900003e
:10eb0400636100006c2000004c6900006d69000026
:10eb14007473000000470000726100007068000018
:10eb2400696300002044000069730000706c0000f9
:10eb3400617900000052000046200000506f000080
:10eb440077650000722000004d65000074650000c8
:10eb5400720000005374000061720000742d000004
:10eb6400557000002044000069730000706c0000c0
:10eb740061790000000500000000000000000000b2
:10eb84000300000003460000413b000000050000b4
:10eb94003d3f0000420a00000d000000000000009c
:10eba4004f72000069670000696e0000616c00002c
:10ebb400004c000061720000676500000053000013
:10ebc4006d6100006c6c000000200000202000003b
:10ebd400436100006e630000656c00006c6500001a
:10ebe40064210000202000002000000020200000fc
:10ebf40020200000205300006176000065640000be
:10ec040021200000202000002020000000570000e8
:10ec1400617400007473000000640000426d000021
:10ec2400002000002d2d00002d2e00002d57000087
:10ec3400002d00002d2e00002d640000426d000008
:10ec4400004f00004b00000045720000726f00008e
:10ec54007221000000520000656d00006f74000016
:10ec64006500000054650000737400000025000076
:10ec7400357300003a25000038690000df250000e4
:10ec8400630000004c6900006d690000740000001e
:10ec9400537400006172000074000000556e00009f
:10eca40069740000733a00002531000030730000dd
:10ecb40000500000575200003a4e00006f20000040
:10ecc400424100004e4400002b3a00005965000008
:10ecd400730000000a0d00002573000044200000aa
:10ece40046690000726d00007761000072650000e3
:10ecf4003a200000257300002042000075690000de
:10ed04006c6400003a2000002573000020440000d9
:10ed140061740000653a000020250000730a0000b9
:10ed24000d000000436f000070790000726900005c
:10ed340067680000743a0000204a0000756800000b
:10ed4400612000004e690000696e0000696b0000dc
:10ed54006f7300006b690000202d0000204f00003d
:10ed6400483200004e4c00005420000026200000d1
:10ed74004d6100007474000069200000486f0000b9
:10ed8400687400006f6c0000612000002d200000fa
:10ed94004f48000037530000560a00000d000000e1
:10eda400284100006464000069740000696f000079
:10edb4006e6100006c200000666500006174000054
:10edc4007572000065730000206100006e6400002d
:10edd400206d00006f640000696600006963000034
:10ede40061740000696f00006e730000202d000044
:10edf4002041000064720000696100006e20000080
:10ee040052790000616e0000202d000020350000c2
:10ee14004234000041490000592900000a0d000055
:10ee2400002800004d6f000064690000666900005e
:10ee34006564000020620000756900006c640000d5
:10ee4400202d0000204400004c3400004a43000000
:10ee5400290a00000d000000526500006d6f0000db
:10ee640074650000205000006f7700006572000098
:10ee7400204f0000666600000020000020200000f3
:10ee840044610000746100002053000061760000ba
:10ee94006564000000250000313000007325000087
:10eea4003673000000200000535700005220000079
:10eeb400002000004f2f000043200000002000002d
:10eec400544500004d500000002000004869000037
:10eed4002d56000000200000426100007474000000
:10eee400002000004c6f00002d560000005200006e
:10eef400532d00003233000032200000456300002f
:10ef0400686f000020540000657300007400000066
:10ef14004177000061690000746900006e670000b9
:10ef24002064000061740000612e00002e2e000099
:10ef3400000a00000d520000532d0000323300007f
:10ef44003220000054650000737400000a0d0000b4
:10ef540050720000657300007320000050570000d9
:10ef64005220000062750000747400006f6e00008f
:10ef7400207400006f2000006578000069740000b0
:10ef84002e2e00002e0a00000d0000005258000032
:10ef94002044000061740000613a00002025000054
:10efa400632000002030000078250000322e00008d
:10efb40032580000000a00000d520000532d0000da
:10efc40032330000322000007465000073740000c6
:10efd40020740000657200006d6900006e6100001d
:10efe40074650000640a00000d0000002532000072
:10eff40069200000200000000a0d000000530000fa
:10f00400656c000065630000743a00002539000057
:10f01400730000004261000075640000205200008b
:10f0240061740000653a0000253400006930000076
:10f03400300000004d6f0000646500003a250000b8
:10f044003131000073000000546900006d65000058
:10f05400723a000025360000692000005365000064
:10f0640063000000546900006d650000723a0000fe
:10f07400202000004469000073610000626c0000fd
:10f084006564000000420000616300006b6c0000d6
:10f0940069670000687400003a25000036690000c2
:10f0a400004300006f6e0000747200006173000082
:10f0b400743a000025370000690000004c69000024
:10f0c4006d690000743a0000253800002e310000fc
:10f0d400663a0000310000004469000073700000cb
:10f0e4006c610000793a00002538000073000000cc
:10f0f40054790000706500003a25000031310000a9
:10f104007300000050610000676500003a250000ac
:10f11400313100007300000053570000522d0000ed
:10f124002d2e00002d0000000a0d000045450000b2
:10f13400505200004f4d000020430000686500005d
:10f14400636b0000737500006d7300000a0d00000e
:10f15400436100006c690000627200006174000089
:10f16400696f00006e200000203a00002025000096
:10f17400730a00000d4300006f6e00006669000012
:10f184006775000072610000746900006f6e000012
:10f194003a200000257300000a0d000052650000ab
:10f1a4007365000074200000436f0000756e00005a
:10f1b40074650000723a000020250000640a000013
:10f1c4000d0000000a0d00004545000050520000eb
:10f1d4004f4d00002043000068650000636b000091
:10f1e400737500006d20000045720000726f00000e
:10f1f4007221000020520000652d00006c6f000099
:10f2040061640000696e0000672000004661000030
:10f21400637400006f7200007920000044650000f0
:10f2240066610000756c000074730000002000002b
:10f2340043680000656300006b730000756d000097
:10f2440020450000727200006f7200002000000070
:10f254004c6f000061640000696e000067200000cc
:10f264004465000066610000756c00007473000062
:10f27400004a0000554d00004120000050410000ac
:10f2840031300000300000004f480000324e0000d2
:10f294004c5400002f370000535600002044000057
:10f2a4004c3400004a4300000020000020430000ca
:10f2b400616c000069620000726100007469000002
:10f2c4006f6e000000200000204d00006f640000fd
:10f2d4006525000037730000002000004449000049
:10f2e400535000004c410000592000003d20000014
:10f2f4005061000067650000200000004f500000ce
:10f3040045520000203d00002053000061760000bb
:10f31400652f000045780000697400000053000068
:10f3240079730000746500006d200000436c0000d8
:10f334006f6300006b3a0000202500006c69000038
:10f34400206b0000487a00000a0d00000020000035
:10f3540053540000425900000020000020540000d3
:10f3640058200000002000004572000072200000b8
:10f37400002000004f50000045520000002500000e
:10f384002d31000036730000004b0000583300009c
:10f39400204d00007367000020540000696d0000d8
:10f3a400652d00004f7500007400000053650000d7
:10f3b40074200000746f00003a2000002020000038
:10f3c4003520000053650000637300000020000036
:10f3d400202000002020000020550000736500005c
:10f3e40072000000204300006f6e00006669000098
:10f3f4006775000072610000746900006f6e0000a0
:10f4040000200000253600002e3300006620000096
:10f414002000000020200000202000002000000028
:10f42400534f00004d41000046430000dc0500003e
:10f43400d1070000a10f0000401f0000e02e0000d3
:10f44400983a0000384a0000d8590000906500003e
:10f45400317500000a0000008700000099010000d7
:10f46400ab020000ba030000cc040000df0500007a
:10f47400ed060000ff07000012090000200a00004a
:10f484009a990000114100003d0a000083410000e8
:10f49400256300003a250000633a0000256300005c
:10f4a4003a250000633a000025320000643a000067
:10f4b40025310000643a0000253300002e3100009d
:10f4c400663a0000253500002e320000663a00003e
:10f4d400253400002e310000663a00002535000076
:10f4e4002e310000663a000025330000643a000023
:10f4f40025310000643a000025320000580a00005b
:10f504000d000000000000005e0000001b01000070
:10f51400d701000093020000500300000c04000017
:10f52400c90400008505000042060000fe06000034
:10f53400ba07000000000000010000000200000003
:10f5440003000000030000000400000005000000a8
:10f554000600000007000000080000000900000089
:10f564000a000000303400002f4f00004354000014
:10f574002f3200003032000036000000312d000030
:10f58400444c0000344a000043000000763400007c
:10f594002e30000032610000000000000000000076
:10f5a400010000000200000003000000040000004d
:10f5b400060000000500000054720000697000009d
:10f5c4003a25000031310000730000004c6900004e
:10f5d4006d690000743a0000253900002e320000e5
:10f5e4006656000000430000616c000025370000ef
:10f5f400733a0000253500006900000046720000df
:10f60400657100003a250000372e000033660000c3
:10f61400204d0000487a00000046000061630000ad
:10f62400746f0000720000004f66000066730000f3
:10f63400657400000053000075700000706c0000d9
:10f64400793a00002020000000000000426500001c
:10f6540065700000204c0000656e00002030000042
:10f66400203d0000204f00006666000000500000ae
:10f674006f7700006572000020410000766500008d
:10f6840072610000676900006e67000020000000de
:10f694004f76000065720000766f00006c74000005
:10f6a4006167000065200000202000002020000089
:10f6b400004f000076650000727600006f6c000059
:10f6c4007461000067650000205400007269000046
:10f6d400700000004c6f000077200000566f00009f
:10f6e4006c740000616700006520000020200000a9
:10f6f40020200000004c00006f770000205600001e
:10f704006f6c000074610000676500002054000005
:10f71400726900007000000050720000652d000046
:10f724004c6900006d6900007420000054720000f0
:10f73400697000002020000000460000756c000085
:10f744006c2d000053630000616c00006520000014
:10f75400506f0000776500007200000053700000d5
:10f764006c610000736800002053000063720000a5
:10f77400656500006e2000002020000000280000c5
:10f784004f66000066290000004200006565000025
:10f79400703a000025390000696d00005300000034
:10f7a40042650000657000003a2500003131000018
:10f7b40073000000536100006d7000006c65000070
:10f7c400733a0000253600007325000032690000fa
:10f7d400004d000061780000205000006f770000a9
:10f7e400657200003a2500003569000057000000ea
:10f7f40046610000637400006f7200003a25000047
:10f80400396c00006400000044690000737000005b
:10f814006c610000793a0000253800007300000094
:10f824000a0d000053650000727600006963000051
:10f834006520000026200000436100006c69000080
:10f844006272000061740000696f00006e200000a5
:10f854004d6f000064650000000a00000d440000c4
:10f8640049530000504c0000415900002f43000050
:10f874004f4e000046490000473a00002053000064
:10f88400656c000065630000742000005061000096
:10f89400676500000a0d00004f500000455200004b
:10f8a4003a20000053610000766500002026000025
:10f8b4002045000078690000740a00000d00000073
:10f8c4000a0d0000436100006c69000062720000d0
:10f8d40061740000696f00006e2000007365000011
:10f8e40074740000696e00006773000020730000e8
:10f8f4006176000065640000207400006f20000041
:10f9040045450000505200004f4d00000a0d000014
:10f91400000000004f730000636900006c6c00007d
:10f92400617400006f7200002054000072610000d6
:10f934007021000000200000416400006472000097
:10f9440065730000732000005472000061700000b1
:10f95400212000002000000020200000537400003b
:10f96400616300006b2000005472000061700000ad
:10f97400212000002020000000200000204d000075
:10f98400617400006820000045720000726f00007e
:10f99400722100002020000020000000496e0000b9
:10f9a400746500007272000075700000742000001d
:10f9b40045720000726f00007221000000200000f8
:10f9c400556e00006b6e00006f7700006e20000023
:10f9d40045720000726f00007221000020000000d8
:10f9e4000a0d000054520000415000003a2000006b
:10f9f4004f730000636900006c6c000061740000c8
:10fa04006f72000020450000727200006f720000e7
:10fa14000a0d0000004f000053430000434f000054
:10fa24004e20000030780000255800000a0d000028
:10fa3400000a00000d54000052410000503a00003a
:10fa440020410000646400007265000073730000cc
:10fa540020450000727200006f7200000a0d000061
:10fa640000570000302000003078000025580000c6
:10fa74000a0d00000057000031200000307800001b
:10fa8400255800000a0d0000005700003220000035
:10fa940030780000255800000a0d000000570000cf
:10faa4003320000030780000255800000a0d0000c3
:10fab4000057000034200000307800002558000072
:10fac4000a0d0000005700003520000030780000c7
:10fad400255800000a0d00000057000036200000e1
:10fae40030780000255800000a0d0000005700007f
:10faf4003720000030780000255800000a0d00006f
:10fb0400005700003820000030780000255800001d
:10fb14000a0d000000570000392000003078000072
:10fb2400255800000a0d0000005700003130000085
:10fb34002030000078250000580a00000d00000065
:10fb440057310000312000003078000025580000b3
:10fb54000a0d000000570000313200002030000080
:10fb640078250000580a00000d00000057310000fd
:10fb74003320000030780000255800000a0d0000f2
:10fb840000570000313400002030000078250000c8
:10fb9400580a00000d000000573100003520000015
:10fba40030780000255800000a0d0000000a00000b
:10fbb4000d54000052410000503a00002053000050
:10fbc40074610000636b0000204500007272000045
:10fbd4006f7200000a0d0000000a00000d540000be
:10fbe40052410000503a0000204d000061740000b2
:10fbf4006820000045720000726f0000720a000065
:10fc04000d0000000a0d0000545200004150000095
:10fc14003a2000005370000075720000696f000004
:10fc240075730000204900006e74000065720000c6
:10fc340072750000707400002045000072720000ac
:10fc44006f7200000a0d0000000000003838000048
:10fc5400380c000001060000253500002e3000009d
:10fc640066df000046000000253500002e3000004d
:10fc740066df000043000000253600002e3100003e
:10fc8400665700000053000057520000253400005e
:10fc94002e31000066000000253600002e320000e0
:10fca4006656000000250000362e00003166000074
:10fcb40041000000253400002e310000666400007d
:10fcc400426d00000000000000000000803f0000c2
:10fcd40000000000803f000020bc0000be4c00007b
:10fce40000000000c8420000002400007449000025
:10fcf4000050000043480000cdcc0000cc3d000083
:10fd04007f010000bf0000005f0000002f00000022
:10fd1400170000000b0000000700000003000000b3
:10fd2400090000000a0000000b0000000e000000a3
:020000040000fa
:10fd3400809fbe003400f80000002000a00188006d
:10fd44000000fa0020448000e20f50001a00320044
:10fd5400e30f50002d003200e10f50000300320089
:10fd6400d222a8008cc0a90038003700b016800049
:10fd74006200600000f0a7000000ea000000e90053
:10fd84004f00de00004078000080fb00610060004e
:10fd940000004000b11680000110a10001007000b5
:10fda400b0168800600880000000d1006008880058
:10fdb4008428ef0025003700b01680006200600040
:10fdc40000f0a7000000ea000000e9004f00de0098
:10fdd400004078000080fb006100600000004000eb
:10fde400b11680000110a10001007000b016880057
:10fdf400b0168000620060000000e00012003200d3
:10fe0400100020002044880010003700b016800045
:10fe14006200600000f0a7000000ea000000e900b2
:10fe24004f00de00004078000080fb0061006000ad
:10fe340000004000b11680000110a1000100700014
:10fe4400b0168800010037000000000084c0a9003b
:10fe54000080fa003400f9004f00be0000400600a4
:10fe64003600f800809fbe00829fbe00849fbe00c3
:10fe7400869fbe003400f80000002000a001880026
:10fe84000200fa000000eb00000f780084e0a900f3
:10fe940005e1a90000088000804388000021ef00ec
:10fea40005e1a800f04380000000e0000d003200ee
:10feb400804380008000eb0061014000e081480045
:10fec400604180007141800002004000838048004e
:10fed4006041880071418800f04380000000e9001f
:10fee400f0438800e04380000000e000210032007d
:10fef4001e0078008000400080a12f000080400098
:10ff04009000780080438000808f50000c003900fe
:10ff14001e0078008000400060c320000080400084
:10ff2400100078008000e8001e0078000001400006
:10ff340060c320000000410001087800040037007d
:10ff44001e0fe8001e007800e90f5000e8ff34009f
:10ff54001e007800ea0f500003003a003c28ef002e
:10ff6400a0002000f0588800e04380000000e90071
:10ff7400e0438800004480000000e00008003200f4
:10ff8400004480000000e900004488000044800030
:10ff94000000e00002003a00200020002044880015
:10ffa400b04380000000e00003003200b043800052
:10ffb4000000e900b0438800d04380000000e00066
:10ffc40003003200d04380000000e900d0438800e1
:10ffd400f04480000000e00003003200f0448000a0
:10ffe4000000e900f0448800a04380000000e00025
:10fff40003003200a04380000000e900a043880011
:020000040001f9
:10000400904380000000e000030032009043800031
:100014000000e90090438800204080000000e000d8
:1000240003003200204080000000e90020408800e6
:10003400c04380000000e00007003200c04380009d
:100044000000e900c0438800c04380000000e000d5
:1000540001003a003c28ef00f04180000000e0007d
:1000640078003a00304480000000400030448800aa
:100074001116800000002800008060000000e000ed
:1000840004003a00304480000000a000304488009e
:1000940003003700304480000000a1003044880091
:1000a4004044800000004000404488001116800055
:1000b40000002400008060000000e00004003a001a
:1000c400404480000000a000404488000300370042
:1000d400404480000000a100404488005044800057
:1000e4000000e0000b003a0030448000e10f4000c3
:1000f4000e003a001000200050448800a028200080
:1001040090448800b04480000000e800b0448800b7
:1001140006003700304480000000e00003003a008d
:100124008a28ef009228ef008e28ef0060448000b8
:100134000000e0000b003a0040448000e10f400062
:100144000e003a001000200060448800a02820001f
:10015400a0448800b04480000000e900b044880056
:1001640006003700404480000000e00003003a002d
:100174008c28ef009428ef009028ef009044800032
:100184000000e00008003200904480000000e90014
:1001940090448800904480000000e00002003a008f
:1001a400b046800070448800a04480000000e00055
:1001b40008003200a04480000000e900a044880048
:1001c400a04480000000e00002003a00b046800035
:1001d40080448800704480000000e0000b0032007e
:1001e400704480000000e90070448800704480007e
:1001f4000000e00005003a00b0468000704488002a
:10020400b04480000000e800b044880080448000ce
:100214000000e0000b003200804480000000e90090
:1002240080448800804480000000e00005003a001b
:10023400b046800080448800b04480000000e9009b
:10024400b044880015d707006af107000080fa005f
:100254003400f9004f03be004f02be004f01be0040
:0c0264004f00be003600f900004006000c
:020000040000fa
:020000040001f9
:10027000880c00000c00000000000000e6080000f0
:100280000400000000000000f8090000f000000079
:100290000200000082f38900f38df30094f39900cb
:1002a000f3a4f300acf3b600f3bef300c8f3d00040
:1002b000f3daf300e1f3e700f3ebf300eff3f2001e
:1002c000f3f5f300f8f3fb00f3fff30006f40a0084
:1002d000f40df40015f4da00f31df40022f4290003
:1002e000f430f40037f43e00f445f4004cf45300cd
:1002f000f45af40061f46800f422f4006ff476001c
:10030000f47df40084f48b00f492f40099f4a000de
:10031000f4a7f40068f4ae00f4bff400d0f4da00ff
:10032000f4def400e6f4ee00f4faf4000bf5180045
:10033000f524f50035f53500f541f5004af5ee00f8
:10034000f456f5005ff56f00f57cf5008df59d0026
:10035000f5acf500bdf5c400f5c9f500d0f5d00049
:10036000f5d2f500dbf5e100f5e7f500f8f5090059
:10037000f60ff60013f61b00f623f60026f606002d
:10038000f42df60034f61a0037b43700ce37840067
:10039000361438002a38a40040a44000a440ee00df
:1003a0003e963f00d840d4003f8643001a444400a4
:1003b000446c4400a044c20044e444000c453200b4
:1003c00045764500b44506004626460046466c0084
:1003d000468c4600e80a000078000000000000009b
:1003e000000800007000000000000000d4080000b9
:1003f0001200000002000000c800640000040000b9
:1004000001000100006400000100520000ffff0035
:100410007a0c00000e000000020000002efe3600e4
:10042000fe3efe0045fe4e00fe55fe005cfe000056
:100430004a0c00001000000000000000ea08000064
:100440000400000000000000de0b00003a00000085
:100450000200000073ea7a00ea87ea0097eaa50042
:10046000eab2ea00beeac900ead4ea00deeae8003d
:10047000eaf2ea00fcea0600eb10eb00aa52cc001c
:1004800052ee52002c533a0053565300a453b4007a
:1004900053c85300dc53f000532254005e549200c2
:1004a00054000000a20b00003c000000020000000d
:1004b0001dfb2700fb27fb0027fb2800fb39fb0067
:1004c0004afb5b00fb6cfb007dfb8e00fb9ffb008f
:1004d00027fbb000fb27fb00c1fb2a005e6a5e0021
:1004e000965ebe005ee65e001a5f62005f885f0097
:1004f000de5f0600605c6000fa60340061a26100ab
:10050000ee0800000400000000000000360c0000af
:10051000140000000000000070080000440000000b
:1005200000000000b40800002000000000000000ef
:10053000f80800000001000000000000f2080000c0
:100540000200000000000000f408000002000000ab
:100550000200000001000000f60800000200000098
:1005600000000000940c00000200000000000000e9
:10057000600b00004200000002000000640b6600f7
:100580000b660b00010003000000000000000000eb
:1005900000000000000012001e000000000000002b
:1005a00000861800920e000000000000000000000d
:1005b000000000000000000000000000000000003b
:1005c000000000000000000000000000000000002b
:1005d000000000005a0c00001000000002000000a3
:1005e000494e460000696e0066004e00414e000014
:1005f0006e616e0000000000180c00001e0000007c
:1006000002000000286e69006c29000025006800c7
:10061000076c09004c836a009074a0007ac0000047
:100620008068880000846c00820081006a0c0000f1
:100630001000000002000000494e460000696e00f4
:1006400066004e00414e00006e616e00000000002a
:10065000960c0000020000000200000001000000f3
:040660000000000096
:020000040000fa
:020000040001f9
:100664003600f800809fbe00829fbe00849fbe00bb
:10067400869fbe003400f80000002000a00188001e
:100684000200fa00b1f1070030032000a010880036
:100694000000eb00000f78000200370000000000ab
:1006a4001e0fe800f0cf27009e007800808f5000d6
:1006b400faff340020cf2f00801f7800eec407001b
:1006c4008f87e900103a8000801f7800d0d02f0077
:1006d400801f7800e8c40700e48757000000eb009f
:1006e400a0f10700ffff37003600f800809fbe002e
:1006f400829fbe00849fbe00869fbe003400f80027
:1007040000002000a00188000000fa00a045880035
:10071400b1458800c2458800d3458800e445880077
:10072400f545880006468800174688002846880054
:10073400394688004a4688005b4688006c46880033
:100744007d4688008e4688009f4688007ff107001a
:10075400b0d12f00801f7800c7c407008f87e9003d
:10076400a0458000801f780030d32f00801f7800c0
:10077400c1c40700e4875700b0458000801f78009b
:10078400d0d32f00801f7800bbc40700e487570034
:10079400c0458000801f780070d42f00801f78002f
:1007a400b5c40700e4875700d0458000801f780057
:1007b40010d52f00801f7800afc40700e4875700ce
:1007c400e0458000801f7800b0d52f00801f78009e
:1007d400a9c40700e4875700f0458000801f780013
:1007e40050d62f00801f7800a3c40700e487570069
:1007f40000468000801f7800f0d62f00801f78000c
:100804009dc40700e487570010468000801f7800cd
:1008140090d72f00801f780097c40700e487570003
:1008240020468000801f780030d82f00801f780079
:1008340091c40700e487570030468000801f780089
:10084400d0d82f00801f78008bc40700e48757009e
:1008540040468000801f780070d92f00801f7800e8
:1008640085c40700e487570050468000801f780045
:1008740020da2f00801f78007fc40700e487570028
:1008840060468000801f7800d0da2f00801f780037
:1008940079c40700e487570070468000801f780001
:1008a40080db2f00801f780073c40700e4875700a3
:1008b40080468000801f780030dc2f00801f780085
:1008c4006dc40700e487570090468000801f7800bd
:1008d400e0dc2f00801f780067c40700e48757001e
:1008e400100020001ff10700ffff37003600f8005a
:1008f400809fbe00829fbe00849fbe00869fbe0074
:100904003400f80000002000a00188000000fa0074
:100914009f4688000f9020000cf1070090dd2f0007
:10092400801f780054c407008f87e9009046800038
:10093400801f7800e0dc2f00801f78004ec4070081
:10094400e48757002000200006f10700ffff37006e
:100954003600f800809fbe00829fbe00849fbe00c8
:10096400869fbe003400f80000002000a00188002b
:100974000000fa00f5f00700f0de2f00801f780079
:100984003dc407008f87e90030002000f5f0070020
:10099400ffff37003600f800809fbe00829fbe0034
:1009a400849fbe00869fbe003400f8000000200033
:1009b400a00188000000fa00e4f0070090a0a9005c
:1009c4009120a90040e02f00801f78002ac407006e
:1009d4008f87e90040002000e2f00700ffff3700a6
:020000040000fa
:020000040001f9
:1009e4008a1f78008b1f78000000060091018800a0
:1009f400800478000000eb001a003700e284440011
:100a040032a0b4009905ba00e284440032a0b400d4
:100a14009906ba00e284440032a0b4000006eb0058
:100a2400476fde00fd07b200636ce10003003a008b
:100a3400ebff07000000eb000a003700606ce100e8
:100a440004003a00005deb008b05e900fdff3e0069
:100a5400040037006168e100010032000086eb0009
:100a64000b00070019c7ba001905ba000e04e0000c
:100a740003003a000a00e000e0ff3a00000006002c
:100a8400fe07b2009e0188008a047800f5ff370053
:100a9400395dba008b05e9000c003200295dba000b
:100aa4008b05e900080032000c00e00003003a0066
:100ab400e284440032a0b400f5ff370019ddba0027
:100ac4008b05e900faff3a008904e800e184440058
:080ad40032a0b400000006008e
:020000040000fa
:020000040001f9
:100adc00cfe820000e7922000e01880000000000f3
:100aec00000020000000e0000200320000012000a5
:100afc0020028800140007008bbe07000000e000f5
:100b0c0003003a0080132800010020000200370087
:100b1c000000200001002000810f70000100320055
:100b2c00b0ff0700000020000000e00002003200cf
:100b3c0000000200000000008447020000000000da
:100b4c000040da000000fe004440a90000662100cd
:100b5c000000e0000300320000002000a00188002b
:080b6c004440a800000006004f
:020000040000fa
:020000040001f9
:100b7400809fbe00829fbe003400f8000000200069
:100b8400a00188000200fa008520a9000e003700a9
:100b940090108000004f7800f4c8bf008040e80047
:100ba400f2c8bf0080cf500007003200f4c8bf0075
:100bb4008080fb00828f20009e41780003f1780042
:100bc4000040e800f4e8b7007010800061006000a5
:100bd4000000e000eeff3a00701080006200600048
:100be4000000e000010032000e22a9000080fa009b
:100bf4003400f9004f01be004f00be000040060063
:00000001FF
