:020000040000fa
:08000000088404000000000068
:020000040000fa
:1002000008840400000000006254040000000000a4
:100210000a660400000000009c3904000000000091
:100220001e51040000000000e8340400000000003b
:1002300014360400000000004037040000000000f5
:10024000da37040000000000f4370400000000006a
:10025000aa360400000000003a3804000000000044
:100260005038040000000000a64004000000000018
:10027000343f040000000000d43f040000000000f0
:10028000da400400000000001240040000000000fa
:100290008843040000000000ee430400000000005a
:1002a0001844040000000000404404000000000066
:1002b00074440400000000009644040000000000a4
:1002c000b844040000000000e04404000000000006
:1002d00006450400000000004a450400000000003c
:1002e0008845040000000000da450400000000001a
:1002f000fa450400000000001a4604000000000057
:1003000040460400000000006046040000000000b9
:1003100068520400000000008a520400000000003f
:10032000ac52040000000000ea520400000000008b
:10033000f852040000000000145304000000000004
:10034000625304000000000072530400000000002b
:1003500086530400000000009a53040000000000cf
:10036000ae53040000000000e05304000000000051
:100370001c54040000000000505404000000000061
:10038000e85d040000000000285e0400000000009a
:10039000545e0400000000007c5e040000000000c9
:1003a000a45e040000000000d85e0400000000000d
:1003b000205f040000000000465f04000000000011
:1003c0009c5f040000000000c45f04000000000007
:1003d0001a60040000000000b86004000000000083
:1003e000f2600400000000006061040000000000f2
:1003f000381e040000000000ac18040000000000db
:10040000b80e0400000000000a00fa0011002000ed
:10041000b1bf9f00c0bf9f006a805700f511070061
:100420004fb897000080fa00000006000a00fa00aa
:10043000e20f500034003e0040648000e10f5000a5
:1004400003003200e20f500011003a000c003700a8
:10045000c32020000300e00001003a000040da0061
:100460000c02e200020035001422ef000de2a800a9
:100470000f42ab000d003a000f42a8000b003700fe
:10048000632120000300e00001003a000040da0090
:100490001602e200020035001e22ef0017e2a8005b
:1004a0001942ab0001003a001942a800820178000d
:1004b0000b0037003102fb00e10f500004003a004e
:1004c0000f22ab00feff3a008410880003003700c3
:1004d0001922ab00feff3a00d41088008301e90026
:1004e0000300e000f3ff3a00e10f500003003a0080
:1004f0000f02ab00feff32000b0037001902ab0009
:10050000feff32000800370033002000b3bf9f0019
:10051000c0bf9f00d1bf9f00e2bf9f006a8057000d
:10052000b61107006fb99700020078000080fa004a
:100530000000060000000500839f68000100e00045
:1005400002003d0060001000e08018000300e000a1
:1005500002003d0060011100e08119004200070027
:100560004f00e00002003b0060001000e080180037
:1005700000000600f4ff2f00a00337000001be00ba
:10058000240007000470a70003f0a1006509b10072
:10059000160032000d0035006828e1000600350025
:1005a000f0ff2f00f1ff27000300e00013003b00e5
:1005b0000100280000000500000040008180480084
:1005c0008502e900fcff3a0008003700f88f42007e
:1005d00002003c008000eb00000005008100d1001b
:1005e0000080d3008502e800fcff3a000300e00031
:1005f00002003b0060001000e080180000000600d0
:100600004f89de0082017800970337006011b8003f
:10061000a5033700c70ade00f107b200f50fb200ec
:1006200008003200e1cf4200020032000170a00059
:1006300024000500810f700001003200040805004d
:1006400044000500810f700002003a00140005000c
:100650008502e9000000400081c04800fcff3b002b
:100660000170a000240005006022b80006022000ee
:100670000000d0008180d2000482d2008582d200a6
:100680000000a0000202520083825a0003003100e1
:100690000202420083824a000000a1000603e90032
:1006a000f3ff3a000000060007f827000783610007
:1006b0000638e10004003a00f70720008783610054
:1006c0008703710001003a0003f0a200889fbe007a
:1006d0008a9fbe008c9fbe00470ade000480a100f6
:1006e000c71ade000580a10007002800078560000a
:1006f00087856100f70f20000720e1009e0032008f
:100700000728e1009c003200010678000400e000a8
:10071000b4003200f7072000878060000170a0005d
:100720000500e000c0003200f7072000878161006b
:100730000370a000050652000f003a000b50e100c4
:100740000b0032000308e10002003a000200e10061
:100750007e003200020450008384580004003100ff
:100760000001fd008101fd008402fd008a05fd00fd
:100770006044b800210037000520e10005003d007d
:100780000001fd008101fd008402fd008a05fd00dd
:10079000050652007a60e100050035000170a100f5
:1007a0004722dd00848070008a807000630037007b
:1007b0006044b800ef02660007ff2f0007066600de
:1007c0000500e00006003400f08312008714dd000d
:1007d0000511de00071bdd00060171008519de0032
:1007e0007060e1000500350009047800820478009b
:1007f000030178008001eb00700656000b50e10009
:1008000003003a00020040008380480004003700e3
:1008100060041400e0841c0002005800838058002b
:100820000188a300060032008100d1000080d300bf
:100830008984d3000884d3000402e800270037002d
:100840000178a30025003a000100e0000300320017
:100850008186cf00698656000a0037008c00200090
:100860000000e00004003a000900780088047800e5
:100870000004eb00700252008086cf000d06460097
:100880000c06e9007060e100060035008000780089
:1008900009007800880478000004eb007006560018
:1008a000700252000c00e0000c0034008c08dd00e7
:1008b000f00316000703de00868070000c00dd00e8
:1008c000074bde00060070008c4cdd000743de00a5
:1008d000868474000c44dd000c0252006120e100ab
:1008e0002000350061016000070028008781640056
:1008f000f7ff270087836400070374000300e0000c
:100900000600320082037300040032000000e80099
:10091000e08048000188a3000e003a00f70f200095
:100920000720e1004a003d000170a1004722dd00e0
:10093000810072008a8070000000be004f06be0079
:100940004f05be004f04be00000006006000b80066
:10095000faff37008100d1000080d3000402e800d4
:10096000eeff37000401780089017400a10107003f
:100970008a807000f1ff3700f70107000702780056
:100980000001fd008101fd00f301070087027800ee
:10099000850372000778a300040032000001fd0007
:1009a0008101fd0006020700e4ff370085036200b5
:1009b0000768a300080032000b50e100030032007a
:1009c000f0ff2f00f1ff2700dcff37000001fd00e2
:1009d0008101fd00d9ff37000468a300d7ff320072
:1009e000faff3700f8ff2700888360000b003a0009
:1009f0000000e00009003a00830364008283730072
:100a0000020032000200be00ccff37000b50e100b4
:100a1000ceff3a000200be00c8ff370014002000dd
:100a2000810064003eff3700f8ff270088836100e3
:100a300004003a000200e00002003a008c00780056
:100a4000beff3700150020008301640039ff370026
:100a500001f827000000200081007500b7ff370073
:100a6000889fbe008a9fbe008c9fbe001b00200096
:100a70000202be0005866800060028000606660021
:100a80004709de00f20fb200820032000243e800a4
:100a900080003200c729de00f30fb2007d00320073
:100aa0000343e8007b003200f107b2000170a000b0
:100ab000f507b2000570a000c708dd004903de009d
:100ac000868070004700dd00c72add004923de0074
:100ad000868272004722dd000305510004035000a6
:100ae00085835800030031000000400081804800e9
:100af0000a05e9008c1f78008a9fbe0004005000a0
:100b0000858058000402420085824a0000004000af
:100b1000818048000005eb000004be006033b8008f
:100b20000406be000d48e100560031001100090026
:100b30004dccd8000c01b8000d02b80084814100f2
:100b400060824a008283530003045c0084845c005a
:100b500060055d000a00e00025003a00800578008d
:100b60000d40e1004900310088007800070078005e
:100b7000110009004d88d8000c01b8000d02b80022
:100b80008481410060824a006003110083835b001e
:100b900004045c00e0845c000900e00021003a00ed
:100ba0004f01be000300e0002b003200e3016000b3
:100bb000070673008c817100010032006400700030
:100bc0004200de004e5edd000c007000c258de0008
:100bd00001e0a00083010700cf017800818071004f
:100be0004f06be004f05be004f04be0000000600c9
:100bf0008c8343000d044c00e0844c0060054d00e4
:100c00000000e9000a00e000d4ff32008c834300ba
:100c10000d044c00e0844c0060054d000000e9002c
:100c2000ceff37000c0343008d834b0060044c0063
:100c3000e0844c000000e9000900e000d8ff320029
:100c40000c0343008d834b0060044c00e0844c0097
:100c50000000e900d2ff37004200de004e5edd00fa
:100c60000c007000c258de0001e0a000cf01780047
:100c70000300e000daff320060001000e08018009e
:100c8000d7ff3700f0ff2f00aaff3700f0ff2f003b
:100c9000b9ff37000404be002f0107008706780063
:100ca0000004fd008104fd002b010700078366009e
:100cb0000678a300030032000960a7000800be0008
:100cc0002c0037000d78a300020032000800be009f
:100cd000280037000778a30026003a0001f0a100a1
:100ce00009f0a1000668a30003003200f1ff27000d
:100cf000f0ff2f00baff37000d68a3000300320099
:100d00000800be008c807000b5ff37000768a300a4
:100d100007003a000648a30003003200f1ff270055
:100d2000f0ff2f00aeff37000d48a3000300320094
:100d30006000b8008c807000a9ff37000748a3004e
:100d40000400320001f82700000020008c807000b1
:100d5000a3ff3700760107000004fd008104fd00b9
:100d600002057800720107000802be008a017800bf
:100d700059ff37000160a00012022000424788009e
:100d800097ff37000100e000120032000500e0008c
:100d900010003200889fbe008a9fbe008c9fbe005c
:100da0000006eb0001f8a300030032006000100011
:100db000e08018000cf0a00005f8a300030032004a
:100dc00060021200e0821a000cf0a2008005eb0025
:100dd00041ff37006000b80002000500038368008f
:100de0000700280007036300470ade000480a10013
:100df000c71ade000580a100f70f20000720e100e0
:100e0000420032000728e10040003200889fbe0007
:100e10008a9fbe008c1f7800f107b200f307b20072
:100e20000400e000640032000170a0000500e00052
:100e3000680032000370a00085054200eb07b10096
:100e40000204b8000302b8008484440060854a00ac
:100e5000020ab800848444000a854a00030ab800e4
:100e600004054500040033000804d0008984d20042
:100e70000a85d2008b05e9006158e1003d0035008c
:100e8000021020000901610003082000898161002f
:100e9000f70720008783640008867300c84cde00d3
:100ea000c853dd00878474004855de000300e0006d
:100eb0000600320082037600040032008904e80054
:100ec00060054d000a88a3000c003a00f70f2000cf
:100ed0000758e10044003d000a70a100c75ddd0035
:100ee0000a8575008a007300090078004f067800b3
:100ef0004f05be004f04be00000006000a05d100e9
:100f00008984d3008b05e800f0ff3700881f780044
:100f10000604780090000700070278000001fd0039
:100f20008101fd008c0007008702780085037200b4
:100f30000778a300050032000001fd008101fd00db
:100f40009f0007004f047800000006008503720030
:100f50000748a30003003200f0ff2f00f1ff270035
:100f6000f8ff37000000200001f82700888070009b
:100f7000f4ff3700880178004848dd008081710067
:100f80004848de00c850dd0001007000c850de0097
:100f9000060478000b0178001600070088807000b6
:100fa000d2ff37000500e0000500320017002000e6
:100fb0003a0007009dff370081037000f9ff3a00f7
:100fc000860078004f0678004f05be004f04be0033
:100fd0000000050083037100f9ff320027002000a4
:100fe0002e00070094ff370001f82700868070006c
:100ff000f4ff37000100e00026003200610111001b
:101000007810e10023003c006022b8007010e1007d
:101010000400350080027800010078008000eb00b9
:10102000700151000200e00009003400700311005b
:10103000062add00822ade008603dd008782720038
:101040000200de00860bdd00070070008208de0073
:1010500084817100f4ff27000482620084817100a2
:1010600004002800848262006102600005f0a6008e
:101070000000060004827100070032000000e80052
:10108000e0804800000006000002be006000b800da
:10109000efff37006000b80000000600889fbe0028
:1010a0000004eb006138e10016003a000100e000a6
:1010b00008003a00c800de004800dd00880020007b
:1010c0000100e00003003a00c800de004800dd0037
:1010d000680444008184cf00e98454000600340091
:1010e0008908dd00f08314008703de00878070002c
:1010f0000900dd0009044400610214004f04be0031
:10110000000006000300e00008003a00c811de00fd
:101110004811dd00880020000300e00003003a00d1
:10112000c811de004811dd00680444008384cf004c
:10113000e9845400060034008919dd00f0831400ae
:101140008713de00878171000911dd000904440066
:10115000e1021400e9ff37002700200001f0a7009a
:1011600017002000470bde00f60fb200040032002b
:101170000643e8000a0032004702b3000000060000
:1011800001037800f607b2000603700002003a007f
:101190000703b300000006008702b300000006004a
:1011a00001037800f607b200060370000200320067
:1011b0000770a000000006000760a0000000060005
:1011c0000478a300040032000578a3000300320075
:1011d0000168a30001003a000200be000160a00007
:1011e0000000060081017000270032008002eb0041
:1011f00001f8a3000300320060001000e080180036
:1012000015002000f40720000202420020003400f4
:10121000f70320008703600006042000000363003a
:1012200002082000000161004700de00c909dd005e
:1012300000807100c708de000600e00008003200f0
:1012400087037100060032001000b0000180b0007a
:101250000188a30002003200c108de000402e80099
:10126000f107b200f30f20000320e10003003d006e
:101270004722dd00810072002900370001f82700b5
:101280000000eb00260037006000b80000000600f8
:10129000680212007f20e100020034006000b80004
:1012a0001f0037006011b8007020e1000400350015
:1012b00080017800010078008000eb00700252008d
:1012c0000400e00009003400f00312000719dd00fb
:1012d0008419de000703dd00868171000400de0052
:1012e000070bdd00060070008408de00f7ff270012
:1012f00083836300870371000600280003036300f3
:10130000070032000700e00003003a0061016000be
:1013100002817300020032001000b0000180b000b2
:101320000500a6000000060001f0a0000000060075
:101330004f0ade004709de00f107b200f20fb200eb
:101340000b003200f207b1000170a000c708dd00f9
:10135000c901de00838070004700dd000400a600a4
:101360000000060060001000e08018000000060089
:10137000810f700001003a00000006008182cf005a
:101380000500e00010003e008082cf00ee824200a7
:101390007028e1000400390007003e00800078005a
:1013a0000000eb000e003700708312008600de00a4
:1013b0000500dd000a003700708352008600dd0062
:1013c0000000eb0006003700e28252008508dd00d5
:1013d000708312000603de00868070000500dd00c9
:1013e0007507b0000501ea000400a6000000060031
:1013f00060001000e080180000000600889fbe001a
:101400008a9fbe00841f78007c0007004f00780090
:1014100011003300f0ff2f00838f6c0006003b00ab
:10142000040565000a00a7000800370009f0a600bf
:101430001000200008003700820f5400838f5c00ea
:10144000030039001000200001003e0000002000d1
:1014500009f0a7000000ea004f05be004f04be00df
:101460000000e00000000600881f780003047800f8
:101470000300e00007003d0060001000e08018005d
:1014800060011900e081190002003b0001f02d000d
:10149000030037000400070008f0a70001f0a000d7
:1014a0004f04780000000600889fbe008a9fbe009f
:1014b0000082700004027100048271002600320074
:1014c0000004be000200be006011b8006b092000dd
:1014d000950220000182cf000a0039000541b100c9
:1014e0000082cf00070039000541b1000982cf001a
:1014f000040039000541b1000882cf000100390025
:101500000541b10005425200120032000a003b00c2
:1015100082817100610164008100d1000080d300ec
:101520008984d3000884d3008b05e8000442e800d6
:10153000f7ff3a00070037000804440089844c0094
:1015400000004800818048008b05e9000442e90062
:10155000f9ff3a00030007004f05be004f04be002c
:101560000000060081002000618055000b003d0056
:101570000b00200061fe2f000100e1001d0034007f
:1015800082817100610164008904d1000884d30064
:101590000000e800faff3a007100200061006400da
:1015a0000300700002006000090032006104440082
:1015b000e0844c000988a500050032008b05e80096
:1015c0006808e10002003a008904d1000884d300d1
:1015d000f20f20000258e10005003d00c75ddd006c
:1015e000f907b20089807500080078000000060045
:1015f0000bf827008b007800000005000004be00f7
:1016000004fc07000003be000405be000200be008b
:1016100000fc0700844f7500000006000400fa007b
:10162000889fbe008a9fbe000004be004709de00fe
:1016300003002000f20fb200f207b100f60f5100d4
:1016400030003c000200e0001c003500faff2f00d3
:10165000fb0720000201e900030033008b85d10065
:101660000a85d300fbff37008b8164000a0160000c
:10167000e00f5100e08f59002200320002002000ec
:1016800003b8270011fc0700a0bf9f00b1bf9f0057
:10169000e00f5400e08f5c0002003d000a044400ab
:1016a0008b844c000a85ea008b85ea008b806400fd
:1016b0000a0064000004be00110037000200200090
:1016c00003b8270001fc0700a0bf9f00b1bf9f0027
:1016d000e00f5400e08f5c00020035006044b80069
:1016e000070037000800440089804c00e00f5000dc
:1016f000e08f5800020032000800200009f82b009b
:101700000800be004f05be004f04be000080fa0076
:1017100000000600f6874700889fbe008a9fbe0033
:101720008c9fbe008e1f78000001be0006002000c6
:1017300007f82f000003430081834b00f4ff2f00c4
:10174000f5f72700840f5300858f5b001b003600e0
:101750000002400081824800e00f5200e08f5a00f2
:1017600006003a000001be009cfd07000001be001b
:101770000000200001f82b0008003700e00f5000a7
:10178000e08f580007003d001202200032648800fc
:101790000001be00c4fb07006011b800b0fc0700e8
:1017a000a10037000200200003c024008bfd0700c9
:1017b0000001be007efe2f000a003700840f50009b
:1017c000858f580098003e006000b800040020009b
:1017d00005f82300840f5100858f590092003200d4
:1017e0000007eb00d0b02f00a1042000020240004f
:1017f0008382480094b79f00a5b79f00fe07b10001
:10180000afb09700f107b20004007800324f20001b
:1018100053f32300000041008180490002002000b2
:1018200003f82300a0fb07000004be000200200014
:1018300003002400a5fb07000001be000800be0055
:1018400087fc07000002be000001be00f4b79f0045
:1018500085bf9f0061fd07000006be000001be00bd
:101860005efd07000005be000200200003f023001b
:101870000800be0059fd07000801be0057fd070023
:101880000001be00f0af9f0081b79f000800be00be
:1018900085fb070081017800c3b79f0002002f007d
:1018a00000016100b2b79f003fb19700cfb1970030
:1018b0000800be007cfb07007fa997008fb197004e
:1018c00079fb07000003be00e29e2e0013e923000f
:1018d0000a00be00d6b79f00e7b79f003ffd070094
:1018e000a2aa2a00a3f2230078fb07000001be0091
:1018f0000c00be0039fd07000004be0062e22900b2
:1019000083e723000a00be0034fd070032e12c000b
:10191000c3ec23006dfb07000001be000a00be00ff
:101920002efd07000001be000800be0067fb070097
:101930000001be007fa897008fb0970063fb0700ef
:101940000001be007fb297008fba97000400be006e
:1019500022fd07000001be005fb39700efb39700c0
:101960000600be0059fb07000005be001fb297002d
:10197000afb297004728de000100200000004700ba
:10198000cf80de001efb07000004be00b27d2200f7
:101990004355230011fd07000006be003fb197002c
:1019a000cfb197000a00be0048fb070092ad2e00a1
:1019b00043802b0009fd07000001be000c00be00a3
:1019c00042fb07000006be0002002600e3ed2300f4
:1019d0000a00be0001fd07000001be000c00be00b1
:1019e0003afb07000005be0002002600e3ed2300dd
:1019f0003fb09700cfb09700f8fc07000001be0091
:101a00000a00be0031fb07000005be0002082200ec
:101a1000a3e923000800be00f0fc07000001be009f
:101a20000a00be0029fb07004f0778004f06be00e2
:101a30004f05be004f04be006f01b100000006005c
:101a40000000fa0068815700cfb89700905a8000d4
:101a5000100078009b0507000080fa0000000600d7
:101a6000e30007003c010700160407004a040700d2
:101a7000c6040700ee040700c1050700330607008f
:101a8000de0537000000fa0068815700cfb89700e4
:101a9000905a8000100078008a0507000080fa0044
:101aa00000000600d20007002b0107000504070014
:101ab000b6040700de04070037040700b00507007e
:101ac00022060700cd0537000000fa0068815700a4
:101ad000cfb89700905a8000100078007905070071
:101ae0000080fa0000000600c1000700f5030700af
:101af00029040700a5040700cd040700130607000a
:101b0000be0537000000fa0068815700cfb8970083
:101b1000905a8000100078006a0507000080fa00e3
:101b200000000600b2000700e60307009704070064
:101b3000bf0407001804070004060700af053700bc
:101b40000000fa0068815700cfb897006b050700c6
:101b50000080fa0000000600a5000700d903070076
:101b60008a040700b20407000b040700f70507000a
:101b7000a20537008000780010002000020220003b
:101b8000828f500004003200e9805000e48f500042
:101b9000010036000000eb0000000600889fbe0038
:101ba0008a1f7800000578000a04780098447800bd
:101bb0000805e8000900fb00eeff07000000e00058
:101bc000f9ff3a00b0c2b30080cf540005003200e4
:101bd000d0c2b3008000eb0080cf540005003a0073
:101be000020037008000eb000100370011002000e8
:101bf0000804e8000000eb00030037006a02b900a7
:101c0000020052000003b0003801fb0003fd2f006a
:101c100082814100e98f5100f8ff36000100e000a9
:101c200001003a000000ea004f0578004f04be00b2
:101c30000000060080007800100020000202200052
:101c4000828f500004003200e9805000e48f500081
:101c5000010036000000eb0000000600889fbe0077
:101c60008a9fbe00000578008a0478001944780035
:101c70000905e8000800fb00eeff07000000e00097
:101c8000f9ff3a00b0c2b300804f540004003200a4
:101c9000d0c2b300804f540006003a000200370063
:101ca0000004eb0001003700180020008904e80060
:101cb000010037000004eb006000b80006003700a8
:101cc000a200200003002000230c0700cfd5de0077
:101cd0000a0050008b8058003905fb000a03b10050
:101ce000e90f5500f6ff36000800e00002003a0058
:101cf00060001000e08018004f05be004f04be00d9
:101d0000000006008000780002fd2f000101410064
:101d100010002000e90f5100050036000150a0001e
:101d20001106b100e58f5000010036000000eb0005
:101d300000000600f3ff37000000fa00688157003a
:101d4000cfb89700905a8000100078001600070066
:101d50000080fa00000006000000fa0068815700c9
:101d6000cfb897001e0007000080fa0000000600b0
:101d70000000060080b5200000000600fdff0700ff
:101d8000b05a8800a05a880000000600f1f92f0020
:101d900080804000f98f500001003e00f005b20045
:101da00000000600f9ff37000200fa00881f7800e3
:101db00000047800e2bf9f006481570008007800ab
:101dc0006c070700980090000148a3000100320052
:101dd0000080eb004f0478000080fa00000006004d
:101de0008201780001017800f1ff27006d083700bb
:101df000ec874700889fbe008a9fbe008c9fbe0074
:101e00008e1f780000067800010478001807900003
:101e10002805900098067800cdb79f00b80590007f
:101e20003202be002203be000400be000601be0056
:101e30004f18de006011b8008000eb00d0b79f00a3
:101e4000e1b79f00f2b79f0083bf9f008004780036
:101e50000900e000060032006000b8006011b80020
:101e600004025000858258000603590087835900f8
:101e70000e00e000020035000d10a100cdb79f005c
:101e80000900e00005003a004fb097000028a300c9
:101e900002003a000038a300020032008a00e90084
:101ea000010037008a007800f8815700a200200066
:101eb00008007800620307000900e00003003a0010
:101ec000cfb097000128a300080032000000e9000d
:101ed00000814500b1c2b3000900e00001003200fa
:101ee000d1c2b30001497800050037000138a300d2
:101ef000030032000000e90001c2b30081757800e0
:101f0000480190000201e900000151008080450075
:101f10004fb297008a0178000c0078005605070040
:101f20009c0090000188a3000400320098009000fb
:101f3000810f500001003d00010078004f0778003c
:101f40004f06be004f05be004f04be00cf00b100db
:101f500000000600000006004200fa00889fbe0054
:101f60008a9fbe008c9fbe0020079800110f98002a
:101f7000034f980011007800400f980091009000e6
:101f8000610f98009e099000a3019000330f980004
:101f90001e0a900044029000140798009e0a9000c8
:101fa000b5029000052798003204be002205be004d
:101fb0006022b8006033b8000800be000a01be000d
:101fc000100b07000000e00003003d000bf0a20032
:101fd000d0c2b300040037004e0b90000628a300c7
:101fe00009003200b0c2b3008e239000804b78000d
:101ff0003e0890000000e900700f980011002000da
:10200000510f9800100037004e0990000238a300cd
:102010000900320000c2b3008e2190008049780090
:102020003e0a90000402e900740f98001500200099
:10203000550f9800040037003e0b9000760f980073
:102040008003eb00570f98000800be000a01be0095
:10205000c0ff0700f4ff2f00f5ff2f00f6ff2f0051
:10206000f7ff27000402600085826000060361001c
:10207000878361006000b8000200200003ff270092
:102080000020e10001a8e10002b0e10003b8e10096
:1020900011003a000e4890008000fb001104b100ce
:1020a0000e219000de09900003004100f98f5000de
:1020b00002003e00c1c420000100370001c520001d
:1020c0008807070000c520008d0707005e0a900002
:1020d00004014000150037000020e10001a8e100e4
:1020e00002b0e10003b8e100130036008e4a900010
:1020f0008500fb001104b1000e239000de0b900060
:1021000007004300f98f500002003e0041c5200047
:102110000100370081c520007207070080c520003c
:1021200077070700de089000010140004e0a90008a
:10213000be099000500237006022b8006033b8003a
:102140000800be000a01be00ae0a07000000e00061
:102150006a0032006022b8000600200007ff23005a
:10216000441798005517980066179800771798003d
:102170008006eb000800be000a01be00001f9800a8
:10218000111f9800221f9800331f98000e26900000
:10219000070037008d06e8000802be000a03be00f3
:1021a00044179800551798006617980077179800fd
:1021b0006022b80006002000470224004e10900064
:1021c000de1090006e119000fe119000e80b0700e9
:1021d0000004be000205be000002be000203be00f5
:1021e0000e1890009e1890002e199000be199000b5
:1021f000840a07000000e000e6ff3d000c2798007d
:102200000006eb004e149000de1490006e15900056
:10221000fe1590002500370040ed2f00808f5600fe
:1022200019003d000c00e00016003a006022b800e2
:1022300006002000073524000e1890009e1890001c
:102240002e199000be199000c90b07000002be00b5
:102250000203be00041f9800151f9800261f980057
:10226000371f98006022b8000600200007352400c0
:102270000800be000a01be00bd0b07000004be003e
:102280000205be001c0020006022b80006002000ed
:10229000470224000800be000a01be00050b07002b
:1022a0000004be000205be008d06e9000802be0063
:1022b0000a03be000e1890009e1890002e19900080
:1022c000be1990004f0a07000000e000d2ff350061
:1022d0000800be000a01be00401798005117980080
:1022e00062179800731798000e1c90009e1c9000b7
:1022f0002e1d9000be1d9000080037006022b8001f
:102300000600200007ff2300441798005517980087
:1023100066179800771798008006eb008e4a9000a9
:102320000500fb0018070700104f98006e0b900087
:10233000600020000600e000010035006e089000fb
:1023400071c6b3009e4b900081cf53000a003a0043
:10235000ee0890000100e000cf013200cf0137000d
:102360008d0f5000d3013c00001f980052c6b300ef
:10237000425f98001e0037009e499000435f98001e
:102380000200370064c6b300445f98000000e80014
:10239000001f980060c6b300ce5a900080cf520054
:1023a00013003a000d00e00008003d006000b80096
:1023b0000200200003ff23004017980051179800e7
:1023c00062179800731798008006eb0061c6b3008f
:1023d000415f980070c6b3001e499000804f5100c5
:1023e000030032008e1990008d814100031f980078
:1023f0004e129000de1290006e139000fe139000bb
:10240000441f9800551f9800661f9800771f98007a
:102410000800be000a01be000017980011179800be
:1024200022179800331798000006eb000802be0040
:102430000a03be00540798006507980076079800c5
:10244000070f9800310037004e1a9000de1a9000f6
:102450006e1b9000fe1b90000e1090009e109000ce
:102460002e119000be119000920a0700ec0d07009b
:102470000004be000205be000b0a070080027800bf
:10248000250f98004e1a9000de1a90006e1b9000e7
:10249000fe1b90000800be000a01be00340b0700be
:1024a0000e1290009e1290002e139000be1390000a
:1024b0002f0a07000002be000203be0007f0a200c0
:1024c00004179800151798002617980037179800da
:1024d0006022b80006002000470224004e18900039
:1024e000de1890006e199000fe199000710a070026
:1024f0000002be000203be00441f9800551f980052
:10250000661f9800771f98000c06e8008e1a90004e
:10251000850f5600ccff35005e049000ee0490005d
:102520007e0590008e0d90006022b800060020000d
:10253000470124004e189000de1890006e1990009c
:10254000fe1990000a0b07000002be000203be0045
:10255000441f9800551f9800661f9800771f980029
:102560000e1090009e1090002e119000be11900051
:10257000a40907000000e0000f0035004e1a90008b
:10258000de1a90006e1b9000fe1b90000e10900053
:102590009e1090002e119000be1190009909070026
:1025a0000000e00011003a00ae0a90000508a30008
:1025b000080032000d0037006000b8006011b8005c
:1025c000401f9800511f9800621f9800731f9800c9
:1025d000060037006022b8006033b800441f98003e
:1025e000551f9800661f9800771f98004e1a90009c
:1025f000de1a90006e1b9000fe1b90000800be00cb
:102600000a01be00e00907000002be000203be008e
:102610000417980015179800261798003717980088
:102620006022b80006002000470224004e109000ef
:10263000de1090006e119000fe119000cc0a070091
:102640000004be000205be000002be000203be0080
:102650000e1090009e1090002e119000be11900060
:102660006d0907000000e000090035008d06e80054
:1026700060c6b300ce5a900080cf520008003a00e6
:102680000e1b90000603e800061f9800110037009b
:102690004e149000de1490006e159000fe15900010
:1026a00050c6b3004e599000804f510009003a00c7
:1026b0000802be000a03be00441f9800551f980080
:1026c000661f9800771f98008002eb00451798005e
:1026d000070037000800be000a01be00401f980036
:1026e000511f9800621f9800731f98004d179800a3
:1026f0005e0e90000001eb00220f98003207980058
:10270000520798000d0f78006a0037004e1a9000ab
:10271000de1a90006e1b9000fe1b90000e109000c1
:102720009e1090002e119000be119000e10907004c
:102730003b0d07000004be000205be005a09070059
:10274000e90f50000100340090002000ce099000f5
:102750000348a3000c003a000000e0000a003a0021
:1027600071c6b3001e4a9000814f520006003a0025
:10277000ce1290000500e00003003d002e0b9000fb
:102780008606e80023003700be0390000700e00043
:102790000c003a00ce1090000100e00009003d005e
:1027a000e1c2b3000e21900001717e000c06e8002a
:1027b000fe0990008301e900730f980014002000c7
:1027c000340798008e2290000c814200ae0e9000db
:1027d000850178000300370001c3b3000159780078
:1027e0008d06e9000d00e000fbff3a00032798008a
:1027f0002e0b9000060646000043b00080717e005c
:102800000c06e8000680ea00fe0b9000808343007f
:10281000770f98004e1a9000de1a90006e1b900001
:10282000fe1b90000800be000a01be00500a07000f
:102830000e1290009e1290002e139000be13900076
:102840004b0907000002be000203be0007f0a20011
:102850000417980015179800261798003717980046
:102860006022b80006002000470224004e189000a5
:10287000de1890006e199000fe1990008d09070077
:102880000002be000203be00441f9800551f9800be
:10289000661f9800771f9800ce1290008502e9000d
:1028a000451798005e0390000603e800560798005d
:1028b0002d0f9800de0390000e189000808f5300bb
:1028c00005003d009e08900041009000650050000a
:1028d000800f56008dff39009e0678003e01900063
:1028e0000200e00007003a00ce0990000348a30070
:1028f00004003200e0c2b3000e22900000727e009d
:102900000c06e8008e2290000c8042000048eb008c
:1029100051c6b3004e5b9000814f530038003a001f
:102920009e0390008700e9000041eb0082f27800ee
:102930008001eb000d00e00002003d008d06ea0082
:10294000130020002200200001037800fe0a9000fe
:102950008e239000000478000a00370001037800fd
:10296000a4002000110009008406d80001027800ac
:10297000800678000443b00084737b000201e90004
:102980008502e9008600e9000d00e000f3ff3a004f
:102990000200e000f1ff3c00750f98000727980047
:1029a0000800780001824300b2c2b3000300e000d7
:1029b00001003200d2c2b300024a78000101e900ee
:1029c0008e219000828041008e4a90000502fb001b
:1029d0001404b10053c6b300f90f520001003e00c9
:1029e00053c4b300834878007e0b90000683e9004f
:1029f000760f9800820f560001003d003905070050
:102a0000ce0b900063806300e20f500015003a0087
:102a10007e0890000000e000120034000e209000bc
:102a2000370507008e219000040037007e099000d2
:102a300082804100e37078000000e900de0a900027
:102a4000850f5000f9ff3d000327980005804100e5
:102a50007e09900001032000be0407000003eb0084
:102a6000360f98000e209000250507004e0a9000b2
:102a7000be099000000178008e2090002e0090008a
:102a80007d0207004f06be004f05be004f04be008a
:102a90000080fa000000060010002000e48f4600cd
:102aa0002ffe3d00001f980057c6b300475f9800f7
:102ab0004ffe37000d00e00032fe3500001f980089
:102ac00042fe37000200fa00889fbe008a9fbe00c7
:102ad0008005780001047800020078001801900059
:102ae0002805900098007800b1bf9f00b8049000be
:102af0000200e000020035000110a100b1bf9f00fc
:102b0000ea815700820020008a0078003002be006f
:102b10002003be0008007800490007003fb9970075
:102b2000f0006100030032000000e90001c3b300bf
:102b3000817478003fb99700e8006100030032001b
:102b40000000e90001c2b3008174780048019000e0
:102b50000201e90000015100808044003fba970063
:102b60008a0178000b007800430207009b00900068
:102b70000188a3000400320098009000810f5000eb
:102b800001003d00010078004f05be004f04be006b
:102b90000080fa0000000600ea874700889fbe0018
:102ba0008a9fbe008e1f7800000478000300780022
:102bb0007287570084e2260055c72600049fbe0096
:102bc000c3962200030f78006c875700004feb007c
:102bd00011059000a1049000910578000200e0002a
:102be00002003200020778000100370072875700a8
:102bf0000000e00002003a000e007800c004070068
:102c00000a00e000030035008a0f50000100360082
:102c10000a0078000b027800890178000001780032
:102c20008e00780008007800130207004f07780034
:102c30004f05be004f04be00af00b100000006000b
:102c4000f4874700889fbe008a9fbe008c9fbe000d
:102c50008e1f78000605be000404be0081bf9f00e1
:102c600082b79f00f3b79f00b0009000e1b79f00cc
:102c70001301780092b79f009006900040009000ea
:102c80000000e900000678000d00e00001003d00b2
:102c90001d0020008040eb00efb1970081717800ab
:102ca0001e0020001f0037000c06e9000fb097003f
:102cb000cf80de006109b900a0b79f00b1b79f00c7
:102cc000c2b79f00d3b79f000203be000002be0040
:102cd0000800be000a01be00e60a070000077800ef
:102ce0000e4078000043b000efb0970080707e0087
:102cf0008d06e9000fb997000201e90082bf9f002d
:102d00002fb29700bfb297004fb39700dfb3970081
:102d10000800be000a01be00cf0a07000205be007f
:102d20000004be000c00e0000d003400e00f540071
:102d3000e08f5c00e00f5d00e08f5d00daff3a009d
:102d40000d00e000d8ff3c008fb997000300e000c1
:102d5000030034001fb097000018a300d2ff3a0010
:102d60000e00e00002003a00ffb097001140a10001
:102d70000c0078004f0778004f06be004f05be00dc
:102d80004f04be004f01b100000006000200fa002f
:102d9000889fbe008a9fbe0000057800010478006d
:102da0000200780018019000a804900098007800b4
:102db000b1bf9f00b80590000200e000020035009e
:102dc0000110a100b1bf9f00ea815700a2002000be
:102dd000890078003002be002003be0008007800a1
:102de00097ff0700480190000201e900000151002f
:102df000808045003fba9700890178000a0078007a
:102e00009d0107009a0090000188a3000400320091
:102e100098009000810f500001003d0001007800f3
:102e20004f05be004f04be000080fa0000000600ff
:102e3000fa874700889fbe008a9fbe008c9fbe0015
:102e40008e1f7800800478000104780082057800e5
:102e5000180190002805900018077800b80090002d
:102e60000200e000020035000e10a1000100370052
:102e70001200200070006700e0b79f0009003200d8
:102e80003b02be002b03be00e00f5200e08f5a0051
:102e9000e00f5b00e08f5b00020032008a86e900f1
:102ea000010037008a067800e8026700f5b79f0046
:102eb000010032008d06e9003b02be002b03be007c
:102ec000e4af9f00f5af9f0086b79f0097b79f00c4
:102ed000480690000c06e9000040eb0080707e0080
:102ee000efb297007fb297008903780081047800e1
:102ef000d8af9f00020478008bbf9f008a0578003e
:102f0000034578002a0037000c06e9006fab9700f4
:102f10006f006300e90f500002003c000003b000a6
:102f2000010037007005b0000a03fb001604b10071
:102f3000f90f53000c003e00000378000650a0007b
:102f40001606b100f90f530007003e00b4b79f000a
:102f5000a5b79f00c7b79f008cfb0700cfb39700b2
:102f6000afb297003fb2970080747e000804e9007a
:102f70008d06e9006fa89700ffa897000fb1970092
:102f80009fb19700460020008301d1000281d30049
:102f90008180d3000080d3000603e900faff3a00e5
:102fa000e0af9f00f1af9f0082b79f0093b79f00f3
:102fb000e10f56000f0034006fa89700ffa897009c
:102fc0000fb197009fb19700e00f5000e08f5800bd
:102fd000e00f5900e08f5900cbff3a000800e000f5
:102fe000c9ff3c000d00e000020034000e18a300f1
:102ff000c5ff3a0089007800f4b79f008704780085
:103000005fac97008a4178000b0578008fbd970070
:103010000500e000100032003b02be002b03be00a2
:10302000e4af9f00f5af9f0086b79f0097b79f0062
:10303000e00f5200e08f5a00e00f5b00e08f5b0072
:10304000050032000c06e90083707e000c06e900e2
:1030500000c3b30080707e00ffb297000500e0005f
:10306000030032000c06e90000c2b30080707e004d
:10307000480190000201e9000c0151008c804000e1
:103080000e0278008a01780009007800fa00070033
:10309000990090000188a30004003200980090007d
:1030a000810f500001003d00010078004f077800bb
:1030b0004f06be004f05be004f04be00af01b10079
:1030c000000006000200fa00881f78000004780063
:1030d000e2bf9f006481570008007800a502070046
:1030e000980090000148a300010032000080eb002e
:1030f0004f0478000080fa0000000600820178008a
:1031000001017800f1ff270075063700889fbe0097
:10311000000478004800900082047800808f5400fa
:103120000100360080047800090178005800900002
:103130000103070058009000090040005004980067
:10314000c800900089845000490498000048eb00b2
:103150004f04be000000060010007800b3f43700f2
:10316000900190000388a30001003200e7ff3700c0
:103170000348a30001003a00f7ff07000000060023
:10318000881f78000004780000082000808f50001d
:103190001700350010082000808f50000b0034000d
:1031a00030082000808f500011003a009200780013
:1031b00068805000000978003002be002003be0085
:1031c000049cbe000694be000700370092027800ff
:1031d00064805200000978001000be0093060700ca
:1031e000009cbe000294be001000200001003700c9
:1031f0000000eb004f047800000006008408200067
:10320000848f50001d0032000d003c001408200087
:10321000848f50002700320002003c000408200088
:103220000400370024082000848f5000340032004e
:1032300044082000848f500043003a0036003700d5
:10324000040a2000848f50002700320004003c0054
:1032500004092000848f50003b003a00280037000a
:10326000020c2000828f50002f003200020f20003d
:10327000828f500034003a002b0037009380e90021
:103280000200e00005003200810978001102fb0015
:10329000cfa2de00612bb900280037008109780039
:1032a000114278000482fb008002eb006033b8001a
:1032b0002200370013027800e40052000200e00010
:1032c00005003200810978001102be004fabde001c
:1032d0008603780019003700810978001102be00ca
:1032e0006033b800150037009380e9008109780049
:1032f00011027800cfa2de00612bb9000f00370069
:1033000093027800e8805200810978003102be0003
:103310002103be00090037009380e9000200e000ad
:1033200002003200f1ff37009380e9008109780044
:10333000110278008002eb006033b8000498be00f0
:103340000690be00100005000000050044082000a3
:10335000848f50002500320008003c001408200033
:10336000848f50001400320024082000848f500005
:1033700024003200040820000c003700040920005b
:10338000848f50001f00320004003c00840820009d
:10339000848f500024003a000e003700040a2000f9
:1033a000848f500011003200040c2000848f5000e4
:1033b0001d003a000d0037009380e9008109780074
:1033c0009100780001087800cf91de008288be006d
:1033d000140037009380e90081097800910078009b
:1033e00001087800824878000e0037009380e900d9
:1033f000810978009100780001087800820878003f
:10340000080037009380e900810978009100780076
:10341000010878006112b900612bb9008498be00e0
:103420008690be001000050000000500889fbe00c9
:10343000000478004800900082047800808f5400d7
:1034400001003600800478000901780058009000df
:10345000390207005800900009004000500498000d
:10346000c800900089845000490498000048eb008f
:103470004f04be0000000600f2874700889fbe0090
:103480008a9fbe008c9fbe008e1f7800800478004b
:103490000105780002047800830578006107620066
:1034a00002003a008b0f5400080039000801780030
:1034b0008a0078000900780029ff07008b0f54006c
:1034c00002003900880578001e0037000886550084
:1034d0000c017800f00f56000100360002012000b8
:1034e000010220007e8057001a0207008c06780037
:1034f0000500370002012000fe8057000900780017
:1035000017ff0700f0865600ef8f5600f9ff3e00c8
:103510004461de0000ff2f000091b9000201460067
:10352000fe805700090078000dff07000e00e00044
:1035300004003a00080178008a0078000900780049
:1035400007ff07000b0078004f0778004f06be000a
:103550004f05be004f04be002f01b1000000060061
:1035600000000500000005000000050000017800d3
:103570000040eb008080fb008180400023c12000e0
:1035800063c278000404e00003003a0030c1200068
:1035900060c078000000060092017800934f52004e
:1035a00004003a0030c1200060c078000309e80040
:1035b000010037000040e800ea4f5000edff360000
:1035c00000000600f6874700889fbe008a9fbe0065
:1035d0008c9fbe008e1f78000005780001047800e3
:1035e00083057800040678000000eb00c0b79f0058
:1035f0008080eb00d1b79f00e0b79f00f2b79f003b
:103600000008200080bf9f0098007800010078002b
:103610008004eb00010037008904e80030417800a5
:103620000204e0000300320053c2b300834f510094
:10363000f9ff3a000900e0000400320009017800b7
:103640000a007800c6fe0700188c440018077800ae
:1036500050c2b3009e4f10003f013a000e07e80031
:103660000e0c780010003700cfb097000100a000ca
:103670000b003700cfb097000110a0000800370002
:10368000cfb097000120a00005003700cfb0970011
:103690000130a00002003700cfb097000140a00029
:1036a000c1b79f00000ce800180078009040780037
:1036b000b2c2b30082cf5000f1ff320007003c00dd
:1036c00002c2b30082cf5000f0ff320032c2b3001a
:1036d00082cf500007003a00efff3700d2c2b3009c
:1036e00082cf5000e0ff320002c3b30082cf50000f
:1036f000e0ff3200a2c2b30082cf50000d003a00ba
:10370000000ce8001c80e900000e78001000780032
:10371000e0b79f000000e0000f003d00cfb0970031
:103720000100a200c1b79f000000ea00e0b79f00bf
:103730000900370019f90700e0b79f0001003700c2
:10374000000ce800180078009000fb000103b100b5
:10375000e98f5000faff36004fb097000008a30031
:10376000020032000010a100c0b79f0018007800ce
:10377000e1c2b30090cf100016003a008000eb00c9
:10378000d1b79f000000e800000c7800a1c2b30090
:1037900090cf100006003a00000ce8001c80e90001
:1037a000000e780010007800d0b79f0009003700a5
:1037b000faf80700d0b79f0001003700000ce800be
:1037c000180078009000fb000103b100e98f500061
:1037d000faff36000800780064ff07008046780092
:1037e000180078001000fb00e70107009106200098
:1037f000810f50003800320012003c0041062000ca
:10380000810f5000340032000a003c0011062000f5
:10381000810f50002000320031062000810f50003f
:10382000a000320051022000810f5000bc003a007d
:10383000b400370071062000810f5000b8003c0032
:103840008800370001072000810f50005c00320023
:1038500007003c00e1062000810f50007a00320092
:10386000f1062000810f5000ad003a00390037000a
:1038700051072000810f50002700320081072000ef
:10388000810f50004200320031072000810f5000ac
:10389000a3003a008f0037008d80fb000c017800f8
:1038a00000fe2f000f00400035fe07000000e00082
:1038b000a800320018007800000ce8009041780061
:1038c00002fe2f000f014100f88057000a00780027
:1038d000dd0107000e0037008d80fb008c017800b1
:1038e0001200200000fe2f000f00400043fe0700e2
:1038f0000000e00097003200180ce80002fe2f00e4
:103900000f014100f88057000a00780038f90700dd
:1039100080844400900037008d80fb008c0178008b
:103920000001eb0000fe2f000f00400033fe0700f7
:103930000000e00087003200180ce80002fe2f00b3
:103940000f014100f88057000a0078000ffd0700c2
:10395000efff37008d80fb008c0178000001eb0049
:1039600000fe2f000f00400024fe07000000e000d2
:1039700078003200180ce80002fe2f000f01410011
:10398000f88057000a0078004efc0700e0ff37007f
:103990008d80fb008c0178000001eb0000fe2f0001
:1039a0000f00400015fe07000000e0006900320033
:1039b00018007800000ce800904178001c003700e7
:1039c0008c0178000001eb00010f200000fe2f00a9
:1039d0000f00400009fe07000000e0005d0032001b
:1039e000180ce8000fb097009fb097002fb1970018
:1039f000bfb19700e00f5000e08f5800e00f590072
:103a0000e08f590009003a00cfb597006fb49700d6
:103a1000a0c020003a0107000b027800880178005e
:103a200000017800a1c020004700370083c7b30021
:103a300002fe2f000f014100f88057000a007800b5
:103a4000fbfc0700b2ff37000b8144008d80fb00b8
:103a50008c01780000fe2f000f0040003bfe0700a5
:103a60003c0037008d80fb000c01780000fe2f0029
:103a70000f004000c2fd07000000e00035003200ea
:103a800018007800000ce8009041780002fe2f003a
:103a90000f014100f88057000a0078002ef9070056
:103aa0009bff370000c8b30080cf560029003a00c2
:103ab000180ce8001c80e900000e78001040780027
:103ac000e0df9f0013002000e2fd2f000f01410006
:103ad0000800370000c8b30080cf56001d003a0030
:103ae000180ce8001c80e900000e78008001eb0053
:103af00010017800f88057000a00780026fc0700c3
:103b000083ff370000c8b30080cf560011003a0091
:103b1000180ce8004fb29700efb19700080037008b
:103b20000e0c78000000eb00c0b79f00e0b79f00cc
:103b30000080eb00d0b79f000002eb00840178000a
:103b40001200200001c120000a0078004afe070090
:103b50006fff3700180ce800090078004f07780065
:103b60004f06be004f05be004f04be006f01b100fe
:103b7000000006008200fa00889fbe008a1f7800bd
:103b80000005780082047800c13f9f000004eb002c
:103b9000100037000902780088017800a2f72f0092
:103ba0000f01410081f72f008f8040000a0078004c
:103bb00084fe070008004000880f500004003d000c
:103bc000b0042000306488000084eb00040037005b
:103bd000000478004f3897001004e000edff3a0031
:103be000080078004f0578004f04be000080fa00fe
:103bf00000000600889fbe000004be000000eb002d
:103c00000800e00018003200180090000058a300df
:103c10000d003200d800900068009000808f5000a6
:103c200009003600b80990000001eb00820078001e
:103c30000800780003000100d80090000080eb002d
:103c40000100e000080032000000eb00200c9800aa
:103c500060049800500498000900e000020032005f
:103c600018007800e8f107004f04be0000000600cd
:103c7000889fbe000004be000000eb000800e000ca
:103c800025003200180090000058a30011003200f7
:103c9000d800900068009000808f50000900360026
:103ca000b80990000001eb0082007800080078005d
:103cb00003000100d80090000080eb000100e0004c
:103cc000150032000000eb00200c98006004980002
:103cd00050049800780a900008109000800f52005d
:103ce000060031000002520011002000cfa2de00c9
:103cf000612bb90018007800090007000000eb00f4
:103d000000149800700c98000900e00002003200d6
:103d100018007800bcf107004f04be000000060048
:103d2000a0fd2f00f1ff2f008d0007004f89de005e
:103d30008201780000000600800178000200370050
:103d4000b15978000201e9000200e000fcff3a00ee
:103d500000000600889fbe008a9fbe008004780095
:103d60000200e0005b00320001407800814c7800e6
:103d700082814400f1f99f00e20f510055003600a6
:103d800091449800a1449800e1f99f00d1f99f0067
:103d9000e60f51004f003600b1449800c1f99f0072
:103da000e80f51004b0036000905ea006305650085
:103db0000a8444000a055100c1ff2f000105650077
:103dc0000080fb008000eb00121020001310200088
:103dd000e1030700008cbe000a01440060b99f00a7
:103de00071b99f00e80f55003a0036002004980092
:103df00031049800400498005104980020b99f00b5
:103e000031b99f0040b99f0051b99f00f80f55008c
:103e1000300036006004980071049800000c98008f
:103e2000110c9800200c9800310c9800400c980060
:103e3000510c980020b19f0031b19f0040b19f000c
:103e400051b19f0060b19f0071b19f0000b99f0008
:103e500011b99f006401640078014100020444002c
:103e6000020555006011b8000203be000002be004a
:103e70000403be006022b80000007200818072005e
:103e8000020173008381730010003700009cbe00a4
:103e90000294be0040049800510498006204980007
:103ea00073049800000c9800110c9800220c9800e4
:103eb000330c9800400c9800510c9800620c98004c
:103ec000730c98000a02b1000802b000ff0f550001
:103ed000eeff3e00090078004f05be004f04be0013
:103ee00000000600881f78000004780008007800b1
:103ef00020030700080078004f0478000000060047
:103f000080007800040037003104e00002003a002d
:103f10000000510000000600010178000108a30024
:103f2000f9ff3a008101780031017800f4ef2f00a9
:103f3000020242000281ea00020162000408280035
:103f400004016100f7ff320083007800010178006e
:103f50003104e000fdff3a000000510000000600bf
:103f600002002f00f3ff2f00820f5000838f5800b4
:103f7000040036000000ea00306488000080eb0096
:103f80008080eb0000000600f1fb2f0080804000e5
:103f9000f98f500001003e000050a0000000060014
:103fa000f9ff37000f04b0008e1f7800020278007e
:103fb000030178000000e0000200320000077800f2
:103fc000020037000efc2f000f0747008002eb00b5
:103fd0000100e000010032008102e9000f007800da
:103fe000e003b1001d0009000018eb000080eb00a9
:103ff00090a79f0023102000a3a79f00bea79f00ab
:10400000c1a79f00d5a79f000100e00003003d006d
:10401000b10420003164880007003700004feb0036
:10402000fea79f00eea79f008400780020fc2f00d1
:104030000f0040005cf707004f0778000f04b10045
:1040400000000600000006003e00fa00889fbe0047
:104050008a9fbe008c9fbe001007980083467800a0
:1040600011007800400f98009101900043079800dc
:1040700021029000240f9800c1029000050f7800e3
:10408000b1009000611f98003204be002205be00fe
:10409000281f9800391f98004a1f98005b1f98003e
:1040a0006022b8006033b8000800be000a01be00fc
:1040b000d40207000000e00009003d000800be0037
:1040c0000a01be0003f0a200201f9800311f9800d3
:1040d000421f9800531f9800d0c2b300040037005d
:1040e000ce0890000128a30009003200b0c2b3003e
:1040f0006e19900000497800ae0990008301e90034
:10410000330f980014002000540f9800100037005f
:10411000ce0a90000538a3000900320000c2b300a7
:104120006e1b9000004b7800ae0b90008703e900f7
:10413000370f980018002000580f9800040037002f
:10414000ae0c9000390f98000005eb005a0f980054
:104150002e189000be1890004e199000de199000a5
:10416000b8ff0700f4ff2f00f5ff2f00f6ff2f0028
:10417000f7ff2700040260008582600006036100eb
:10418000878361006000b8000200200003ff270061
:104190000020e10001a8e10002b0e10003b8e10065
:1041a0000c003a008d06fb001d04b100ee1d9000ce
:1041b000de08900001804500c1c52000f98f56003f
:1041c0000100360001c6200046ff070000c620009f
:1041d0002f0237000020e10001a8e10002b0e10059
:1041e00003b8e1000c0036008d06fb001d04b10091
:1041f0006e199000de0990000300410041c62000c6
:10420000f98f56000100360081c6200035ff0700f7
:1042100080c620001e02370000c3b3006e1a900053
:10422000de0a900000f27a000500e800000142007a
:104230008d00fb00f6fb2f00068340002607980048
:1042400081c7b300f90f530001003e0081c5b300e0
:10425000014978000000e800500f98006022b80083
:104260006033b8002e189000be1890004e199000d0
:10427000de199000630207000000e0005e003200db
:104280008003eb006044b8000a0020000bff23000d
:1042900068079800790798000a0f98001b0f98008c
:1042a00007067800050037000c06e8006e0c900049
:1042b000fe0c90000e1590009e1590000802be00a6
:1042c0000a03be000800be000a01be00ae020700dd
:1042d0000002be000203be00640f9800750f980034
:1042e00006179800171798002e189000be18900017
:1042f0004e199000de199000420207000000e00015
:10430000e9ff3d006c0f98002a0037006022b800da
:104310000600200007fe23000800be000a01be00c0
:10432000930307006022b8006033b800350207002d
:104330000000e00016003a006022b80006002000ed
:10434000073524000800be000a01be0088030700ec
:104350000004be000205be006022b8000600200076
:10436000073524002e189000be1890004e199000ba
:10437000de1990007e0307000002be000203be00ab
:10438000241f9800351f9800461f9800571f98005b
:104390006022b8000600200007fe23000800be00cf
:1043a0000a01be00720307000004be000205be0041
:1043b0000c06e9000802be000a03be002e18900099
:1043c000be1890004e199000de1990000d020700f3
:1043d0000000e000cdff35000800be000a01be006d
:1043e0006007980071079800020f9800130f98005b
:1043f0006c0f9800090037008000eb00610f9800f7
:104400006022b8000600200007ff23006407980020
:1044100075079800060f9800170f9800ce029000bd
:10442000800120000500e000010035004e009000f2
:104430000000e800300798006e049000fe04900031
:104440000e0d90009e0d9000681798007917980047
:104450000a1f98001b1f98002e1c9000be1c900085
:104460004e1d9000de1d90000006eb003a00370064
:104470006e129000fe1290000e1b90009e1b90008a
:104480000800be000a01be008a020700e40507001a
:104490000002be000203be002417980035179800e2
:1044a0004617980057179800ff0107008002780010
:1044b000550798006e129000fe1290000e1b90009f
:1044c0009e1b90002e109000be1090004e11900088
:1044d000de119000260307000002be000203be00aa
:1044e0000800be000a01be00210207000004be0051
:1044f0000205be006022b8000600200007fb230072
:104500006e109000fe1090000e1990009e19900001
:10451000170307000002be000203be0064179800e4
:1045200075179800061f9800171f98000c06e800e2
:10453000ce0290000500e00007003d006022b800b8
:104540006033b8000800be000a01be00ad010700dc
:104550000000e000040032003e039000860f560089
:10456000c3ff3500010037003c0798006022b80007
:1045700006002000070224006e109000fe1090003c
:104580000e1990009e199000f90207000002be006b
:104590000203be006417980075179800061f980064
:1045a000171f98000800be000a01be009501070011
:1045b0000000e0000d0035006e129000fe12900029
:1045c0000e1b90009e1b90000800be000a01be005a
:1045d0008c0107000000e00011003a00de029000ac
:1045e0000508a300080032000d0037006044b80041
:1045f0006055b80068179800791798000a1f98004e
:104600001b1f9800060037006000b8006011b8005a
:104610006017980071179800021f9800131f9800e8
:104620006e129000fe1290000e1b90009e1b9000d8
:104630002e189000be1890004e199000de199000c0
:10464000d10107000002be000203be0064179800fb
:1046500075179800061f9800171f980079fe07002d
:104660000203be000002be00f0ff2f00f1ff2f008a
:10467000f2ff2f00f3ff2700000462008184620034
:104680000205630083856300281f9800391f980086
:104690004a1f98005b1f98006000b80002002000cd
:1046a00003ff27000040e10001c8e10002d0e10063
:1046b00003d8e100bbfe3200be0c90008984e90003
:1046c000291f98005e0e90008006eb005d079800a1
:1046d0002d1798006f0037006e029000fe029000c8
:1046e0000e0b90009e0b90006e109000fe1090003c
:1046f0000e1990009e199000ee0107004805070072
:104700000004be000205be006701070080007800bb
:104710000100e00006003a002e1090000000e000ca
:10472000030032008d06e8003d0f9800330037008b
:104730005e0190000200e0000c003a00ae11900013
:104740000300e00009003200e0c2b3006e1a9000de
:1047500000727e000c06e800ae1a90008502e900a7
:10476000251f98001600200056079800ee1b9000a9
:104770000c8143000d007800070278000300370029
:1047800003c3b300035978000000e9000000e00013
:10479000fbff3a00300f9800641f98000d0646009a
:1047a000e98f500003003c0000032000010040009e
:1047b000020037007005200001004000ae009000ac
:1047c000f98f500006003e00800078000150a000e4
:1047d0001106b100f98f500001003e006bf5070093
:1047e0006e19900000717e000c06e8008d86ea00cc
:1047f000ae1990008d814100231f98006e02900039
:10480000fe0290000e0b90009e0b90000800be0070
:104810000a01be00560207000002be000203be00ed
:104820006e109000fe1090000e1990009e199000de
:104830004f0107000002be000203be00641798008b
:1048400075179800061f9800171f98006022b8007f
:104850000600200007fb23006e009000fe00900081
:104860000e0990009e099000410207000004be005e
:104870000205be0068079800790798000a0f9800a3
:104880001b0f9800ae1490008904e90029179800c6
:10489000be0e90002e1590000a00ea00be059000a2
:1048a0008b0f500004003d009e0078006580500092
:1048b000800f560088ff39005e0190000200e00082
:1048c0001e003a000d00e0007d003400ce01900093
:1048d0000300e0007a0034004e0a90000408a300b0
:1048e00077003a00ee1a90008c804200e0c2b300dc
:1048f000804878000d0078008501780002c3b3007d
:10490000826878000000e900fcff3a00631f98000d
:104910000c8646000c06e8002e1b90000600e900fd
:104920000d005000201f980004003700e0c2b300c3
:10493000ee1b900080737e000c06e8006e1c900059
:104940000c0044000048eb009e0478008900e90058
:104950000041eb0002f478008001eb006e0d900046
:104960000a00e00003003d000a05ea006a0f980013
:1049700013002000120020006e0a900081037800ce
:104980002e1b90006e1c90008006780009003700f6
:1049900081037800a5002000110009000502d8005d
:1049a0000002be000543b00005f47b000201e900ef
:1049b0000603e9008700e9000400e000f4ff3a0084
:1049c000e10f5100f2ff3200261f9800681f980087
:1049d0000d00780001024400b2c2b3000300e00001
:1049e00001003200d2c2b300024a78000101e9009e
:1049f000ee1990008280410003c7b3002e029000a0
:104a0000f90f520001003e0003c5b300834878004f
:104a1000820f560001003d0032fd0700ce0a9000d3
:104a200063806200e20f500018003a002e1b9000d5
:104a30000684e9004240a900140034006e1890007a
:104a40002ffd0700800044008100e800ee1b90006d
:104a5000818043008701780002003700e36078001e
:104a60000000e900de0c9000890f5000fbff3d00c4
:104a7000631f9800098041000801780001032000ad
:104a8000b4fc07000005eb002a0f98006e18900098
:104a90001bfd07004e0a9000ae099000000178004f
:104aa000ee1890001e00900073fa07004f06be003b
:104ab0004f05be004f04be000080fa000000060053
:104ac000ce0d90000b48a30098ff3a009bff3700e3
:104ad00000000600a9f40700fdff0700fcff3700f7
:104ae000f28747008e1f78000202780003017800e9
:104af0000000e000020032000007780001003700eb
:104b0000728757008002eb000100e00001003200d4
:104b10008102e90070805700060009000018eb00d0
:104b20000080eb0080bf9f002310200093bf9f00f8
:104b3000aebf9f00b1bf9f00c5bf9f000100e00056
:104b400003003d00b10420003164880006003700f6
:104b5000004feb00eebf9f00debf9f008400780097
:104b60007080570057f907004f0778002f01b100f8
:104b700000000600010178008001780000826800d2
:104b80000408a3000500320013003700324078000b
:104b9000805978000004e00014003200030278001d
:104ba0000208a300f9ff3a00030078000100370073
:104bb0000318780082007800b2017800f5ef2f002a
:104bc000838242000382ea00048262000508280012
:104bd00005026200f6ff32000002780031417800e1
:104be000025878000204e000fbff3a00040078005d
:104bf0000000060000c0da000000060000c0da0075
:104c0000000006008f1fd1007c0307008f87e9009a
:104c10000000e00000000600809feb007703070023
:104c20008f87e9000000e0000000060081037800a3
:104c300078ee07000001be006000b8000478a30011
:104c400013003a006220e10015003e000d0039001b
:104c50008301d1000281d3008180d3008301d10080
:104c60000281d3008180d3008301d1000281d3006f
:104c70008180d3000538b000c42add00f300b20003
:104c80008381720007f0a70003f0a0000000060077
:104c900083ff2700020020006110b900f9ff3700f0
:104ca00003ff2700f7ff37001400fa00889fbe00bb
:104cb0008a9fbe008c9fbe000004be000205be009d
:104cc000680047000a90be000890be0086030700f7
:104cd0000070a7000bf0a100304320009e0290005e
:104ce00080825200b0fe2f000028e10011003d003c
:104cf000b0fc2f000028e100150034001e099000d0
:104d00008e0890007e0090000501b0000201d100e5
:104d10008180d3000080d3008502e800fbff3a00c9
:104d20000b00e000ab033b0060001000e0801800c7
:104d3000a8033700f0ff2f00f1ff27000b00e00071
:104d4000a4033b000100280000002000a10337005d
:104d50006000b8009f033700020ab900001bb900c9
:104d60000200b800810042008100430000000600fc
:104d70008c9fbe008a9fbe00889fbe00ca010700ac
:104d80000bf0a200040037008c9fbe008a9fbe007b
:104d9000889fbe00c40107000c48e1000b003a00e8
:104da0000c40e100020032008b0107004000370098
:104db0008b066d003e0032000af0a100f3012000d6
:104dc000f2ff2f006110b900390037000c40e100fc
:104dd000370032000940e100010036007e01070083
:104de0008a856d00cf5dde000b0575000006eb00c7
:104df0008804fd0089045400010032007d01070091
:104e00000a04e00011003a000800e0002800320027
:104e10000400400085804800060149008781490060
:104e20000358a300180032008301d1000281d3008f
:104e30008180d3000080d3000c86d30001003900ac
:104e4000610676000804e8001800370004005000ee
:104e500085805800060159008781590006003100fd
:104e60000af0a2000c06ea0060001800e0801800ba
:104e700060011900e081190003003a000004eb0012
:104e80000005eb000a0037000348a30007003a00c2
:104e90000c064600000048008180480002014900dd
:104ea000838149000804e900f7ff3700af013700ac
:104eb000c90137008c9fbe008a9fbe00889fbe003c
:104ec000790107000b056d000940e1000a003a0076
:104ed0000800e000020032000c40e10006003a0049
:104ee0000af0a1000c047800f3012000f2ff2f006b
:104ef0006110b9009d0037000c40e1009b003200ba
:104f00000800e000990032000c48e10002003a007d
:104f10000004eb00030037000900e00004003a0041
:104f20000c0478006000b8006011b8008f003700f2
:104f30000348a30006003a000000400081804800ba
:104f400002014900838149000804e900f8ff3700a5
:104f50000748a30006003a000402420085824a0086
:104f600006034b0087834b008904e900f8ff3700f4
:104f7000fd3f20008d845400090454008a1f7800ee
:104f8000881f78000004780081047800020578000a
:104f9000830578006000b8006011b8000d0420009f
:104fa000050037000804440089844c000a054d00c0
:104fb0008b854d00080031000404540085845c009a
:104fc00006055d0087855d008381d2008d06d300d4
:104fd000f4ff3b00070037000404440085844c00c4
:104fe00006054d0087854d008381d2008d06d300d4
:104ff000ecff3b000804440089844c000a054d0086
:105000008b854d00080031000404540085845c0049
:1050100006055d0087855d000281d2008d06d30004
:10502000f4ff3b00070037000404440085844c0073
:1050300006054d0087854d000281d2008d06d30004
:10504000ecff3b000804440089844c000a054d0035
:105050008b854d00080031000404540085845c00f9
:1050600006055d0087855d008180d2008d06d30036
:10507000f4ff3b00070037000404440085844c0023
:1050800006054d0087854d008180d2008d06d30036
:10509000ecff3b000804440089844c000a054d00e5
:1050a0008b854d00080031000404540085845c00a9
:1050b00006055d0087855d000080d2008d06d30067
:1050c000f4ff3b00070037000404440085844c00d3
:1050d00006054d0087854d000080d2008d06d30067
:1050e000ecff3b000b00e00004003d000404440022
:1050f00085844c0006054d0087854d000006eb00b9
:105100008301d1000281d3008180d3000080d300cd
:105110000c86d3008301d1000281d3008180d300ab
:105120000080d3000c86d300890474008b057500c1
:105130008b84740001003200610676004f04780011
:105140004f0578000348a30007003a000c0646000c
:105150000000480081804800020149008381490025
:105160000804e900f7ff3700000137001a01370093
:105170008c9fbe008a9fbe00889fbe00ca000700a9
:105180000b056d008a0578000c40e10008003a002c
:105190000900e00082003a000af0a1000c04780047
:1051a000f3012000f2ff2f006110b9007c003700ee
:1051b0000c48e10004003a00870007000900e00005
:1051c00077003a00f4ff37000800e0007400320076
:1051d0000900e00002003a007f000700700037007d
:1051e000ed3f20008d845400090444008a1f78009c
:1051f000881f7800871f7800861f7800851f780039
:10520000841f7800cb19dd00c515de008b85710089
:105210004b11dd00450dde000a057100cb08dd00f5
:10522000c504de00898470004b04dd000440b80032
:105230000546b8008c80400060814e00044eb800e6
:105240008c8040000d0149008001eb000318ad0087
:105250000456b8000c0141008d8149000002eb00aa
:105260000420ad000646b8000c0141008d814900c4
:1052700060024a00054eb8000c0141008d814900d2
:1052800060024a000556b8008c8141000d024a00b8
:105290008002eb000528ad000746b8008c81410074
:1052a0000d024a00e0824a00064eb8008c8141009f
:1052b0000d024a00e0824a004f0678000c5eb800fa
:1052c0008c8141000d024a00e0824a000656b80077
:1052d0000c0242008d824a000003eb000630ad0054
:1052e000074eb8000c0242008d824a0060034b005a
:1052f0004f0678000c5eb8000c0242008d824a0016
:1053000060034b000756b8008c8242000d034b002f
:105310008003eb000738ad004f0678000c5eb80044
:105320008c8242000d034b00e0834b004f06780057
:105330000c5eb8000c0343008d834b004f047800d3
:105340004f0578000748a3000a003a00000040001b
:1053500081804800020149008381490004024a001b
:1053600085824a0006034b0087834b000804e9004e
:10537000f4ff3700030678008080700082807000a0
:10538000010032006106760087017800060178008e
:1053900085007800040078008804780078003700e1
:1053a0008d0037008c06460002003a000000a6007f
:1053b0000000060060004800e080480060014900ed
:1053c000e08149000350a600000006008301d100df
:1053d0000804e800000006000002fd008102fd0054
:1053e0000203fd008303fd008804fd008a05fd0023
:1053f000000006007048e1001a0039007d0320001b
:105400000d48e1000a003900810570008306710033
:105410008c8575008d8575000006eb000cd8e700c3
:10542000610676006000b8006011b8000000060058
:105430007048e1000b0039008c0578000006780008
:105440000100780082007800030178008001eb0001
:1054500003d8e70061067600f0845400f4ff3a00b8
:10546000000006006160e1000c48ad00f08514000a
:105470008b06dd000966de000d0676008b0edd0072
:105480000900de000d0070008b16dd008908de00cb
:105490008d8070008b1edd000911de000d01710092
:1054a0008919de00000006000d002800fc7f2000a6
:1054b0000d856100441cde00ef8161000c04640076
:1054c000010032000340a0008d856300c43cde0073
:1054d000ef8363008c846400010032000740a00069
:1054e0000c40e10006003a00ef86610082867600fb
:1054f0008186760080867600010032001800370031
:105500000c48e10007003a00ef86630086867600cb
:10551000858676008486760002003200aeff0700a2
:105520000f0037000348a30005003a008106700011
:105530008286760083867600010032000804e80047
:105540000748a30005003a008506720086867600ab
:1055500087867600010032008904e800000006001a
:10556000cf047800cf0578001b00370000027800d8
:1055700081027800020378008303780088047800b1
:105580000cf0a70087ff0700fd7f20000d40e10021
:10559000040035000d0478006000b8006011b80008
:1055a0000d0037000800e0000b003c00040078000c
:1055b000850078000601780087017800e1841400f6
:1055c0008cff07000cf0a70076ff07000004eb003b
:1055d0000340a7000804e8004444dd006fc56100f3
:1055e000880175004f04be004f05be004f06be0087
:1055f00000000600889fbe008a9fbe003004420063
:10560000b0844a0030054b0090854b006000b1002b
:105610000898be000a90be000440e10005c8e10001
:1056200006d0e10007d8e100020031006800400028
:105630001008e8004f05be004f04be000000060041
:10564000889fbe008a9fbe003004be002005be00b9
:105650000418540005985c0006185d0007985d006a
:10566000110020000440e10005c8e10006d0e1007f
:1056700007d8e100010039008000eb00108810001d
:105680004f05be004f04be00000006001200fa00e5
:10569000889fbe008a9fbe008c9fbe00e0b79f001f
:1056a000f1b79f0082bf9f0093bf9f000605be0019
:1056b0000404be000000eb00d0b79f00c0b79f00fd
:1056c000b0b79f00a0b79f0090b79f00000678007a
:1056d0005fb19700cfb09700820141003fb09700c3
:1056e0000200e00004003d00370007007e80570004
:1056f000c0ff070003003700330007007e8057001b
:10570000cfff0700dfb697000d00e0000c0035006a
:105710006fb29700ffb297000fbb97009fbb970037
:1057200010002000010020006011b800000272008b
:105730008182720002037300838373001b000700e1
:105740000c06e80001042000810f5600e0ff3a003b
:105750000d00e00004003d000802be000a03be0088
:105760007e805700a3ff07005fa897000000e000bd
:1057700005003a001fb29700afb297003fb3970001
:10578000cfb39700090007006fb09700ffb09700f4
:105790000fb997009fb997004f06be004f05be0096
:1057a0004f04be000080fa00000006000100070060
:1057b00000000600a4b79f00b5b79f00c6b79f00c2
:1057c000d7b79f00000006004f09de0082817100fc
:1057d000b3b79f004f01de008180400082807000df
:1057e000a1b79f008fb097004f09de000000400076
:1057f0000200700090b79f007fa897004f01de0065
:10580000818040008280700081b79f000d000700fa
:105810004f3ade000000400004007000f0af9f002f
:10582000080007000402420085824a0006034b007c
:1058300087834b00dfff07000802be000a03be009b
:10584000000006002fb29700bfb297004fb3970039
:10585000dfb3970000000600881f780018002000c2
:10586000881f780089ff07008f87e9004f047800c0
:1058700000000600801feb0084ff07008f87e9000f
:1058800000000600889fbe008a9fbe00e00f500007
:10589000e08f5800e00f5900e08f59000c003d00e8
:1058a0006044b8006055b8000000540081805c007e
:1058b00002015d0083815d001800200015000700d3
:1058c00008003d00180007000004eb000500370049
:1058d0000004eb000f00070002003d00120007006b
:1058e00018002000dcff07000800e000060032007e
:1058f0006022b8006033b8000000520081805a0076
:1059000002015b0083815b004f05be004f04be00b7
:1059100000000600e00f5200e08f5a00e00f5b002d
:10592000e08f5b00000006006044b8006055b800de
:105930000402540085825c0006035d0087835d00dd
:1059400000000600889fbe008a9fbe008c1f780062
:10595000e00f5000e08f5800e00f5900e08f590031
:105960000d003d006044b8006055b80000005400d0
:1059700081805c0002015d0083815d001c002000cd
:105980000820e10009a8e1000ab0e1000bb8e1003d
:105990000d003d00080037000006eb00e00f52004c
:1059a000e08f5a00e00f5b00e08f5b0006003d00d7
:1059b0006044b8006055b8000402540085825c0061
:1059c00006035d0087835d00aaff07000c00e0006e
:1059d000060032006022b8006033b80000005200b8
:1059e00081805a0002015b0083815b004f067800d2
:1059f0004f05be004f04be0000000600889fbe0099
:105a00008a9fbe008c9fbe000404be000605be0037
:105a1000809fbe00829fbe00210007000406780020
:105a20000800be000a01be001d00070084067800c1
:105a30004f03be004f02be008d4f76007fb097002f
:105a400013003300f0ff2f008b8f6b0006003b002c
:105a50000d0666000c00a7000a00370007f0a6003c
:105a6000100020000a003700880f5200898f5a006a
:105a70008a0f5b008b8f5b00030039001000200051
:105a800001003e000000200007f0a7000000ea002f
:105a90004f06be004f05be004f04be0000000600ca
:105aa00005ff270005826100070032000428e1009d
:105ab00001003200240005000600070001003a0042
:105ac000440005000408050002000700f9ff3a0041
:105ad000140005006f826100810270008502710070
:105ae0008502720000000600800078005002be00af
:105af0005003be004439de00f700b200f37f2000ff
:105b000003016100090032000218e10016003a00aa
:105b100085017200830173008381730000082000f7
:105b200015003a0040002000130037008501720084
:105b3000830173008381730005003a0004a8be004e
:105b400006a8be00100020000b0037000201e9008b
:105b50000402420085824a0006034b0087834b0003
:105b60000748a300f9ff32000740a00004a8be00c8
:105b700006a8be0020002000800098009200980037
:105b800000000600680447000294be000094be00b6
:105b9000fc0447008694be008494be00090078008f
:105ba000d1ff070008007800cfff070099007800b8
:105bb000814f70000b003b000800be000a00070088
:105bc0004f00b10003003700f3ff2700f2ff2f0062
:105bd0006110b9004f06be004f05be004f04be0065
:105be0000080fa0000000600e48240001078a30064
:105bf00007003200640240001178a3003400be00a8
:105c00001401be00040032000330a70000000600ab
:105c10003500be001501be000330a00000000600e4
:105c20001800fa00889fbe008a9fbe008c1f780073
:105c30000004be000205be000802be000a03be004a
:105c4000443ade00f07f200000066200204320007e
:105c5000800f560067003c006022b8006033b80037
:105c60000800be00e7fb07000000e0006100320012
:105c70000802be000a03be00b4b79f00c5b79f006c
:105c8000d6b79f00e7b79f00e00f5200e08f5a00a1
:105c9000e00f5b00e08f5b000b003d006022b8006e
:105ca00006002000073324000800be000a01be00e1
:105cb0002ffc07006022b8000600200007332400f4
:105cc00031fc07000a0037006022b80006002000ff
:105cd000073324000800be000a01be002afc0700aa
:105ce0006022b800060020000733240020fc0700d3
:105cf0000802be000a03be001dfc07000002be0031
:105d00000203be00f4b79f0085bf9f0096bf9f00af
:105d1000a7bf9f00e03f2000800f560017003c0007
:105d20007fb097008fb897001fb99700afb9970061
:105d3000f0af9f0081b79f0092b79f00a3b79f006d
:105d40006044b8006055b8003fb29700cfb29700ea
:105d50005fb39700efb39700e00f5200e08f5a0057
:105d6000e00f5b00e08f5b0022003d006044b80064
:105d70000a0020000bff2b001e0037006022b80035
:105d80006033b8007fb097008fb897001fb99700b5
:105d9000afb99700a0fb07000000e0000c00340042
:105da0007fb297008fba97001fbb9700afbb9700d9
:105db0000800be000a01be00f3fb07006022b80025
:105dc0000600200007ff2300e9fb0700070037005b
:105dd0007fb297008fba97001fbb9700afbb9700a9
:105de0000800be000a01be00e7fb07000004be0079
:105df0000205be000800be000a01be004f06780082
:105e00004f05be004f04be000080fa0000000600ef
:105e10000000fa00aa22ef00f01f280040158800b9
:105e2000c0002000301588000008200020158800e0
:105e3000a222ef000000280000158800a022a80080
:105e400010002000c0468800a0002000011b0700b1
:105e50000080fa00000006000200fa00000f78003f
:105e60009e0078006f80600030158800a022a80096
:105e700092000900000000000080fa000000060007
:105e80000400fa0010079800401f2000000f78005f
:105e9000a002a900a022a9000000000000158000b7
:105ea000610060000000e00004003a001e0fe900fd
:105eb0001e0078000000e000f8ff3a001e007800a5
:105ec0000000e000070032001e0090006900500052
:105ed0000114800000014000a0c720000000410024
:105ee000010878000080fa00000006000000fa00b7
:105ef000c04680000000e0001d003200c00020000d
:105f0000dfff0700d0002000d3ff0700d0002000f3
:105f1000dbff0700d046800081d32f000000400047
:105f20000080400010007800cbff0700d0468000c2
:105f300081d32f0000004000008040001000780056
:105f4000cfff0700d04680000000e800d046880060
:105f5000d0468000e30f500001003400da28ef0043
:105f6000c000200030158800a022a80001003700e2
:105f7000000000000080fa00000006000200fa00a5
:105f8000000f78001e007800e80f50000300360074
:105f90001e007800ee0f5000020036000000eb00fb
:105fa000060037009e0078006980500080004000a5
:105fb000a0c7200000804000100078000080fa0098
:105fc000000006003200f800900188006118e1002e
:105fd000040032007018e10002003200f0ff2f00d0
:105fe000030037003119ba008301e900fdff3a00d0
:105ff0003200f90000000600849fbe004220a90084
:10600000440424006110e1000a003200540424001a
:106010007010e1000700320064042400f5ff2f0037
:106020000510e10003003200f0ff2f004f02be0018
:10603000000006003200f800203b8800113b880079
:10604000043b88000500fc0050052000303b880020
:10605000a00a2000303b880061e7a8000000000093
:106060000000000061e7af00feff37000000eb001a
:106070003200f9004f02be0000000600841f7800c5
:106080004220a900440024006118e100060032000b
:10609000540024007018e100030032004f02780021
:1060a000f0ff2f00000006003200f8009101880088
:1060b000821f78003019bb008301e900fdff3a0020
:1060c000213b88004f017800123b8800043b880088
:1060d0000500fc0050052000303b8800a00a20008d
:1060e000303b880061e7a8000000000000000000cd
:1060f00061e7af00feff37000000eb003200f9005f
:106100004f027800000006000400fa00004f7800fb
:10611000110798009e40780061cf60001e0090003b
:106120000000d100004078001e4f68001e00900063
:106130004300de00004078001e4f68001e00900003
:106140004500de00004078001e4f68001e009000f1
:106150004e00de00004078001e4f68001e009000d8
:1061600000004000100798001e80fb00e100600066
:106170001e009000008040000080fa000000060031
:106180000600fa00204798002107980070002000c0
:10619000000f7800ae0090002e409000daff07005c
:1061a000200798002e4090008080fb001e007800a1
:1061b0000088de0000407800ae009000d2ff0700ab
:1061c000200798001e0fe9001e0078000000e00084
:1061d000f4ff3a002e0090000080fa000000060054
:1061e0000400fa00000f7800110798001e007800e4
:1061f000004078009e009000e1ff07001007980023
:106200001e0078004800de00004078009e009000ec
:10621000dbff07000080fa00000006000200fa0021
:106220000000eb00000f78001e00780080004000a6
:10623000a0af2000008040008000eb000108780043
:106240001e0fe8001e007800ea0f5000f6ff340031
:106250009000200080588800007d2000b058880001
:10626000c0122000c05888000000eb00d058880001
:1062700030002000e058880030002000905888004e
:1062800020002000a0588800c0122000f05888008c
:1062900010002000005988000000eb001059880011
:1062a00060042000205988008002200030598800b6
:1062b0000000eb00405988000000eb0050598800b6
:1062c0000000eb00605988000000eb007059880066
:1062d0000000eb00805988000000eb009059880016
:1062e000809d2000b059880020482100c0598800b6
:1062f00060422000d059880020032000e059880027
:10630000e0b3200011c0b30001487800f0b32000d2
:1063100011c0b30001487800f0032000005a880043
:10632000a0ac2000105a880000832000205a88006a
:1063300060852000305a880040062000405a8800be
:1063400010232400f1002000505a8800615a880070
:1063500080072000705a880013002000028520006a
:10636000010f2f00f007200016ff07008042800079
:106370000000e8008042880012002000010f2f007a
:10638000f00720001cff070013002000020f2f0061
:10639000f10720000085200038ff07000080fa0088
:1063a000000006000200fa000000eb00a05988007f
:1063b0000000eb00000f7800210037001e0078007d
:1063c000fc0f500008003e00a15980001e0078001c
:1063d00000014000a0af2000000041001000780044
:1063e0007fff0700a05988009e00780000802700ea
:1063f0000080400000004000120020008000780073
:10640000f0072000fcfe07009e00780000802700b7
:10641000008040000000400080007800a2af200013
:106420001e00780000004000000041001300200022
:1064300001017800f107200010ff07001e0fe8009f
:106440001e007800fd0f5000dcff36000080fa00cf
:10645000000006000400fa000000eb00100798009e
:106460000000eb00000f780019003700a1af2000fa
:106470001e00780000004000808040001e0178006f
:1064800000802700000041000000400013002000b1
:106490000101780080007800f0072000c9fe0700a5
:1064a0001e007800fc0f500008003e001e0078001f
:1064b00080004000a0af2000008040001000780065
:1064c0009e00900046ff0700100798001e0fe8008e
:1064d0001e007800fd0f5000e4ff3600130020007e
:1064e00002852000010f2f00f0072000b5fe0700f5
:1064f000a15980001e0090000080680000f0a700f5
:106500000000ea000000ea004f00de000080fa0010
:10651000000006000200fa000000eb00805a88002c
:106520000000eb00000f7800210037001e0078000b
:10653000ec0f500008003e00815a80001e007800d9
:106540000001400060b3200000004100100078000e
:1065500023ff0700805a88009e00780000822700f1
:106560000080400000004000120020008000780001
:10657000f0072000a0fe07009e00780000822700a0
:1065800000804000000040008000780062b32000de
:106590001e007800000040000000410013002000b1
:1065a00001017800f1072000b4fe07001e0fe8008b
:1065b0001e007800ed0f5000dcff36000080fa006e
:1065c000000006000400fa000000eb00100798002d
:1065d0000000eb00000f78001900370061b32000c5
:1065e0001e00780000004000808040001e017800fe
:1065f000008227000000410000004000130020003e
:106600000101780080007800f00720006dfe07008f
:106610001e007800ec0f500008003e001e007800bd
:106620008000400060b3200000804000100078002f
:106630009e009000eafe0700100798001e0fe80079
:106640001e007800ed0f5000e4ff3600815a8000f4
:106650001e0090000080680000f0a7000000ea0023
:106660000000ea004f00de000080fa000000060093
:106670000000fa0000000000a01680006100600029
:106680000000e000fcff3a0070168000620060002d
:106690000000e000f8ff32000080fa000000060071
:1066a0000000fa0000000000a016800061006000f9
:1066b0000000e000fcff3a00800c2000e518070015
:1066c0000080fa00000006000400fa00100798009d
:1066d0001e009000104078000000fb00000f7800c2
:1066e0001e0090000000e800100798000600370028
:1066f0001e009000104078009e0090008100e8008d
:1067000011079800301907001e00780000f0a7005c
:106710000000ea000000ea004f00de0000407800c0
:106720001e0fe9000004e000f1ff3a000080fa00cb
:10673000000006000000fa007040800001672000a1
:106740000088de0061006000004078000004e00086
:10675000020032004006200001003700a02820007f
:10676000504688000080fa00000006000200fa008f
:10677000000f78001e0078000000e00005003200e5
:10678000e059800080007800a07f21009118070068
:1067900008003700e05980006a00b9000000780066
:1067a00080007800c0f620008a180700401f2000f3
:1067b000a81807000080fa00000006000800fa0090
:1067c0002007980031079800ae0090003e0090002e
:1067d00000017800110009008200d800000f780045
:1067e000ae0090003e00900000017800110009000a
:1067f0008200d8008000fd00100798003e00900045
:106800008080d1001e009000808f500001003c006d
:106810001e0fe8001e0078000080fa00000006004d
:106820000000fa000428ef00f04180000000e000c2
:106830003d003200f0418000620060000000e00096
:1068400009003200f1418000d00320000080600088
:10685000f0418800caa2a900400120007d1807006d
:10686000caa2a80031003700f0418000610060003a
:10687000004078000004e00005003200f141800093
:10688000e003200000806000f0418800270037000e
:10689000f0418000640060000000e000050032006c
:1068a000f1418000b003200000806000f0418800ca
:1068b0001e003700f0418000680060000000e0002a
:1068c00005003200f141800070032000008060006c
:1068d000f041880015003700f04180007000600032
:1068e0000000e000060032002628ef00f1418000a1
:1068f000f002200000806000f04188000b003700ab
:10690000f141800000022000008060000000e000f3
:1069100006003200f04180007f006000f0418800f6
:106920000000000001003700000000000080fa00b5
:10693000000006000200fa00000f7800a046800068
:10694000e10f50000b003a00a05880000000e0006a
:1069500008003a001e00780080004000a0a7200038
:10696000008040001000780057ff0700d428ef0097
:10697000000000000080fa00000006000400fa0099
:10698000100798000000eb00000f78001e00780050
:1069900080004000208d2f00008040009000780093
:1069a0001e009000808f500005003e001e0fe80082
:1069b0001e007800e90f5000f4ff3400010037009a
:1069c000000000001e0078000080fa0000000600b1
:1069d0000600fa0010002000d6ff07008618070006
:1069e0000004e0004500320090180700404798007e
:1069f000f04680000000e00004003a00ce40900025
:106a000060c4b30080cf50003b003a004046800095
:106a100080438800f0468000e10f500007003a00f4
:106a2000ce40900010c4b30080cf5000030032006d
:106a30007028ef00f20d070030003700f0468000ac
:106a40004e419000c1c32000827078000000e80031
:106a5000f0468800f0468000ee0f500003003c0036
:106a6000804380000000e00002003a00e40d0700cf
:106a700022003700ce409000b0c3b30080cf50005a
:106a80001e003a00a05880000000e0000200320022
:106a900010002000e0468800c0c320000080e8000d
:106aa0006eec0700401fb0000180b000823e200065
:106ab00003002000a0e60700008fbe00005327005f
:106ac000010020001e01be00800f5100818f59007f
:106ad000030034002053270001002000008fbe0077
:106ae0001e007800a5ff0700805888007028ef007e
:106af000c30d070001003700000000000080fa000d
:106b0000000006000400fa00100798001e00900024
:106b10004480de00000f78001e0078006a00b90093
:106b200000007800000f78001e0090006f006000e9
:106b30001e0040000080fa00000006000600fa0077
:106b40006000b800008fbe000000eb002007980036
:106b50009e009000400620000088b90000017800e7
:106b60001e0078006000b9000000780000014100bc
:106b70009e007800400620000008b8000101410096
:106b800082007800008fbe00008fbe00c1c32000cd
:106b90002e00900000804000104078000080fb0034
:106ba000d8ff07006101b9001e00be0002004000ce
:106bb00083804800008fbe002e0090000000e80097
:106bc000200798002e009000e30f5000e0ff3400f3
:106bd00022032000030020001e0f41005e974900a1
:106be0001e00be00420620000300200052e60700ff
:106bf000008fbe0000532700010020001e01be00d0
:106c0000800f5100818f590003003400205327006a
:106c100001002000008fbe001e00780057ff070013
:106c20000080fa00000006000000fa00881f7800cb
:106c30000000eb003fff0700ef1707000004e00033
:106c400014003200f8468000f8170700c1c3200086
:106c500080707c000800e800f0468800800c20006e
:106c600080438800f0468000e40f5000100034009c
:106c7000a05880000000e000020032001000200058
:106c8000e0468800adff0700805888005c0d0700d3
:106c900007003700f04680000000e00004003200ea
:106ca000804380000000e00001003a00540d07001e
:106cb0004f0478000080fa00000006000000fa008f
:106cc000889fbe00e04380000000e0001c003a0006
:106cd0006241800073418000006a2800110020009a
:106ce000800f5100818f59000e00340060418000f8
:106cf0007141800042e607000004be00505a800047
:106d0000615a80003ee607000200200003122400c2
:106d100053e707000001be000800be0050e707006f
:106d2000010037006000b8005043880061438800cc
:106d30002c28ef002e28ef0040062000e0438800ba
:106d400050438000614380004f04be000080fa0081
:106d5000000006000000fa00889fbe00114380007a
:106d600000428000808f5000070032000042800007
:106d7000104388006000b800204388003143880039
:106d80006828ef0034003700705780008000eb0067
:106d90001ee607000004be00b0598000cf80de0070
:106da00017e607000001be000800be000be8070060
:106db000c0408800d1408800c4408000d540800099
:106dc000204380003143800018c0b3000001be00a2
:106dd0000400be00e7e507000000e00001003c0001
:106de0000044eb000804e00007003200c0408000cf
:106df000d14080002043880031438800800c20006f
:106e0000404388000a003700404380000000e00053
:106e100004003200404380000000e9004043880045
:106e2000030037006000b800204388003143880029
:106e3000504280000000e00003003200c0408000ab
:106e4000d1408000020037002043800031438000a1
:106e500052002000d10c07004f04be000080fa0051
:106e6000000006000000fa008c21ef00e842a900b3
:106e7000e862a9000afe0700cfa2a900ffff3700c1
:106e80000400fa00889fbe00c2418000d341800008
:106e9000f042800001438000800f5100818f590033
:106ea00007003500c0418000d1418000f0428800d9
:106eb00001438800803e2000c0438800070037005f
:106ec000c04380000000e00004003a005e28ef00ac
:106ed0006028ef006000b800008fbe00f042800024
:106ee00001438000c6e507000004be00d0598000c1
:106ef000cf80de00c2e507000001be000800be0032
:106f0000b6e70700008fbe00905980000000e00047
:106f10001500320018c0b30062da2d0073c12400de
:106f20001e00be0093e507000000e00001003c00e9
:106f30000044eb000804e0000800320002002500d5
:106f4000337c24001e00be00c5e60700f1e90700ff
:106f500062002000910c070013003700a05480004d
:106f60006c0c07001000370018c0b30062da2d0067
:106f700073c124001e00be007ee507000000e00093
:106f800001003c000044eb000804e0000400320073
:106f9000220020001e00be00800c07000200370007
:106fa000905480005b0c07004f04be000080fa0084
:106fb000000006000000fa00904680000000e0009b
:106fc00003003a0060722f00520c070004003700e3
:106fd000e0408000f1408000320020006f0c07008c
:106fe0000080fa00000006000000fa00889fbe0042
:106ff0008a9fbe00804080009140800082142e0055
:10700000a3f7230075e707000004be008057800047
:107010008000eb007de507000005be00c059800040
:10702000cf80de0076e507000001be000a00be004a
:107030006ae70700020020008324240088e6070096
:107040000001be000800be00a0e5070080408800e7
:1070500091408800804080009140800042002000e4
:107060004e0c07004f05be004f04be000080fa0022
:10707000000006000000fa00881f78000859800010
:1070800020418000cf80de005de507000801780028
:10709000420c07004f0478000080fa000000060050
:1070a0000000fa0005ff0700809fbe00d08b2f0074
:1070b000801f7800a0ad200027eb0700e68757006f
:1070c000a0ad2000130c07006dff07000080fa0040
:1070d000000006000400fa00889fbe00c041800046
:1070e000d141800046e507000004be00d059800071
:1070f000cf80de0042e507000001be000800be00b0
:1071000036e70700008fbe00e0418000c18c2f00f1
:10711000614078000000fb00801f780040902f0045
:10712000801f780057ea0700e48757005059800015
:10713000e18c2f00614078000000fb00801f780088
:1071400040902f00801f78004eea0700e487570028
:10715000d6c8bf000000fb00801f780040902f00c1
:10716000801f780047ea0700e48757000059800035
:10717000018d2f00614078000000fb00801f780027
:1071800040902f00801f78003eea0700e4875700f8
:1071900080588000801f780080902f00801f78002a
:1071a00038ea0700e48757008058800080004000dc
:1071b000a0af200000804000100078000000e80030
:1071c000801f7800d0902f00801f78002dea0700e4
:1071d000e487570090468000cf80de0008e5070076
:1071e00002002000832c24001de60700809fbe00c3
:1071f00020912f00801f780022ea0700e6875700c1
:10720000805780008000eb0000e507000004be000e
:10721000c0598000cf80de00f9e407000001be0005
:107220000800be00ede6070002402200439724005c
:107230000be60700809fbe0090912f00801f780012
:1072400010ea0700e6875700705780008000eb00c7
:10725000eee407000004be00b0598000cf80de00dd
:10726000e7e407000001be000800be00dbe60700ff
:107270000200250033842400f9e50700809fbe004a
:1072800000922f00801f7800fee90700e687570074
:1072900018c0b30062da2d0073c124001e00be00c6
:1072a000b4e407000000e00001003c000044eb00f3
:1072b0000804e0000500320002c22b00e3cb2400ea
:1072c0001e00be00e6e50700010037006000b800c0
:1072d000809fbe0070922f00801f7800e9e90700b0
:1072e000e687570020418000801f7800e0922f0041
:1072f000801f7800e3e90700e487570070428000b0
:10730000801f7800d0902f00801f7800dde90700f3
:10731000e4875700f0418000801f780030932f00f1
:10732000801f7800d7e90700e48757004f04be00ac
:107330000080fa00000006000400fa0050408000bf
:10734000e10f5000c5003200904380000000e000d3
:107350000c003a00a05880000000e0000900320054
:107360005cff0700a1588000803e20000088b90023
:107370000000780090438800904380004006b000f1
:10738000b04388001c1607000004e000b50032007e
:1073900026160700004f78001e407800ea4f500084
:1073a000b2003200f0468000e10f50000f003200c2
:1073b000e10f500003003c000000e0000600320036
:1073c0001e003700e20f50000e003200e30f5000a5
:1073d0001500320019003700d0c3b3009e4078007a
:1073e00080cf500017003200a30037001e00fb00c2
:1073f0001004b100f90f500014003600800b070094
:107400009d0037001e407800ed4f50001100320003
:107410001e00fb000003b100e90f50000f00360012
:10742000770b0700940037001e407800ed4f5000a6
:107430000c003200720b07008f003700700b070042
:107440008d0037000000000007003700000000003a
:1074500005003700000000000300370000000000b6
:107460000100370000000000f04680001e41780057
:10747000c1c32000827078000000e800f046880058
:107480001e407800ed4f50007a003a00a05880006e
:107490000000e00006003200a1588000803e20007d
:1074a0000088b900000078004006b00001003700f5
:1074b00080382100b0438800d0c3200010407800fd
:1074c000004f7800e0c32000104078000080fb00ef
:1074d0000003b100100798001e00fb00710420009b
:1074e000810f50002e00320071042000810f5000e7
:1074f0000a003c0021042000810f50001b003200d4
:1075000031042000810f50002300320011042000bc
:10751000810f5000120032004e003700010520009c
:10752000810f50002f00320001052000810f500014
:1075300004003c00f1042000810f500026003200be
:107540004400370021052000810f50003600320032
:1075500031052000810f5000350032003d0037001a
:1075600010002000505988003a0037001e0090009b
:107570000000e000300032001e009000e90f5000d3
:107580002f003e000000eb00505988001e009000c4
:10759000805888002f003700a1fc07002d0037001d
:1075a0001e0090000000e000270032001e00900046
:1075b000e40f500026003e00805880009e0090009e
:1075c0008100e90000014000a0af20000000410060
:1075d000010878001f00370010002000e0418800fb
:1075e0001c0037001e0090000000e0000100320087
:1075f0006cfb07001e0090000000e000020032005b
:10760000705d2f000100370090932f0080007800fc
:10761000605c2f00d60a0700c05d20000d15070032
:1076200010fe07000b003700aafe07000900370014
:107630003c28ef000700370000000000050037007d
:1076400000000000030037000000000001003700c8
:1076500000000000ea0a07000700370000000000f1
:1076600005003700000000000300370000000000a4
:1076700001003700000000000080fa000000060052
:107680000000fa00905880000000e0001600320070
:1076900090588000e10f5000110032009058800097
:1076a000e20f50000c003200d0588000e10f500073
:1076b00007003200d0588000e20f500002003a006c
:1076c0002046250001003700a06026000100370099
:1076d000c099230001003700e011250001003700a8
:1076e000804e2300010037004061230000408800e5
:1076f0000080fa00000006000c00fa00889fbe001f
:107700002007980031079800420798005307980017
:107710002e019000be019000b01220000100200058
:10772000800f5100818f590002003c006000b800ba
:10773000270037004e009000de009000b0e3070005
:107740000004be002e009000be009000ace30700d5
:107750000001be000800be00c1e40700008fbe00ab
:1077600018c0b3000271200013f523001e00be00f4
:1077700080e307000000e00001003c000044eb0053
:107780000804e000030032000071200011f523001e
:10779000008fbe000200200003f823001e00be0080
:1077a000cae307000004be001e01be000000200066
:1077b00001f82300bce307000001be000800be0082
:1077c000a7e4070002002000832c240083e50700c3
:1077d0004f04be000080fa00000006000000fa001e
:1077e000204080000000e00008003a00001920005e
:1077f00020408800304080000000a2003040880017
:10780000e101200030732000721407003040800036
:107810000000e00026003200f041800062006000bd
:107820000000e00002003200305f2f00210037002e
:10783000f041800061006000004078000004e0003a
:1078400002003200d05e2f001a003700f0418000a5
:10785000640060000000e00002003200905f2f0032
:1078600014003700f0418000680060000000e00074
:1078700002003200f05f2f000e003700f041800060
:10788000700060000000e0000200320050602f0035
:1078900008003700f14180000002200000806000f5
:1078a0000000e00002003200b0602f00010037004d
:1078b000608c2f000080fa00000006000000fa0033
:1078c000705980000000e0004a00320060408000f3
:1078d000e10f500012003a0091468000300620006f
:1078e000808f500002003c000000eb004a0037008f
:1078f000f0588000d2f92f0000014100914680002d
:10790000000320000088b9008000780000d72e0016
:107910000080400082007800a8fb07003e0037008e
:1079200060408000e20f50000d003a00a04080004f
:10793000b140800011e3070000017800815780000a
:10794000205a800080805000000320000088b90089
:10795000000078008200780098fb07002e003700b6
:1079600060408000e30f500008003a00c0408000f3
:10797000d140800002a02500337c240038e40700b9
:10798000fee207000000780023003700604080001e
:10799000e40f500017003a00005980000000e0009a
:1079a000080032002259800021418000000320009d
:1079b0000088b90000007800820078007ffb070093
:1079c000150037002059800002fe2f000001410001
:1079d00021418000000320000088b9008000780069
:1079e00000a02f00008040008200780073fb070099
:1079f0000900370080418000914180000002be00f4
:107a000040418000514180000001be000400be00e2
:107a100015e30700000078000080fa00000006006f
:107a20000000fa0081578000105a8000808f5000bb
:107a300003003600f04180000030a000f0418800d3
:107a40008157800030418000808f5000030031005a
:107a5000f04180000040a000f04188008157800084
:107a6000205a8000808f500003003100f0418000d8
:107a70000050a000f041880031178000000028006d
:107a8000008060000000e00003003200f041800050
:107a90000010a000f04188002159800020418000a2
:107aa000808f500003003d00f04180000020a000c6
:107ab000f0418800f25880009146800010002000bc
:107ac000810f5100010035000000eb00e141800012
:107ad000010060000000e00003003200f04180007f
:107ae0000000a000f0418800c04480000000e000d9
:107af00004003200f04180000000a000f041880046
:107b00009828ef00005a800080007800f041800043
:107b100000806000f0418800f1418000f002200008
:107b2000008060000000e00005003200ca82a90069
:107b300020c5b300d6e8b7003c28ef000a28ef00c4
:107b40000080fa00000006000600fa001007980006
:107b50002107980010002000000f78001e00900000
:107b600080004000c0a42000008040001000780089
:107b7000314f2f007e090700bdfa0700800c20005e
:107b8000b41307000000000070168000620060005f
:107b90000000e00004003200a016800061006000d8
:107ba0000000e000f8ff320000ccb300c50707007a
:107bb00070168000620060000000e00018003a00cb
:107bc0002e009000640060000000e0000100320020
:107bd00092f907002e0090006100600000407800dc
:107be0000004e000010032004afa07002e00900075
:107bf000620060000000e00002003200e9f90700c6
:107c00004628ef00e05980006500b90000007800c8
:107c100080007800f0a420006e13070011003700e8
:107c20002e00900061006000004078000004e00039
:107c30000100320063fa07002e009000620060002d
:107c40000000e0000100320002fa07000000eb0033
:107c5000000f7800e059800080007800a07f2100ac
:107c60005c1307001e00780080004000a0a82000e0
:107c7000008040001000780026090700803e2000a8
:107c8000741307007afa070080598000c8070700bc
:107c90000080fa00000006000000fa00401f2000eb
:107ca000a0438800f04180000000e00004003200a2
:107cb000dbfa07000628ef0079fa070021003700f9
:107cc000a04380000000e0000e003a00e059800070
:107cd0000000400080007800e02521003d130700ef
:107ce000304280000000e00003003200210020004c
:107cf0000000eb0094ff070010c0b30071070700fd
:107d000058fc0700a0168000610060000000e00041
:107d1000ebff3a00800c20004e130700604080000b
:107d20000000e90060408800604080000000e00042
:107d300002003d0060468000604088006040800096
:107d40008afa07000080fa00000006000200fa002c
:107d500021622f0010612f000509070030632f00fa
:107d6000801f7800f4e707008f87e90000192000e2
:107d700038130700a71307009f1307000004e00053
:107d800013003200a9130700004f780021032000e0
:107d9000903920000f1307001e4078008a13070057
:107da0009e80fb001e80fb00811f7800801f7800f2
:107db00000662f00801f7800a0ad2000e6e70700d6
:107dc000e6875700a1ad2000000c2000de08070068
:107dd000a0168000610060000000e000e6ff3200b5
:107de000e059800080007800c0f62000f9120700fa
:107df00050672f00801f7800cfe707008f87e900ca
:107e00008413070026fa07000080fa00000006002d
:107e10000200fa0090002000000f78001e00780099
:107e20008000400080c22000008040008000eb0005
:107e3000010878001e00780000f0a7000000ea00aa
:107e40000000ea004f00de00004078001e0fe9004d
:107e50000004e000f1ff3a0040012000d043880018
:107e60000080fa00000006000200fa0000428000d4
:107e70000000e00001003a005c28ef00d0438000e1
:107e80000000e00031003a00604280000000e000a5
:107e9000140032000000eb00000f78001e00780094
:107ea0008000400080c22000008040001000780068
:107eb000801f780000692f00801f78009ee7070070
:107ec000e48757001e0fe8001e007800e90f5000fd
:107ed000f2ff340060692f00801f780096e70700ea
:107ee0008f87e90090002000000f7800406180003b
:107ef000e40f500014003c001e0078008000400099
:107f000080c2200000804000100078000000e000e7
:107f100005003a001e0fe9001e0078000000e00096
:107f2000f5ff3a000100370000000000e042800049
:107f30009e0f500004003d009e007800e142880042
:107f40009e00780081588800b1ff07000080fa0089
:107f5000000006000400fa0010079800a0002000ae
:107f6000000f78009e0090001e0078000001400085
:107f7000608e2f000000410010007800808f5000bc
:107f800005003e001e0fe9001e0078000000e00022
:107f9000f4ff3a0001003700000000001e007800e6
:107fa0000080fa00000006000000fa0090578000f0
:107fb000e8ff0700805888000080fa0000000600f3
:107fc0000400fa00100798000000eb00000f780092
:107fd000010037001e0fe8001e007800ea0f500075
:107fe00009003c001e00780080004000a0932f0094
:107ff0000080400010007800800078001e00900093
:10800000808f5000f3ff35001e0078008000400094
:1080100000952f0000804000100078000080fa00da
:10802000000006000000fa0090578000e4ff0700ff
:10803000805888000080fa00000006000000fa0066
:108040008058800080004000a0af200000804000e9
:108050001000780061006000004078000004e0003b
:1080600002003200cae2a90001003700cae2a800fb
:108070008058800080004000a0af200000804000b9
:1080800010007800620060000000e0000200320092
:10809000cac2a90001003700cac2a80080588000e7
:1080a000e10f500002003a00e9a2a80001003700e9
:1080b000e9a2a90080588000e20f500002003a00b7
:1080c000e982a80001003700e982a90080588000f9
:1080d000e30f500002003a00e9c2a8000100370097
:1080e000e9c2a90080588000e40f500002003a0065
:1080f000c4e2a80001003700c4e2a9008058800053
:10810000e50f50000300320080588000e60f500059
:1081100002003a00c4c2a80001003700c4c2a9008e
:10812000805880000000e00003003200805880008a
:10813000e60f500002003400e802a80001003700fa
:10814000e802a9000080fa00000006000000fa0022
:10815000a05880000000e00014003200904380002e
:108160000000e00011003a00a1588000803e20008d
:108170000088b9000000780090438800e046800045
:108180000000e00002003a00a000200080588800b3
:108190009058800080004000a0a720000080400090
:1081a0001000780048f90700dc28ef000080fa0092
:1081b000000006000000fa000000eb0050598800a3
:1081c0000080fa00000006000400fa00008fbe00e4
:1081d00000598000c200dd00c08f2f0000804000e9
:1081e0001000be000001be001e00be001ce2070021
:1081f000008fbe00005980000000e00005003a003a
:1082000002002000032024001e00be002fe1070012
:10821000008fbe000200200003f023001e00be00fd
:108220002ae10700fde40700d4e007000000780021
:108230000080fa00000006000200fa00889fbe00dd
:108240000000eb00000f78008ce0a9001e00780011
:1082500080004000a0c7200000804000900078000f
:108260001e00780000014000e0ae20000000410048
:10827000010878001e0fe8001e007800e50f50008e
:10828000f2ff34008ce0a800004180001141800022
:10829000420a2700d3f72300d0e207000004be0003
:1082a000c05780008000eb00d8e00700a2702d00ce
:1082b00033c22300c9e207000001be000800be006f
:1082c00002e1070000418800114188000041800060
:1082d00011418000bcff07002041880080468000db
:1082e0000000e00016003200804680000000e90037
:1082f00080468800b1578000705a8000008040009e
:108300006101b800a0428000b1428000020040003c
:1083100083804800a0428800b1428800a0578000b6
:108320006101b800c0428000d142800002004000dc
:1083300083804800c0428800d14288005200370044
:10834000a4428000b5428000e0b3200010407800d5
:108350000080fb008000eb000001be000400be00b6
:1083600075e00700a0428800b1428800c442800046
:10837000d5428000e0b32000104078000080fb0070
:108380008000eb000001be000400be006ae00700b0
:10839000c0428800d1428800a2428000b3428000df
:1083a000a0428000b1428000009ab9000402780027
:1083b000028bb90086027800050242000010b80066
:1083c00001024200840078008041880091418800c9
:1083d000c2428000d3428000c0428000d14280006f
:1083e000009ab90004027800028bb9008602780076
:1083f000050242000010b80001024200840078002b
:10840000a0418800b14188008241800093418000f2
:10841000a0418000b14180000000510081805900de
:10842000c0418800d1418800c0428000d142800014
:10843000a4428000b54280000001be000400be00de
:10844000adfc0700e0408800f1408800e04080007b
:10845000f140800049e00700000078009046880065
:108460005828ef005a28ef00c0428000d142800017
:10847000a0428800b1428800e0b32000104078009c
:108480000080fb00804688004f04be000080fa0098
:10849000000006000600fa00000f7800110798009f
:1084a000220798001e007800900078001e009000bf
:1084b000808f5000030034001e0078009e00900062
:1084c000010878001e007800900078002e009000cf
:1084d000808f500003003d001e007800ae00900029
:1084e000010878000080fa00000006000400fa008d
:1084f000005980000000e000060032003059800082
:10850000650f4000305980006a0040001007980055
:1085100005003700305980006a0f40003059800054
:1085200074004000100798004e28ef003159800079
:1085300020418000808f500002003c00100020008d
:1085400070428800204180009e0f500002003500dc
:108550002000200070428800214180001e00900011
:10856000808f5000020035003000200070428800eb
:1085700011598000704280000080400070428800e5
:108580000001eb0031002000e0842000c1ff070063
:10859000704280006200600000f0a7000000ea0066
:1085a0000000ea004f00de00004078000080fb0081
:1085b000610060004200dd00411780000120a10041
:1085c0000100700040178800704280000040780071
:1085d0006140600061406000614060000080fb001d
:1085e000610060004300dd00411780000130a10000
:1085f00001007000401788000080fa0000000600ab
:108600000000fa0080962f00801f780040972f000e
:10861000801f7800c0972f00801f7800307d2f00ca
:10862000801f780040502f00801f7800c2e50700af
:10863000ea875700c0522f00801f7800bee5070070
:108640008f87e900a0562f00801f7800bae5070049
:108650008f87e900b05a2f00801f7800b6e5070029
:108660008f87e900c0cc210001002000809fbe0060
:10867000b0842f00801f7800afe50700e687570021
:108680000080fa00000006000800fa00881f780049
:10869000000f780011079800220798003307980010
:1086a000704680000000e000090032001e009000cb
:1086b00010047800931007009e0078000180b90034
:1086c00000007800800044001e009000010878003f
:1086d0003e019000ae0090001e0090006dff07006c
:1086e0004f0478000080fa00000006000200fa0043
:1086f000000f78008001eb00120020009e0078003f
:1087000010002000e0ff07000080fa0000000600d3
:108710000000fa0090588000904288008001eb0031
:108720006200200021b1200010002000d6ff0700c9
:108730009158800090428000808f500012003200db
:1087400090588000e10f500005003c00a0588000c8
:108750000000e00002003a0020002000a05888003d
:1087600090588000e20f500002003a000000eb0039
:10877000a058880090588000e50f500002003a0091
:108780009000200080588800bdfb070090588000b2
:10879000e30f500002003a005000200001003700b3
:1087a0004000200060468800905880008000400013
:1087b000609f20000080400010007800801f78003b
:1087c00090692f00801f7800a0ad200062e50700af
:1087d000e48757000080fa00000006000000fa005d
:1087e0008001eb0072002000c1b1200010002000c9
:1087f000a5ff0700e0588000e4100700e058800063
:1088000080004000a0202f00008040001000780071
:10881000801f7800406a2f00801f7800a0ad2000e4
:108820004de50700e48757000080fa0000000600cd
:108830000000fa008001eb0022002000a1b120001e
:108840001000200090ff07008dfb0700d05880002b
:1088500080004000a0a920000080400010007800a7
:10886000801f7800406b2f00801f7800a0ad200093
:1088700039e50700e48757000080fa000000060091
:108880000000fa008001eb00a200200041b12000ae
:10889000100020007cff0700a05880000000e000ce
:1088a00008003200a0588000801f7800e06b2f0085
:1088b000801f7800a0ad200027e50700e48757005f
:1088c00007003700c06c2f00801f7800b0872f0092
:1088d000801f7800a0ad20001fe50700e487570047
:1088e0000080fa00000006000000fa0023032000c8
:1088f000823e200081b12000a000200062ff07001e
:10890000c0588000600c8800c0588000801f78002c
:10891000d06d2f00801f7800a0ad20000ee507006d
:10892000e48757000080fa00000006000000fa000b
:108930008001eb0082bb200061b1200020032000f9
:1089400051ff0700b0588000900c8800b05880009c
:10895000801f7800b06e2f00801f7800a0ad20002f
:10896000fde40700e48757000080fa0000000600dd
:108970000000fa004306200042382000e1b1200048
:10898000a000200040ff0700f0588000cf80de00ec
:108990001bdf070002002000832c240030e00700ca
:1089a000809fbe00806f2f00801f7800a0ad200048
:1089b000e9e40700e68757000080fa00000006009f
:1089c0000000fa008001eb003200200021b22000fc
:1089d000100020002cff070010598000800040008c
:1089e000a09e20000080400010007800801f7800ca
:1089f000406b2f00801f7800a0ad2000d6e4070058
:108a0000e48757000080fa00000006000000fa002a
:108a100000b2200035ff070001598000404280006d
:108a2000808f50000e0032000059800040428800c4
:108a3000005980000000e0000500320060042000c2
:108a40002059880080022000305988000400370037
:108a5000e009200020598800800620003059880055
:108a60000059800080004000209f200000804000ce
:108a700010007800801f7800804e2f00801f780043
:108a8000a0ad2000b4e40700e48757000080fa009e
:108a9000000006000000fa00005980000000e0001d
:108aa00006003200230320004206200041b22000cd
:108ab00010002000f4fe07000500370083072000a7
:108ac000420d200041b2200010002000eefe070001
:108ad00000598000018d2f00614078008000fb006c
:108ae00020598000811f7800801f7800c04d2f0022
:108af000801f7800104d2f00801f7800a0ad20004f
:108b000095e40700e88757000080fa00000006009f
:108b10000000fa00005980000000e0000b00320065
:108b200020598000740050008001eb0000017800a3
:108b300061b2200010002000d3fe070030598000f1
:108b40000080e900204288000a0037002059800098
:108b50008002b100030220000001780061b2200011
:108b600010002000c8fe070030598000640050004b
:108b70002042880000598000018d2f00614078005c
:108b80008000fb0030598000811f7800801f780032
:108b9000204e2f00801f7800104d2f00801f78007e
:108ba000a0ad20006ce40700e88757000080fa00c1
:108bb000000006000000fa00c0b22000cbfe070053
:108bc000605980008000400000a12000008040002b
:108bd00010007800801f7800804e2f00801f7800e2
:108be000a0ad20005ce40700e48757000080fa0095
:108bf000000006000000fa00e0b22000bbfe070003
:108c0000705980008000400040a12000008040009a
:108c100010007800801f780060702f00801f78009f
:108c2000a0ad20004ce40700e48757000080fa0064
:108c3000000006000000fa008001eb002200200086
:108c400001b32000100020008ffe07008059800033
:108c50008000400040a82000008040001000780004
:108c6000801f780020712f00801f7800a0ad2000a9
:108c700039e40700e48757000080fa00000006008e
:108c80000000fa0020b3200098fe070090598000f1
:108c900080004000e0a82000008040001000780024
:108ca000801f780020712f00801f7800a0ad200069
:108cb00029e40700e48757000080fa00000006005e
:108cc0000000fa008001eb004200200081b2200089
:108cd000100020006cfe070040598000800040001a
:108ce00000a520000080400010007800801f780060
:108cf000c0712f00801f7800a0ad200016e407008f
:108d0000e48757000080fa00000006000000fa0027
:108d10007040800080004000a0a52000008040003e
:108d200010007800801f7800b0872f00801f780027
:108d3000a0ad200008e40700e4875700a1ad2000a3
:108d400000082000000507007040800080004000ff
:108d5000a0ab20000080400010007800000001005f
:108d6000a1ad2000000c2000f70407000080fa00ed
:108d7000000006000200fa00000f7800704080003a
:108d80001e0040007040880090588000e20f5000a4
:108d900009003400d0588000e10f50000600320076
:108da00070408000e30f500003003a0070408000e4
:108db0001e0040007040880090588000e20f500074
:108dc00006003c0070408000e20f500003003a00b3
:108dd000704080001e00400070408800704080009d
:108de000ef0f5000010034000e28ef0070408000ab
:108df0000000e00002003d00f0002000704088000c
:108e00004cf607007040800058f607000080fa001a
:108e1000000006000200fa00000f78001e00780033
:108e2000d4ff0700ce28ef00b8ff07001000200095
:108e300070468800a0282000060f07009428ef0045
:108e40000080fa00000006000600fa00000f78001b
:108e500011079800220798001e0090009e007800dd
:108e6000808f500004003a00e1152000f0a420009b
:108e7000d80e07000c0037002e0090009e007800ee
:108e8000808f500004003a00e1152000c0f6200059
:108e9000d00e070004003700e05980008000780001
:108ea000a07f2100cb0e07000080fa000000060022
:108eb0000600fa00889fbe00f0f32f00001688001d
:108ec000c222ef0080e0270030168800c822ef00a1
:108ed000e001240060168800ce22ef001000200080
:108ee00090168800d422ef00c0c72f00f01688002b
:108ef000e022ef000000280020178800e622ef00a3
:108f0000cfa2a800e862a80040442500a004880081
:108f1000b1048000f08f2f0080806000005020009e
:108f200001007000b00488007d0e0700ee0207000b
:108f30000b0f0700b6f30700a2f50700000f78003b
:108f400044f5070010079800d0588000e20f500049
:108f500015003a0090588000e20f500012003400d3
:108f6000824280001e0090008000400060a9200026
:108f700000804000900078001e00780080014000d2
:108f800060a920000080410010007800821f780056
:108f9000811f7800801f7800e0722f00801f78000a
:108fa00065e30700e88757001e0078000000e00036
:108fb00003003a001e0090000000e0000d003200a7
:108fc000f6040700c0772f00801f78005ae30700df
:108fd0008f87e900217c2f00107b2f00640407009d
:108fe0008ef407004bf50700eef40700c05d20008b
:108ff000980e0700005a80007000b300005a8800e5
:1090000070168000620060000000e00003003a007b
:109010007100200010002000cbfa0700b05880003b
:10902000900c8800c0588000600c88008059800037
:10903000df02070070168000680060000000e0009a
:109040000a003a00803821004046880021892f001c
:1090500010882f00460407000000000070168000f2
:10906000680060000000e000fcff3200f0b3200068
:10907000104078000004e00013003200c0972f0079
:10908000801f7800307d2f00801f7800505e2f00f9
:10909000801f7800a0ad20002fe30700e68757006f
:1090a000e17d2f00a0ad200031040700803e2000ac
:1090b000680e070001802f00f07e2f002c040700af
:1090c000007d2000000f7800004b2000a0438800a6
:1090d0001e003700a04380000000e0001b003a00a3
:1090e000e1152000e02521003a0e0700c0972f006f
:1090f000801f7800f0812f00801f7800a0ad200035
:1091000015e30700e4875700a1ad200010812f0070
:109110001704070062f50700a1832f0090822f003b
:1091200013040700007d20004a0e070010002000f5
:1091300050428800900020008058880050428000f3
:10914000c40c07000000eb00000f7800a0168000a0
:10915000610060000000e000deff3a0080588000ff
:10916000e90f500002003400900020008058880071
:10917000504280000000e00003003a004106200059
:10918000f0a42000130e07004a28ef00e842a800d0
:10919000e862a900caa2a9001e0078002d0e0700ef
:1091a000caa2a800e842a900e862a900e05880002d
:1091b000760e0700d0588000e20f500004003a00fd
:1091c00090588000e20f5000010034000cfd0700b1
:1091d0001116800000002200008060000000e00006
:1091e00001003a00d9fa0700005980004042880087
:1091f000015a800000022000008060000000e000b2
:1092000002003200305a8000010037000000eb00fd
:1092100030418800505980000000e00002003a0010
:109220008058800001003700900020001042880024
:1092300030598000e40050000059800000004000d8
:10924000008040002042880090588000e30f5000ca
:1092500002003a005000200060468800e803070042
:10926000a000200045f30700cf80de00e4dc07000b
:109270000004be00c0598000cf80de00e0dc0700a3
:109280000001be000800be00d4de07008040880058
:1092900091408800e000200038f30700cf80de0016
:1092a000d7dc07000041880011418800405a800047
:1092b000cf80de0082cf25000289b900020178004c
:1092c0007d02b900840178000301410083cf2500ad
:1092d0000300b8000101410082007800d2598000eb
:1092e000cf91de00e0dc070040418800514188005a
:1092f000115a8000205a800000805000cf80de008c
:10930000bfdc0700a0408800b1408800dcf80700ff
:10931000a0282000504688007828ef003428ef006d
:109320003628ef00a0418000b141800080418800d4
:10933000914188004059800060408800010037005a
:1093400000000000501680006200600000f0a700de
:109350000000ea000000e9004f00de000040780055
:109360000080fb006100600000004000511680009a
:109370000110a10001007000501688009628ef002f
:10938000401680004300de00614060000080fb006a
:10939000004288009058800080004000c0aa200051
:1093a000008040001000780000000100a2fb0700d0
:1093b0009bf90700a0282000a04388001116800018
:1093c00000002200008060000000e0003b003a0046
:1093d000f04180000000e00038003a00a043800027
:1093e0000000e00017003a00504080000000e0005c
:1093f00012003a00e1152000c0f62000750d0700ac
:109400001000200050408800e18a2f00308a2f0091
:1094100057030700c7f40700000000001116800082
:1094200000002200008060000000e000fbff32002e
:10943000800c2000870d070002003700100020007c
:1094400074fe0700111680000000220000806000fa
:109450000000e000e1ff3200800c20007d0d0700dd
:10946000a04380000000e000130032005040800064
:109470000000e0000e003a00604080000000e800bc
:109480006040880061408000604680000000e80085
:1094900000017800110009008200d8008000fd0062
:1094a0006040880060408000b0f407000200370090
:1094b000100020002ffe0700120d07005040800012
:1094c0000000e0001f013a00f04180000000e000d1
:1094d0008a003a0070168000700060000000e00012
:1094e00012003a00e04180000000a200e041880044
:1094f000e1598000e04180000000e00002003200fd
:10950000a07f210001003700c0f62000310d0700c8
:109510000000000070168000700060000000e00095
:10952000fcff3200800c20004a0d0700111680005d
:1095300000002100008060000000e00025003a00eb
:1095400090588000e50f50002200320050598000f2
:109550000000a2005059880010002000a04688009a
:109560001000200030428800505980000000e000c8
:109570000600320026fa070080588000104288005a
:10958000a0002000805888000200370010428000b0
:1095900080588800e1598000505980000000e000a8
:1095a00002003200c0f6200001003700a07f210039
:1095b000080d0700000000001116800000002100c7
:1095c000008060000000e000fbff3200800c200003
:1095d000200d070070168000620060000000e000af
:1095e0000400320070168000680060000000e00097
:1095f00042003a00004280000000e0003f003a00d4
:109600001000200030428800505980000000e00027
:10961000090032000000eb00505988001042800021
:1096200080588800e059800080007800a07f2100e9
:10963000e80c07002f00370081588000701680006a
:10964000620060000000e00002003a00100020000c
:10965000010037000080eb00008040008058880047
:10966000120020009100200000b1200089fb0700bb
:10967000805880001200200091002000f2fd0700b9
:10968000605980000000e000060032008058800031
:109690008000400000a22000008040001000780000
:1096a00005003700805880008000400060a3200043
:1096b000008040001000780080007800a00c20009e
:1096c000a1020700a0282000e20c0700701680000d
:1096d000620060000000e000d7ff320070168000da
:1096e000680060000000e000d3ff32008058800076
:1096f0001042880010002000a046880000c8b30077
:10970000f000070060408000e40f500002003c00c1
:109710006af80700500207006040800080004000a7
:1097200000aa200000804000100078000000010026
:109730008058800080004000a0af200000804000e2
:10974000100078008000400080a0200000804000d1
:109750001000780080007800000c20007a020700da
:10976000f04180000000e000030032001bf8070019
:109770001040880017003700e04180000000e00042
:1097800012003200004280000000e0000c003200b5
:1097900080588000ea0f5000060032008058800098
:1097a0000000e0000300320090862f001040880087
:1097b00008003700f0862f001040880005003700b1
:1097c00050872f00104088000200370030862f009d
:1097d00010408800104080004e0207005059800061
:1097e0008000400040a02000008040001000780071
:1097f00048020700605980000000e00006003200c7
:10980000805880008000400000a2200000804000be
:10981000100078000500370080588000800040006c
:1098200060a320000080400010007800390207008b
:10983000340c0700200798002e0090000000e00084
:10984000280032001000200030428800805880003c
:109850008158800001814000a1af200081004100bb
:1098600011017800ae0090000100e00007003c000c
:10987000ae0090000100e00002003d008080eb009f
:10988000010037008000eb000100370011002000cc
:109890008100410000014000a0af20000000410015
:1098a00001087800805880000000400080007800a7
:1098b000a0af2000008040000001eb00310020003c
:1098c000f4fa07008058800080004000a0af20001c
:1098d00000804000100078000001eb003100200003
:1098e00059fd0700d5f90700004280000000e000a4
:1098f00010003200e04180000000e0000d00320066
:10990000f04180000000e0000a003a00805880002a
:10991000ea0f500007003200805880000000e0008d
:1099200004003200ca82a80040c5b300d6e8b700e0
:1099300020003700ca82a90020c5b300d6e8b700ce
:109940001c0037003c28ef00ca82a90020c5b300e4
:10995000d6e8b700edfc07007016800070006000cc
:109960000000e00013003a00e05980008000780019
:10997000a07f2100170c0700210020000000eb0051
:1099800071f807000a28ef00a02820005046880040
:10999000dc0b07001a02070090588000e30f50000c
:1099a0000400320060408000e50f500001003a00e2
:1099b0000c28ef00cdfa07000040800000000100f5
:1099c000a0168000610060000000e0005cfe320034
:1099d00050408000e10f500007003a000080eb008b
:1099e0000cfd0700a0168000610060000000e00090
:1099f000faff3a0053fe3700a7f8070051fe370080
:109a00000200fa00004f78000900fc00b116800047
:109a1000f00f2000808060001e80fb004800dd0009
:109a200001007000b016880010002000f80b07003d
:109a3000d6a2a80010002000f50b0700d6a2a900ae
:109a400010002000f20b07000080fa000000060062
:109a50000200fa000400fc009116800000f02f00c4
:109a60000100700090168800d6c2a800d6e2a900b6
:109a700010002000e60b0700d6a2a800100020006e
:109a8000e30b0700a116800000002800008f600093
:109a9000d6a2a9001e0078000000e000f4ff3a0002
:109aa000d6c2a900d6e2a8000400fc0091168000ee
:109ab000f00f200000806000901688000080fa00ff
:109ac000000006000200fa00004f7800e0ff0700e7
:109ad000d6e2a9001e407800c9ff0700d6e2a80020
:109ae0000080fa00000006000200fa000000eb000f
:109af000000f7800d6e2a900d6c2a900f00020002d
:109b0000d40b0700e0cc2f001e004000104078006e
:109b1000bbff070050002000ce0b07001e0fe8001f
:109b20001e007800e50f5000f6ff3400d6e2a800d2
:109b3000007d2000900c8800c0122000600c88007e
:109b40000080fa00000006000200fa00004f7800d2
:109b5000bfff07001e407800a9ff07000080fa0041
:109b6000000006000400fa00004f7800110798007a
:109b7000020037001e407800f3ff07001e0090002f
:109b800000f0a7000000ea000000ea004f00de003d
:109b9000004078009e0090008100e90011079800c5
:109ba0000004e000f3ff3a000080fa000000060025
:109bb0000200fa00000f780000c4b300c1ff0700e4
:109bc0001e007800e20f500058003a0021002000eb
:109bd0000040eb00e3ff07001100200000c1b300cc
:109be000e0ff07002100200050c1b300ddff0700a7
:109bf0001100200000c1b300daff0700210020009f
:109c00000040eb00d7ff0700210020000040eb00e0
:109c1000d4ff07001100200080c1b300d1ff07006e
:109c200021002000d0c1b300ceff070011002000aa
:109c300080c1b300cbff0700210020000040eb00f3
:109c4000c8ff0700210020000040eb00c5ff07000f
:109c500011002000c0c1b300c2ff07002100200096
:109c6000d0c1b300bfff070011002000c0c1b30086
:109c7000bcff0700210020000040eb00b9ff0700f7
:109c8000210020000040eb00b6ff0700110020007b
:109c9000e0c1b300b3ff070021002000f0c1b30012
:109ca000b0ff070011002000e0c1b300adff0700c6
:109cb000210020000040eb00aaff07002100200047
:109cc0000040eb00a7ff070041002000f0c1b300f7
:109cd000a4ff0700210020000040eb00a1ff0700c7
:109ce000210020000040eb009eff07004100200003
:109cf000f0c1b3009bff0700210020000040eb00f3
:109d000098ff0700210020000040eb0095ff0700ae
:109d10004100200000c1b30092ff07002100200095
:109d20000040eb008fff0700b80037001e007800ee
:109d3000e10f500076003a00110020000040eb00d7
:109d400088ff07002100200000c1b30085ff070045
:109d50002100200050c1b30082ff07002100200035
:109d600000c1b3007fff0700110020000040eb009e
:109d70007cff0700110020000040eb0079ff070086
:109d80001100200000c1b30076ff07001100200081
:109d900080c1b30073ff070021002000d0c1b300d1
:109da00070ff07001100200080c1b3006dff0700a5
:109db0001100200000c1b3006aff0700110020005d
:109dc0000040eb0067ff0700110020000040eb009f
:109dd00064ff07001100200000c1b30061ff07000d
:109de00011002000c0c1b3005eff07002100200069
:109df000d0c1b3005bff070011002000c0c1b30059
:109e000058ff07001100200000c1b30055ff0700f4
:109e1000110020000040eb0052ff0700110020005d
:109e20000040eb004fff07001100200000c1b3000d
:109e30004cff070011002000e0c1b30049ff0700fc
:109e400021002000f0c1b30046ff070011002000f0
:109e5000e0c1b30043ff07001100200000c1b300c0
:109e600040ff0700110020000040eb003dff07000d
:109e7000110020000040eb003aff07001100200015
:109e800000c1b30037ff070041002000f0c1b3005c
:109e900034ff07001100200000c1b30031ff0700ac
:109ea000110020000040eb002eff070011002000f1
:109eb0000040eb002bff07001100200000c1b300a1
:109ec00028ff070041002000f0c1b30025ff070074
:109ed0001100200000c1b30022ff07001100200084
:109ee0000040eb001fff0700110020000040eb00c6
:109ef0001cff07006100200000c1b30019ff07002c
:109f0000110020000040eb0016ff07003f00370063
:109f1000210020000040eb0012ff0700310020006c
:109f200000c1b3000fff0700310020000040eb002c
:109f30000cff0700110020000040eb0009ff0700a4
:109f40005100200000c1b30006ff070021002000df
:109f50000040eb0003ff0700110020000040eb0071
:109f600000ff07005100200000c1b300fdfe070004
:109f7000210020000040eb00fafe07001100200045
:109f80000040eb00f7fe07005100200040c1b30085
:109f9000f4fe0700210020000040eb00f1fe070066
:109fa000110020000040eb00eefe070051002000f1
:109fb00040c1b300ebfe0700210020000040eb0091
:109fc000e8fe0700110020000040eb00e5fe07005e
:109fd0005100200050c1b300e2fe07002100200024
:109fe0000040eb00dffe0700210020000040eb00f6
:109ff000dcfe07003100200000c1b300d9fe0700dd
:10a00000310020000040eb00d6fe070011002000c8
:10a010000040eb00d3fe070011002000c0c1b300d8
:10a02000d0fe07001100200040c1b300cdfe0700a4
:10a0300011002000c0c1b300cafe0700410020008b
:10a040000040eb00c7fe070010c0b3009dfe0700f4
:10a050000080fa00000006000800fa0030079800af
:10a060000000eb0010079800be00900000032000e5
:10a07000808f500002003400000320003007980059
:10a080003e019000b0aa22000090b9004f91de007e
:10a0900002805000200798003e009000b1aa2200e4
:10a0a0000181b900cf80de00818051006609b900ce
:10a0b0008200780001005000000f78009e009000a0
:10a0c0002e009000808f500003003d0050c0b30070
:10a0d0009dfe0700050037001e0078000040780054
:10a0e00099fe07000000eb00000f78001e009000b2
:10a0f0000000e800100798001e009000e70f5000d5
:10a10000eeff340060c0b3008ffe07000080fa004d
:10a11000000006000000fa00881f780000047800a4
:10a1200003003700184078000804e80086fe0700a6
:10a13000184078000004e000faff3a004f0478006d
:10a140000080fa00000006000400fa00000f78000a
:10a15000110798001e0078000040780059fe0700a3
:10a160001e009000ebff07000080fa0000000600d0
:10a170000400fa00000f7800110798009e00780094
:10a1800010002000f0ff07009e009000000c20004f
:10a19000edff07000080fa00000006000600fa004c
:10a1a000008fbe00220798002e009000c200dd0044
:10a1b000c0d02f00008040001000be000001be0093
:10a1c0001e00be0026da07002e0190008201410029
:10a1d000c2c620000281410012017800809fbe00ab
:10a1e000821f7800a0ad2000dbde0700e687570065
:10a1f000a0ad2000c7ff07000080fa0000000600a5
:10a200000000fa0000012000f0468800f0468000bf
:10a210000000e900f0468800f0468000c1c320003d
:10a220000041eb0082707800f04680000000e00002
:10a23000f6ff3a000080fa00000006000200fa0073
:10a2400020002000bbf107006b0a07000004e000bb
:10a2500041003200750a0700004f78001e40780068
:10a26000ea4f50003b003200f0468000e10f500002
:10a2700009003200e20f50000d0032000000e00043
:10a2800011003a00d0c3b3009e40780080cf500048
:10a29000240032003000370020c4b3009e40780014
:10a2a00080cf500021003200de28ef002a00370066
:10a2b0001e00fb000003b100e90f50001d00360036
:10a2c000de28ef00240037001e407800ed4f5000dc
:10a2d00012003a00f04680001e417800c1c3200001
:10a2e00082707800c0c320000080e8002bde0700e9
:10a2f00080588800805880000000e000030034008f
:10a3000080588000e90f500002003400a0002000b7
:10a310008058880010002000e0468800b8ff070041
:10a320000d003700000000000300370000000000af
:10a330000100370000000000f04680001e41780058
:10a34000c1c32000827078000000e800f046880059
:10a3500001003700000000000080fa000000060045
:10a360000a00fa00008fbe00220798003407980008
:10a37000450798002e009000cf80de00a0d807008f
:10a380001e01be0095da07003e019000ce0190004c
:10a39000b3d907000080fa00000006000400fa00ac
:10a3a000a07e2e00801f7800a07e2e00801f7800e7
:10a3b000609b2e00801f7800b09b2e00801f7800cd
:10a3c000009c2e00801f7800bfdd0700ea87570041
:10a3d0000000eb00000f7800190037008e80e800c5
:10a3e0001e01780000002f00000041001300200033
:10a3f0000101780080007800f0072000f1ee0700ee
:10a400001e0078006f0060000000e00005003a00c8
:10a410009e1f7800c09e2e00801f7800aadd0700d6
:10a42000e48757001e009000801f7800509f2e0088
:10a43000801f7800a4dd0700e48757001e8fe80026
:10a44000f00f20009e007800808f5000e3ff340062
:10a45000a07e2e00801f7800a07e2e00801f780036
:10a46000b09f2e00801f780097dd0700e687570019
:10a470000080fa00000006000600fa00008fbe000f
:10a48000220798001e01be001e00be0053da07001e
:10a49000008fbe00d059800004c22b00e5cb240001
:10a4a000000178001e00be00adff07002e019000e5
:10a4b000821f7800809fbe00c0792e00801f780028
:10a4c0001dde0700e88757000080fa000000060044
:10a4d0000400fa00008fbe00b0598000040025007f
:10a4e00035842400000178001e00be009cff070098
:10a4f000a2a02e00821f7800809fbe0030792e001f
:10a50000801f78000cde0700e88757000080fa0003
:10a51000000006000400fa00008fbe00c059800051
:10a520000440220045972400000178001e00be0070
:10a530008bff0700f2a02e00821f7800809fbe00d4
:10a5400030792e00801f7800fbdd0700e887570078
:10a550000080fa00000006000600fa0010079800cc
:10a560002107980090588000e60f500006003a003e
:10a570001e009000ae00900000d807000000780098
:10a580008ff60700050037001e009000ae00900017
:10a59000fad70700000078006ef60700000f780079
:10a5a0001e0078008000400080bd20000080400038
:10a5b00010007800801f78009e1f780050a12e00a8
:10a5c000801f780040dd0700e68757000080fa0012
:10a5d000000006000400fa00008fbe00e2a12e0079
:10a5e0001e00be00a4ff07000080fa000000060065
:10a5f0000400fa00008fbe00705a8000cf80de0099
:10a60000ffd707000001be001e00be002fd80700c4
:10a61000008fbe0062a22e001e00be0096ff070043
:10a620000080fa00000006000400fa00008fbe005f
:10a63000005980000000e0000a003200d2a3200090
:10a64000331824001e00be0005d90700809fbe00fd
:10a65000d07a2e00801f7800b7dd0700e68757000c
:10a660000c003700a2992900131124001e00be001f
:10a67000fbd80700020020000320240013d80700a5
:10a68000809fbe00d07a2e00801f7800aadd0700d0
:10a69000e68757000059800080004000209f20007e
:10a6a0000080400010007800801f7800e0a22e009b
:10a6b000801f7800a0dd0700e48757000080fa00c3
:10a6c000000006000000fa0010a32e00801f780092
:10a6d000fddc07008f87e9003e28ef000080fa00cc
:10a6e000000006000000fa0060a42e00801f780021
:10a6f000f5dc07008f87e900f04180000010a00022
:10a70000f04188000080fa00000006000000fa0016
:10a7100090a52e00801f7800ebdc07008f87e900f2
:10a72000f04180000000a000f04188000080fa00a5
:10a73000000006000000fa0080a62e00801f7800ae
:10a74000e1dc07008f87e900f04180000020a000d5
:10a75000f04188000080fa00000006000000fa00c6
:10a76000005a8000680060000000e0000a0032002b
:10a7700070752e00801f7800f0a72e00801f7800d3
:10a78000d1dc0700e4875700f04180000030a000d2
:10a79000f041880008003700d0772e00801f780035
:10a7a00070752e00801f780080a82e00801f780012
:10a7b000c5dc0700e68757000080fa0000000600ad
:10a7c0000000fa00015a80000002200000806000b2
:10a7d0000000e0000c00320000772e00801f78009f
:10a7e00040762e00801f780010a92e00801f780070
:10a7f000b5dc0700e6875700f04180000040a0006c
:10a80000f04188000a003700d0772e00801f7800c2
:10a8100000772e00801f780040762e00801f780081
:10a82000c0a92e00801f7800a7dc0700e88757002a
:10a830000080fa00000006000000fa00015a8000c3
:10a8400000022000008060000000e0000a003200ea
:10a8500040762e00801f780070aa2e00801f78009e
:10a8600099dc0700e4875700f04180000050a00009
:10a87000f041880008003700d0772e00801f780054
:10a8800040762e00801f780060ab2e00801f78007d
:10a890008ddc0700e68757000080fa000000060004
:10a8a0000000fa00f0ab2e00801f780086dc070065
:10a8b0008f87e900f0032000f04188000080fa0053
:10a8c000000006001200fa00881f7800ca0807007e
:10a8d0000004e00058043200d40807000080fb00a8
:10a8e0002add0700604798006e4090000080fb0062
:10a8f0006101b90010fc2f00f1ff2f0002004000a1
:10a9000083804800b201200003002000820f500025
:10a91000838f58003d043e00006001001b0037009b
:10a920003a0437006d003700aa003700ba0037003c
:10a930001001370020013700b8023700b902370094
:10a9400012003700e30237000b03370055033700ce
:10a95000a1033700e10337002c0437002b04370034
:10a960002a04370029043700280437002704370059
:10a970002604370025043700240437002304370059
:10a9800022043700210437000f0437001cf70700aa
:10a99000a07e2e00801f7800a07e2e00801f7800f1
:10a9a00030ad2e00801f7800e3dc0700e6875700fb
:10a9b00010af2e00801f7800dfdc07008f87e900d2
:10a9c000c0b02e00801f7800dbdc07008f87e90015
:10a9d000d0882e00801f780030b22e00801f7800b3
:10a9e000d5dc0700e4875700506f2e00801f7800e9
:10a9f000a0b22e00801f7800cfdc0700e48757004c
:10aa000030b32e00801f7800cbdc07008f87e90071
:10aa1000d0b52e00801f7800c7dc07008f87e900c3
:10aa2000f0b72e00801f7800c3dc07008f87e90095
:10aa3000a0b92e00801f7800bfdc07008f87e900d7
:10aa4000b0842e00801f780030bc2e00801f78005c
:10aa5000b9dc0700e4875700a0822e00801f780031
:10aa6000a0bc2e00801f7800b3dc0700e4875700ed
:10aa700010bd2e00801f7800afdc07008f87e90033
:10aa800040712e00801f780090be2e00801f78003d
:10aa9000a9dc0700e487570070732e00801f780040
:10aaa00000bf2e00801f7800a3dc0700e48757005a
:10aab000a07e2e00801f7800a07e2e00801f7800d0
:10aac00050862e00801f780070bf2e00801f7800f7
:10aad00099dc0700e8875700d7033700a07e2e00d7
:10aae000801f7800a07e2e00801f780050c02e00ae
:10aaf000801f7800d0c02e00801f780030c12e004b
:10ab0000801f780090c12e00801f780010c22e0098
:10ab1000801f780088dc0700ee8757009000200037
:10ab2000200798002e00900014ed0700000f9800f9
:10ab30000e089000cf80de00b1d607000400200090
:10ab4000055824005200200005fe07000e09900061
:10ab5000809fbe00821f7800ae009000811f7800a9
:10ab6000d0c32e00801f780073dc0700ea875700ef
:10ab70002e0090006900500080004000e0be2000e0
:10ab800000804000100478000e089000cf80de00a6
:10ab90009bd60700080001002e0090000000e8008e
:10aba000200798002e009000ee0f5000ddff3400cb
:10abb000a07e2e00801f7800a07e2e00801f7800cf
:10abc00010c52e00801f78005bdc0700e687570069
:10abd00099033700d0882e00801f7800a0c52e0072
:10abe000801f780054dc0700e48757000f08070037
:10abf00067406000604798006e4090000080fb0056
:10ac000080004000a0bf20000080400010007800bd
:10ac10000000010088033700d0c72e00801f780095
:10ac200045dc07008f87e90050812e00801f7800e7
:10ac3000506f2e00801f780000c82e00801f780003
:10ac40003ddc0700e6875700f80707000081fb009e
:10ac5000b0aa2a000010b8000100d1006300b900ba
:10ac60000000780000005100604798006e4090009e
:10ac70000080fb008000400040a8200000804000d1
:10ac8000900078006e4090000080fb00811f7800eb
:10ac9000801f7800a0c92e00801f780026dc0700e6
:10aca000e68757006e4090000080fb00c0fb070065
:10acb0000040eb00604798000000eb002007980080
:10acc00040ccb3007ffb0700b0c5b3009efb07007c
:10acd0006e4090009cfb07006e4090000080fb00df
:10ace000801f780040ca2e00801f7800a0ad200091
:10acf00093db0700e4875700a0ad200005fd0700a7
:10ad000040c8b3006ffb07002e009000d2fc070084
:10ad1000a00020004f0707002e0090000000e80070
:10ad200020079800ae00900000032000808f5000a4
:10ad3000f3ff34006e4090000040e8006047980048
:10ad4000401f200043070700ab0707000004e00096
:10ad5000d9ff3200b50707008059800094fb070037
:10ad6000b0872e00801f7800f3db07008f87e90093
:10ad700031033700d0ca2e00801f7800eedb0700b9
:10ad80008f87e9000000eb00000f98001200200000
:10ad9000010f2f00f007200097ec0700700047001c
:10ada00013002000020f2f00f1072000b3ec070072
:10adb0007afd070020033700a07e2e00801f780058
:10adc000d0cc2e00801f780050cd2e00801f780040
:10add000c0cd2e00801f7800e0cd2e00801f7800af
:10ade000a0cf2e00801f7800d3db0700ec87570030
:10adf000c0598000801f780020d22e00801f78006c
:10ae0000cddb0700e4875700b0598000801f780031
:10ae100020d42e00801f7800c7db0700e48757008e
:10ae2000d0598000801f780020d62e00801f780027
:10ae3000c1db0700e4875700705a8000801f78004c
:10ae400020d82e00801f7800bbdb0700e487570066
:10ae500020da2e00801f7800b7db07008f87e9001b
:10ae6000e05980000000e00007003200e059800057
:10ae7000801f7800c0db2e00801f7800aedb07004b
:10ae8000e48757000400370050dc2e00801f780054
:10ae9000a9db07008f87e900b0dc2e00801f780057
:10aea000a5db07008f87e900e0b3200010407800a1
:10aeb000e14f500005003a0050de2e00801f780060
:10aec0009ddb07008f87e90008003700e0b3200012
:10aed000104078000080fb00801f7800f0de2e001c
:10aee000801f780094db0700e487570040df2e00c6
:10aef000801f780090db07008f87e900005a8000f0
:10af0000680060000000e00010003200c8598000b6
:10af1000105a8000cf80de00b9d50700044022001f
:10af200045972400080178000dfd0700125a8000a3
:10af3000809fbe00821f7800e07b2e00801f78007b
:10af40007ddb0700e887570006003700a05080002f
:10af5000801f7800e0e02e00801f780076db07007d
:10af6000e487570030e12e00801f780072db070075
:10af70008f87e900015a80000002200000806000f5
:10af80000000e00010003200c8598000205a800004
:10af9000cf80de009ad507000440220045972400a8
:10afa00008017800eefc0700225a8000809fbe0056
:10afb000821f7800e07b2e00801f78005edb070098
:10afc000e887570006003700a0508000801f7800f7
:10afd000e0e02e00801f780057db0700e487570071
:10afe000d0e22e00801f780053db07008f87e90036
:10aff000015a800000022000008060000000e00094
:10b0000010003200c8598000305a8000cf80de0026
:10b010007bd50700044022004597240008017800f2
:10b02000cffc0700325a8000809fbe00821f78004c
:10b03000e07b2e00801f78003fdb0700e887570089
:10b0400006003700a0508000801f7800e0e02e004e
:10b05000801f780038db0700e4875700405a8000e3
:10b06000801f780070e42e00801f780032db07001c
:10b07000e4875700505a8000615a8000809fbe00cc
:10b0800070e62e00801f78002bdb0700e687570054
:10b09000f0b32000104078000080fb0080004000ea
:10b0a00040a120000080400010007800801f780040
:10b0b00080e82e00801f78001fdb0700e487570020
:10b0c000a07e2e00801f780060ea2e00801f78008e
:10b0d00020ec2e00801f780017db0700e687570062
:10b0e0009058800080004000609f20000080400059
:10b0f00010007800801f7800d0ec2e00801f7800b0
:10b100000ddb0700e4875700b0ee2e00801f7800ab
:10b1100009db07008f87e900a05880000000e000ed
:10b1200007003200a0588000801f780050f02e00e9
:10b13000801f780000db0700e48757000400370019
:10b1400010f12e00801f7800fbda07008f87e900de
:10b1500050f12e00801f7800f7da07008f87e90092
:10b16000e058800080004000a0202f0000804000b8
:10b1700010007800801f7800c0f32e00801f780038
:10b18000edda0700e4875700c0588000801f780080
:10b1900020f62e00801f7800e7da0700e4875700ca
:10b1a000b0588000801f780020f82e00801f7800a3
:10b1b000e1da0700e4875700f0588000cf80de0016
:10b1c0000fd5070002002000832c240024d607009e
:10b1d000809fbe0020fa2e00801f7800d6da07007c
:10b1e000e6875700105980008000400000bd200015
:10b1f0000080400010007800801f780020fc2e00a6
:10b20000801f7800ccda0700e487570000598000df
:10b2100080004000209f2000008040001000780047
:10b22000801f780000fe2e00801f7800c2da070021
:10b23000e487570000598000018d2f00614078009d
:10b240008000fb0020598000811f7800801f78005b
:10b25000e0ff2e00801f7800407b2e00801f7800ca
:10b26000b5da0700e887570000598000018d2f00ec
:10b27000614078008000fb0030598000811f780019
:10b28000801f780080012f00801f7800407b2e00f7
:10b29000801f7800a8da0700e8875700605980000f
:10b2a0008000400000a120000080400010007800d5
:10b2b000801f780020032f00801f78009eda07008f
:10b2c000e4875700705980008000400040a12000b2
:10b2d0000080400010007800801f780000052f00db
:10b2e000801f780094da0700e487570080598000b7
:10b2f0008000400040a8200000804000100078003e
:10b30000801f7800e0062f00801f78008ada07008f
:10b31000e48757009059800080004000e0a820009a
:10b320000080400010007800801f7800c0082f00c7
:10b33000801f780080da0700e487570040598000ba
:10b340008000400000a52000008040001000780030
:10b35000801f7800a00a2f00801f780076da07008f
:10b36000e4875700e04180008000400080a1200079
:10b370000080400010007800801f7800800c2f00b3
:10b38000801f78006cda0700e4875700505980006e
:10b3900080004000c0a12000008040001000780024
:10b3a000801f7800600e2f00801f780062da07008f
:10b3b000e4875700605980000000e000060032007a
:10b3c000104280008000400000a220000080400069
:10b3d0001000780005003700104280008000400017
:10b3e00060a320000080400010007800801f7800db
:10b3f000d07c2e00801f78004fda0700e4875700ca
:10b40000a07e2e00801f7800e0a22e00801f780012
:10b4100049da0700e487570087013700dffb0700a0
:10b4200085013700604280000000a2006042880071
:10b43000604280000000e0001500320060428000a1
:10b440008000400040a120000080400010007800f3
:10b45000801f7800108a2e00801f780036da0700df
:10b46000e4875700608b2e00801f780032da0700d7
:10b470008f87e900a07e2e00801f780040102f00eb
:10b48000801f78002cda0700e48757006a01370034
:10b49000a07e2e00801f7800c0102f00801f780033
:10b4a00025da0700e48757006042800080004000f2
:10b4b00040a120000080400010007800801f78002c
:10b4c000108a2e00801f78001bda0700e4875700df
:10b4d00059013700b0842e00801f780020112f0002
:10b4e000801f780014da0700e4875700100020005e
:10b4f000200798002e00900080004000a0af2000a0
:10b500000080400010007800630050000000400000
:10b51000000178002e00900080004000a0af2000c5
:10b5200000804000100078008000e8002e009000ad
:10b530008001400060a320000080410010007800de
:10b54000821f7800811f7800801f780070112f0003
:10b55000801f7800f8d90700e88757002e00900078
:10b560000000e800200798002e009000e90f50002e
:10b57000e0ff34003001370050812e00801f78003a
:10b58000a0822e00801f780000132f00801f7800fb
:10b59000e9d90700e6875700a40507000059800095
:10b5a000018d2f0061407800604798006000b8006e
:10b5b000008fbe000000eb0020079800e000200094
:10b5c0006eea0700cf80de000dd407000001be0048
:10b5d0001e00be003dd40700008fbe002e0090006c
:10b5e0000000e800200798002e009000e90f5000ae
:10b5f000f2ff3400005980000000e0000600320035
:10b60000c2cc2c00333224001e00be0014d507002b
:10b61000008fbe000a00370002002000632b2400c8
:10b620001e00be000ed50700008fbe0002002000e5
:10b63000032024001e00be0024d40700008fbe009b
:10b640006e4090000080fb00ee4090000181fb0006
:10b65000801f78001e00be00809fbe00821f780001
:10b660001e00be00809fbe00206d2e00801f78004f
:10b67000b1d90700ee87570020032000f50407002a
:10b680005d0507000004e000c8ff32006705070001
:10b69000b0872e00801f7800a7d907008f87e900a8
:10b6a000e5003700f0142f00801f7800a2d90700b2
:10b6b0008f87e9007305070040079800510798003d
:10b6c0004e019000de0190003006200001002000b5
:10b6d000800f5100818f5900070034004e01900007
:10b6e000de01900000fa200001002000800f5100d0
:10b6f000818f590005003400008e2e00801f7800d5
:10b700008dd907008f87e900cb0037004e009000ed
:10b71000de00900000004000818048000001be0073
:10b720000000280001072000cfd307006007980021
:10b73000710798004e009000de009000809fbe00d0
:10b74000e0172f00801f78007bd90700e68757009d
:10b7500020192f00801f780077d907008f87e90014
:10b760004805070040079800510798004e019000d7
:10b77000de0190009000200001002000800f5100a9
:10b78000818f5900070034004e019000de019000c7
:10b7900000d0270001002000800f5100818f590048
:10b7a00005003400008e2e00801f780062d907004b
:10b7b0008f87e900a0003700ce0090006e00900057
:10b7c00084040700d0c72e00801f78005ad90700d4
:10b7d0008f87e9009800370040712e00801f7800a5
:10b7e00020112f00801f780053d90700e4875700ed
:10b7f00010c0b300b3f807000000eb00200798006a
:10b800000a050700604798002e009000f00f5000d6
:10b8100002003a0000ccb300aaf807006e40900086
:10b82000ed4f500004003200ae00900000022000f6
:10b83000808f500004003a0010c0b300a1f8070048
:10b840000000eb00200798006e4090000080fb0095
:10b8500001fe2f0080804000e0052000808f500016
:10b860000d003e006e4090000080fb00801f7800bd
:10b87000301b2f00801f78002fd90700e487570066
:10b880006e409000b0f807002e0090000000e80025
:10b8900020079800090037006e4090000080fb00f0
:10b8a000318f2e00811f7800801f7800301c2f0000
:10b8b000801f780020d90700e68757006e4090006f
:10b8c000fb4f5000ceff3a00b0872e00801f78005b
:10b8d00019d907008f87e9005700370070732e00d1
:10b8e000801f780020112f00801f780012d90700d8
:10b8f000e487570010c0b30072f807000000eb00a7
:10b90000200798001e050700604798002e00900051
:10b91000f00f500002003a0000ccb30069f80700b5
:10b92000ae00900000022000808f500004003a001a
:10b9300010c0b30063f807000000eb002007980078
:10b940006e40900080f807006e4090000080fb0081
:10b9500001fe2f0080804000e0052000808f500015
:10b960000b003e002e0090000000e8002007980029
:10b970006e4090000080fb00801f7800801d2f002b
:10b98000801f7800ecd80700e487570006003700d6
:10b99000308f2e00801f7800001e2f00801f78003f
:10b9a000e5d80700e48757006e409000fb4f500039
:10b9b000d4ff3a00b0872e00801f7800ded8070041
:10b9c0008f87e9001c003700100020002007980036
:10b9d0000000eb00000f980050862e00801f7800ba
:10b9e00020112f00801f7800d3d80700e48757006c
:10b9f0000e089000ae0090000001780011000900d0
:10ba00008200d800200798000b0037006e4090009d
:10ba10008080fb006e4090000080fb00811f78005a
:10ba2000801f7800801e2f00801f7800c2d807007a
:10ba3000e6875700770407004f0478000080fa007b
:10ba4000000006000600fa00100798002107980081
:10ba50000000eb00000f7800704680000000e0005e
:10ba600002003200a7030700000f78001e007800d4
:10ba70000000e00004003400015a80001e00900025
:10ba800001007000005a88001e0078000000e000ed
:10ba900004003d00015a80002e00900000806000ec
:10baa000005a88000080fa00000006001000fa002a
:10bab000008fbe00220798003307980044079800c3
:10bac0005507980066079800770798009e00900039
:10bad0002e0090000088b90000017800be009000a0
:10bae0001e0078000088b9000000780000014100c5
:10baf0009e0078002e0090000008b800010141006f
:10bb000082007800008fbe00008fbe001e01be00c4
:10bb10004e009000de009000800f5100818f590090
:10bb2000030036004e019000de019000028fbe003f
:10bb30001e01be006e009000fe009000800f5100bc
:10bb4000818f5900030031006e019000fe019000ca
:10bb5000028fbe002e019000be0190001e00be00ac
:10bb600075d20700000078000080fa00000006008f
:10bb70000000fa00505980008000400040a02000e2
:10bb8000008040001000780062f9070080588000b3
:10bb90008000400060a3200000804000100078007a
:10bba0005cf907000080fa00000006000000fa00bf
:10bbb000c0002000f1e80700a0578800d000200056
:10bbc000eee80700b05788000080fa000000060089
:10bbd0000000fa00889fbe00e32821006267210070
:10bbe00081b3200010002000a7f20700a000200071
:10bbf000e2e80700cf80de0081d207000004be002b
:10bc0000c0598000cf80de007dd207000001be0059
:10bc10000800be0071d40700420020005ff9070051
:10bc2000c0598000801f7800509b2f00801f780033
:10bc3000b0992f00801f7800a0ad200046d80700e3
:10bc4000e68757004f04be000080fa00000006009f
:10bc50000000fa0090002000c8e807007057880034
:10bc6000c35d200002fa200061b320001000200014
:10bc700085f20700beff070036ec0700b0598000d0
:10bc8000801f7800509b2f00801f7800b0992f00f4
:10bc9000801f7800a0ad20002fd80700e68757004e
:10bca0000080fa00000006000000fa00bfff070055
:10bcb000e32e2000c25d2000a1b320001000200070
:10bcc00071f20700aaff07006dec0700d059800051
:10bcd000801f7800509b2f00801f7800b0992f00a4
:10bce000801f7800a0ad20001bd80700e687570012
:10bcf0000080fa00000006000000fa00abff070019
:10bd00008001eb0062092000e1b420001000200057
:10bd10005df2070096ff070059ec0700705a80009b
:10bd2000801f7800c09b2f00801f7800b0992f00e3
:10bd3000801f7800a0ad200007d80700e6875700d5
:10bd40000080fa00000006000000fa008001eb000d
:10bd500042062000c1b32000100020004af2070074
:10bd6000e05980000000e00008003200e059800047
:10bd7000801f7800d0a62f00801f7800a0ad200083
:10bd8000f5d70700e487570007003700a050800070
:10bd9000801f780080a72f00801f7800a0ad2000b2
:10bda000edd70700e48757000080fa000000060086
:10bdb0000200fa00e0b32000104078000080fb0091
:10bdc000000f780013002000020120008e00780090
:10bdd000100020002cf207001e0078008040780040
:10bde000e0b3200001487800e0b320001040780064
:10bdf0008080fb00e0b32000104078000004a20027
:10be00000080fb000000e9004f00de000001400060
:10be100000bb20000000410010007800811f780066
:10be2000801f780020a82f00801f7800a0ad200080
:10be3000c9d70700e68757000080fa000000060017
:10be40000000fa0071032000f0002000fdfe070052
:10be5000005a8000680060000000e000020032002c
:10be6000b050800001003700a0508000801f780093
:10be700040982f00801f7800a0ad2000b6d70700a3
:10be8000e48757000080fa00000006000000fa0076
:10be9000889fbe00704680000000e0000400320071
:10bea000185a80009702070000004400105a8800ca
:10beb000c0598000cf80de00125a80006114b900a2
:10bec00006f82900570d2000041c2e00450e200006
:10bed0000001be000800be00f4fe0700105a8800f2
:10bee000105a8000cf80de00c5d107000004be00dc
:10bef000c0598000cf80de00c1d107000001be0024
:10bf00000800be00b5d3070002402200439724007a
:10bf1000d3d20700809fbe00e0982f00801f7800da
:10bf2000a0ad20008cd70700e68757004f04be0065
:10bf30000080fa00000006000000fa00f100200076
:10bf400070032000bffe0700015a8000000220009d
:10bf5000008060000000e00002003200b05080006d
:10bf600001003700a0508000801f780040982f000b
:10bf7000801f7800a0ad200077d70700e487570026
:10bf80000080fa00000006000000fa00889fbe0052
:10bf9000704680000000e00004003200285a800053
:10bfa0005802070000004400205a8800c059800051
:10bfb000cf80de00225a80006114b900067a230087
:10bfc000070a2000049e2700f50a20000001be0099
:10bfd0000800be00b5fe0700205a8800205a8000e5
:10bfe000cf80de0086d107000004be00c05980006b
:10bff000cf80de0082d107000001be000800be0035
:10c0000076d30700024022004397240094d2070011
:10c01000809fbe00e0982f00801f7800a0ad200018
:10c020004dd70700e68757004f04be000080fa0096
:10c03000000006000800fa00889fbe00215a800018
:10c0400010478000808f500008003200315a800075
:10c05000225a8000104780000000510000804000fc
:10c06000305a8800205a800010478800205a8000eb
:10c070006101b900c0598000cf80de00009ab9008c
:10c0800004027800028bb9008602780005024200a3
:10c090000010b80001024200840078000250230022
:10c0a000c3002000021f400003974800001a25002b
:10c0b00051ff2f003e014000ae8148000200be004b
:10c0c0002007980031079800704680000000e000cb
:10c0d00004003200385a80000a02070000004400c1
:10c0e000305a88002e029000be0290001e01be0051
:10c0f000c0598000cf80de00365a80006134b9001c
:10c100000403be000202be000001be000800be0023
:10c1100066fe0700305a8800305a8000cf80de006b
:10c1200037d107000004be00c0598000cf80de0078
:10c1300033d107000001be000800be0027d307006e
:10c14000024022004397240045d20700809fbe0092
:10c15000e0982f00801f7800a0ad2000fed60700d9
:10c16000e68757004f04be000080fa00000006007a
:10c170000000fa00881f7800704680000000e00090
:10c1800004003200485a8000de010700000044002d
:10c19000405a8800405a8000cf80de00860220008e
:10c1a00007002000040a20000500200012002000e3
:10c1b000030020003dfe0700405a8800405a8000de
:10c1c000801f780010a92f00801f7800a0ad2000ec
:10c1d000e1d60700e48757004f0478000080fa009a
:10c1e000000006000000fa00889fbe00b3ea0700c6
:10c1f000809fbe00609a2f00801f7800a0ad2000b5
:10c20000d5d60700e6875700a0ad2000c1f707008c
:10c21000704680000000e00008003200585a80009c
:10c22000695a8000b7010700cf80de000800400097
:10c2300089804800505a8800615a8800525a80000c
:10c24000635a800090392400f1002000800f5100d3
:10c25000818f59000400340090392400f10020003f
:10c26000505a8800615a8800525a8000635a8000f0
:10c27000800c2400f1002000800f5100818f5900b4
:10c2800004003c00900c2400f1002000505a88006b
:10c29000615a8800505a8000615a8000809fbe0019
:10c2a00000aa2f00801f7800a0ad2000aad60700aa
:10c2b000e68757004f04be000080fa000000060029
:10c2c0000200fa00f0b32000104078000080fb006c
:10c2d000000f78000e00780004f107001e007800bf
:10c2e00080407800f0b32000014878001e007800fc
:10c2f0008000400040a12000008040001000780035
:10c30000801f7800c0aa2f00801f7800a0ad2000f9
:10c3100091d60700e48757000080fa00000006006d
:10c320000000fa00004780008000400040b9200073
:10c330000080400010007800800078000008200095
:10c3400081f70700004780008000400040bb2000cc
:10c35000008040001000780000000100a1ad200026
:10c36000000c200078f7070000478000e90f50001c
:10c3700002003200205a8000104788000080fa0036
:10c38000000006000200fa00000f7800004780005d
:10c390001e00400000478800005a800068006000ce
:10c3a0000000e00006003a0000478000e70f500060
:10c3b00003003a00004780001e004000004788004c
:10c3c000015a800000022000008060000000e000b0
:10c3d0000c003a0000478000e90f500003003200d3
:10c3e00000478000ea0f500006003a001e00780067
:10c3f000000040008000780000478000008040007e
:10c400000047880000478000ed0f50000100340015
:10c41000e028ef00004780000000e00002003d003f
:10c42000d00020000047880000478000e50f500042
:10c4300002003a00a028200001003700400620003a
:10c440005046880000478000c8e807000080fa00d6
:10c45000000006001a00fa00400f98000000eb00f0
:10c46000000f78000000eb00905988001e00780053
:10c4700080004000a0af20000080400090007800c5
:10c480001e00780000004000000047000080e80027
:10c49000010878001e00780080004000a0af200056
:10c4a000008040008000eb00010878001e0fe800cb
:10c4b0001e007800ea0f5000ecff34009628ef00d1
:10c4c000401680004300de00614060000080fb00f9
:10c4d0000042880058ef070051ed0700f04180004e
:10c4e0000000e000040032004a28ef0051428000c2
:10c4f000410f98004600370050598000e10f50006e
:10c5000002003a0058ee070005003700805880000e
:10c51000e90f50000200320090002000805888008f
:10c52000c6ee0700004280000000e0000d0032006f
:10c5300080588000ea0f50000a0032000047800057
:10c54000e10f50000300320000478000e20f50006e
:10c5500004003a0010002000e0418800ca82a800d0
:10c5600002003700ca82a9003c28ef00dfef070075
:10c570000f003700ce28ef00a01680006100600099
:10c580000000e000020032000080eb0001003700f4
:10c59000100020007bff070061ff0700a02820009b
:10c5a0002c0107009428ef0010002000704688003e
:10c5b0001116800000002200008060000000e000f2
:10c5c000ecff3200a0168000610060000000e00077
:10c5d000e8ff3a0052ff070070168000700060000c
:10c5e0000000e0000a003a00e05980008000780076
:10c5f000a07f2100f7000700110020000000eb00e1
:10c6000051ed0700e028ef000000eb00400f98001c
:10c610004e0890000000e000a8ff3a000000eb0088
:10c62000000f78001e007800000040000000470066
:10c63000900090001e00780000014000a0af200094
:10c6400000004100010878001e0fe8001e0078007d
:10c65000ea0f5000f3ff34003c28ef000080fa009e
:10c66000000006000400fa00889fbe00f058800019
:10c6700010079800e0b32000104078000080fb0015
:10c68000000f78001e0078000000e0000300340076
:10c690001e007800f00f500002003400100020004f
:10c6a000000f78001e0078004200dd00000f7800c7
:10c6b0001e007800e70f500002003c0080002000c0
:10c6c000000f780050168000700060000000e0004d
:10c6d00003003a0040012000304588000600370082
:10c6e000304580000000e00003003200304580004b
:10c6f0000000e90030458800304580000000e0007f
:10c70000080032009e28ef00a028ef00f0448000cf
:10c7100001458000d0448800e1448800a228ef0051
:10c720001500370011648000705a800000804000be
:10c730006101b800d0448000e14480000200400064
:10c7400083804800d0448800e14488000064800071
:10c750006101b800f0448000014580000200400003
:10c7600083804800f044880001458800104580001f
:10c770000000e80010458800104580009e0f500022
:10c780003a003500e04180000000e0003000320057
:10c7900010458000cf80de00c21220000289b9005f
:10c7a000020178006002b9008401780003014100b1
:10c7b000c31220000300b80001014100820078008c
:10c7c000d2448000e3448000820f5000838f5800e1
:10c7d0001f003e001e0090004006b0006101b8003e
:10c7e000f044800001458000009ab90004027800fe
:10c7f000028bb90086027800050242000011b800e1
:10c8000003024200840178001e0090004006b1003f
:10c810006102b800d0448000e144800000abb90060
:10c8200006037800048cb9008803780007034300ee
:10c830000020b8000103430086007800800f5100fb
:10c84000818f59000200360010002000c04488008b
:10c850009e28ef00a028ef00f044800001458000f2
:10c86000d0448800e1448800a228ef0040168000f0
:10c87000680060000000e00002003200a428ef0021
:10c880000600370020458000e10f500003003c0007
:10c89000204580000000e80020458800b144800069
:10c8a000f07c2000808f500003003e00b0448000e8
:10c8b0000000e800b044880020458000e10f5000ef
:10c8c0000c003c00c04480000000e00009003a0079
:10c8d000f1418000f0022000008060000000e000d4
:10c8e00004003a00b1448000f07c2000808f5000aa
:10c8f00001003600ca82a9004f04be000080fa0081
:10c90000000006000200fa00a1448000010f780038
:10c910009428ef001e0078000080fa000000060056
:10c920000000fa0040012000d043880040062000ab
:10c93000e04388009021ef009621ef00c012200014
:10c94000600c8800c0122000700c8800e0002000fd
:10c95000800c8800007d2000900c8800007d200065
:10c96000a00c8800e0002000b00c880020cd210041
:10c970007008880013e1a8008ce0a8008c60a90072
:10c9800020002000200888007028ef000080fa00b6
:10c99000000006000200fa00000f780030002000be
:10c9a000104488001e00e9006008880060088000cc
:10c9b0000000d10030088800d622a900d222a900a8
:10c9c00011e1a80084c0a9008cc0a8000080fa0072
:10c9d000000006000400fa00000f7800110798001c
:10c9e000004480000000e00007003a001e009000b4
:10c9f0000000e000040034001e009000f0438800b6
:10ca00001e007800e3ff07000080fa000000060027
:10ca10000200fa00000f78001821ef001e007800d5
:10ca20004300dd00e008880086c0a90021e1a800dd
:10ca3000000000003104800000042000008060003d
:10ca40000000e000fbff320021e1a9000080fa00b5
:10ca5000000006000200fa00000f78000200370014
:10ca6000803e2000eaff07001e00780000f0a700cb
:10ca70000000ea000000ea004f00de0000407800fd
:10ca80001e0fe9000004e000f5ff3a000080fa0004
:10ca9000000006000000fa00ca82a900e842a800cf
:10caa000e862a8000080fa00000006000200fa0018
:10cab000000f780010c0b30002f407001e007800d9
:10cac000e20f500012003200e20f500005003c005f
:10cad0000000e00008003200e10f500009003200c1
:10cae00014003700e30f50000c003200e40f500038
:10caf0000d0032000f00370020b32f0085f507002e
:10cb00001100370030b42f0082f507000e00370007
:10cb100040b52f007ff507000b00370050b62f00ff
:10cb20007cf507000800370060b72f0079f5070093
:10cb30000500370070b82f0076f5070000000000f0
:10cb40000100370000000000a016800061006000b6
:10cb50000000e000fbff3200cfa2a900faff37007f
:10cb60000000fa0070e98700a01088000c22ef0096
:10cb70000e22ef008520a9008d20a8000de2a8005c
:10cb80000f42a8000080fa00000006000200fa0030
:10cb9000000f78001e007800e70f500002003400fc
:10cba00070002000000f78001e0078008000400018
:10cbb00080d22f000080400010007800a010880074
:10cbc0000080fa00000006000200fa00004f780022
:10cbd0000000000071108000002020000080600034
:10cbe0000000e000fbff3a001e80fb008010880080
:10cbf0000080fa00000006000000fa00e4c8bf0050
:10cc000080c0ea00e6c8bf0000c040000080fa0013
:10cc1000000006000000fa00e468ef0010c0b30056
:10cc2000e6e8b7000080fa00000006000000fa0005
:10cc300000000000f0ff07000004e000fdff3200ec
:10cc4000e4c8bf000040e800e4e8b700e4c8bf0063
:10cc50000080fb00a18e2000614078000080fa0077
:10cc6000000006000200fa00f0ff0700004f780005
:10cc70001e407800d4ff07001e4078000080fa00b4
:10cc8000000006000600fa006000b800008fbe0039
:10cc90000040eb0040479800e4ff07000074a1004b
:10cca000404798004e4090000080fb000003b10018
:10ccb000e90f500014003e004e409000c2ff0700f4
:10ccc0001e0090006a00b900000178001e00780084
:10ccd0006000b90000007800000141009e0078006b
:10cce000a00020000008b800010141008200780087
:10ccf0004e4190000281fb000203b100cf91de00a3
:10cd0000021f4000039748004e409000ed4f500036
:10cd1000e1ff3a001e00be000080fa00000006009d
:10cd20000200fa00c1ff0700004f78001e80fb00e0
:10cd3000f4d307000000e000faff32001e80fb0081
:10cd400012d40700004f78001e4078009eff0700b5
:10cd500090c3b3009e40780080cf500002003e0098
:10cd600000c3b3000100370070c3b3009e407800d9
:10cd700000cf50001e4078000080fa00000006003e
:10cd80000200fa00e6ff07004400dd00004f7800d3
:10cd9000e3ff07001e4f40001e4078000080fa00ad
:04cda0000000060089
:020000040000fa
:1000080066830000cc81000010820000128300008b
:100018004483000066830000668300006683000056
:100028006683000066830000668300006683000024
:100038006683000066830000407d0000d87d0000d4
:100048006683000054840000668300006683000015
:1000580066830000668300006683000066830000f4
:1000680066830000668300006683000066830000e4
:1000780066830000668300006683000066830000d4
:1000880066830000668300006683000066830000c4
:1000980066830000668300006683000066830000b4
:1000a80066830000668300006683000066830000a4
:1000b8006683000066830000668300006683000094
:1000c8006683000066830000668300006683000084
:1000d8006683000066830000668300006683000074
:1000e8006683000066830000668300006683000064
:0800f80066830000668300002e
:020000040000fa
:1001080066830000cc81000010820000128300008a
:100118004483000066830000668300006683000055
:100128006683000066830000668300006683000023
:100138006683000066830000407d0000d87d0000d3
:100148006683000054840000668300006683000014
:1001580066830000668300006683000066830000f3
:1001680066830000668300006683000066830000e3
:1001780066830000668300006683000066830000d3
:1001880066830000668300006683000066830000c3
:1001980066830000668300006683000066830000b3
:1001a80066830000668300006683000066830000a3
:1001b8006683000066830000668300006683000093
:1001c8006683000066830000668300006683000083
:1001d8006683000066830000668300006683000073
:1001e8006683000066830000668300006683000063
:0801f80066830000668300002d
:020000040000fa
:0200000401f009
:04000800ffff0000f6
:020000040000fa
:0200000401f009
:04000400ff7f00007a
:020000040000fa
:0200000401f009
:04000000e5ff000018
:020000040000fa
:10cda400536500006e7300006f7200003a250000a6
:10cdb400352e000031660000256300002044000089
:10cdc40069730000706c0000617900006564000004
:10cdd4003a250000342e0000306600002563000070
:10cde4000a0d0000004c00004344000020420000f3
:10cdf400617200002047000072610000706800004a
:10ce040020260000204300006861000072610000d9
:10ce14006374000065720000205400006573000014
:10ce2400740000005772000069740000652000005f
:10ce3400415300004349000049200000746f000082
:10ce4400204c0000434400002c2000004553000007
:10ce540043200000746f0000206500007869000022
:10ce6400742e00000a0d00000057000072690000d3
:10ce7400746500002048000045580000207400003c
:10ce84006f2000004c430000442c000020310000bf
:10ce940042200000746f00002065000078690000e3
:10cea400742e00000a0d00000048000069670000ad
:10ceb400682d0000566f00006c740000616700006c
:10cec400650000004c6f0000772d0000566f0000d5
:10ced4006c740000616700006500000020280000f9
:10cee40050720000652d00004c6900006d6900005f
:10cef4007429000000200000616c000061720000d1
:10cf04006d20000069730000206400006973000054
:10cf1400616200006c650000642e00000a0d0000d0
:10cf240000250000372e0000336600002025000095
:10cf340073000000253500002e310000662000003b
:10cf4400576100007474000073200000282500005d
:10cf54007329000000250000352e00003066000013
:10cf64002000000025730000252d0000642500002a
:10cf7400630a00000d000000253400006920000051
:10cf84003d200000253500002e32000066560000ca
:10cf94000a0d0000004c00006173000074200000c2
:10cfa400566100006c6900006420000042610000ca
:10cfb4006e64000020530000656c0000656300008f
:10cfc400742000003a250000730a00000d000000e0
:10cfd4002d2d00002d2d00002d2d00002d2d0000e5
:10cfe4002d2d00002d2d00002d2d00002d2d0000d5
:10cff4002d2d00002d2d00002d2d00002d2d0000c5
:10d004002d2d00002d2d00002d2d00002d2d0000b4
:10d014002d2d00002d2d00002d2d00002d2d0000a4
:10d024000a0d0000002c0000206100006e79000051
:10d03400206b00006579000020650000786900001d
:10d04400747300002e2e00002e0a00000d00000054
:10d05400546500006d70000065720000617400008a
:10d064007572000065200000536500006e730000b7
:10d074006f72000020430000616c000069620000d0
:10d0840072610000746900006f6e00000a0d0000f8
:10d09400004900006e70000075740000204100001b
:10d0a40074740000656e000075610000746f000008
:10d0b4007220000053740000617400007573000056
:10d0c4000a0d000000440000697600006964000055
:10d0d400652d0000427900002d5a000065720000a1
:10d0e4006f20000054720000617000000a0d0000ff
:10d0f40000540000657300007420000054650000b3
:10d10400726d0000696e00006174000065640000c7
:10d114000a0d0000004100006c610000726d000007
:10d124002053000079730000746500006d20000036
:10d1340054650000737400000a0d0000000a00002a
:10d144000d4600002d530000656e0000736500005d
:10d154002054000065730000743a0000202500008c
:10d16400730a00000d0000002020000020310000a0
:10d17400363000006d200000383000006d200000c3
:10d18400343000006d200000333000006d200000ba
:10d19400323000006d200000313700006d200000a7
:10d1a400313500006d200000313200006d20000098
:10d1b400313000006d0a00000d0000000a0d00006f
:10d1c400496c00006c650000676100006c20000081
:10d1d400566100006c750000652100000a0d000016
:10d1e400004e00006f6e00002d50000072690000b8
:10d1f4006e740000616200006c6500002043000052
:10d2040068610000726100006374000065720000d0
:10d21400004e00006f7200006d6100006c000000a1
:10d224004c6f00007720000053700000656500001b
:10d23400642000004f4e0000004d000065640000b3
:10d24400697500006d2000005370000065650000e2
:10d25400642000004f4e0000004800006967000091
:10d264006820000053700000656500006420000021
:10d274004f4e0000004f0000757400002d4f000059
:10d28400662d0000426100006e6400002100000071
:10d29400312e0000384d0000487a00002f31000084
:10d2a400363000006d000000332e0000354d0000c4
:10d2b400487a00002f380000306d0000003700006d
:10d2c4002e3000004d4800007a2f0000343000005a
:10d2d4006d000000313000004d4800007a2f00003e
:10d2e400333000006d000000313400004d48000070
:10d2f4007a2f0000323000006d0000003138000049
:10d304004d4800007a2f0000313700006d00000006
:10d31400323100004d4800007a2f00003135000002
:10d324006d000000323400004d4800007a2f0000e8
:10d33400313200006d000000323800004d4800001a
:10d344007a2f0000313000006d000000556e00009f
:10d354006b6e00006f7700006e20000042610000d9
:10d364006e640000210000004441000054410000ac
:10d374000041000044440000520000000a0d000077
:10d38400447500006d700000204500004550000009
:10d39400524f00004d200000636f00006e740000c7
:10d3a400656e0000747300000a0d0000253400004f
:10d3b4007325000032330000730a00000d250000bd
:10d3c4002e32000033730000252e0000323200009c
:10d3d400730000000a0d0000253400002e34000004
:10d3e400583a000000250000352e00003458000093
:10d3f400000a00000d2500002e32000033730000e7
:10d40400252e000032320000730a00000d000000d7
:10d41400416d000070730000005600006f6c000046
:10d42400747300000025000033690000202d000003
:10d43400202500007300000052650000766500009e
:10d444007273000065000000466f000072770000f0
:10d4540061720000640000002573000000300000c9
:10d46400202d0000204100006c6c000020410000d1
:10d474006c610000726d0000732000004f660000b4
:10d48400660a00000d000000312000002d2000007d
:10d494004f760000657200002d4300007572000095
:10d4a400726500006e7400000a0d00000032000076
:10d4b400202d00002048000069670000682000005b
:10d4c40053570000520a00000d00000033200000f2
:10d4d4002d2000004f760000657200002d540000de
:10d4e400656d0000706500007261000074750000d5
:10d4f400726500000a0d000000340000202d0000b9
:10d5040020250000730a00000d00000034200000f4
:10d514002d20000025730000257300000035000055
:10d52400202d00002025000073250000730a000050
:10d534000d000000352000002d20000025730000a0
:10d54400257300002573000000360000202d000024
:10d5540020250000732000004c6900006d69000064
:10d56400740a00000d000000362000002d20000089
:10d57400257300002573000000370000202d0000f3
:10d58400204100006c6c0000204100006c61000030
:10d59400726d0000732000004f6e00000a0d000041
:10d5a400000a00000d2500002e3200003073000038
:10d5b4005b4300004f4d00004d4100004e4400000d
:10d5c40020540000414200004c4500005d2500004d
:10d5d4002e320000307300000a0d000000480000e5
:10d5e4002f3f000020480000656c00007020000000
:10d5f4002d200000285400006869000073200000fa
:10d604005363000072650000656e0000290a000083
:10d614000d000000412000002020000041440000d3
:10d624004320000043680000616e00006e65000046
:10d634006c200000447500006d7000000a0d0000ad
:10d64400004200002020000020250000730000009c
:10d654004320000020200000257300000a0d000074
:10d664000044000020200000204300006c650000fe
:10d67400617200002046000061630000746f0000c6
:10d6840072790000204400006566000061750000a6
:10d694006c74000020520000657300006574000083
:10d6a400204300006f7500006e7400006572000076
:10d6b4000a0d000000450000202000002044000066
:10d6c400756d000070200000537900007374000031
:10d6d400656d0000202600002055000073650000e1
:10d6e400722000005365000074740000696e00002d
:10d6f400677300000a0d00000046000020200000af
:10d7040020440000756d00007020000045450000b5
:10d71400505200004f4d0000206300006f6e000067
:10d72400746500006e740000730a00000d000000b0
:10d734004720000020200000546f000067670000ad
:10d744006c650000204600007265000071750000e1
:10d75400656e00006379000020530000656e0000d0
:10d7640073650000205400006573000074200000fd
:10d774004f6e00002f4f0000666600000a0d000087
:10d784000049000020200000202500007300000054
:10d794004a2000002020000025730000004b0000f8
:10d7a4002020000020420000757a00007a65000005
:10d7b40072200000536f0000756e000064200000aa
:10d7c40054650000737400000a0d0000004c000052
:10d7d4002020000020250000730000004d200000e0
:10d7e4002020000025730000005a000020200000c3
:10d7f40020250000732500002e3100003573000041
:10d80400257300000044000049530000504c000000
:10d8140041590000004900004e50000055540000da
:10d8240000560000414c0000554500000043000034
:10d83400484100004e4e0000454c0000000a000024
:10d844000d25000037730000253600007325000005
:10d854003873000025310000357300000a0d000004
:10d86400252e000032320000732500002e32000005
:10d8740032730000000a00000d4100004443000020
:10d8840025330000693a00002536000069250000b0
:10d89400372e00003366000056200000000a000006
:10d8a4000d2500002e3400007325000073000000d5
:10d8b4000a0d000025730000456e00007465000029
:10d8c40072200000302c0000312c0000322c0000ab
:10d8d400332c0000342c0000352c000036200000ce
:10d8e4006f72000020370000202e00002e2e000052
:10d8f4000a0d0000000a00000d000000257300005e
:10d9040025730000536500006c650000637400001b
:10d9140020530000636100006c6500003a200000a1
:10d92400302c0000312c0000323a000020000000ae
:10d9340025640000202d000020250000730a00004b
:10d944000d000000203d0000253300002e320000b1
:10d95400585d0000000a00000d450000455000001d
:10d96400524f00004d200000526500007365000016
:10d9740074200000436f0000756e000074650000a1
:10d9840072200000636c0000656100007265000095
:10d99400642e0000003400002d4400004c340000cc
:10d9a4004a43000000760000342e000030310000ad
:10d9b400610000002000000053590000535400008f
:10d9c400454d000020430000414c00004942000046
:10d9d40052410000544900004f4e00002053000003
:10d9e40045540000544900004e4700005300000015
:10d9f4000a0d000025330000337300000a0d0000f7
:10da04002537000073460000697200006d7700003e
:10da140061720000653a00002025000073200000b8
:10da240042750000696c0000643a00002025000083
:10da3400730a00000d25000033330000730000005a
:10da440042610000747400006572000079200000d7
:10da5400566f00006c7400006167000065200000d0
:10da640046610000637400006f720000203a0000f9
:10da7400202500002d340000640a00000d00000081
:10da840050410000204300007572000072650000e0
:10da94006e7400002046000061630000746f000093
:10daa400722000002020000020200000203a000006
:10dab400202500002d340000640a00000d00000041
:10dac40052460000205000006f770000657200008d
:10dad400204d0000657400006572000020460000bf
:10dae40061630000746f000072200000203a00009f
:10daf400202500002d340000640a00000d00000001
:10db040052460000205000006f770000657200004c
:10db1400204d00006574000065720000204f000075
:10db2400666600007365000074200000203a00005f
:10db3400202500002d340000640a00000d000000c0
:10db44004265000065700000204c0000656e000016
:10db54006774000068200000546900006d650000cf
:10db6400202000002020000020200000203a000097
:10db740020000000252d0000642000006d530000eb
:10db84000a0d0000004f0000464600000a0d000088
:10db94000050000057520000204d00006561000055
:10dba40073750000726500006d6500006e740000fe
:10dbb40020530000616d0000706c0000657300006c
:10dbc4003a20000000310000202800004f660000c9
:10dbd400662900000a0d000000250000640a000008
:10dbe4000d0000004f760000657200002d56000005
:10dbf4006f6c000074610000676500002054000031
:10dc04007269000070200000202000002020000025
:10dc1400203a000020000000257300000a0d0000d7
:10dc2400005500006e640000657200002d5600006f
:10dc34006f6c0000746100006765000020540000f0
:10dc440072690000702000002020000020200000e5
:10dc54003a20000000500000726500002d4c0000c6
:10dc6400696d0000697400002054000072690000ae
:10dc74007020000020200000202000002020000050
:10dc8400202000003a200000005000006f770000c0
:10dc940065720000204d000065740000657200008c
:10dca40020460000756c00006c2d000053630000da
:10dcb400616c0000652000003a200000252d000062
:10dcc400645700000a0d0000004600007265000061
:10dcd400712000004d650000746500007220000092
:10dce400436100006c69000062720000617400000e
:10dcf400696f00006e2000003a200000252d00000e
:10dd0400376c0000640a00000d000000537000002e
:10dd14006c6100007368000020530000637200000f
:10dd2400656500006e200000446900007370000007
:10dd34006c61000079200000203a000020250000da
:10dd4400730a00000d000000555300004552000006
:10dd5400204300004f4e0000464900004755000094
:10dd640052410000544900004f4e0000205300006f
:10dd740045540000544900004e4700005300000081
:10dd84000a0d000025330000337300000a0d000063
:10dd940025730000004600007265000071750000e4
:10dda400656e00006379000020530000656e00007a
:10ddb40073650000204d00006f64000065200000c2
:10ddc400202000003a200000257300000a0d000006
:10ddd4000053000065720000696100006c200000bf
:10dde4004c6900006e6b0000205000006f6c000056
:10ddf4006c6900006e6700002020000020200000f5
:10de04003a200000002500002d640000205300008b
:10de1400656300006f6e000064730000004f000033
:10de240066660000000a00000d520000532d000039
:10de34003233000032200000506f00007274000082
:10de4400204d00006f6400006520000020200000c9
:10de540020200000202000003a200000546500002b
:10de640073740000204d00006f640000650a000018
:10de74000d000000525300002d3200003332000028
:10de8400205000006f7200007420000053700000e6
:10de940065650000642000002020000020200000b0
:10dea400203a0000202500002d64000030300000de
:10deb4002042000061750000640a00000d000000ab
:10dec4004c4300004420000042610000636b0000ea
:10ded4006c69000067680000746900006e670000e8
:10dee400202000002020000020200000203a000014
:10def400202500002d340000640a00000d000000fd
:10df04004c43000044200000436f00006e74000086
:10df140072610000737400002020000020200000c3
:10df2400202000002020000020200000203a0000d3
:10df3400202500002d340000640a00000d000000bc
:10df44005357000052200000547200006970000012
:10df5400204c0000696d000069740000202000005e
:10df6400202000002020000020200000203a000093
:10df7400202500002e320000660a00000d0000007b
:10df8400466100006e2000005370000065650000cb
:10df940064200000436f00006e740000726f000084
:10dfa4006c2000002020000020200000203a000007
:10dfb40020250000730a00000d00000054650000d5
:10dfc4006d700000657200006174000075720000dd
:10dfd40065200000556e0000697400007320000085
:10dfe4002020000020200000203a0000202500000e
:10dff400730a00000d000000546500006d700000fd
:10e0040065720000617400007572000065200000f4
:10e01400416c0000617200006d2000004c6900003a
:10e024006d690000743a00002000000046610000a1
:10e034006e20000053740000617200007420000020
:10e04400546500006d70000065720000617400008a
:10e054007572000065200000203a000020000000d6
:10e06400426100006e6400002044000069730000f7
:10e07400706c000061790000205500006e6900009a
:10e08400747300002020000020200000203a0000cb
:10e0940020250000730a00000d00000047720000f4
:10e0a4006170000068690000632000004c69000092
:10e0b4006d6900007473000020440000697300005f
:10e0c400706c000061790000203a000020250000f7
:10e0d400730a00000d000000477200006170000028
:10e0e4006869000063200000446900007370000048
:10e0f4006c61000079200000547900007065000014
:10e1040020200000203a000020250000730a0000af
:10e114000d000000506f00007765000072200000c1
:10e124004d65000074650000722000005479000001
:10e134007065000020200000202000002020000046
:10e14400203a000020250000730a00000d000000a2
:10e154005374000061720000742d000055700000bb
:10e1640020500000616700006520000020200000ae
:10e17400202000002020000020200000203a000081
:10e1840020250000730a00000d0000004375000004
:10e1940072720000656e000074200000416d000082
:10e1a400706c000069660000696500007220000060
:10e1b4005374000061740000653a000020250000db
:10e1c400730a00000d000000426100006e6400004c
:10e1d40020530000656c000065630000742000009b
:10e1e4004d6f000064650000202000002020000026
:10e1f40020200000203a000020250000730a0000bf
:10e204000d000000252e000033390000730a0000c1
:10e214000d000000252e00003339000073000000bb
:10e224000a0d00002573000000420000616e00002a
:10e23400643a0000202500007320000047250000f8
:10e24400316900003a2000003d2000002532000022
:10e2540069640000420a00000d0000000a0d00007d
:10e2640025730000507200006573000073200000e5
:10e27400616e0000792000006b65000079200000c9
:10e28400746f000020730000746100007274000059
:10e29400257300000a0d0000000a00000d53000061
:10e2a4006f7500006e640000205400006573000068
:10e2b400740a00000d4500006e74000065720000d1
:10e2c400204600007265000071750000656e000054
:10e2d4006379000020280000313000003020000065
:10e2e4002d2000003430000030300000487a000057
:10e2f400293a0000200000000a0d000044610000db
:10e304007461000020560000616c00007565000017
:10e314003a200000256c0000690a00000d0000008e
:10e32400456e0000746500007220000064750000f2
:10e3340072610000746900006f6e00002028000004
:10e3440031300000202d000020330000322c00006a
:10e3540030300000306d0000532900003a200000e6
:10e364000043000068610000722000003d200000ae
:10e3740030780000252e0000325800000a0d0000fd
:10e384000043000068610000722000003d2000008e
:10e3940030780000252e000032580000202d0000a7
:10e3a40020250000730a00000d000000203d00003d
:10e3b40020250000630a00000d000000203d00003d
:10e3c40020250000730a00000d0000000a0d000063
:10e3d400496e0000766100006c6900006420000052
:10e3e400436f00006d6d0000616e0000643a000030
:10e3f4002025000063200000566100006c750000b9
:10e40400653a000020250000640a00000d000000a9
:10e414000c00000018000000300000006000000044
:10e42400c0000000800100004002000080040000e1
:10e434004e6f0000726d0000616c0000004c000023
:10e444006f770000004d00006564000069750000ee
:10e454006d00000048690000676800000046000085
:10e4640061680000726500006e6800006569000064
:10e4740074000000436500006c73000069750000bf
:10e4840073000000596100006573000075200000ee
:10e4940043410000540000004b580000322f00009c
:10e4a4004b580000330000004a7500006d61000005
:10e4b4002d5400005258000032000000462d000088
:10e4c400536500006e7300006500000046540000b0
:10e4d40038310000372f00003831000038000000c8
:10e4e4004d6100006e750000616c00000058000072
:10e4f4006965000067750000002000004d200000e1
:10e50400002000004120000000470000310000000e
:10e514004732000000470000330000004734000089
:10e52400004d0000487a0000004d000065740000b2
:10e5340072650000730000004f6600006600000072
:10e544004f6e000000530000746100006e64000010
:10e5540062790000004f00007065000072610000e5
:10e564007465000000410000757400006f00000035
:10e57400202000003f210000202000000020000097
:10e5840020310000363000006d0000002020000023
:10e5940020380000306d0000002000002020000022
:10e5a400343000006d000000202000002033000003
:10e5b400306d0000002000002020000032300000f8
:10e5c4006d0000002020000020310000376d0000a5
:10e5d4000020000020200000313500006d00000004
:10e5e4002020000020310000326d000000200000d7
:10e5f40020200000313000006d00000020200000c9
:10e60400203f000020200000003100002e380000d0
:10e614004d4800007a000000332e0000354d000004
:10e62400487a000000200000203700004d48000018
:10e634007a00000020310000304d0000487a0000cc
:10e6440000200000313400004d4800007a00000032
:10e6540020310000384d0000487a000000200000fe
:10e66400323100004d4800007a00000020320000e2
:10e67400344d0000487a00000020000032380000c9
:10e684004d4800007a00000020530000617600002d
:10e69400652000005365000074740000696e00007a
:10e6a400677300003f200000002000005265000056
:10e6b400736500007420000044650000666100007a
:10e6c400756c0000747300003f0000004f2f0000c1
:10e6d40050200000506f00007765000072000000b9
:10e6e4005357000052000000566f00006c74000085
:10e6f400616700006500000043750000727200004d
:10e70400656e000074000000546500006d70000028
:10e7140065720000617400007572000065000000fd
:10e7240041750000746f000020420000616e00001b
:10e7340064200000446500007465000063740000f8
:10e744000053000065720000696100006c20000045
:10e75400537000006565000064000000536500000c
:10e7640072690000616c0000205000006f720000ac
:10e7740074000000506f00006c6c0000696e0000b3
:10e7840067200000496e0000746500007276000086
:10e79400616c0000004c0000434400002044000071
:10e7a40069730000706c0000617900000053000080
:10e7b40057520000205400007269000070000000ed
:10e7c400466100006e200000436f00006e7400007c
:10e7d400726f00006c0000004f760000657200004c
:10e7e400746500006d70000000460000616e00005a
:10e7f40020430000757400002d4900006e200000c5
:10e80400546500006d70000000420000616e00005d
:10e814006420000044690000737000006c61000013
:10e824007900000047720000617000006869000010
:10e83400636100006c2000004c6900006d690000f9
:10e8440074730000004700007261000070680000eb
:10e85400696300002044000069730000706c0000cc
:10e86400617900000052000046200000506f000053
:10e8740077650000722000004d650000746500009b
:10e88400720000005374000061720000742d0000d7
:10e89400557000002044000069730000706c000093
:10e8a4006179000000050000000000000000000085
:10e8b4000300000003460000413b00000005000087
:10e8c4003d3f0000420a00000d000000000000006f
:10e8d4004f72000069670000696e0000616c0000ff
:10e8e400004c0000617200006765000000530000e6
:10e8f4006d6100006c6c000000200000202000000e
:10e90400436100006e630000656c00006c650000ec
:10e9140064210000202000002000000020200000ce
:10e924002020000020530000617600006564000090
:10e9340021200000202000002020000000570000bb
:10e94400617400007473000000640000426d0000f4
:10e95400002000002d2d00002d2e00002d5700005a
:10e96400002d00002d2e00002d640000426d0000db
:10e97400004f00004b00000045720000726f000061
:10e984007221000000520000656d00006f740000e9
:10e994006500000054650000737400000025000049
:10e9a400357300003a25000038690000df250000b7
:10e9b400630000004c6900006d69000074000000f1
:10e9c400537400006172000074000000556e000072
:10e9d40069740000733a00002531000030730000b0
:10e9e40000500000575200003a4e00006f20000013
:10e9f400424100004e4400002b3a000059650000db
:10ea0400730000000a0d000025730000442000007c
:10ea140046690000726d00007761000072650000b5
:10ea24003a200000257300002042000075690000b0
:10ea34006c6400003a2000002573000020440000ac
:10ea440061740000653a000020250000730a00008c
:10ea54000d000000436f000070790000726900002f
:10ea640067680000743a0000204a000075680000de
:10ea7400612000004e690000696e0000696b0000af
:10ea84006f7300006b690000202d0000204f000010
:10ea9400483200004e4c00005420000026200000a4
:10eaa4004d6100007474000069200000486f00008c
:10eab400687400006f6c0000612000002d200000cd
:10eac4004f48000037530000560a00000d000000b4
:10ead400284100006464000069740000696f00004c
:10eae4006e6100006c200000666500006174000027
:10eaf4007572000065730000206100006e64000000
:10eb0400206d00006f640000696600006963000006
:10eb140061740000696f00006e730000202d000016
:10eb24002041000064720000696100006e20000052
:10eb340052790000616e0000202d00002035000095
:10eb44004234000041490000592900000a0d000028
:10eb5400002800004d6f0000646900006669000031
:10eb64006564000020620000756900006c640000a8
:10eb7400202d0000204400004c3400004a430000d3
:10eb8400290a00000d000000526500006d6f0000ae
:10eb940074650000205000006f770000657200006b
:10eba400204f0000666600000020000020200000c6
:10ebb400446100007461000020530000617600008d
:10ebc400656400000025000031300000732500005a
:10ebd400367300000020000053570000522000004c
:10ebe400002000004f2f0000432000000020000000
:10ebf400544500004d50000000200000486900000a
:10ec04002d560000002000004261000074740000d2
:10ec1400002000004c6f00002d5600000052000040
:10ec2400532d000032330000322000004563000001
:10ec3400686f000020540000657300007400000039
:10ec44004177000061690000746900006e6700008c
:10ec54002064000061740000612e00002e2e00006c
:10ec6400000a00000d520000532d00003233000052
:10ec74003220000054650000737400000a0d000087
:10ec840050720000657300007320000050570000ac
:10ec94005220000062750000747400006f6e000062
:10eca400207400006f200000657800006974000083
:10ecb4002e2e00002e0a00000d0000005258000005
:10ecc4002044000061740000613a00002025000027
:10ecd400632000002030000078250000322e000060
:10ece40032580000000a00000d520000532d0000ad
:10ecf4003233000032200000746500007374000099
:10ed040020740000657200006d6900006e610000ef
:10ed140074650000640a00000d0000002532000044
:10ed240069200000200000000a0d000000530000cc
:10ed3400656c000065630000743a0000253900002a
:10ed4400730000004261000075640000205200005e
:10ed540061740000653a0000253400006930000049
:10ed6400300000004d6f0000646500003a2500008b
:10ed74003131000073000000546900006d6500002b
:10ed8400723a000025360000692000005365000037
:10ed940063000000546900006d650000723a0000d1
:10eda400202000004469000073610000626c0000d0
:10edb4006564000000420000616300006b6c0000a9
:10edc40069670000687400003a2500003669000095
:10edd400004300006f6e0000747200006173000055
:10ede400743a000025370000690000004c690000f7
:10edf4006d690000743a0000253800002e310000cf
:10ee0400663a00003100000044690000737000009d
:10ee14006c610000793a000025380000730000009e
:10ee240054790000706500003a250000313100007b
:10ee34007300000050610000676500003a2500007f
:10ee4400313100007300000053570000522d0000c0
:10ee54002d2e00002d0000000a0d00004545000085
:10ee6400505200004f4d0000204300006865000030
:10ee7400636b0000737500006d7300000a0d0000e1
:10ee8400436100006c69000062720000617400005c
:10ee9400696f00006e200000203a00002025000069
:10eea400730a00000d4300006f6e000066690000e5
:10eeb4006775000072610000746900006f6e0000e5
:10eec4003a200000257300000a0d0000526500007e
:10eed4007365000074200000436f0000756e00002d
:10eee40074650000723a000020250000640a0000e6
:10eef4000d0000000a0d00004545000050520000be
:10ef04004f4d00002043000068650000636b000063
:10ef1400737500006d20000045720000726f0000e0
:10ef24007221000020520000652d00006c6f00006b
:10ef340061640000696e0000672000004661000003
:10ef4400637400006f7200007920000044650000c3
:10ef540066610000756c00007473000000200000fe
:10ef640043680000656300006b730000756d00006a
:10ef740020450000727200006f7200002000000043
:10ef84004c6f000061640000696e0000672000009f
:10ef94004465000066610000756c00007473000035
:10efa400004a0000554d000041200000504100007f
:10efb4003130000030000000202000004f480000e5
:10efc400324e00004c540000204f0000483700002f
:10efd4005356000020200000002000004d6f000068
:10efe4006469000066690000656400002042000056
:10eff400756900006c6400002000000020200000ff
:10f0040020200000204400004c3400004a4300004b
:10f01400202000002020000020200000002000000c
:10f0240020430000616c000069620000726100000e
:10f03400746900006f6e000000200000204d000085
:10f044006f64000065250000377300000020000095
:10f0540044490000535000004c4100005920000076
:10f064003d200000506100006765000020000000a2
:10f074004f50000045520000203d00002053000086
:10f0840061760000652f0000457800006974000077
:10f094000053000079730000746500006d200000c7
:10f0a400436c00006f6300006b3a000020250000f1
:10f0b4006c690000206b0000487a00000a0d000013
:10f0c40000200000535400004259000000200000ba
:10f0d4002054000058200000002000004572000069
:10f0e40072200000002000004f5000004552000034
:10f0f400002500002d31000036730000004b000095
:10f1040058330000204d00007367000020540000b5
:10f11400696d0000652d00004f750000740000004b
:10f124005365000074200000746f00003a20000052
:10f1340020200000352000005365000063730000a8
:10f1440000200000202000002020000020550000a6
:10f154007365000072000000204300006f6e000021
:10f164006669000067750000726100007469000040
:10f174006f6e000000200000253600002e330000d2
:10f184006620000020000000202000002020000055
:10f1940020000000534f00004d4100004643000092
:10f1a400dc050000d1070000a10f0000401f000093
:10f1b400e02e0000983a0000384a0000d8590000b8
:10f1c40090650000317500000a000000870000000f
:10f1d40099010000ab020000ba030000cc04000057
:10f1e400df050000ed060000ff0700001209000023
:10f1f400200a00009a990000114100003d0a000015
:10f2040083410000256300003a000000253200001d
:10f21400643a000000250000316400003a00000058
:10f22400253300002e310000663a0000002500005e
:10f23400352e0000326600003a000000253400003c
:10f244002e310000663a000000250000352e000033
:10f25400316600003a00000025330000643a0000e3
:10f2640000250000325800000a0d000000000000d4
:10f274005e0000001b010000d701000093020000a3
:10f28400500300000c040000c904000085050000c0
:10f2940042060000fe060000ba070000000000005d
:10f2a4000100000002000000030000000300000051
:10f2b4000400000005000000060000000700000034
:10f2c40008000000090000000a00000030340000bb
:10f2d4002f4f0000435400002f3200003032000052
:10f2e40036000000342d0000444c0000344a000075
:10f2f40043000000763400002e300000316100002d
:10f304000000000054720000697000003a250000fb
:10f3140031310000730000004c6900006d69000089
:10f32400743a0000253900002e32000066560000b1
:10f3340000430000616c000025370000733a0000b0
:10f344002535000069000000467200006571000068
:10f354003a250000372e000033660000204d0000df
:10f36400487a00000046000061630000746f0000ea
:10f37400720000004f6600006673000065740000b0
:10f384000053000075700000706c0000793a0000b2
:10f3940020200000000000004265000065700000ad
:10f3a400204c0000656e000020300000203d00006d
:10f3b400204f000066660000005000006f770000d8
:10f3c4006572000020410000766500007261000053
:10f3d400676900006e670000200000004f7600009f
:10f3e40065720000766f00006c74000061670000b5
:10f3f400652000002020000020200000004f0000b5
:10f4040076650000727600006f6c00007461000085
:10f41400676500002054000072690000700000005d
:10f424004c6f000077200000566f00006c740000e1
:10f4340061670000652000002020000020200000fb
:10f44400004c00006f770000205600006f6c000035
:10f4540074610000676500002054000072690000b8
:10f464007000000050720000652d00004c6900001f
:10f474006d6900007420000054720000697000007f
:10f484002020000000460000756c00006c2d000078
:10f4940053630000616c000065200000506f0000a1
:10f4a4007765000072000000537000006c6100007a
:10f4b400736800002053000063720000656500005b
:10f4c4006e20000020200000002800004f6600008d
:10f4d400662900000042000065650000703a0000e3
:10f4e40025390000696d00005300000042650000ea
:10f4f400657000003a2500003131000073000000ff
:10f50400536100006d7000006c650000733a0000e8
:10f51400253600007325000032690000004d00000c
:10f5240061780000205000006f77000065720000d1
:10f534003a250000356900005700000046610000cc
:10f54400637400006f7200003a250000396c0000fb
:10f554006400000044690000737000006c610000e6
:10f56400793a000025380000730000000a0d0000fd
:10f574005365000072760000696300006520000096
:10f5840026200000436100006c69000062720000e4
:10f5940061740000696f00006e2000004d6f000070
:10f5a40064650000000a00000d4400004953000097
:10f5b400504c0000415900002f4300004f4e000002
:10f5c40046490000473a000020530000656c0000e3
:10f5d400656300007420000050610000676500004e
:10f5e4000a0d00004f500000455200003a20000070
:10f5f40053610000766500002026000020450000cd
:10f6040078690000740a00000d0000000a0d000073
:10f61400436100006c6900006272000061740000c4
:10f62400696f00006e2000007365000074740000b0
:10f63400696e0000677300002073000061760000ab
:10f6440065640000207400006f2000004545000040
:10f65400505200004f4d00000a0d00000000000051
:10f664004f730000636900006c6c0000617400005b
:10f674006f720000205400007261000070210000cd
:10f684000020000041640000647200006573000003
:10f6940073200000547200006170000021200000fb
:10f6a400200000002020000053740000616300006b
:10f6b4006b200000547200006170000021200000e3
:10f6c4002020000000200000204d00006174000094
:10f6d4006820000045720000726f00007221000073
:10f6e4002020000020000000496e00007465000026
:10f6f40072720000757000007420000045720000f2
:10f70400726f00007221000000200000556e00009e
:10f714006b6e00006f7700006e20000045720000e1
:10f72400726f000072210000200000000a0d00002a
:10f7340054520000415000003a2000004f73000072
:10f74400636900006c6c0000617400006f7200005b
:10f7540020450000727200006f7200000a0d000064
:10f76400004f000053430000434f00004e200000b0
:10f7740030780000255800000a0d0000000a00003f
:10f784000d54000052410000503a00002041000096
:10f79400646400007265000073730000204500007b
:10f7a400727200006f7200000a0d00000057000022
:10f7b4003020000030780000255800000a0d0000b9
:10f7c4000057000031200000307800002558000068
:10f7d4000a0d0000005700003220000030780000bd
:10f7e400255800000a0d00000057000033200000d7
:10f7f40030780000255800000a0d00000057000072
:10f804003420000030780000255800000a0d000064
:10f814000057000035200000307800002558000013
:10f824000a0d000000570000362000003078000068
:10f83400255800000a0d0000005700003720000082
:10f8440030780000255800000a0d00000057000021
:10f854003820000030780000255800000a0d000010
:10f8640000570000392000003078000025580000bf
:10f874000a0d000000570000313000002030000065
:10f8840078250000580a00000d00000057310000e0
:10f894003120000030780000255800000a0d0000d7
:10f8a40000570000313200002030000078250000ad
:10f8b400580a00000d0000005731000033200000fa
:10f8c40030780000255800000a0d000000570000a1
:10f8d400313400002030000078250000580a000070
:10f8e4000d00000057310000352000003078000082
:10f8f400255800000a0d0000000a00000d54000005
:10f9040052410000503a000020530000746100008e
:10f91400636b000020450000727200006f720000eb
:10f924000a0d0000000a00000d54000052410000be
:10f93400503a0000204d000061740000682000006f
:10f9440045720000726f0000720a00000d00000092
:10f954000a0d000054520000415000003a200000fb
:10f964005370000075720000696f00007573000029
:10f97400204900006e74000065720000727500007a
:10f984007074000020450000727200006f72000065
:10f994000a0d00000000000038380000380c000098
:10f9a40001060000253500002e30000066df00004f
:10f9b40046000000253500002e30000066df000000
:10f9c40043000000253600002e3100006657000079
:10f9d4000053000057520000253400002e3100006f
:10f9e40066000000253600002e3200006656000036
:10f9f40000250000362e00003166000041000000a2
:10fa0400253400002e31000066640000426d0000c1
:10fa14000000000000000000803f00000000000023
:10fa2400803f000020bc0000be4c0000000000002d
:10fa3400c842000000240000744900000050000087
:10fa440043480000cdcc0000cc3d00007f01000005
:10fa5400bf0000005f0000002f000000170000003e
:10fa64000b00000007000000030000000900000074
:0cfa74000a0000000b0000000e00000063
:020000040000fa
:10fa8000809fbe003400f80000002000a001880024
:10fa90000000fa0010448000e20f50001a0032000b
:10faa000e30f50002d003200e10f50000300320040
:10fab000d222a8008cc0a90038003700b016800000
:10fac0006200600000f0a7000000ea000000e9000a
:10fad0004f00de00004078000080fb006100600005
:10fae00000004000b11680000110a100010070006c
:10faf000b0168800600880000000d100600888000f
:10fb00008228ef0025003700b016800062006000f8
:10fb100000f0a7000000ea000000e9004f00de004e
:10fb2000004078000080fb006100600000004000a1
:10fb3000b11680000110a10001007000b01688000d
:10fb4000b0168000620060000000e0001200320089
:10fb5000100020001044880010003700b01680000c
:10fb60006200600000f0a7000000ea000000e90069
:10fb70004f00de00004078000080fb006100600064
:10fb800000004000b11680000110a10001007000cb
:10fb9000b0168800010037000000000084c0a900f2
:10fba0000080fa003400f9004f00be00004006005b
:10fbb0003600f800809fbe00829fbe00849fbe007a
:10fbc000869fbe003400f80000002000a0018800dd
:10fbd0000200fa000000eb00000f780084e0a900aa
:10fbe00005e1a90000088000704388000021ef00b3
:10fbf00005e1a800e04380000000e0000d003200b5
:10fc0000704380008000eb0061014000e08148000b
:10fc10006041800071418000020040008380480004
:10fc20006041880071418800e04380000000e900e5
:10fc3000e0438800d04380000000e0002100320053
:10fc40001e00780080004000208d2f0000804000c2
:10fc50009000780070438000808f50000c003900c5
:10fc60001e0078008000400080c22000008040001c
:10fc7000100078008000e8001e00780000014000bd
:10fc800080c2200000004100010878000400370015
:10fc90001e0fe8001e007800e90f5000e8ff340056
:10fca0001e007800ea0f500003003a003c28ef00e5
:10fcb000a000200080588800d04380000000e900a8
:10fcc000d0438800f04380000000e00008003200cc
:10fcd000f04380000000e900f0438800f04380001a
:10fce0000000e00002003a002000200010448800dc
:10fcf000a04380000000e00003003200a043800029
:10fd00000000e900a0438800c04380000000e0003c
:10fd100003003200c04380000000e900c0438800b7
:10fd2000904380000000e000030032009043800018
:10fd30000000e90090438800804380000000e0005c
:10fd400003003200804380000000e9008043880007
:10fd5000204080000000e0000300320020408000ce
:10fd60000000e90020408800b04380000000e0006f
:10fd700007003200b04380000000e900b043880073
:10fd8000b04380000000e00001003a003c28ef0092
:10fd9000f04180000000e00078003a00204480003c
:10fda0000000400020448800111680000000280058
:10fdb000008060000000e00004003a002044800061
:10fdc0000000a00020448800030037002044800089
:10fdd0000000a10020448800304480000000400062
:10fde000304488001116800000002400008060006c
:10fdf0000000e00004003a00304480000000a00051
:10fe00003044880003003700304480000000a10027
:10fe100030448800404480000000e0000b003a00bd
:10fe200020448000e10f40000e003a001000200046
:10fe300040448800a028200080448800a04480001e
:10fe40000000e800a044880006003700204480003d
:10fe50000000e00003003a008828ef009028ef003f
:10fe60008c28ef00504480000000e0000b003a00b6
:10fe700030448000e10f40000e003a0010002000e6
:10fe800050448800a028200090448800a0448000ae
:10fe90000000e900a04488000600370030448000dc
:10fea0000000e00003003a008a28ef009228ef00eb
:10feb0008e28ef00804480000000e000080032003f
:10fec000804480000000e900804488008044800075
:10fed0000000e00002003a005046800060448800c4
:10fee000904480000000e000080032009044800050
:10fef0000000e90090448800904480000000e00089
:10ff000002003a005046800070448800604480003f
:10ff10000000e0000b003200604480000000e900b7
:10ff200060448800604480000000e00005003a0062
:10ff30005046800060448800a04480000000e80033
:10ff4000a0448800704480000000e0000b003200f4
:10ff5000704480000000e900704488007044800014
:10ff60000000e00005003a00504680007044880020
:10ff7000a04480000000e900a0448800dbd707000f
:10ff8000b8f107000080fa003400f9004f03be000a
:10ff90004f02be004f01be004f00be003600f90008
:04ffa0000040060017
:020000040000fa
:10ffa4007a0c00000c00000000000000d8080000db
:10ffb4000400000000000000ea090000f000000056
:10ffc400020000001af22100f225f2002cf23100a6
:10ffd400f23cf20044f24e00f256f20060f2680085
:10ffe400f272f20079f27f00f283f20087f28a0063
:10fff400f28df20090f29300f297f2009ef2a200ca
:020000040001f9
:10000400f2a5f200adf27200f2b5f200baf2c1004c
:10001400f2c8f200cff2d600f2ddf200e4f2eb0017
:10002400f2f2f200f9f20000f3baf20007f30e0064
:10003400f315f3001cf32300f32af30031f3380023
:10004400f33ff30000f34600f357f30068f3720044
:10005400f376f3007ef38600f392f300a3f3b0008b
:10006400f3bcf300cdf3cd00f3d9f300e2f3860043
:10007400f3eef300f7f30700f414f40025f435006d
:10008400f444f40055f45c00f461f40068f468008e
:10009400f46af40073f47900f47ff40090f4a1009e
:1000a400f4a7f400abf4b300f4bbf400bef49e0078
:1000b400f2c5f400ccf4400037da3700f437aa0074
:1000c400363a38005038a60040a64000a640340016
:1000d4003fd43f00da40120040884300ee4318004a
:1000e400444044007444960044b84400e04406008c
:1000f400454a45008845da0045fa45001a4640005d
:1001040046604600da0a00007800000000000000a3
:10011400000800006e00000000000000c808000095
:100124001000000002000000c80064000004000089
:100134000100010000640000010052000000000002
:100144006c0c00000e00000002000000d4fcdc0077
:10015400fce4fc00ebfcf400fcfbfc0002fd0000f2
:100164003c0c00001000000000000000dc0800004f
:100174000400000000000000d00b00003a00000062
:10018400020000000be91200e91fe9002fe93d001d
:10019400e94ae90056e96100e96ce90076e9800082
:1001a400e98ae90094e99e00e9a8e90068528a0016
:1001b40052ac5200ea52f8005214530062537200d7
:1001c400538653009a53ae0053e053001c5450001e
:1001d40054000000940b00003c00000002000000ea
:1001e400c3f9cd00f9cdf900cdf9ce00f9dff9005e
:1001f400f0f90100fa12fa0023fa3400fa45fa0081
:10020400cdf95600facdf90067fae8005d285e00e2
:10021400545e7c005ea45e00d85e20005f465f00f2
:100224009c5fc4005f1a6000b860f2006060610007
:10023400e00800000400000000000000280c00009a
:1002440014000000000000006e0800003a000000e6
:1002540000000000a80800002000000000000000ca
:10026400ea0800000001000000000000e4080000ab
:100274000200000000000000e60800000200000088
:100284000200000001000000e80800000200000075
:1002940000000000860c00000200000000000000c6
:1002a400520b00004200000002000000560b5800f0
:1002b4000b580b00010003000000000000000000c8
:1002c40000000000000038001e00000000000000d4
:1002d40000ac1800b80e0000000000000000000090
:1002e400000000000000000000000000000000000a
:1002f40000000000000000000000000000000000fa
:10030400000000004c0c000010000000020000007f
:10031400494e460000696e0066004e00414e0000e2
:100324006e616e00000000000a0c00001e00000058
:1003340002000000286e69006c2900002500680096
:10034400076c09004c836a009074a0007ac0000016
:100354008068880000846c00820081005c0c0000ce
:100364001000000002000000494e460000696e00c3
:1003740066004e00414e00006e616e0000000000f9
:10038400880c0000020000000200000001000000d0
:040394000000000065
:020000040000fa
:020000040001f9
:100398003600f800809fbe00829fbe00849fbe008a
:1003a800869fbe003400f80000002000a0018800ed
:1003b8000200fa00b5f1070030032000a010880001
:1003c8000000eb00000f780002003700000000007a
:1003d8001e0fe800f0cf27009e007800808f5000a5
:1003e800faff340080b92f00801f7800c3c50700ca
:1003f8008f87e900103a8000801f780030bb2f00fb
:10040800801f7800bdc50700e48757000000eb0097
:10041800a4f10700ffff37003600f800809fbe00f8
:10042800829fbe00849fbe00869fbe003400f800f5
:1004380000002000a00188000000fa004045880064
:1004480051458800624588007345880084458800c6
:1004580095458800a6458800b7458800c8458800a6
:10046800d9458800ea458800fb4588000c46880085
:100478001d4688002e4688003f46880083f1070005
:1004880010bc2f00801f78009cc507008f87e900eb
:1004980040458000801f780090bd2f00801f7800a5
:1004a80096c50700e487570050458000801f7800f4
:1004b80030be2f00801f780090c50700e4875700e2
:1004c80060458000801f7800d0be2f00801f780014
:1004d8008ac50700e487570070458000801f7800b0
:1004e80070bf2f00801f780084c50700e48757007d
:1004f80080458000801f780010c02f00801f780082
:100508007ec50700e487570090458000801f78006b
:10051800b0c02f00801f780078c50700e487570017
:10052800a0458000801f780050c12f00801f7800f0
:1005380072c50700e4875700b0458000801f780027
:10054800f0c12f00801f78006cc50700e4875700b2
:10055800c0458000801f780090c22f00801f78005f
:1005680066c50700e4875700d0458000801f7800e3
:1005780030c32f00801f780060c50700e48757004c
:10058800e0458000801f7800d0c32f00801f7800ce
:100598005ac50700e4875700f0458000801f78009f
:1005a80080c42f00801f780054c50700e4875700d7
:1005b80000468000801f780030c52f00801f78001b
:1005c8004ec50700e487570010468000801f78005a
:1005d800e0c52f00801f780048c50700e487570052
:1005e80020468000801f780090c62f00801f78006a
:1005f80042c50700e487570030468000801f780016
:1006080040c72f00801f78003cc50700e4875700cb
:100618001000200023f10700ffff37003600f80024
:10062800809fbe00829fbe00849fbe00869fbe0042
:100638003400f80000002000a00188000000fa0043
:100648003f4688000f90200010f10700f0c72f00e8
:10065800801f780029c507008f87e9003046800091
:10066800801f780040c72f00801f780023c507002f
:10067800e4875700200020000af10700ffff370039
:100688003600f800809fbe00829fbe00849fbe0097
:10069800869fbe003400f80000002000a0018800fa
:1006a8000000fa00f9f0070050c92f00801f7800f9
:1006b80012c507008f87e90030002000f9f0070015
:1006c800ffff37003600f800809fbe00829fbe0003
:1006d800849fbe00869fbe003400f8000000200002
:1006e800a00188000000fa00e8f0070090a0a90027
:1006f8009120a900a0ca2f00801f7800ffc407001e
:100708008f87e90040002000e6f00700ffff370070
:020000040000fa
:020000040001f9
:100718008a1f78008b1f780000000600910188006e
:10072800800478000000eb001a003700e2844400df
:1007380032a0b4009905ba00e284440032a0b400a3
:100748009906ba00e284440032a0b4000006eb0027
:10075800476fde00fd07b200636ce10003003a005a
:10076800ebff07000000eb000a003700606ce100b7
:1007780004003a00005deb008b05e900fdff3e0038
:10078800040037006168e100010032000086eb00d8
:100798000b00070019c7ba001905ba000e04e000db
:1007a80003003a000a00e000e0ff3a0000000600fb
:1007b800fe07b2009e0188008a047800f5ff370022
:1007c800395dba008b05e9000c003200295dba00da
:1007d8008b05e900080032000c00e00003003a0035
:1007e800e284440032a0b400f5ff370019ddba00f6
:1007f8008b05e900faff3a008904e800e184440027
:0808080032a0b400000006005c
:020000040000fa
:020000040001f9
:10081000efe720000e7922000e01880000000000a2
:10082000000020000000e000020032000001200073
:1008300020028800140007003ebf07000000e0000f
:1008400003003a0020fd27000100200002003700cd
:100850000000200001002000810f70000100320024
:10086000b0ff0700000020000000e000020032009e
:1008700000000200000000005847020000000000d5
:100880000040da000000fe004440a900e0662100bc
:100890000000e0000300320000002000a0018800fa
:0808a0004440a800000006001e
:020000040000fa
:020000040001f9
:1008a800809fbe00829fbe003400f8000000200038
:1008b800a00188000200fa0090108000004f780024
:1008c800e6c8bf008040e800e4c8bf0080cf500001
:1008d80007003200e6c8bf008080fb00a28e20001f
:1008e8009e41780003f178000040e800e6e8b70090
:1008f80070108000620060000000e000010032001b
:100908000e22a9008520a9000080fa003400f90011
:0c0918004f01be004f00be000040060072
:00000001FF
