:020000040000fa
:080000009e78040000000000de
:020000040000fa
:100200009e78040000000000005d04000000000073
:10021000b470040000000000b03e040000000000c4
:10022000583a040000000000bc590400000000001f
:100230000637040000000000443b040000000000fa
:10024000743c0400000000000e3d040000000000ab
:10025000283d040000000000da3b0400000000001c
:100260006e3d040000000000843d0400000000001a
:10027000e8470400000000003845040000000000ca
:10028000d8460400000000001c48040000000000e4
:10029000164704000000000026480400000000008b
:1002a000de4a0400000000007c4b04000000000057
:1002b000a64b040000000000ce4b0400000000002c
:1002c000024c040000000000244c04000000000068
:1002d000464c0400000000006e4c040000000000ca
:1002e000944c040000000000d84c04000000000002
:1002f000164d040000000000684d040000000000de
:10030000884d040000000000a84d0400000000001b
:10031000ce4d040000000000ee4d0400000000007f
:10032000144e040000000000344e040000000000e1
:10033000065b040000000000285b040000000000d1
:100340004a5b040000000000885b0400000000001d
:10035000965b040000000000b25b04000000000097
:10036000005c040000000000105c040000000000bd
:10037000245c040000000000385c04000000000061
:100380004c5c0400000000007e5c040000000000e3
:10039000ba5c040000000000ee5c040000000000f5
:1003a000ac66040000000000ec66040000000000e1
:1003b000186704000000000040670400000000000f
:1003c00068670400000000009c6704000000000053
:1003d000cc67040000000000146804000000000066
:1003e0003a6804000000000090680400000000006b
:1003f000b8680400000000000e690400000000005e
:10040000ac69040000000000e66904000000000080
:10041000546a040000000000641e04000000000094
:10042000d818040000000000b40e04000000000012
:100430000a00fa0011002000b1bf9f00c0bf9f005a
:100440006a805700e21107004fb897000080fa0059
:10045000000006000a00fa00e20f500034003e00df
:1004600060678000e10f500003003200e20f50008f
:1004700011003a000c003700c32020000300e00008
:1004800001003a000040da000c02e20002003500f0
:100490001422ef000de2a8000f42ab000d003a005d
:1004a0000f42a8000b003700632120000300e0008a
:1004b00001003a000040da001602e20002003500b6
:1004c0001e22ef0017e2a8001942ab0001003a001b
:1004d0001942a800820178000b0037003102fb00ae
:1004e000e10f500004003a000f22ab00feff3a007b
:1004f00084108800030037001922ab00feff3a0089
:10050000d41088008301e9000300e000f3ff3a0003
:10051000e10f500003003a000f02ab00feff320073
:100520000b0037001902ab00feff32000800370055
:1005300033002000b3bf9f00c0bf9f00d1bf9f000a
:10054000e2bf9f006a805700a31107006fb99700b0
:10055000020078000080fa0000000600000005009c
:10056000839f68000100e00002003d006000100071
:10057000e08018000300e00002003d00600111006f
:10058000e0811900420007004f00e00002003b003c
:1005900060001000e080180000000600f4ff2f004b
:1005a000a00337000001be00240007000470a7006c
:1005b00003f0a1006509b100160032000d003500fe
:1005c0006828e10006003500f0ff2f00f1ff27004a
:1005d0000300e00013003b000100280000000500bc
:1005e00000004000818048008502e900fcff3a00dd
:1005f00008003700f88f420002003c008000eb004a
:10060000000005008100d1000080d3008502e800d1
:10061000fcff3a000300e00002003b006000100015
:10062000e0801800000006004f89de00820178009b
:10063000970337006011b800a5033700c70ade0032
:10064000f107b200f50fb20008003200e1cf42001e
:10065000020032000170a00024000500810f70002c
:10066000010032000408050044000500810f7000fd
:1006700002003a00140005008502e9000000400075
:1006800081c04800fcff3b000170a0002400050071
:100690006022b800060220000000d0008180d20055
:1006a0000482d2008582d2000000a0000202520023
:1006b00083825a00030031000202420083824a0012
:1006c0000000a1000603e900f3ff3a000000060065
:1006d00007f82700078361000638e10004003a00ac
:1006e000f7072000878361008703710001003a004b
:1006f00003f0a200889fbe008a9fbe008c9fbe00b0
:10070000470ade000480a100c71ade000580a100b0
:10071000070028000785600087856100f70f20002b
:100720000720e1009e0032000728e1009c00320013
:10073000010678000400e000b4003200f707200052
:10074000878060000170a0000500e000c00032005a
:10075000f7072000878161000370a00005065200a2
:100760000f003a000b50e1000b0032000308e100db
:1007700002003a000200e1007e0032000204500054
:1007800083845800040031000001fd008101fd0058
:100790008402fd008a05fd006044b8002100370096
:1007a0000520e10005003d000001fd008101fd0084
:1007b0008402fd008a05fd00050652007a60e10012
:1007c000050035000170a1004722dd008480700023
:1007d0008a807000630037006044b800ef02660052
:1007e00007ff2f00070666000500e0000600340042
:1007f000f08312008714dd000511de00071bdd0009
:10080000060171008519de007060e1000500350009
:100810000904780082047800030178008001eb006d
:10082000700656000b50e10003003a000200400041
:10083000838048000400370060041400e0841c003a
:1008400002005800838058000188a300060032008f
:100850008100d1000080d3008984d3000884d300b4
:100860000402e800270037000178a30025003a00c1
:100870000100e000030032008186cf006986560047
:100880000a0037008c0020000000e00004003a005d
:1008900009007800880478000004eb007002520020
:1008a0008086cf000d0646000c06e9007060e1006e
:1008b0000600350080007800090078008804780080
:1008c0000004eb0070065600700252000c00e000bd
:1008d0000c0034008c08dd00f00316000703de0076
:1008e000868070000c00dd00074bde000600700003
:1008f0008c4cdd000743de00868474000c44dd0070
:100900000c0252006120e10020003500610160000e
:100910000700280087816400f7ff270087836400b1
:10092000070374000300e000060032008203730036
:10093000040032000000e800e08048000188a300c5
:100940000e003a00f70f20000720e1004a003d00aa
:100950000170a1004722dd00810072008a807000d2
:100960000000be004f06be004f05be004f04be0093
:10097000000006006000b800faff37008100d100d7
:100980000080d3000402e800eeff37000401780085
:1009900089017400a10107008a807000f1ff37000f
:1009a000f7010700070278000001fd008101fd004a
:1009b000f301070087027800850372000778a3001f
:1009c000040032000001fd008101fd000602070065
:1009d000e4ff3700850362000768a30008003200c7
:1009e0000b50e10003003200f0ff2f00f1ff270061
:1009f000dcff37000001fd008101fd00d9ff370059
:100a00000468a300d7ff3200faff3700f8ff270081
:100a1000888360000b003a000000e00009003a0003
:100a20008303640082837300020032000200be0070
:100a3000ccff37000b50e100ceff3a000200be00b1
:100a4000c8ff370014002000810064003eff37001b
:100a5000f8ff27008883610004003a000200e000ec
:100a600002003a008c007800beff3700150020001d
:100a70008301640039ff370001f8270000002000df
:100a800081007500b7ff3700889fbe008a9fbe00b7
:100a90008c9fbe001b0020000202be00058668007d
:100aa00006002800060666004709de00f20fb200c5
:100ab000820032000243e80080003200c729de00d5
:100ac000f30fb2007d0032000343e8007b003200e8
:100ad000f107b2000170a000f507b2000570a00098
:100ae000c708dd004903de00868070004700dd0096
:100af000c72add004923de00868272004722dd001e
:100b000003055100040350008583580003003100a1
:100b100000004000818048000a05e9008c1f780031
:100b20008a9fbe00040050008580580004024200e5
:100b300085824a0000004000818048000005eb00eb
:100b40000004be006033b8000406be000d48e1009a
:100b500056003100110009004dccd8000c01b8003e
:100b60000d02b8008481410060824a0082835300f4
:100b700003045c0084845c0060055d000a00e00002
:100b800025003a00800578000d40e1004900310061
:100b90008800780007007800110009004d88d8000f
:100ba0000c01b8000d02b8008481410060824a0047
:100bb0006003110083835b0004045c00e0845c003c
:100bc0000900e00021003a004f01be000300e000f0
:100bd0002b003200e3016000070673008c81710076
:100be00001003200640070004200de004e5edd0055
:100bf0000c007000c258de0001e0a0008301070075
:100c0000cf017800818071004f06be004f05be0005
:100c10004f04be00000006008c8343000d044c000e
:100c2000e0844c0060054d000000e9000a00e0008f
:100c3000d4ff32008c8343000d044c00e0844c0050
:100c400060054d000000e900ceff37000c034300b3
:100c50008d834b0060044c00e0844c000000e900f0
:100c60000900e000d8ff32000c0343008d834b00e5
:100c700060044c00e0844c000000e900d2ff370023
:100c80004200de004e5edd000c007000c258de0047
:100c900001e0a000cf0178000300e000daff32009d
:100ca00060001000e0801800d7ff3700f0ff2f0031
:100cb000aaff3700f0ff2f00b9ff37000404be0081
:100cc0002f010700870678000004fd008104fd0065
:100cd0002b010700078366000678a300030032009b
:100ce0000960a7000800be002c0037000d78a300a3
:100cf000020032000800be00280037000778a30079
:100d000026003a0001f0a10009f0a1000668a30046
:100d100003003200f1ff2700f0ff2f00baff370079
:100d20000d68a300030032000800be008c80700034
:100d3000b5ff37000768a30007003a000648a30084
:100d400003003200f1ff2700f0ff2f00aeff370055
:100d50000d48a300030032006000b8008c807000d2
:100d6000a9ff37000748a3000400320001f827005c
:100d7000000020008c807000a3ff37007601070080
:100d80000004fd008104fd000205780072010700e7
:100d90000802be008a01780059ff37000160a000f8
:100da000120220002248880097ff37000100e0006f
:100db000120032000500e00010003200889fbe00e3
:100dc0008a9fbe008c9fbe000006eb0001f8a300c6
:100dd0000300320060001000e08018000cf0a0005a
:100de00005f8a3000300320060021200e0821a003e
:100df0000cf0a2008005eb0041ff37006000b80056
:100e00000200050003836800070028000703630051
:100e1000470ade000480a100c71ade000580a10099
:100e2000f70f20000720e100420032000728e10010
:100e300040003200889fbe008a9fbe008c1f780051
:100e4000f107b200f307b2000400e00064003200d2
:100e50000170a0000500e000680032000370a000ef
:100e600085054200eb07b1000204b8000302b80098
:100e70008484440060854a00020ab80084844400e7
:100e80000a854a00030ab80004054500040033003f
:100e90000804d0008984d2000a85d2008b05e900bd
:100ea0006158e1003d003500021020000901610099
:100eb0000308200089816100f70720008783640010
:100ec00008867300c84cde00c853dd0087847400b8
:100ed0004855de000300e000060032008203760081
:100ee000040032008904e80060054d000a88a30070
:100ef0000c003a00f70f20000758e10044003d00c5
:100f00000a70a100c75ddd000a8575008a007300c4
:100f1000090078004f0678004f05be004f04be0060
:100f2000000006000a05d1008984d3008b05e80083
:100f3000f0ff3700881f7800060478009000070053
:100f4000070278000001fd008101fd008c00070010
:100f500087027800850372000778a300050032003d
:100f60000001fd008101fd009f0007004f04780093
:100f700000000600850372000748a300030032004a
:100f8000f0ff2f00f1ff2700f8ff370000002000de
:100f900001f8270088807000f4ff3700880178008e
:100fa0004848dd00808171004848de00c850dd00ff
:100fb00001007000c850de00060478000b017800c4
:100fc0001600070088807000d2ff37000500e0009f
:100fd00005003200170020003a0007009dff37008f
:100fe00081037000f9ff3a00860078004f06780010
:100ff0004f05be004f04be000000050083037100d2
:10100000f9ff3200270020002e00070094ff370070
:1010100001f8270086807000f4ff37000100e0002f
:1010200026003200610111007810e10023003c002d
:101030006022b8007010e1000400350080027800e2
:10104000010078008000eb00700151000200e00018
:101050000900340070031100062add00822ade0038
:101060008603dd00878272000200de00860bdd0051
:10107000070070008208de0084817100f4ff270001
:10108000048262008481710004002800848262006e
:101090006102600005f0a6000000060004827100f5
:1010a000070032000000e800e08048000000060071
:1010b0000002be006000b800efff37006000b8001b
:1010c00000000600889fbe000004eb006138e100cc
:1010d00016003a000100e00008003a00c800de00f7
:1010e0004800dd00880020000100e00003003a0015
:1010f000c800de004800dd00680444008184cf00a1
:10110000e9845400060034008908dd00f0831400ef
:101110008703de00878070000900dd0009044400b9
:10112000610214004f04be00000006000300e0004e
:1011300008003a00c811de004811dd0088002000d8
:101140000300e00003003a00c811de004811dd0092
:10115000680444008384cf00e9845400060034000e
:101160008919dd00f08314008713de008781710088
:101170000911dd0009044400e1021400e9ff370011
:101180002700200001f0a70017002000470bde0019
:10119000f60fb200040032000643e8000a003200f5
:1011a0004702b3000000060001037800f607b20012
:1011b0000603700002003a000703b30000000600b7
:1011c0008702b3000000060001037800f607b200b2
:1011d00006037000020032000770a0000000060045
:1011e0000760a000000006000478a300040032009d
:1011f0000578a300030032000168a30001003a0053
:101200000200be000160a000000006008101700025
:10121000270032008002eb0001f8a3000300320037
:1012200060001000e080180015002000f407200086
:101230000202420020003400f70320008703600010
:101240000604200000036300020820000001610082
:101250004700de00c909dd0000807100c708de001c
:101260000600e0000800320087037100060032002b
:101270001000b0000180b0000188a300020032001d
:10128000c108de000402e800f107b200f30f2000fd
:101290000320e10003003d004722dd0081007200d1
:1012a0002900370001f827000000eb002600370076
:1012b0006000b80000000600680212007f20e10014
:1012c000020034006000b8001f0037006011b80051
:1012d0007020e100040035008001780001007800f2
:1012e0008000eb00700252000400e00009003400ae
:1012f000f00312000719dd008419de000703dd008a
:10130000868171000400de00070bdd00060070001e
:101310008408de00f7ff27008383630087037100e2
:101320000600280003036300070032000700e00006
:1013300003003a0061016000028173000200320084
:101340001000b0000180b0000500a60000000600fb
:1013500001f0a000000006004f0ade004709de0091
:10136000f107b200f20fb2000b003200f207b10039
:101370000170a000c708dd00c901de008380700095
:101380004700dd000400a600000006006000100019
:10139000e080180000000600810f700001003a0094
:1013a000000006008182cf000500e00010003e0032
:1013b0008082cf00ee8242007028e10004003900f4
:1013c00007003e00800078000000eb000e003700b0
:1013d000708312008600de000500dd000a00370081
:1013e000708352008600dd000000eb00060037002d
:1013f000e28252008508dd00708312000603de00e1
:10140000868070000500dd007507b0000501ea0068
:101410000400a6000000060060001000e080180034
:1014200000000600889fbe008a9fbe00841f7800cf
:101430007c0007004f00780011003300f0ff2f0000
:10144000838f6c0006003b00040565000a00a700be
:101450000800370009f0a60010002000080037003f
:10146000820f5400838f5c000300390010002000bd
:1014700001003e000000200009f0a7000000ea0083
:101480004f05be004f04be000000e0000000060053
:10149000881f7800030478000300e00007003d0087
:1014a00060001000e080180060011900e081190060
:1014b00002003b0001f02d0003003700040007008c
:1014c00008f0a70001f0a0004f047800000006001b
:1014d000889fbe008a9fbe000082700004027100d7
:1014e00004827100260032000004be000200be002b
:1014f0006011b8006b092000950220000182cf0026
:101500000a0039000541b1000082cf000700390010
:101510000541b1000982cf00040039000541b10046
:101520000882cf00010039000541b1000542520098
:10153000120032000a003b008281710061016400e8
:101540008100d1000080d3008984d3000884d300b7
:101550008b05e8000442e800f7ff3a000700370077
:101560000804440089844c00000048008180480041
:101570008b05e9000442e900f9ff3a000300070087
:101580004f05be004f04be00000006008100200091
:10159000618055000b003d000b00200061fe2f0014
:1015a0000100e1001d0034008281710061016400ce
:1015b0008904d1000884d3000000e800faff3a0053
:1015c00071002000610064000300700002006000f0
:1015d0000900320061044400e0844c000988a50041
:1015e000050032008b05e8006808e10002003a00bf
:1015f0008904d1000884d300f20f20000258e100d2
:1016000005003d00c75ddd00f907b2008980750067
:1016100008007800000006000bf827008b00780017
:10162000000005000004be0004fc07000003be002b
:101630000405be000200be0000fc0700844f7500d8
:10164000000006000400fa00889fbe008a9fbe00ca
:101650000004be004709de0003002000f20fb200c4
:10166000f207b100f60f510030003c000200e0002c
:101670001c003500faff2f00fb0720000201e900e3
:10168000030033008b85d1000a85d300fbff3700b0
:101690008b8164000a016000e00f5100e08f590067
:1016a000220032000200200003b8270011fc0700ce
:1016b000a0bf9f00b1bf9f00e00f5400e08f5c000f
:1016c00002003d000a0444008b844c000a85ea00b5
:1016d0008b85ea008b8064000a0064000004be0071
:1016e000110037000200200003b8270001fc0700aa
:1016f000a0bf9f00b1bf9f00e00f5400e08f5c00cf
:10170000020035006044b8000700370008004400bc
:1017100089804c00e00f5000e08f5800020032003a
:101720000800200009f82b000800be004f05be008d
:101730004f04be000080fa0000000600f687470054
:10174000889fbe008a9fbe008c9fbe008e1f7800bf
:101750000001be000600200007f82f000003430030
:1017600081834b00f4ff2f00f5f72700840f53000f
:10177000858f5b001b00360000024000818248001c
:10178000e00f5200e08f5a0006003a000001be0050
:101790009cfd07000001be000000200001f82b00a6
:1017a00008003700e00f5000e08f580007003d00b0
:1017b00012022000526788000001be00c4fb07002f
:1017c0006011b800b0fc0700a10037000200200043
:1017d00003c024008bfd07000001be007efe2f0029
:1017e0000a003700840f5000858f580098003e0093
:1017f0006000b8000400200005f82300840f5100a9
:10180000858f5900920032000007eb00d0b02f0006
:10181000a1042000020240008382480094b79f0088
:10182000a5b79f00fe07b100afb09700f107b20067
:1018300004007800324f200053f3230000004100e1
:10184000818049000200200003f82300a0fb07006c
:101850000004be000200200003002400a5fb0700d6
:101860000001be000800be0087fc07000002be00a9
:101870000001be00f4b79f0085bf9f0061fd070017
:101880000006be000001be005efd07000005be00b0
:101890000200200003f023000800be0059fd0700ed
:1018a0000801be0057fd07000001be00f0af9f0019
:1018b00081b79f000800be0085fb0700810178000a
:1018c000c3b79f0002002f0000016100b2b79f0064
:1018d0003fb19700cfb197000800be007cfb070026
:1018e0007fa997008fb1970079fb07000003be0026
:1018f000e29e2e0013e923000a00be00d6b79f0027
:10190000e7b79f003ffd0700a2aa2a00a3f2230029
:1019100078fb07000001be000c00be0039fd070087
:101920000004be0062e2290083e723000a00be0033
:1019300034fd070032e12c00c3ec23006dfb0700ef
:101940000001be000a00be002efd07000001be001f
:101950000800be0067fb07000001be007fa89700db
:101960008fb0970063fb07000001be007fb29700b5
:101970008fba97000400be0022fd07000001be00e0
:101980005fb39700efb397000600be0059fb070056
:101990000005be001fb29700afb297004728de00d7
:1019a0000100200000004700cf80de001efb070082
:1019b0000004be00b27d22004355230011fd070044
:1019c0000006be003fb19700cfb197000a00be00ed
:1019d00048fb070092ad2e0043802b0009fd070055
:1019e0000001be000c00be0042fb07000006be0066
:1019f00002002600e3ed23000a00be0001fd0700ff
:101a00000001be000c00be003afb07000005be004e
:101a100002002600e3ed23003fb09700cfb097000f
:101a2000f8fc07000001be000a00be0031fb070001
:101a30000005be0002082200a3e923000800be0042
:101a4000f0fc07000001be000a00be0029fb0700f1
:101a50004f0778004f06be004f05be004f04be0082
:101a60006f01b100000006000000fa006881570015
:101a7000cfb89700905f800010007800a70507009e
:101a80000080fa0000000600ef00070023040700b2
:101a900057040700d3040700fb04070041060700b2
:101aa000ec0537000000fa0068815700cfb89700b6
:101ab000905f800010007800980507000080fa0011
:101ac00000000600e000070014040700c50407003a
:101ad000ed0407004604070032060700dd05370065
:101ae0000000fa0068815700cfb8970099050700f9
:101af0000080fa0000000600d30007002c01070058
:101b0000060407003a040700b6040700de040700d5
:101b1000b105070023060700ce0537000000fa00d4
:101b200068815700cfb897008a0507000080fa0047
:101b300000000600c4000700f8030700a90407001e
:101b4000d10407002a04070016060700c105370064
:101b5000800078001000200002022000828f5000d8
:101b600004003200e9805000e48f5000010036008c
:101b70000000eb0000000600889fbe008a1f78006e
:101b8000000578000a047800984478000805e80009
:101b90000900fb00eeff07000000e000f9ff3a003b
:101ba000b0c2b30080cf540005003200d0c2b300f1
:101bb0008000eb0080cf540005003a00020037009f
:101bc0008000eb0001003700110020000804e8004d
:101bd0000000eb00030037006a02b9000200520067
:101be0000003b0003801fb0003fd2f00828141009b
:101bf000e98f5100f8ff36000100e00001003a00d3
:101c00000000ea004f0578004f04be000000060007
:101c1000800078001000200002022000828f500017
:101c200004003200e9805000e48f500001003600cb
:101c30000000eb0000000600889fbe008a9fbe00e7
:101c4000000578008a047800194478000905e80046
:101c50000800fb00eeff07000000e000f9ff3a007b
:101c6000b0c2b300804f540004003200d0c2b300b1
:101c7000804f540006003a00020037000004eb00d9
:101c800001003700180020008904e8000100370037
:101c90000004eb006000b80006003700a20020003e
:101ca00003002000230c0700cfd5de000a005000ff
:101cb0008b8058003905fb000a03b100e90f55007d
:101cc000f6ff36000800e00002003a006000100055
:101cd000e08018004f05be004f04be000000060063
:101ce0008000780002fd2f0001014100100020005b
:101cf000e90f5100050036000150a0001106b100a7
:101d0000e58f5000010036000000eb0000000600e7
:101d1000f3ff37008001780002003700b1597800e6
:101d20000201e9000200e000fcff3a0000000600aa
:101d30000000fa0068815700cfb89700905f8000dc
:101d4000100078002e0007000080fa000000060056
:101d50000000fa0068815700cfb8970036000700ee
:101d60000080fa00000006000000060080bf20008e
:101d700000000600fdff0700b05f8800a05f88003c
:101d80000000060080007800040037003104e00005
:101d900002003a0000005100000006000101780036
:101da0000108a300f9ff3a008101780031017800b1
:101db000f4ef2f00020242000281ea0002016200f9
:101dc0000408280004016100f7ff32008300780056
:101dd000010178003104e000fdff3a0000005100ed
:101de00000000600f1f92f0080804000f98f5000bc
:101df00001003e00f005b20000000600f9ff3700c8
:101e00000200fa00881f780000047800e2bf9f00fb
:101e100064815700080078006c0707009800900064
:101e20000148a300010032000080eb004f0478005d
:101e30000080fa00000006008201780001017800ad
:101e4000f1ff27004e083700ec874700889fbe004f
:101e50008a9fbe008c9fbe008e1f7800000678000f
:101e60000104780018079000280590009806780073
:101e7000cdb79f00b80590003202be002203be001d
:101e80000400be000601be004f18de006011b8005d
:101e90008000eb00d0b79f00e1b79f00f2b79f0032
:101ea00083bf9f00800478000900e0000600320034
:101eb0006000b8006011b80004025000858258002c
:101ec00006035900878359000e00e0000200350028
:101ed0000d10a100cdb79f000900e00005003a00f9
:101ee0004fb097000028a30002003a000038a3007a
:101ef000020032008a00e900010037008a00780001
:101f0000f8815700a2002000080078006203070053
:101f10000900e00003003a00cfb097000128a300b9
:101f2000080032000000e90000814500b1c2b300a2
:101f30000900e00001003200d1c2b300014978007d
:101f4000050037000138a300030032000000e9005b
:101f500001c2b30081757800480190000201e900d8
:101f600000015100808045004fb297008a0178003f
:101f70000c007800560507009c0090000188a30023
:101f80000400320098009000810f500001003d00d5
:101f9000010078004f0778004f06be004f05be00d5
:101fa0004f04be00cf00b100000006000000060094
:101fb0004200fa00889fbe008a9fbe008c9fbe0030
:101fc00020079800110f9800034f98001100780027
:101fd000400f980091009000610f98009e099000ba
:101fe000a3019000330f98001e0a90004402900055
:101ff000140798009e0a9000b502900005279800eb
:102000003204be002205be006022b8006033b80072
:102010000800be000a01be00f10a07000000e0004f
:1020200003003d000bf0a200d0c2b3000400370053
:102030004e0b90000628a30009003200b0c2b30086
:102040008e239000804b78003e0890000000e9004d
:10205000700f980011002000510f980010003700f9
:102060004e0990000238a3000900320000c2b300fc
:102070008e219000804978003e0a90000402e90019
:10208000740f980015002000550f980004003700c9
:102090003e0b9000760f98008003eb00570f9800de
:1020a0000800be000a01be00c0ff0700f4ff2f00b9
:1020b000f5ff2f00f6ff2f00f7ff27000402600056
:1020c0008582600006036100878361006000b800bc
:1020d0000200200003ff27000020e10001a8e1002a
:1020e00002b0e10003b8e10011003a000e48900090
:1020f0008000fb001104b1000e219000de09900069
:1021000003004100f98f500002003e0001cb200087
:102110000100370041cb20008107070040cb2000a1
:1021200018ff07005e0a9000040140001500370008
:102130000020e10001a8e10002b0e10003b8e100e5
:10214000130036008e4a90008500fb001104b10098
:102150000e239000de0b900007004300f98f500023
:1021600002003e0081cb200001003700c1cb2000df
:102170006b070700c0cb200002ff0700de089000bd
:10218000010140004e0a9000be0990005002370045
:102190006022b8006033b8000800be000a01be002b
:1021a0008f0a07000000e0006a0032006022b800d9
:1021b0000600200007ff23004417980055179800d9
:1021c00066179800771798008006eb000800be009d
:1021d0000a01be00001f9800111f9800221f9800de
:1021e000331f98000e269000070037008d06e80088
:1021f0000802be000a03be00441798005517980055
:1022000066179800771798006022b8000600200033
:10221000470224004e109000de1090006e119000d6
:10222000fe119000c90b07000004be000205be00ad
:102230000002be000203be000e1890009e1890001f
:102240002e199000be199000650a07000000e000fa
:10225000e6ff3d000c2798000006eb004e149000ae
:10226000de1490006e159000fe15900025003700da
:1022700040ed2f00808f560019003d000c00e0005b
:1022800016003a006022b80006002000073524003e
:102290000e1890009e1890002e199000be19900004
:1022a000aa0b07000002be000203be00041f980034
:1022b000151f9800261f9800371f98006022b8004d
:1022c00006002000073524000800be000a01be00f9
:1022d0009e0b07000004be000205be001c0020008b
:1022e0006022b80006002000470224000800be005b
:1022f0000a01be00e60a07000004be000205be0097
:102300008d06e9000802be000a03be000e18900008
:102310009e1890002e199000be199000300a0700f8
:102320000000e000d2ff35000800be000a01be0038
:10233000401798005117980062179800731798007b
:102340000e1c90009e1c90002e1d9000be1d900043
:10235000080037006022b8000600200007ff2300b5
:10236000441798005517980066179800771798003b
:102370008006eb008e4a90000500fb00f90607007e
:10238000104f98006e0b9000600020000600e000e7
:10239000010035006e08900071c6b3009e4b90009e
:1023a00081cf53000a003a00ee0890000100e000df
:1023b000cf013200cf0137008d0f5000d3013c0018
:1023c000001f980052c6b300425f98001e003700fd
:1023d0009e499000435f98000200370064c6b30036
:1023e000445f98000000e800001f980060c6b3003a
:1023f000ce5a900080cf520013003a000d00e0004a
:1024000008003d006000b8000200200003ff230028
:10241000401798005117980062179800731798009a
:102420008006eb0061c6b300415f980070c6b30040
:102430001e499000804f5100030032008e19900019
:102440008d814100031f98004e129000de12900013
:102450006e139000fe139000441f9800551f9800c3
:10246000661f9800771f98000800be000a01be0092
:10247000001798001117980022179800331798003a
:102480000006eb000802be000a03be0054079800d5
:102490006507980076079800070f9800310037000d
:1024a0004e1a9000de1a90006e1b9000fe1b9000ea
:1024b0000e1090009e1090002e119000be11900002
:1024c000730a0700cd0d07000004be000205be0020
:1024d000ec09070080027800250f98004e1a900042
:1024e000de1a90006e1b9000fe1b90000800be00dc
:1024f0000a01be00150b07000e1290009e129000fc
:102500002e139000be139000100a07000002be00b8
:102510000203be0007f0a2000417980015179800e8
:1025200026179800371798006022b8000600200090
:10253000470224004e189000de1890006e1990009b
:10254000fe199000520a07000002be000203be00fe
:10255000441f9800551f9800661f9800771f980029
:102560000c06e8008e1a9000850f5600ccff35004f
:102570005e049000ee0490007e0590008e0d9000a9
:102580006022b80006002000470124004e18900089
:10259000de1890006e199000fe199000eb0a0700fb
:1025a0000002be000203be00441f9800551f9800a1
:1025b000661f9800771f98000e1090009e109000e4
:1025c0002e119000be119000850907000000e00068
:1025d0000f0035004e1a9000de1a90006e1b90001e
:1025e000fe1b90000e1090009e1090002e11900087
:1025f000be1190007a0907000000e00011003a00c7
:10260000ae0a90000508a300080032000d00370054
:102610006000b8006011b800401f9800511f98007a
:10262000621f9800731f9800060037006022b800f0
:102630006033b800441f9800551f9800661f98002b
:10264000771f98004e1a9000de1a90006e1b9000c3
:10265000fe1b90000800be000a01be00c109070071
:102660000002be000203be00041798001517980070
:1026700026179800371798006022b800060020003f
:10268000470224004e109000de1090006e11900062
:10269000fe119000ad0a07000004be000205be0056
:1026a0000002be000203be000e1090009e109000bb
:1026b0002e119000be1190004e0907000000e000ae
:1026c000090035008d06e80060c6b300ce5a9000c0
:1026d00080cf520008003a000e1b90000603e8006d
:1026e000061f9800110037004e149000de14900071
:1026f0006e159000fe15900050c6b3004e59900024
:10270000804f510009003a000802be000a03be00d3
:10271000441f9800551f9800661f9800771f980067
:102720008002eb0045179800070037000800be0044
:102730000a01be00401f9800511f9800621f9800b8
:10274000731f98004d1798005e0e90000001eb007b
:10275000220f980032079800520798000d0f78005a
:102760006a0037004e1a9000de1a90006e1b90002f
:10277000fe1b90000e1090009e1090002e119000f5
:10278000be119000c20907001c0d07000004be0026
:102790000205be003b090700e90f500001003400ac
:1027a00090002000ce0990000348a3000c003a00de
:1027b0000000e0000a003a0071c6b3001e4a900013
:1027c000814f520006003a00ce1290000500e00052
:1027d00003003d002e0b90008606e8002300370022
:1027e000be0390000700e0000c003a00ce109000fd
:1027f0000100e00009003d00e1c2b3000e2190009d
:1028000001717e000c06e800fe0990008301e900da
:10281000730f980014002000340798008e22900057
:102820000c814200ae0e9000850178000300370055
:1028300001c3b300015978008d06e9000d00e000e6
:10284000fbff3a00032798002e0b90000606460077
:102850000043b00080717e000c06e8000680ea00ac
:10286000fe0b900080834300770f98004e1a900073
:10287000de1a90006e1b9000fe1b90000800be0048
:102880000a01be00310a07000e1290009e1290004d
:102890002e139000be1390002c0907000002be000a
:1028a0000203be0007f0a200041798001517980055
:1028b00026179800371798006022b80006002000fd
:1028c000470224004e189000de1890006e19900008
:1028d000fe1990006e0907000002be000203be0050
:1028e000441f9800551f9800661f9800771f980096
:1028f000ce1290008502e900451798005e03900013
:102900000603e800560798002d0f9800de0390009c
:102910000e189000808f530005003d009e08900027
:102920004100900065005000800f56008dff390077
:102930009e0678003e0190000200e00007003a0089
:10294000ce0990000348a30004003200e0c2b300a7
:102950000e22900000727e000c06e8008e2290008d
:102960000c8042000048eb0051c6b3004e5b900063
:10297000814f530038003a009e0390008700e90021
:102980000041eb0082f278008001eb000d00e000d6
:1029900002003d008d06ea00130020002200200006
:1029a00001037800fe0a90008e2390000004780056
:1029b0000a00370001037800a4002000110009007c
:1029c0008406d80001027800800678000443b00035
:1029d00084737b000201e9008502e9008600e900ba
:1029e0000d00e000f3ff3a000200e000f1ff3c00c0
:1029f000750f9800072798000800780001824300af
:102a0000b2c2b3000300e00001003200d2c2b30042
:102a1000024a78000101e9008e2190008280410085
:102a20008e4a90000502fb001404b10053c6b300a7
:102a3000f90f520001003e0053c4b30083487800f0
:102a40007e0b90000683e900760f9800820f5600f7
:102a500001003d0032050700ce0b9000638063004b
:102a6000e20f500015003a007e0890000000e000e0
:102a7000120034000e209000c2fc07008e2190004e
:102a8000040037007e09900082804100e3707800e6
:102a90000000e900de0a9000850f5000f9ff3d00bc
:102aa00003279800058041007e0990000103200063
:102ab000b70407000003eb00360f98000e209000cb
:102ac000b0fc07004e0a9000be099000000178009b
:102ad0008e2090002e0090007d0207004f06be0061
:102ae0004f05be004f04be000080fa000000060043
:102af00010002000e48f46002ffe3d00001f9800cc
:102b000057c6b300475f98004ffe37000d00e00046
:102b100032fe3500001f980042fe37000200fa0026
:102b2000889fbe008a9fbe0080057800010478005f
:102b300002007800180190002805900098007800a5
:102b4000b1bf9f00b80490000200e0000200350011
:102b50000110a100b1bf9f00ea8157008200200050
:102b60008a0078003002be002003be000800780012
:102b7000490007003fb99700f000610003003200f0
:102b80000000e90001c3b300817478003fb99700e9
:102b9000e8006100030032000000e90001c2b30058
:102ba00081747800480190000201e90000015100a1
:102bb000808044003fba97008a0178000b007800bb
:102bc000430207009b0090000188a300040032002c
:102bd00098009000810f500001003d000100780036
:102be0004f05be004f04be000080fa000000060042
:102bf000ea874700889fbe008a9fbe008e1f78002c
:102c000000047800030078007287570084e22600f1
:102c100055c72600049fbe00c3962200030f78000c
:102c20006c875700004feb0011059000a104900045
:102c3000910578000200e0000200320002077800ef
:102c400001003700728757000000e00002003a00e0
:102c50000e0078004bfc07000a00e000030035007e
:102c60008a0f5000010036000a0078000b0278003d
:102c700089017800000178008e0078000800780053
:102c8000130207004f0778004f05be004f04be0037
:102c9000af00b10000000600f4874700889fbe0027
:102ca0008a9fbe008c9fbe008e1f78000605be0066
:102cb0000404be0081bf9f0082b79f00f3b79f004e
:102cc000b0009000e1b79f001301780092b79f0019
:102cd00090069000400090000000e9000006780097
:102ce0000d00e00001003d001d0020008040eb00d1
:102cf000efb19700817178001e0020001f0037009f
:102d00000c06e9000fb09700cf80de006109b90022
:102d1000a0b79f00b1b79f00c2b79f00d3b79f0075
:102d20000203be000002be000800be000a01be0091
:102d3000c70a0700000778000e4078000043b00083
:102d4000efb0970080707e008d06e9000fb9970004
:102d50000201e90082bf9f002fb29700bfb2970027
:102d60004fb39700dfb397000800be000a01be0012
:102d7000b00a07000205be000004be000c00e0001f
:102d80000d003400e00f5400e08f5c00e00f5d00a8
:102d9000e08f5d00daff3a000d00e000d8ff3c0054
:102da0008fb997000300e000030034001fb09700c4
:102db0000018a300d2ff3a000e00e00002003a0023
:102dc000ffb097001140a1000c0078004f07780079
:102dd0004f06be004f05be004f04be004f01b100bc
:102de000000006000200fa00889fbe008a9fbe0015
:102df00000057800010478000200780018019000b6
:102e0000a804900098007800b1bf9f00b80590001a
:102e10000200e000020035000110a100b1bf9f00d8
:102e2000ea815700a2002000890078003002be002d
:102e30002003be000800780097ff070048019000bb
:102e40000201e90000015100808045003fba97006f
:102e5000890178000a0078009d0107009a0090001f
:102e60000188a3000400320098009000810f5000f8
:102e700001003d00010078004f05be004f04be0078
:102e80000080fa0000000600fa874700889fbe0015
:102e90008a9fbe008c9fbe008e1f78008004780041
:102ea0000104780082057800180190002805900040
:102eb00018077800b80090000200e000020035001a
:102ec0000e10a10001003700120020007000670002
:102ed000e0b79f00090032003b02be002b03be009a
:102ee000e00f5200e08f5a00e00f5b00e08f5b00c4
:102ef000020032008a86e900010037008a06780065
:102f0000e8026700f5b79f00010032008d06e90076
:102f10003b02be002b03be00e4af9f00f5af9f0055
:102f200086b79f0097b79f00480690000c06e900ff
:102f30000040eb0080707e00efb297007fb29700f8
:102f40008903780081047800d8af9f0002047800dc
:102f50008bbf9f008a057800034578002a00370060
:102f60000c06e9006fab97006f006300e90f50009b
:102f700002003c000003b000010037007005b00003
:102f80000a03fb001604b100f90f53000c003e00c9
:102f9000000378000650a0001606b100f90f530098
:102fa00007003e00b4b79f00a5b79f00c7b79f00ba
:102fb0008cfb0700cfb39700afb297003fb29700ea
:102fc00080747e000804e9008d06e9006fa8970070
:102fd000ffa897000fb197009fb19700460020000f
:102fe0008301d1000281d3008180d3000080d3000f
:102ff0000603e900faff3a00e0af9f00f1af9f003f
:1030000082b79f0093b79f00e10f56000f00340076
:103010006fa89700ffa897000fb197009fb1970086
:10302000e00f5000e08f5800e00f5900e08f59008a
:10303000cbff3a000800e000c9ff3c000d00e000b3
:10304000020034000e18a300c5ff3a008900780082
:10305000f4b79f00870478005fac97008a4178003e
:103060000b0578008fbd97000500e00010003200ce
:103070003b02be002b03be00e4af9f00f5af9f00f4
:1030800086b79f0097b79f00e00f5200e08f5a006d
:10309000e00f5b00e08f5b00050032000c06e900ea
:1030a00083707e000c06e90000c3b30080707e00d0
:1030b000ffb297000500e000030032000c06e900b3
:1030c00000c2b30080707e00480190000201e90058
:1030d0000c0151008c8040000e0278008a017800bb
:1030e00009007800fa000700990090000188a30009
:1030f0000400320098009000810f500001003d0054
:10310000010078004f0778004f06be004f05be0053
:103110004f04be00af01b100000006000200fa003b
:10312000881f780000047800e2bf9f006481570088
:1031300008007800a5020700980090000148a3004d
:10314000010032000080eb004f0478000080fa009c
:10315000000006008201780001017800f1ff2700dd
:1031600056063700889fbe00000478004800900093
:1031700082047800808f54000100360080047800bb
:103180000901780058009000e2fa0700580090000a
:103190000900400050049800c80090008984500045
:1031a000490498000048eb004f04be0000000600f0
:1031b00010007800a7f43700900190000388a30066
:1031c00001003200e7ff37000348a30001003a0086
:1031d000f7ff070000000600881f78000004780051
:1031e00000082000808f50001700350010082000d4
:1031f000808f50000b00340030082000808f50007a
:1032000011003a00920078006880500000097800b0
:103210003002be002003be00049cbe000694be0027
:10322000070037009202780064805200000978009d
:103230001000be0074060700009cbe000294be0091
:1032400010002000010037000000eb004f04780060
:103250000000060084082000848f50001d0032000a
:103260000d003c0014082000848f5000270032001d
:1032700002003c000408200004003700240820005d
:10328000848f50003400320044082000848f5000a6
:1032900043003a0036003700040a2000848f5000b3
:1032a0002700320004003c0004092000848f5000f5
:1032b0003b003a0028003700020c2000828f5000ab
:1032c0002f003200020f2000828f500034003a009d
:1032d0002b0037009380e9000200e0000500320077
:1032e000810978001102fb00cfa2de00612bb9003a
:1032f0002800370081097800114278000482fb0021
:103300008002eb006033b80022003700130278001f
:10331000e40052000200e00005003200810978005c
:103320001102be004fabde008603780019003700a3
:10333000810978001102be006033b8001500370023
:103340009380e9008109780011027800cfa2de00a5
:10335000612bb9000f00370093027800e88052001b
:10336000810978003102be002103be000900370048
:103370009380e9000200e00002003200f1ff370014
:103380009380e90081097800110278008002eb0047
:103390006033b8000498be000690be00100005001f
:1033a0000000050044082000848f500025003200f2
:1033b00008003c0014082000848f500014003200e4
:1033c00024082000848f50002400320004082000cc
:1033d0000c00370004092000848f50001f003200c9
:1033e00004003c0084082000848f500024003a0030
:1033f0000e003700040a2000848f500011003200b4
:10340000040c2000848f50001d003a000d0037008e
:103410009380e90081097800910078000108780024
:10342000cf91de008288be00140037009380e9004f
:1034300081097800910078000108780082487800be
:103440000e0037009380e900810978009100780030
:103450000108780082087800080037009380e900ae
:103460008109780091007800010878006112b900a4
:10347000612bb9008498be008690be001000050044
:1034800000000500889fbe000004780048009000fe
:1034900082047800808f5400010036008004780098
:1034a00009017800580090001afa070058009000af
:1034b0000900400050049800c80090008984500022
:1034c000490498000048eb004f04be0000000600cd
:1034d000f2874700889fbe008a9fbe008c9fbe0077
:1034e0008e1f7800800478000105780002047800bf
:1034f000830578006107620002003a008b0f5400d8
:1035000008003900080178008a0078000900780076
:1035100029ff07008b0f540002003900880578004e
:103520001e003700088655000c017800f00f560089
:103530000100360002012000010220007e805700b9
:10354000130207008c0678000500370002012000f6
:10355000fe8057000900780017ff0700f08656002c
:10356000ef8f5600f9ff3e004461de0000ff2f00a0
:103570000091b90002014600fe8057000900780062
:103580000dff07000e00e00004003a00080178007b
:103590008a0078000900780007ff07000b00780018
:1035a0004f0778004f06be004f05be004f04be0017
:1035b0002f01b1000000060000000500000005001a
:1035c00000000500000178000040eb008080fb0057
:1035d0008180400063c7200063c278000404e000db
:1035e00003003a0070c7200060c0780000000600a9
:1035f00092017800934f520004003a0070c72000f7
:1036000060c078000309e800010037000040e800ce
:10361000ea4f5000edff360000000600f687470035
:10362000889fbe008a9fbe008c9fbe008e1f7800c0
:10363000000578000104780083057800040678000e
:103640000000eb00c0b79f008080eb00d1b79f0067
:10365000e0b79f00f2b79f000008200080bf9f00e6
:1036600098007800010078008004eb00010037002a
:103670008904e800304178000204e00003003200d1
:1036800053c2b300834f5100f9ff3a000900e00034
:1036900004003200090178000a007800c6fe070025
:1036a000188c44001807780050c2b3009e4f1000d9
:1036b0003f013a000e07e8000e0c780010003700ba
:1036c000cfb097000100a0000b003700cfb09700eb
:1036d0000110a00008003700cfb097000120a00023
:1036e00005003700cfb097000130a000020037007e
:1036f000cfb097000140a000c1b79f00000ce800c8
:103700001800780090407800b2c2b30082cf500019
:10371000f1ff320007003c0002c2b30082cf50002c
:10372000f0ff320032c2b30082cf500007003a00ef
:10373000efff3700d2c2b30082cf5000e0ff32006b
:1037400002c3b30082cf5000e0ff3200a2c2b30038
:1037500082cf50000d003a00000ce8001c80e90008
:10376000000e780010007800e0b79f000000e00035
:103770000f003d00cfb097000100a200c1b79f002d
:103780000000ea00e0b79f0009003700faf80700e0
:10379000e0b79f0001003700000ce8001800780037
:1037a0009000fb000103b100e98f5000faff3600e2
:1037b0004fb097000008a300020032000010a100e3
:1037c000c0b79f0018007800e1c2b30090cf10008e
:1037d00016003a008000eb00d1b79f000000e8001f
:1037e000000c7800a1c2b30090cf100006003a0090
:1037f000000ce8001c80e900000e78001000780042
:10380000d0b79f0009003700dbf80700d0b79f0052
:1038100001003700000ce800180078009000fb0061
:103820000103b100e98f5000faff3600080078006c
:1038300064ff070080467800180078001000fb0045
:10384000c801070091062000810f500038003200a7
:1038500012003c0041062000810f5000340032006d
:103860000a003c0011062000810f500020003200a9
:1038700031062000810f5000a000320051022000cc
:10388000810f5000bc003a00b400370071062000e0
:10389000810f5000b8003c0088003700010720006d
:1038a000810f50005c00320007003c00e106200060
:1038b000810f50007a003200f1062000810f500085
:1038c000ad003a003900370051072000810f500049
:1038d0002700320081072000810f50004200320093
:1038e00031072000810f5000a3003a008f003700fd
:1038f0008d80fb000c01780000fe2f000f004000bf
:1039000035fe07000000e000a80032001800780033
:10391000000ce8009041780002fe2f000f014100ea
:10392000f88057000a007800be0107000e0037003b
:103930008d80fb008c0178001200200000fe2f001b
:103940000f00400043fe07000000e0009700320037
:10395000180ce80002fe2f000f014100f88057000c
:103960000a00780038f9070080844400900037008e
:103970008d80fb008c0178000001eb0000fe2f0021
:103980000f00400033fe07000000e0008700320017
:10399000180ce80002fe2f000f014100f8805700cc
:1039a0000a0078000ffd0700efff37008d80fb0055
:1039b0008c0178000001eb0000fe2f000f0040009a
:1039c00024fe07000000e00078003200180ce80038
:1039d00002fe2f000f014100f88057000a00780016
:1039e0004efc0700e0ff37008d80fb008c01780063
:1039f0000001eb0000fe2f000f00400015fe070045
:103a00000000e0006900320018007800000ce800b7
:103a1000904178001c0037008c0178000001eb0019
:103a2000010f200000fe2f000f00400009fe0700dc
:103a30000000e0005d003200180ce8000fb09700b5
:103a40009fb097002fb19700bfb19700e00f5000d3
:103a5000e08f5800e00f5900e08f590009003a004c
:103a6000cfb597006fb49700e0c62000c5f80700f7
:103a70000b0278008801780000017800e1c6200080
:103a80004700370083c7b30002fe2f000f0141003b
:103a9000f88057000a007800fbfc0700b2ff3700ef
:103aa0000b8144008d80fb008c01780000fe2f000c
:103ab0000f0040003bfe07003c0037008d80fb00fc
:103ac0000c01780000fe2f000f004000c2fd07002f
:103ad0000000e0003500320018007800000ce8001b
:103ae0009041780002fe2f000f014100f88057003e
:103af0000a0078002ef907009bff370000c8b300ca
:103b000080cf560029003a00180ce8001c80e9001c
:103b1000000e780010407800e0df9f0013002000c6
:103b2000e2fd2f000f0141000800370000c8b3007c
:103b300080cf56001d003a00180ce8001c80e900f8
:103b4000000e78008001eb0010017800f88057002b
:103b50000a00780026fc070083ff370000c8b30086
:103b600080cf560011003a00180ce8004fb29700c1
:103b7000efb19700080037000e0c78000000eb0052
:103b8000c0b79f00e0b79f000080eb00d0b79f0058
:103b90000002eb00840178001200200041c72000e1
:103ba0000a0078004afe07006fff3700180ce80093
:103bb000090078004f0778004f06be004f05be0091
:103bc0004f04be006f01b100000006008200fa0041
:103bd000889fbe008a1f7800000578008204780064
:103be000c13f9f000004eb0010003700090278007d
:103bf00088017800a2f72f000f01410081f72f0004
:103c00008f8040000a00780084fe07000800400012
:103c1000880f500004003d00b00420005067880069
:103c20000084eb0004003700000478004f38970050
:103c30001004e000edff3a00080078004f0578001e
:103c40004f04be000080fa0000000600889fbe00fe
:103c50000004be000000eb000800e0001800320085
:103c6000180090000058a3000d003200d80090000a
:103c700068009000808f500009003600b80990005d
:103c80000001eb00820078000800780003000100ca
:103c9000d80090000080eb000100e0000800320036
:103ca0000000eb00200c980060049800500498007d
:103cb0000900e0000200320018007800dcf1070083
:103cc0004f04be0000000600889fbe000004be0036
:103cd0000000eb000800e000250032001800900012
:103ce0000058a30011003200d80090006800900036
:103cf000808f500009003600b80990000001eb00e9
:103d0000820078000800780003000100d8009000cd
:103d10000080eb000100e000150032000000eb0025
:103d2000200c98006004980050049800780a9000d5
:103d300008109000800f520006003100000252006f
:103d400011002000cfa2de00612bb900180078001e
:103d5000090007000000eb0000149800700c9800a8
:103d60000900e0000200320018007800b0f10700fe
:103d70004f04be0000000600a0fd2f00f1ff2f0041
:103d80006e0007004f89de00820178000000060007
:103d9000889fbe008a9fbe00800478000200e00079
:103da0005b00320001407800814c78008281440041
:103db000f1f99f00e20f5100550036009144980040
:103dc000a1449800e1f99f00d1f99f00e60f51004e
:103dd0004f003600b1449800c1f99f00e80f510030
:103de0004b0036000905ea00630565000a844400bb
:103df0000a055100c1ff2f00010565000080fb008e
:103e00008000eb001210200013102000c9030700ef
:103e1000008cbe000a01440060b99f0071b99f0088
:103e2000e80f55003a00360020049800310498004d
:103e3000400498005104980020b99f0031b99f00b8
:103e400040b99f0051b99f00f80f5500300036006f
:103e50006004980071049800000c9800110c980000
:103e6000200c9800310c9800400c9800510c9800e0
:103e700020b19f0031b19f0040b19f0051b19f0020
:103e800060b19f0071b19f0000b99f0011b99f0000
:103e900064016400780141000204440002055500f9
:103ea0006011b8000203be000002be000403be00a1
:103eb0006022b8000000720081807200020173006d
:103ec0008381730010003700009cbe000294be0086
:103ed000400498005104980062049800730498000c
:103ee000000c9800110c9800220c9800330c9800dc
:103ef000400c9800510c9800620c9800730c9800cc
:103f00000a02b1000802b000ff0f5500eeff3e00ac
:103f1000090078004f05be004f04be0000000600f7
:103f2000881f780000047800080078000803070064
:103f3000080078004f0478000000060002002f00ff
:103f4000f3ff2f00820f5000838f580004003600cb
:103f50000000ea00506788000080eb008080eb00e2
:103f600000000600f1fb2f0080804000f98f500018
:103f700001003e000050a00000000600f9ff3700dd
:103f80000f04b0008e1f7800020278000301780051
:103f90000000e00002003200000778000200370055
:103fa0000efc2f000f0747008002eb000100e0002d
:103fb000010032008102e9000f007800e003b10047
:103fc0001d0009000018eb000080eb0090a79f0087
:103fd00023102000a3a79f00bea79f00c1a79f009a
:103fe000d5a79f000100e00003003d00b1042000c0
:103ff0005167880007003700004feb00fea79f00c5
:10400000eea79f008400780020fc2f000f004000e6
:104010007bf707004f0778000f04b100000006008f
:10402000000006003e00fa00889fbe008a9fbe0086
:104030008c9fbe001007980083467800110078001e
:10404000400f9800910190004307980021029000d2
:10405000240f9800c1029000050f7800b100900075
:10406000611f98003204be002205be00281f980080
:10407000391f98004a1f98005b1f98006022b80003
:104080006033b8000800be000a01be00d402070079
:104090000000e00009003d000800be000a01be006b
:1040a00003f0a200201f9800311f9800421f9800c3
:1040b000531f9800d0c2b30004003700ce08900010
:1040c0000128a30009003200b0c2b3006e199000ad
:1040d00000497800ae0990008301e900330f980091
:1040e00014002000540f980010003700ce0a9000f2
:1040f0000538a3000900320000c2b3006e1b900017
:10410000004b7800ae0b90008703e900370f980052
:1041100018002000580f980004003700ae0c9000e3
:10412000390f98000005eb005a0f98002e189000e8
:10413000be1890004e199000de199000b8ff0700dd
:10414000f4ff2f00f5ff2f00f6ff2f00f7ff2700e9
:1041500004026000858260000603610087836100bd
:104160006000b8000200200003ff27000020e100eb
:1041700001a8e10002b0e10003b8e1000c003a0040
:104180008d06fb001d04b100ee1d9000de089000be
:104190000180450001cc2000f98f56000100360057
:1041a00041cc20005eff070040cc20002f023700ea
:1041b0000020e10001a8e10002b0e10003b8e10045
:1041c0000c0036008d06fb001d04b1006e19900036
:1041d000de0990000300410081cc2000f98f5600d9
:1041e00001003600c1cc20004dff0700c0cc2000ec
:1041f0001e02370000c3b3006e1a9000de0a900062
:1042000000f27a000500e800000142008d00fb008a
:10421000f6fb2f00068340002607980081c7b300f5
:10422000f90f530001003e0081c5b3000149780039
:104230000000e800500f98006022b8006033b8001a
:104240002e189000be1890004e199000de199000b4
:10425000630207000000e0005e0032008003eb0014
:104260006044b8000a0020000bff23006807980094
:10427000790798000a0f98001b0f9800070678002e
:10428000050037000c06e8006e0c9000fe0c900054
:104290000e1590009e1590000802be000a03be0095
:1042a0000800be000a01be00ae0207000002be0008
:1042b0000203be00640f9800750f9800061798005f
:1042c000171798002e189000be1890004e199000f5
:1042d000de199000420207000000e000e9ff3d0007
:1042e0006c0f98002a0037006022b80006002000fa
:1042f00007fe23000800be000a01be00930307006a
:104300006022b8006033b800350207000000e0000a
:1043100016003a006022b80006002000073524008d
:104320000800be000a01be00880307000004be00aa
:104330000205be006022b8000600200007352400f8
:104340002e189000be1890004e199000de199000b3
:104350007e0307000002be000203be00241f980077
:10436000351f9800461f9800571f98006022b8001c
:104370000600200007fe23000800be000a01be0060
:10438000720307000004be000205be000c06e9002f
:104390000802be000a03be002e189000be1890004e
:1043a0004e199000de1990000d0207000000e00099
:1043b000cdff35000800be000a01be00600798006e
:1043c00071079800020f9800130f98006c0f980067
:1043d000090037008000eb00610f98006022b800f0
:1043e0000600200007ff2300640798007507980067
:1043f000060f9800170f9800ce0290008001200051
:104400000500e000010035004e0090000000e800cb
:10441000300798006e049000fe0490000e0d90008e
:104420009e0d900068179800791798000a1f980051
:104430001b1f98002e1c9000be1c90004e1d90006b
:10444000de1d90000006eb003a0037006e1290006f
:10445000fe1290000e1b90009e1b90000800be00f4
:104460000a01be008a020700e40507000002be0040
:104470000203be00241798003517980046179800cd
:1044800057179800ff010700800278005507980031
:104490006e129000fe1290000e1b90009e1b90006a
:1044a0002e109000be1090004e119000de11900072
:1044b000260307000002be000203be000800be0083
:1044c0000a01be00210207000004be000205be0072
:1044d0006022b8000600200007fb23006e10900049
:1044e000fe1090000e1990009e199000170307000f
:1044f0000002be000203be00641798007517980002
:10450000061f9800171f98000c06e800ce029000c6
:104510000500e00007003d006022b8006033b800ed
:104520000800be000a01be00ad0107000000e00067
:10453000040032003e039000860f5600c3ff350092
:10454000010037003c0798006022b80006002000f8
:10455000070224006e109000fe1090000e199000cb
:104560009e199000f90207000002be000203be007f
:104570006417980075179800061f9800171f980079
:104580000800be000a01be00950107000000e0001f
:104590000d0035006e129000fe1290000e1b900070
:1045a0009e1b90000800be000a01be008c0107009f
:1045b0000000e00011003a00de0290000508a300b0
:1045c000080032000d0037006044b8006055b800a4
:1045d00068179800791798000a1f98001b1f980009
:1045e000060037006000b8006011b800601798003e
:1045f00071179800021f9800131f98006e12900008
:10460000fe1290000e1b90009e1b90002e18900032
:10461000be1890004e199000de199000d1010700dd
:104620000002be000203be006417980075179800d0
:10463000061f9800171f980079fe07000203be00ae
:104640000002be00f0ff2f00f1ff2f00f2ff2f004d
:10465000f3ff27000004620081846200020563000a
:1046600083856300281f9800391f98004a1f98000f
:104670005b1f98006000b8000200200003ff2700c5
:104680000040e10001c8e10002d0e10003d8e100f0
:10469000bbfe3200be0c90008984e900291f9800ff
:1046a0005e0e90008006eb005d0798002d179800c5
:1046b0006f0037006e029000fe0290000e0b90001b
:1046c0009e0b90006e109000fe1090000e1990004e
:1046d0009e199000ee010700480507000004be0087
:1046e0000205be0067010700800078000100e000bd
:1046f00006003a002e1090000000e0000300320097
:104700008d06e8003d0f9800330037005e019000f1
:104710000200e0000c003a00ae1190000300e0003f
:1047200009003200e0c2b3006e1a900000727e00f1
:104730000c06e800ae1a90008502e900251f9800db
:104740001600200056079800ee1b90000c814300d5
:104750000d007800070278000300370003c3b300a0
:10476000035978000000e9000000e000fbff3a0078
:10477000300f9800641f98000d064600e98f500026
:1047800003003c000003200001004000020037004d
:104790007005200001004000ae009000f98f50002d
:1047a00006003e00800078000150a0001106b10014
:1047b000f98f500001003e008af507006e19900045
:1047c00000717e000c06e8008d86ea00ae199000ac
:1047d0008d814100231f98006e029000fe02900020
:1047e0000e0b90009e0b90000800be000a01be0058
:1047f000560207000002be000203be006e109000c9
:10480000fe1090000e1990009e1990004f010700b5
:104810000002be000203be006417980075179800de
:10482000061f9800171f98006022b800060020009d
:1048300007fb23006e009000fe0090000e09900020
:104840009e099000410207000004be000205be0060
:1048500068079800790798000a0f98001b0f9800c6
:10486000ae1490008904e90029179800be0e90004c
:104870002e1590000a00ea00be0590008b0f500034
:1048800004003d009e00780065805000800f5600b7
:1048900088ff39005e0190000200e0001e003a002f
:1048a0000d00e0007d003400ce0190000300e00028
:1048b0007a0034004e0a90000408a30077003a0002
:1048c000ee1a90008c804200e0c2b300804878006d
:1048d0000d0078008501780002c3b300826878007b
:1048e0000000e900fcff3a00631f98000c864600b8
:1048f0000c06e8002e1b90000600e9000d00500099
:10490000201f980004003700e0c2b300ee1b9000a7
:1049100080737e000c06e8006e1c90000c004400c2
:104920000048eb009e0478008900e9000041eb009c
:1049300002f478008001eb006e0d90000a00e000a8
:1049400003003d000a05ea006a0f980013002000ea
:10495000120020006e0a9000810378002e1b900048
:104960006e1c9000800678000900370081037800f3
:10497000a5002000110009000502d8000002be00b9
:104980000543b00005f47b000201e9000603e900dd
:104990008700e9000400e000f4ff3a00e10f510055
:1049a000f2ff3200261f9800681f98000d00780063
:1049b00001024400b2c2b3000300e0000100320073
:1049c000d2c2b300024a78000101e900ee1990005a
:1049d0008280410003c7b3002e029000f90f5200fd
:1049e00001003e0003c5b30083487800820f5600e3
:1049f00001003d004afd0700ce0a9000638062007e
:104a0000e20f500018003a002e1b90000684e900c7
:104a10004240a900140034006e189000d9f4070039
:104a2000800044008100e800ee1b9000818043007c
:104a30008701780002003700e36078000000e90099
:104a4000de0c9000890f5000fbff3d00631f9800b3
:104a5000098041000801780001032000ccfc070018
:104a60000005eb002a0f98006e189000c5f40700af
:104a70004e0a9000ae09900000017800ee189000f8
:104a80001e00900092fa07004f06be004f05be00c0
:104a90004f04be000080fa0000000600ce0d90001a
:104aa0000b48a30098ff3a009bff37000000060068
:104ab000b0f40700fdff0700fcff3700f287470056
:104ac0008e1f780002027800030178000000e000e9
:104ad000020032000007780001003700728757009b
:104ae0008002eb000100e000010032008102e900d9
:104af00070805700060009000018eb000080eb00f2
:104b000080bf9f002310200093bf9f00aebf9f0077
:104b1000b1bf9f00c5bf9f000100e00003003d0042
:104b2000b10420005167880006003700004feb00f9
:104b3000eebf9f00debf9f008400780070805700aa
:104b400076f907004f0778002f01b100000006003a
:104b50000101780080017800008268000408a30049
:104b60000500320013003700324078008059780089
:104b70000004e00014003200030278000208a300e1
:104b8000f9ff3a00030078000100370003187800ad
:104b900082007800b2017800f5ef2f008382420096
:104ba0000382ea0004826200050828000502620010
:104bb000f6ff320000027800314178000258780098
:104bc0000204e000fbff3a00040078000000060049
:104bd00000c0da000000060000c0da000000060095
:104be0008f1fd1007c0307008f87e9000000e000e1
:104bf00000000600809feb00770307008f87e90025
:104c00000000e00000000600810378008bee070042
:104c10000001be006000b8000478a30013003a0051
:104c20006220e10015003e000d0039008301d10033
:104c30000281d3008180d3008301d1000281d3009f
:104c40008180d3008301d1000281d3008180d30011
:104c50000538b000c42add00f300b2008381720081
:104c600007f0a70003f0a0000000060083ff270064
:104c7000020020006110b900f9ff370003ff270090
:104c8000f7ff37001400fa00889fbe008a9fbe001d
:104c90008c9fbe000004be000205be0068004700f5
:104ca0000a90be000890be00860307000070a700af
:104cb0000bf0a100304320009e0290008082520041
:104cc000b0fe2f000028e10011003d00b0fc2f00d5
:104cd0000028e100150034001e0990008e089000a5
:104ce0007e0090000501b0000201d1008180d30058
:104cf0000080d3008502e800fbff3a000b00e000d3
:104d0000ab033b0060001000e0801800a8033700f0
:104d1000f0ff2f00f1ff27000b00e000a4033b0091
:104d20000100280000002000a10337006000b80047
:104d30009f033700020ab900001bb9000200b80047
:104d40008100420081004300000006008c9fbe00ed
:104d50008a9fbe00889fbe00ca0107000bf0a20018
:104d6000040037008c9fbe008a9fbe00889fbe0053
:104d7000c40107000c48e1000b003a000c40e100c0
:104d8000020032008b010700400037008b066d00e7
:104d90003e0032000af0a100f3012000f2ff2f00d4
:104da0006110b900390037000c40e10037003200d3
:104db0000940e100010036007e0107008a856d0090
:104dc000cf5dde000b0575000006eb008804fd00da
:104dd00089045400010032007d0107000a04e0004c
:104de00011003a000800e0002800320004004000f2
:104df0008580480006014900878149000358a300c7
:104e0000180032008301d1000281d3008180d300d9
:104e10000080d3000c86d3000100390061067600c3
:104e20000804e8001800370004005000858058008e
:104e30000601590087815900060031000af0a200de
:104e40000c06ea0060001800e080180060011900fc
:104e5000e081190003003a000004eb000005eb00bc
:104e60000a0037000348a30007003a000c0646007a
:104e70000000480081804800020149008381490008
:104e80000804e900f7ff3700af013700c901370018
:104e90008c9fbe008a9fbe00889fbe0079010700dc
:104ea0000b056d000940e1000a003a000800e0002f
:104eb000020032000c40e10006003a000af0a100b6
:104ec0000c047800f3012000f2ff2f006110b900fc
:104ed0009d0037000c40e1009b0032000800e0001c
:104ee000990032000c48e10002003a000004eb0097
:104ef000030037000900e00004003a000c047800c9
:104f00006000b8006011b8008f0037000348a300ac
:104f100006003a000000400081804800020149007c
:104f2000838149000804e900f8ff37000748a3001f
:104f300006003a000402420085824a0006034b0044
:104f400087834b008904e900f8ff3700fd3f20000c
:104f50008d845400090454008a1f7800881f78004b
:104f60000004780081047800020578008305780049
:104f70006000b8006011b8000d0420000500370083
:104f80000804440089844c000a054d008b854d00bf
:104f9000080031000404540085845c0006055d00af
:104fa00087855d008381d2008d06d300f4ff3b002e
:104fb000070037000404440085844c0006054d00ba
:104fc00087854d008381d2008d06d300ecff3b0026
:104fd0000804440089844c000a054d008b854d006f
:104fe000080031000404540085845c0006055d005f
:104ff00087855d000281d2008d06d300f4ff3b005f
:10500000070037000404440085844c0006054d0069
:1050100087854d000281d2008d06d300ecff3b0056
:105020000804440089844c000a054d008b854d001e
:10503000080031000404540085845c0006055d000e
:1050400087855d008180d2008d06d300f4ff3b0090
:10505000070037000404440085844c0006054d0019
:1050600087854d008180d2008d06d300ecff3b0088
:105070000804440089844c000a054d008b854d00ce
:10508000080031000404540085845c0006055d00be
:1050900087855d000080d2008d06d300f4ff3b00c1
:1050a000070037000404440085844c0006054d00c9
:1050b00087854d000080d2008d06d300ecff3b00b9
:1050c0000b00e00004003d000404440085844c0013
:1050d00006054d0087854d000006eb008301d100d9
:1050e0000281d3008180d3000080d3000c86d300de
:1050f0008301d1000281d3008180d3000080d300de
:105100000c86d300890474008b0575008b847400b1
:1051100001003200610676004f0478004f057800e8
:105120000348a30007003a000c06460000004800b0
:105130008180480002014900838149000804e90098
:10514000f7ff3700000137001a0137008c9fbe00bf
:105150008a9fbe00889fbe00ca0007000b056d0035
:105160008a0578000c40e10008003a000900e000e0
:1051700082003a000af0a1000c047800f30120003c
:10518000f2ff2f006110b9007c0037000c48e100ed
:1051900004003a00870007000900e00077003a00a9
:1051a000f4ff37000800e000740032000900e0005e
:1051b00002003a007f00070070003700ed3f20003a
:1051c0008d845400090444008a1f7800881f7800e9
:1051d000871f7800861f7800851f7800841f78005d
:1051e000cb19dd00c515de008b8571004b11dd008c
:1051f000450dde000a057100cb08dd00c504de00a8
:10520000898470004b04dd000440b8000546b800f6
:105210008c80400060814e00044eb8008c804000bd
:105220000d0149008001eb000318ad000456b800e1
:105230000c0141008d8149000002eb000420ad000b
:105240000646b8000c0141008d81490060024a0009
:10525000054eb8000c0141008d81490060024a00f2
:105260000556b8008c8141000d024a008002eb0017
:105270000528ad000746b8008c8141000d024a00a8
:10528000e0824a00064eb8008c8141000d024a00bf
:10529000e0824a004f0678000c5eb8008c81410025
:1052a0000d024a00e0824a000656b8000c02420095
:1052b0008d824a000003eb000630ad00074eb800b7
:1052c0000c0242008d824a0060034b004f067800ba
:1052d0000c5eb8000c0242008d824a0060034b0055
:1052e0000756b8008c8242000d034b008003eb0090
:1052f0000738ad004f0678000c5eb8008c82420083
:105300000d034b00e0834b004f0678000c5eb800a5
:105310000c0343008d834b004f0478004f05780049
:105320000748a3000a003a000000400081804800be
:10533000020149008381490004024a0085824a0033
:1053400006034b0087834b000804e900f4ff370095
:1053500003067800808070008280700001003200b7
:1053600061067600870178000601780085007800e4
:105370000400780088047800780037008d0037003a
:105380008c06460002003a000000a600000006005d
:1053900060004800e080480060014900e081490069
:1053a0000350a600000006008301d1000804e800b5
:1053b000000006000002fd008102fd000203fd0066
:1053c0008303fd008804fd008a05fd00000006003f
:1053d0007048e1001a0039007d0320000d48e1000b
:1053e0000a00390081057000830671008c85750004
:1053f0008d8575000006eb000cd8e700610676008d
:105400006000b8006011b800000006007048e100bc
:105410000b0039008c057800000678000100780048
:1054200082007800030178008001eb0003d8e700d8
:1054300061067600f0845400f4ff3a000000060094
:105440006160e1000c48ad00f08514008b06dd00c2
:105450000966de000d0676008b0edd000900de0019
:105460000d0070008b16dd008908de008d80700055
:105470008b1edd000911de000d0171008919de00af
:10548000000006000d002800fc7f20000d85610053
:10549000441cde00ef8161000c0464000100320056
:1054a0000340a0008d856300c43cde00ef836300f1
:1054b0008c846400010032000740a0000c40e10031
:1054c00006003a00ef8661008286760081867600cb
:1054d0008086760001003200180037000c48e10099
:1054e00007003a00ef8663008686760085867600a0
:1054f0008486760002003200aeff07000f003700fe
:105500000348a30005003a008106700082867600f9
:1055100083867600010032000804e8000748a300f3
:1055200005003a008506720086867600878676003a
:10553000010032008904e80000000600cf04780072
:10554000cf0578001b003700000278008102780048
:105550000203780083037800880478000cf0a70029
:1055600087ff0700fd7f20000d40e10004003500ab
:105570000d0478006000b8006011b8000d0037001d
:105580000800e0000b003c00040078008500780073
:105590000601780087017800e18414008cff070081
:1055a0000cf0a70076ff07000004eb000340a70003
:1055b0000804e8004444dd006fc5610088017500ff
:1055c0004f04be004f05be004f06be00000006009f
:1055d000889fbe008a9fbe0030044200b0844a000b
:1055e00030054b0090854b006000b1000898be006c
:1055f0000a90be000440e10005c8e10006d0e100c9
:1056000007d8e10002003100680040001008e800ff
:105610004f05be004f04be0000000600889fbe007c
:105620008a9fbe003004be002005be00041854004e
:1056300005985c0006185d0007985d0011002000c9
:105640000440e10005c8e10006d0e10007d8e10010
:10565000010039008000eb00108810004f05be00eb
:105660004f04be00000006001200fa00889fbe0032
:105670008a9fbe008c9fbe00e0b79f00f1b79f00dd
:1056800082bf9f0093bf9f000605be000404be00ba
:105690000000eb00d0b79f00c0b79f00b0b79f00dd
:1056a000a0b79f0090b79f00000678005fb19700f9
:1056b000cfb09700820141003fb097000200e000a8
:1056c00004003d00370007007e805700c0ff070040
:1056d00003003700330007007e805700cfff07002c
:1056e000dfb697000d00e0000c0035006fb29700a8
:1056f000ffb297000fbb97009fbb970010002000e0
:10570000010020006011b800000272008182720066
:1057100002037300838373001b0007000c06e8007c
:1057200001042000810f5600e0ff3a000d00e00068
:1057300004003d000802be000a03be007e80570040
:10574000a3ff07005fa897000000e00005003a00f3
:105750001fb29700afb297003fb39700cfb3970047
:10576000090007006fb09700ffb097000fb99700ce
:105770009fb997004f06be004f05be004f04be0004
:105780000080fa000000060001000700000006008b
:10579000a4b79f00b5b79f00c6b79f00d7b79f00bb
:1057a000000006004f09de0082817100b3b79f0040
:1057b0004f01de008180400082807000a1b79f0011
:1057c0008fb097004f09de0000004000020070001b
:1057d00090b79f007fa897004f01de0081804000b6
:1057e0008280700081b79f000d0007004f3ade00f5
:1057f0000000400004007000f0af9f0008000700a8
:105800000402420085824a0006034b0087834b0056
:10581000dfff07000802be000a03be00000006000a
:105820002fb29700bfb297004fb39700dfb3970036
:1058300000000600881f780018002000881f7800ec
:1058400089ff07008f87e9004f04780000000600f9
:10585000801feb0084ff07008f87e900000006002f
:10586000889fbe008a9fbe00e00f5000e08f580066
:10587000e00f5900e08f59000c003d006044b80073
:105880006055b8000000540081805c0002015d009a
:1058900083815d00180020001500070008003d000e
:1058a000180007000004eb00050037000004eb00bf
:1058b0000f00070002003d00120007001800200042
:1058c000dcff07000800e000060032006022b8009c
:1058d0006033b8000000520081805a0002015b0072
:1058e00083815b004f05be004f04be000000060030
:1058f000e00f5200e08f5a00e00f5b00e08f5b008a
:10590000000006006044b8006055b800040254006e
:1059100085825c0006035d0087835d000000060051
:10592000889fbe008a9fbe008c1f7800e00f500049
:10593000e08f5800e00f5900e08f59000d003d0046
:105940006044b8006055b8000000540081805c00dd
:1059500002015d0083815d001c0020000820e10041
:1059600009a8e1000ab0e1000bb8e1000d003d001c
:10597000080037000006eb00e00f5200e08f5a00ed
:10598000e00f5b00e08f5b0006003d006044b80064
:105990006055b8000402540085825c0006035d0077
:1059a00087835d00aaff07000c00e00006003200bc
:1059b0006022b8006033b8000000520081805a00b5
:1059c00002015b0083815b004f0678004f05be003b
:1059d0004f04be0000000600889fbe008a9fbe00e4
:1059e0008c9fbe000404be000605be00809fbe0062
:1059f000829fbe0021000700040678000800be0058
:105a00000a01be001d000700840678004f03be0097
:105a10004f02be008d4f76007fb097001300330019
:105a2000f0ff2f008b8f6b0006003b000d06660019
:105a30000c00a7000a00370007f0a60010002000a5
:105a40000a003700880f5200898f5a008a0f5b00c6
:105a50008b8f5b00030039001000200001003e0026
:105a60000000200007f0a7000000ea004f06be007b
:105a70004f05be004f04be000000060005ff2700d2
:105a800005826100070032000428e10001003200b5
:105a9000240005000600070001003a00440005004c
:105aa0000408050002000700f9ff3a001400050091
:105ab0006f826100810270008502710085027200b0
:105ac00000000600800078005002be005003be00b7
:105ad0004439de00f700b200f37f200003016100cb
:105ae000090032000218e10016003a008501720038
:105af00083017300838173000008200015003a00c1
:105b000040002000130037008501720083017300fc
:105b10008381730005003a0004a8be0006a8be00f9
:105b2000100020000b0037000201e90004024200cf
:105b300085824a0006034b0087834b000748a30079
:105b4000f9ff32000740a00004a8be0006a8be006e
:105b500020002000800098009200980000000600bd
:105b6000680447000294be000094be00fc04470095
:105b70008694be008494be0009007800d1ff07001f
:105b800008007800cfff070099007800814f70006f
:105b90000b003b000800be000a0007004f00b100e8
:105ba00003003700f3ff2700f2ff2f006110b90058
:105bb0004f06be004f05be004f04be000080fa0035
:105bc00000000600e48240001078a30007003200c5
:105bd000640240001178a3003400be001401be002e
:105be000040032000330a700000006003500be00ac
:105bf0001501be000330a000000006001800fa00e6
:105c0000889fbe008a9fbe008c1f78000004be00e3
:105c10000205be000802be000a03be00443ade00d0
:105c2000f07f20000006620020432000800f560015
:105c300067003c006022b8006033b8000800be0076
:105c4000e7fb07000000e000610032000802be0030
:105c50000a03be00b4b79f00c5b79f00d6b79f0028
:105c6000e7b79f00e00f5200e08f5a00e00f5b00a3
:105c7000e08f5b000b003d006022b80006002000b2
:105c8000073324000800be000a01be002ffc0700f5
:105c90006022b800060020000733240031fc070012
:105ca0000a0037006022b8000600200007332400f5
:105cb0000800be000a01be002afc07006022b800ee
:105cc000060020000733240020fc07000802be0065
:105cd0000a03be001dfc07000002be000203be0056
:105ce000f4b79f0085bf9f0096bf9f00a7bf9f008e
:105cf000e03f2000800f560017003c007fb0970067
:105d00008fb897001fb99700afb99700f0af9f0009
:105d100081b79f0092b79f00a3b79f006044b8006f
:105d20006055b8003fb29700cfb297005fb39700bd
:105d3000efb39700e00f5200e08f5a00e00f5b00d6
:105d4000e08f5b0022003d006044b8000a002000a4
:105d50000bff2b001e0037006022b8006033b80034
:105d60007fb097008fb897001fb99700afb9970021
:105d7000a0fb07000000e0000c0034007fb2970099
:105d80008fba97001fbb9700afbb97000800be00fb
:105d90000a01be00f3fb07006022b80006002000e5
:105da00007ff2300e9fb0700070037007fb29700d9
:105db0008fba97001fbb9700afbb97000800be00cb
:105dc0000a01be00e7fb07000004be000205be009a
:105dd0000800be000a01be004f0678004f05be0055
:105de0004f04be000080fa00000006000000fa0028
:105df000aa22ef00f01f280040158800c0002000f4
:105e0000301588000008200020158800a222ef002d
:105e10000000280000158800a022a8001000200023
:105e200090478800a00020005a2007000080fa0058
:105e3000000006000200fa00000f78009e007800c3
:105e40006f80600030158800a022a8009200090031
:105e5000000000000080fa00000006000400fa00c4
:105e600010079800401f2000000f7800a002a90032
:105e7000a022a90000000000001580006100600061
:105e80000000e00004003a001e0fe9001e00780048
:105e90000000e000f8ff3a001e0078000000e0007b
:105ea000070032001e0090006900500001148000bd
:105eb00000014000e0cd2000000041000108780012
:105ec0000080fa00000006000000fa009047800001
:105ed0000000e0001d003200c0002000dfff0700ce
:105ee000d0002000d3ff0700d0002000dbff070018
:105ef000a047800081cf2f000000400000804000bc
:105f000010007800cbff0700a047800081cf2f0052
:105f1000000040000080400010007800cfff070024
:105f2000a04780000000e800a0478800a04780004c
:105f3000e30f500001003400f428ef00c0002000ff
:105f400030158800a022a8000100370000000000e2
:105f50000080fa00000006000200fa00000f78003e
:105f60001e007800e80f5000030036001e00780085
:105f7000ee0f5000020036000000eb000600370074
:105f80009e0078006980500080004000e0cd200035
:105f900000804000100078000080fa000000060039
:105fa0003200f800900188006118e100040032001e
:105fb0007018e10002003200f0ff2f0003003700ec
:105fc0003119ba008301e900fdff3a003200f900ff
:105fd00000000600849fbe004220a9004404240063
:105fe0006110e1000a003200540424007010e10046
:105ff0000700320064042400f5ff2f000510e100c3
:1060000003003200f0ff2f004f02be000000060028
:106010003200f800203b8800113b8800043b8800d8
:106020000500fc0050052000303b8800a00a20003d
:10603000303b880061e7a80000000000000000007d
:1060400061e7af00feff37000000eb003200f9000f
:106050004f02be0000000600841f78004220a90005
:10606000440024006118e1000600320054002400be
:106070007018e100030032004f027800f0ff2f009b
:10608000000006003200f80091018800821f7800ad
:106090003019bb008301e900fdff3a00213b880075
:1060a0004f017800123b8800043b88000500fc008b
:1060b00050052000303b8800a00a2000303b8800bb
:1060c00061e7a800000000000000000061e7af00e9
:1060d000feff37000000eb003200f9004f027800ad
:1060e000000006000400fa00004f78001107980035
:1060f0009e40780061cf60001e0090000000d1003b
:10610000004078001e4f68001e0090004300de0033
:10611000004078001e4f68001e0090004500de0021
:10612000004078001e4f68001e0090004e00de0008
:10613000004078001e4f68001e00900000004000e4
:10614000100798001e80fb00e10060001e00900018
:10615000008040000080fa00000006000600fa00ff
:10616000204798002107980070002000000f780059
:10617000ae0090002e409000daff07002007980044
:106180002e4090008080fb001e0078000088de001a
:1061900000407800ae009000d2ff07002007980072
:1061a0001e0fe9001e0078000000e000f4ff3a0036
:1061b0002e0090000080fa00000006000400fa00a3
:1061c000000f7800110798001e007800004078004a
:1061d0009e009000e1ff0700100798001e00780065
:1061e0004800de00004078009e009000dbff0700c2
:1061f0000080fa00000006000200fa000000eb0038
:10620000000f78001e0078008000400060b420007d
:10621000008040008000eb00010878001e0fe800bd
:106220001e007800ea0f5000f6ff340090002000b6
:10623000e05a8800007d2000105b8800c01220001a
:10624000205b88000000eb00305b880030002000fd
:10625000405b880030002000f05a880020002000b9
:10626000005b8800c0122000505b880010002000f6
:10627000605b88000000eb00705b88006004200019
:10628000805b880080022000905b88000000eb00ab
:10629000a05b88000000eb00b05b88000000eb0012
:1062a000c05b88000000eb00d05b88000000eb00c2
:1062b000e05b88000000eb00f05b8800809d200020
:1062c000105c880020482100205c8800604220008b
:1062d000305c880020032000405c8800a0b82000cb
:1062e00011c0b30001487800b0b8200011c0b3005d
:1062f00001487800f0032000605c8800a0ac20001a
:10630000705c880000832000805c8800608520002d
:10631000905c880040062000a05c880010232400c8
:10632000f1002000b05c8800c15c8800800720007c
:10633000d05c880064000700130020000285200064
:10634000010f2f00f007200015ff0700804280009a
:106350000000e8008042880012002000010f2f009a
:10636000f00720001bff070013002000020f2f0082
:10637000f10720000085200037ff07000080fa00a9
:10638000000006000800fa00f15a8000110798008a
:10639000c0002000200798001e009000e60f50006b
:1063a000070032001e009000e70f500002003a0084
:1063b00020002000010037000000eb000100370042
:1063c00010002000205d88000000eb00005c8800c9
:1063d0000000eb00000f7800330037001e0078004b
:1063e0008000400060b42000008040001000780071
:1063f000300798002e0090009e007800808f50009b
:106400000c003a001e009000e60f5000070032001a
:106410001e009000e70f5000020032001e009000a6
:10642000010037001000200001003700300020007c
:10643000300798001e007800fd0f500003003a005e
:10644000005c80003007980004003700015c800089
:106450003e00900059ff0700005c88009e00780015
:106460000080270000804000000040001200200053
:1064700080007800f0072000d6fe07009e0078001c
:10648000008027000080400000004000800078006d
:10649000660047001300200001017800f10720008a
:1064a000edfe07001e0fe8001e007800fd0f5000f3
:1064b000caff3600005c8000405d880015000700c0
:1064c0000080fa00000006000200fa000000eb0065
:1064d000000f78001e00780080004000e0b9200026
:1064e000008040008000eb00010878001e0fe800eb
:1064f0001e007800e70f5000f6ff360030a424009d
:10650000f05c880010002000005d88000080fa0028
:10651000000006000200fa000000eb00605d880049
:106520000000eb00000f7800210037001e0078000b
:10653000e60f500008003e00615d80001e007800fc
:1065400000014000e0b92000000041001000780088
:106550001aff0700605d88009e0078000088270011
:106560000080400000004000120020008000780001
:10657000f007200097fe07009e00780000882700a3
:10658000008040000000400080007800e2b9200058
:106590001e007800000040000000410013002000b1
:1065a00001017800f1072000abfe07001e0fe80094
:1065b0001e007800e70f5000dcff36000080fa0074
:1065c000000006000400fa000000eb00100798002d
:1065d0000000eb00000f780019003700e1b920003f
:1065e0001e00780000004000808040001e017800fe
:1065f0000088270000004100000040001300200038
:106600000101780080007800f007200064fe070098
:106610001e007800e60f500008003e001e007800c3
:1066200080004000e0b920000080400010007800a9
:106630009e009000e1fe0700100798001e0fe80082
:106640001e007800e70f5000e4ff3600615d800017
:106650001e009000808f500019003a00f15c80000d
:1066600030a42400808f500015003a00005d8000a7
:10667000e10f500012003a00105d80000000e000c1
:106680000f003500105d8000e10f50000c003c0051
:10669000205d80000000e00009003500205d8000e2
:1066a000e20f500006003c00305d80000000e0007a
:1066b00003003500305d8000e10f5000030034001e
:1066c00081ff070010002000010037000000eb00f0
:1066d0000080fa00000006000000fa00405d800023
:1066e0000000e00006003200415d8000005c800098
:1066f000808f5000020032000000eb00205d880017
:10670000f05a8000e30f500005003a00205d800041
:10671000e10f500002003a0060002000f05a8800ab
:10672000f05a8000e10f500005003a00205d800023
:10673000e20f500002003a0070002000f05a88007a
:106740000080fa00000006000400fa000000eb00e0
:10675000100798000000eb00000f780019003700c8
:1067600061b420001e0078000000400080804000de
:106770001e0178000080270000004100000040005a
:10678000130020000101780080007800f00720004d
:1067900003fe07001e007800fc0f500008003e00ba
:1067a0001e0078008000400060b42000008040009f
:1067b000100078009e00900080fe070010079800ef
:1067c0001e0fe8001e007800fd0f5000e4ff3600a9
:1067d0001300200002852000010f2f00f007200089
:1067e000effd0700015c80001e0090000080680043
:1067f00000f0a7000000ea000000ea004f00de0001
:106800000080fa00000006000200fa000000eb0021
:10681000e05c88000000eb00000f780021003700ea
:106820001e007800ec0f500008003e00e15c800084
:106830001e0078000001400020b820000000410048
:10684000100078005dfe0700e05c88009e00780084
:10685000008227000080400000004000120020005d
:1068600080007800f0072000dafd07009e00780025
:106870000082270000804000000040008000780077
:1068800022b820001e0078000000400000004100f7
:106890001300200001017800f1072000eefd070041
:1068a0001e0fe8001e007800ed0f5000dcff3600e0
:1068b00018ff07000080fa00000006000400fa003c
:1068c0000000eb00100798000000eb00000f7800bc
:1068d0001900370021b820001e0078000000400099
:1068e000808040001e0178000082270000004100e7
:1068f00000004000130020000101780080007800b3
:10690000f0072000a6fd07001e007800ec0f5000e5
:1069100008003e001e0078008000400020b82000e3
:1069200000804000100078009e00900023fe0700c9
:10693000100798001e0fe8001e007800ed0f5000b1
:10694000e4ff3600e15c80001e00900000806800db
:1069500000f0a7000000ea000000ea004f00de009f
:106960000080fa00000006000000fa0000000000ad
:10697000a0168000610060000000e000fcff3a000b
:1069800070168000620060000000e000f8ff320036
:106990000080fa00000006000000fa00000000007d
:1069a000a0168000610060000000e000fcff3a00db
:1069b000800c2000771d07000080fa000000060010
:1069c0000400fa00100798001e00900010407800a4
:1069d0000000fb00000f78001e0090000000e8009f
:1069e00010079800060037001e0090001040780045
:1069f0009e0090008100e80011079800c21d07006a
:106a00001e00780000f0a7000000ea000000ea0085
:106a10004f00de00004078001e0fe9000004e00097
:106a2000f1ff3a000080fa00000006000000fa00c2
:106a3000744080000267200003002000f002120072
:106a400004003b008502ea000598de00cf98de00d6
:106a500004003700851add000410de00008072009b
:106a60008498de000000780061006000004078003b
:106a70000004e00002003200400620000100370060
:106a8000a0282000104788000080fa0000000600bf
:106a90000200fa00000f78001e0078000000e000fd
:106aa00005003200405c800080007800a07f21005b
:106ab000121d070008003700405c80006a00b90022
:106ac0000000780080007800c0f620000b1d070051
:106ad000401f20002f1d07000080fa000000060064
:106ae0000800fa002007980031079800ae009000d7
:106af0003e00900000017800110009008200d800db
:106b0000000f7800ae0090003e0090000001780079
:106b1000110009008200d8008000fd0010079800d5
:106b20003e0090008080d1001e009000808f5000b9
:106b300001003c001e0fe8001e0078000080fa00f3
:106b4000000006000000fa000428ef00f041800079
:106b50000000e0003d003200f04180006200600073
:106b60000000e00009003200f1418000d003200065
:106b700000806000f0418800caa2a9004001200006
:106b8000041d0700caa2a80031003700f0418000b0
:106b900061006000004078000004e0000500320061
:106ba000f1418000e003200000806000f041880097
:106bb00027003700f0418000640060000000e00022
:106bc00005003200f1418000b00320000080600029
:106bd000f04188001e003700f0418000680060002e
:106be0000000e00005003200f14180007003200049
:106bf00000806000f041880015003700f0418000ff
:106c0000700060000000e000060032002628ef005f
:106c1000f1418000f002200000806000f041880017
:106c20000b003700f141800000022000008060006e
:106c30000000e00006003200f04180007f006000ac
:106c4000f041880000000000010037000000000053
:106c50000080fa00000006000200fa00000f780031
:106c600060478000e10f50000b003a00005b80009d
:106c70000000e00008003a001e007800800040009c
:106c8000c099200000804000100078004cff0700f1
:106c9000ec28ef00000000000080fa000000060071
:106ca0000400fa00100798000000eb00000f7800c5
:106cb0001e0078008000400060772f0000804000b8
:106cc000900078001e009000808f500005003e006c
:106cd0001e0fe8001e007800e90f5000f4ff34009a
:106ce00001003700000000001e0078000080fa005c
:106cf000000006000400fa00000f78001107980059
:106d00001e009000e80f5000160032001e00900098
:106d1000e90f5000150032001e009000eb0f5000ec
:106d2000140032000000eb001f0037001e00780046
:106d3000104078000000fb0001fd2f008080400023
:106d400010c0b300e98f500001003e000040eb008e
:106d50001e0fe8000004e000070032000000eb0016
:106d600011003700000000000300370000000000a1
:106d700001003700000000001e00900000f0a70096
:106d80000000ea000000ea004f00de00004078004a
:106d90009e0090008100e900110798000004e000c7
:106da000e2ff3a00100020000080fa000000060018
:106db0000600fa00200798002e0090009eeb0700c6
:106dc000401fb0000180b000823e20000300200080
:106dd000e3e50700008fbe000053270001002000fc
:106de0001e01be00800f5100818f59000300340046
:106df0002053270001002000008fbe001e007800f5
:106e0000a7ff07000080fa00000006000200fa0059
:106e10001000200090ff0700c71c07000004e000de
:106e200041003200d61c0700004f7800c0478000a8
:106e30000000e0000500320060c4b3009e4078000e
:106e400080cf500001003a003c110700c04780008d
:106e50000000e00004003a0060c4b3009e407800e7
:106e600080cf50002f003a00c0478000e10f500053
:106e700006003a0010c4b3009e40780080cf500056
:106e8000020032002d11070027003700c0478000a4
:106e90001e41780001ca2000827078000000e800de
:106ea000c0478800c0478000ee0f50000200340049
:106eb000221107001c003700b0c3b3009e407800c9
:106ec00080cf500018003a00c04780000000e90061
:106ed00001ca20000041eb0082707800c0478000aa
:106ee000e300500000ca20000080e80081ff070096
:106ef0000000e00009003200005b80000000e000bc
:106f00000200320010002000b047880000ca2000b4
:106f10000080e800a6ff0700e05a8800071107007c
:106f200001003700000000000080fa0000000600a9
:106f30003200fa00889fbe006a0f470000ca200096
:106f400064004000200798000040eb00204f9800ac
:106f5000e05980008000eb00b6e507000004be00a9
:106f6000205c8000cf80de00afe507000001be009e
:106f70000800be00a3e70700024022004397240058
:106f8000c1e60700300798004107980000ca2000ba
:106f90009040780060c4b30080cf500005003a00f4
:106fa00010ca20009040780010c4b30080cf500079
:106fb0000a00320000ca20009040780090c4b3005c
:106fc00080cf50001e003a0010ca20009040780088
:106fd00060c4b30080cf500019003a0000ca2000fe
:106fe0009040780090c4b30080cf500006003a0073
:106ff000c0478000ec0f500023013400d0ca2000ad
:107000008040eb000148780000ca20000080e800c2
:107010005ceb07008000780000ca20000080e800d8
:1070200034ff07000000e0001901320000ca200010
:107030000080e8005eff0700e05a88001901370071
:1070400000ca20009040780080c4b30080cf500078
:1070500011013a0010ca20009040780020c5b3000a
:1070600080cf50000e013a0020ca20001040780066
:107070000080fb00c800dd0030ca2000104078000e
:107080000080fb000100700041d42400810f5000fb
:107090004d00320041d42400810f500011003c000b
:1070a000e1242400810f50001f003200e12424005d
:1070b000810f500004003c0041152400810f500056
:1070c0009c003200da00370021252400810f500097
:1070d000a100320081b52400810f5000b7003200ba
:1070e000d3003700d1442500810f5000bc0032008e
:1070f000d1442500810f500004003c00812525006b
:10710000810f50004b003200c900370001452500b7
:10711000810f50006800320041652500810f50004a
:1071200076003200c20037002e0090001040780038
:107130000004e0000c003a00e05a800080004000ab
:10714000e07b2f0000804000900078006a0047003c
:10715000811f780041802f00811f780060ea0700be
:10716000e4875700b20037002e00900010407800ee
:107170000000fb000003b100e90f50009d003e003d
:107180002e0090007cea0700100798001e00900077
:107190000000e000090035001e009000ea0f5000da
:1071a00006003c001e00900080004000807a2f0006
:1071b000008040001000780001003700a00020008f
:1071c000e05a88009a0037002e00900010407800a6
:1071d0000004e00008003a00e14180006a00470036
:1071e000811f7800b1802f00811f78003cea0700e2
:1071f000e48757008e0037002e0090001040780082
:107200000000fb000003b100e90f50007b003e00ce
:107210002e0090009040780010c3b30000c06800ba
:107220000080fb000000e9004f00de00e041880024
:107230007f0037002e009000104078000004e0002e
:1072400070003a00605b800031772f006140780069
:107250000003fb0025418000e05a800080004000d0
:10726000c09c20000080400010027800e0418000b7
:1072700080004000209e20000080400090017800a7
:107280006a0147003e009000ce009000809fbe0043
:10729000861f7800851f7800841f7800831f780080
:1072a00020812f00801f7800020078000cea070080
:1072b000ee8757005e0037002e00900010407800e7
:1072c0000004e00051003a00605b800031772f003d
:1072d000614078000001fb00214180006a00470006
:1072e000821f7800811f780061822f00811f780043
:1072f000fbe90700e68757004d0037002e0090009d
:10730000104078000004e00042003a006a014700a3
:107310003e009000ce009000809fbe00f0822f00c3
:10732000801f780002007800ede90700e68757002b
:107330003f0037002e009000104078000004e0006d
:1073400036003a006a0047006200200091832f0057
:1073500070ea0700360037002e00900010407800d9
:107360000004e0002f003a00405b80000080e9004c
:10737000100798001e0090000000e00002003d0091
:107380000000eb00100798001e009000e30f500073
:107390000200340030002000100798006a00470007
:1073a0009e009000811f7800f1832f00811f7800dc
:1073b000cbe90700e48757001d0037002e0090003e
:1073c000104078000004e00018003a006a0047000e
:1073d0006200200061842f004eea0700140037008d
:1073e0006a00470052002000c1842f0049ea0700cc
:1073f0000f003700000000000d0037000000000003
:107400000b003700000000000900370000000000fa
:1074100007003700000000000500370000000000f2
:1074200003003700000000000100370000000000ea
:107430001e007800104078000004e00006003a00ca
:10744000180037001e007800104078001e0fe8007a
:107450002d1b070001003700000000001e0078000f
:10746000104078000004e000f6ff3a00b0c3b3001b
:10747000251b0700d0c0b300231b0700a0c0b3002a
:10748000211b07000700370000000000050037003f
:10749000000000000300370000000000010037007a
:1074a000000000004f04be000080fa00000006004b
:1074b0000200fa0026003700311b07000080fb00a5
:1074c00048ea0700004f7800c04780000000e00055
:1074d00004003200c04380000000e00001003a00d8
:1074e000960f0700b0c3b3009e40780080cf5000d5
:1074f00003003a008efe0700900f070014003700cb
:10750000c04780000000e00006003a001e407800fe
:107510000054a0000000fb001006b100f90f50005d
:107520000b003e0000478000c0438800c047800039
:10753000ee0f500006003c00c04780001e4178005e
:1075400001ca2000827078000000e800c04788006f
:10755000f91a07000004e000d7ff3a000080fa00a3
:10756000000006000400fa00100798001e009000ba
:107570004480de00000f78001e0078006a00b90029
:1075800000007800000f78001e0090006f0060007f
:107590001e0040000080fa00000006000600fa000d
:1075a0006000b800008fbe000000eb0020079800cc
:1075b0009e009000400620000088b900000178007d
:1075c0001e0078006000b900000078000001410052
:1075d0009e007800400620000008b800010141002c
:1075e00082007800008fbe00008fbe0001ca20001c
:1075f0002e00900000804000104078000080fb00ca
:10760000d8ff07006101b9001e00be000200400063
:1076100083804800008fbe002e0090000000e8002c
:10762000200798002e009000e30f5000e0ff340088
:1076300022032000030020001e0f41005e97490036
:107640001e00be004206200003002000c4e3070025
:10765000008fbe0000532700010020001e01be0065
:10766000800f5100818f5900030034002053270000
:1076700001002000008fbe001e00780088fd07007a
:107680000080fa00000006000000fa00881f780061
:107690000000eb0070fd0700a71a07000004e000df
:1076a00014003200c8478000b51a070001ca200044
:1076b00080707c000800e800c0478800800c200033
:1076c000c0438800c0478000e40f50001000340021
:1076d000005b80000000e00002003200100020008b
:1076e000b0478800adff0700e05a8800130f07007d
:1076f00007003700c04780000000e00004003200af
:10770000c04380000000e00001003a000b0f0700ba
:107710004f0478000080fa00000006000000fa0024
:10772000889fbe00304480000000e0001c003a004a
:107730006241800073418000006a2800110020002f
:10774000800f5100818f59000e003400604180008d
:1077500071418000b4e307000004be00b05c80000b
:10776000c15c8000b0e30700020020000312240087
:10777000c5e407000001be000800be00c2e4070027
:10778000010037006000b80090438800a1438800e2
:107790002c28ef002e28ef004006200030448800ff
:1077a00090438000a14380004f04be000080fa0097
:1077b000000006000000fa00889fbe0051438000d0
:1077c00000428000808f500007003200004280009d
:1077d000504388006000b80060438800714388000f
:1077e0007028ef0034003700d05980008000eb0093
:1077f00090e307000004be00105c8000cf80de0034
:1078000089e307000001be000800be007de5070017
:10781000c0408800d1408800c4408000d54080002e
:10782000604380007143800018c0b3000001be00b7
:107830000400be0059e307000000e00001003c0026
:107840000044eb000804e00007003200c040800064
:10785000d14080006043880071438800800c200084
:10786000804388000a003700804380000000e00069
:1078700004003200804380000000e900804388005b
:10788000030037006000b80060438800714388003f
:10789000504280000000e00003003200c040800041
:1078a000d1408000020037006043800071438000b7
:1078b00052002000880e07004f04be000080fa002e
:1078c000000006000000fa00ca82a9003c28ef0070
:1078d0008c21ef00e842a900e862a9002efc070015
:1078e000cfa2a900ffff37000400fa00889fbe0066
:1078f000c2418000d341800030438000414380007a
:10790000800f5100818f590007003500c041800071
:10791000d14180003043880041438800803e2000f0
:107920000044880007003700004480000000e000a9
:1079300004003a006628ef006828ef006000b800f5
:10794000008fbe00304380004143800036e30700d3
:107950000004be00305c8000cf80de0032e3070010
:107960000001be000800be0026e50700008fbe0033
:10797000f05b80000000e0001500320018c0b3008a
:1079800062da2d0073c124001e00be0003e307006d
:107990000000e00001003c000044eb000804e000af
:1079a0000800320002002500337c24001e00be00c7
:1079b00035e4070061e7070062002000460e07007b
:1079c00013003700b04d8000210e07001000370073
:1079d00018c0b30062da2d0073c124001e00be007f
:1079e000eee207000000e00001003c000044eb0074
:1079f0000804e00004003200220020001e00be0047
:107a0000350e070002003700a04d8000100e070061
:107a10004f04be000080fa00000006000000fa00db
:107a2000504780000000e00003003a00d0592f00ca
:107a3000070e070004003700e0408000f14080009e
:107a400032002000240e07000080fa00000006002b
:107a50000000fa00889fbe008a9fbe008040800020
:107a60009140800082142e00a3f72300e5e4070074
:107a70000004be00e05980008000eb00ede207004a
:107a80000005be00205c8000cf80de00e6e207003b
:107a90000001be000a00be00dae407000200200078
:107aa00083242400f8e307000001be000800be00a4
:107ab00010e30700804088009140880080408000eb
:107ac0009140800042002000030e07004f05be00d9
:107ad0004f04be000080fa00000006000000fa001b
:107ae000881f7800685b800020418000cf80de0026
:107af000cde2070008017800f70d07004f04780079
:107b00000080fa00000006000000fa0003ff0700f2
:107b1000809fbe0000762f00801f780060b220009a
:107b20008be80700e687570060b22000c80d070009
:107b30006dff07000080fa00000006006000fa00f8
:107b4000889fbe008a9fbe008c9fbe00660f4700c4
:107b5000c0418000d1418000b3e207000004be00b4
:107b6000305c8000cf80de00afe207000001be0085
:107b70000800be00a3e40700100798002107980042
:107b8000f1418000312f980071428000412f980010
:107b900021418000512f980018c0b30062da2d00f7
:107ba00073c124001e009000ae0090007be207002d
:107bb0000000e00001003c000044eb000804e0008d
:107bc0000700320002c22b00e3cb24001e0090000d
:107bd000ae009000ace307000005be0001003700d6
:107be0006055b800d05980008000eb0091e207009a
:107bf0000004be00105c8000cf80de008ae2070037
:107c00000001be000800be007ee40700020025005f
:107c1000338424009ce307000006be00e059800086
:107c20008000eb0083e207000004be00205c8000bf
:107c3000cf80de007ce207000001be000800be002d
:107c400070e4070002402200439724008ee30700ff
:107c50000004be0050478000cf80de0072e20700c3
:107c600002002000832c240087e307000001be00ef
:107c7000e05a80008000400060b420000080400096
:107c8000100078000000e800602f9800e75a80009c
:107c9000605b800031772f00614078000003fb00bb
:107ca000eec8bf008002fb00b15b800010772f00a0
:107cb00060c078000002fb00e1418000f0762f00f8
:107cc00060c078000000fb00e6004700712f9800bc
:107cd000be289000811f7800ce289000811f780078
:107ce000de289000811f78008a9fbe008c9fbe0016
:107cf000889fbe00829fbe00ee289000811f780002
:107d0000871f7800861f7800851f7800841f780001
:107d1000801f780010852f00801f78007e2890003b
:107d20006fe707004f02b100040037001e00780023
:107d3000104078001e0fe800f31807001e007800be
:107d4000104078000004e000f8ff3a004f06be0043
:107d50004f05be004f04be000080fa000000060080
:107d60000400fa0050408000e10f5000cf003200c4
:107d7000d04380000000e0000c003a00005b80006f
:107d80000000e000090032006cff0700015b80008a
:107d9000803e20000088b90000007800d0438800b1
:107da000d04380004006b000f0438800e21807008e
:107db0000004e000bf003200f1180700004f780017
:107dc0001e407800ea4f5000bc003200c0478000df
:107dd000e10f50000f003200e10f500003003c00a3
:107de0000000e000060032001e003700e20f5000e5
:107df0000e003200e30f500015003200190037006a
:107e0000d0c3b3009e40780080cf500017003200ee
:107e1000ad0037001e00fb001004b100f90f500048
:107e200014003600450d0700a70037001e407800fb
:107e3000ed4f5000110032001e00fb000003b100a6
:107e4000e90f50000f0036003c0d07009e00370080
:107e50001e407800ed4f50000c003200370d070037
:107e600099003700350d070097003700000000002b
:107e70000700370000000000050037000000000088
:107e80000300370000000000010037000000000080
:107e9000c04780001e41780001ca2000827078002f
:107ea0000000e800c04788001e407800ed4f5000f9
:107eb00084003a00005b80000000e0000600320011
:107ec000015b8000803e20000088b900000078003f
:107ed0004006b0000100370080382100f0438800e0
:107ee00010ca200010407800004f780020ca2000ff
:107ef000104078000080fb000003b100e90f500043
:107f000005003e0020ca2000104078000080fb00e1
:107f10000003b100010037000000eb0010079800db
:107f20001e00fb0071042000810f50002e00320063
:107f300071042000810f50000a003c002104200041
:107f4000810f50001b00320031042000810f5000cf
:107f50002300320011042000810f50001200320073
:107f60005000370001052000810f50002f00320023
:107f700001052000810f500004003c00f1042000a6
:107f8000810f5000260032004600370021052000f6
:107f9000810f50003800320031052000810f500061
:107fa000370032003f00370010002000b05b88002f
:107fb0003c0037001e0090000000e000320032005c
:107fc0001e009000e90f500031003e000000eb0061
:107fd000b05b88001e009000e05a88003100370036
:107fe000d8fa07002f0037001e0090000000e000c4
:107ff000290032001e009000e40f500028003e00cf
:10800000e05a80009e0090008100e90000014000dd
:1080100060b4200000004100010878002100370012
:1080200010002000e04188001e003700ca82a9002d
:108030003c28ef001e0090000000e000010032002c
:10804000d0f807001e0090000000e000020032009f
:1080500060452f0001003700b0882f0080007800b5
:1080600050442f00910c0700c05d2000c917070085
:1080700014fe07000b003700b0fe070009003700b0
:108080003c28ef0007003700000000000500370023
:10809000000000000300370000000000010037006e
:1080a00000000000a50c07000700370000000000da
:1080b000050037000000000003003700000000004a
:1080c00001003700000000000080fa0000000600f8
:1080d0000000fa00f05a80000000e0001b003200af
:1080e000f05a8000e10f500016003200f05a800074
:1080f000e20f500011003200f05a8000e70f5000ec
:108100000c003200305b8000e10f500007003200ad
:10811000305b8000e20f500002003a0000d02500e2
:1081200001003700400b27000100370000eb23005f
:108130000100370080a5230001003700c09b250007
:1081400001003700607023000100370040b42300b5
:10815000004088000080fa00000006000c00fa00d1
:10816000889fbe00200798003107980042079800ba
:10817000530798002e019000be019000b01220001d
:1081800001002000800f5100818f590002003c0047
:108190006000b800270037004e009000de0090001d
:1081a00021e107000004be002e009000be009000f8
:1081b0001de107000001be000800be0032e207001a
:1081c000008fbe0018c0b3000271200013f5230019
:1081d0001e00be00f1e007000000e00001003c00ce
:1081e0000044eb000804e0000300320000712000ae
:1081f00011f52300008fbe000200200003f82300c9
:108200001e00be003be107000004be001e01be00d0
:108210000000200001f823002de107000001be004e
:108220000800be0018e2070002002000832c240092
:10823000f4e207004f04be000080fa0000000600d0
:108240000000fa00204080000000e00008003a0032
:108250000019200020408800304080000000a2006b
:1082600030408800e1012000307320002317070010
:10827000304080000000e00026003200f041800025
:10828000620060000000e00002003200a0462f0003
:1082900021003700f041800061006000004078005c
:1082a0000004e0000200320040462f001a003700b0
:1082b000f0418000640060000000e0000200320035
:1082c00000472f0014003700f04180006800600074
:1082d0000000e0000200320060472f000e0037006f
:1082e000f0418000700060000000e00002003200f9
:1082f000c0472f0008003700f14180000002200035
:10830000008060000000e0000200320020482f00e2
:108310000100370090762f000080fa000000060070
:108320000000fa00d05b80000000e0004a0032004c
:1083300060408000e10f500012003a005147800079
:1083400030062000808f500002003c000000eb004f
:108350004a003700505b8000d2f92f000001410035
:1083600051478000000320000088b9008000780099
:1083700000d72e000080400082007800d8f9070066
:108380003e00370060408000e20f50000d003a00d0
:10839000a0408000b140800082e00700000178002a
:1083a000e1598000805c8000808050000003200044
:1083b0000088b9000000780082007800c8f9070042
:1083c0002e00370060408000e30f500008003a00a4
:1083d000c0408000d140800002a02500337c2400f2
:1083e000a9e107006fe007000000780023003700d4
:1083f00060408000e40f500017003a00605b80008e
:108400000000e00008003200825b80002141800013
:10841000000320000088b900000078008200780086
:10842000aff9070015003700805b800002fe2f00c7
:108430000001410021418000000320000088b900b4
:108440008000780000a02f000080400082007800ab
:10845000a3f90700090037008041800091418000a6
:108460000002be0040418000514180000001be007a
:108470000400be0086e00700000078000080fa00db
:10848000000006000000fa00e1598000705c8000e6
:10849000808f500003003600f04180000030a000c3
:1084a000f0418800e159800030418000808f500009
:1084b00003003100f04180000040a000f04188003e
:1084c000e1598000805c8000808f50000300310003
:1084d000f04180000050a000f0418800311780007a
:1084e00000002800008060000000e000030032006f
:1084f000f04180000010a000f0418800815b800006
:1085000020418000808f500003003d00f04180003a
:108510000020a000f0418800525b8000514780009d
:1085200010002000810f5100010035000000eb0019
:10853000e1418000010060000000e0000300320023
:10854000f04180000000a000f0418800104580004c
:108550000000e00004003200f04180000000a000b4
:10856000f0418800a228ef00605c80008000780065
:10857000f041800000806000f0418800f1418000ff
:10858000f0022000008060000000e00005003200e2
:10859000ca82a90020c5b300eee8b7003c28ef006e
:1085a0000a28ef000080fa00000006000600fa002a
:1085b000100798002107980010002000000f780095
:1085c0001e00900080004000a09620000080400027
:1085d0001000780021372f00340b0700e2f8070065
:1085e000800c20006b160700000000007016800051
:1085f000620060000000e00004003200a01680006d
:10860000610060000000e000f8ff320000ccb30021
:108610007b09070070168000620060000000e00027
:1086200018003a002e009000640060000000e00096
:1086300001003200f0f607002e009000610060009b
:10864000004078000004e000010032006ef80700ee
:108650002e0090006a0060000000e000020032007e
:1086600048f707004628ef00405c80006500b9002d
:108670000000780080007800f0a420001f1607009a
:108680001c0037002e009000610060000040780060
:108690000004e0000100320088f807002e0090007e
:1086a000620060000000e0000100320026f80700d0
:1086b0002e009000630060000000e0000100320026
:1086c000c0f707002e009000620060000000e0008c
:1086d0000200320000f80700130007000000eb0062
:1086e000000f7800405c800080007800a07f2100af
:1086f000021607001e00780080004000c09a20008b
:108700000080400010007800d10a0700803e200061
:108710002016070094f80700e05b8000730907004b
:108720000080fa00000006000000fa00105b8000e4
:10873000900c8800205b8000600c8800405b80000b
:1087400062160700605b800040428800905b8000fa
:10875000e4005000605b80000000400000804000aa
:1087600020428800f05a8000e30f500002003a00d7
:108770005000200001003700400020002047880002
:108780006140800020478000808f5000010034004d
:108790000c28ef004efe0700e80a07000080fa00f0
:1087a000000006000000fa00401f2000e04388009f
:1087b000f04180000000e00004003200e1f8070012
:1087c0000628ef0074f8070023003700e04380001c
:1087d0000000e00010003a00ca82a9003c28ef0027
:1087e000405c80000000400080007800e02521000f
:1087f000c2150700304280000000e0000300320094
:10880000210020000000eb0068ff070010c0b3004b
:10881000fb0807002bfc0700a01680006100600029
:108820000000e000e9ff3a00800c2000d9150700a5
:10883000604080000000e9006040880060408000e7
:108840000000e00002003d002047800060408800fa
:10885000604080008ef807000080fa0000000600eb
:108860000200fa0091492f0080482f008f0a07006c
:10887000a04a2f00801f78002de507008f87e900b0
:1088800000192000c3150700371607002a16070035
:108890000004e0001300320039160700004f780092
:1088a0002103200090392000941507001e40780015
:1088b000151607009e80fb001e80fb00811f7800bc
:1088c000801f7800704d2f00801f780060b220005c
:1088d0001fe50700e687570061b22000000c20006a
:1088e000680a0700a0168000610060000000e00038
:1088f000e6ff3200405c800080007800c0f6200077
:108900007e150700c04e2f00801f780008e5070085
:108910008f87e900141607001ff807000080fa008f
:10892000000006000200fa0090002000000f78000e
:108930001e00780080004000c0c820000080400079
:108940008000eb00010878001e00780000f0a7000e
:108950000000ea000000ea004f00de00004078005e
:108960001e0fe9000004e000f1ff3a000080eb0078
:10897000f04788008428ef00400120001044880060
:108980000080fa00000006000400fa0010079800ba
:108990000000eb00000f7800010037001e0fe80018
:1089a0001e007800e90f500008003c001e0078000f
:1089b0008000400060772f00008040009000780029
:1089c0001e009000808f5000f4ff39001e007800d8
:1089d0000080fa00000006000600fa001007980068
:1089e0002107980090002000000f78001e007800fa
:1089f00080004000c0882f00008040009000780078
:108a00002e009000808f500011003e001e00780064
:108a100080004000008a2f00008040009000780015
:108a20001e00780000014000008a2f000000410075
:108a3000100078004600de00808040001e0090009c
:108a4000808f5000020039001e00780006003700b9
:108a50001e0fe9001e0078000000e000e3ff3a006e
:108a60002e009000c8ff07000080fa0000000600fa
:108a70000a00fa00004280000000e00001003a0015
:108a80006428ef00104480000000e000b1003a00cc
:108a900021448000f0478000808f50000900390099
:108aa00021448000f04780008080500020448000f6
:108ab0004500de00808f500002003e0010002000c4
:108ac000010037000000eb001007980021448000ef
:108ad000f0342c00808f500007003e0021448000bd
:108ae000d0cc2c000008b800c208de002044800072
:108af00000804000010037000080eb002007980054
:108b000020448000ae009000b3ff070030079800bb
:108b100021448000f0478000808f50000b00390016
:108b2000e15a80003e009000808f50000700340022
:108b3000e05a800068130700ae009000810f5000db
:108b40000200360010002000010037000000eb009a
:108b500040079800604280000000e0002b003200d7
:108b60000000eb00000f78001e007800800040003d
:108b7000c0c820000080400010007800801f7800ee
:108b800070502f00801f780069e40700e4875700c9
:108b90001e0fe8001e007800e90f5000f2ff3400bd
:108ba000204480000000e000140032001e0090000d
:108bb0000000e00007003a004e0090000000e000d6
:108bc00002003200408b2f0001003700808b2f0005
:108bd00001003700c08b2f0022448000f147800045
:108be000801f7800821f7800811f7800208c2f0062
:108bf000801f78004ee40700e8875700d0502f0010
:108c0000801f78004ae407008f87e9009000200069
:108c1000000f780060648000e40f50004c003c00be
:108c20001e00780080004000c0c820000080400086
:108c3000100078000000e00005003a001e0fe90077
:108c40001e0078000000e000f5ff3a000100370048
:108c500000000000204380009e0f500011003d00e6
:108c6000e05a80009e0f5000090035001e00900061
:108c70000000e00006003a00e05a8000ea0f5000d1
:108c800003003200e05a80000000e00005003a00d6
:108c90009e007800214388009e007800e15a8800f9
:108ca00011003700214380003e009000808f50006b
:108cb0000d003d004e0090000000e0000a00320070
:108cc0001e0090000000e00007003a00e05a80001b
:108cd0009e0f500004003400be0090002143880025
:108ce000be009000e15a8800004280000000e000d1
:108cf00009003200e05a8000e90f500006003c00f5
:108d0000e15a800020438000808f50000200340030
:108d1000e05a800020438800004280000000e0000c
:108d200002003200100020009042880000428000c3
:108d30000000e000020032001000200030458800f2
:108d4000004280000000e00001003200a428ef0093
:108d5000f4fe07000080fa00000006000400fa009c
:108d600010079800a0002000000f78009e009000df
:108d70001e00780000014000a0782f000000410094
:108d800010007800808f500005003e001e0fe900a3
:108d90001e0078000000e000f4ff3a0001003700f8
:108da000000000001e0078000080fa0000000600ad
:108db0000000fa00f0598000e8ff0700e05a880040
:108dc0000080fa00000006000400fa001007980076
:108dd0000000eb00000f7800010037001e0fe800d4
:108de0001e007800ea0f500009003c001e007800c9
:108df00080004000e08c2f000080400010007800d0
:108e0000800078001e009000808f5000f3ff350036
:108e10001e00780080004000408e2f00008040003f
:108e2000100078000080fa00000006000000fa0040
:108e3000f0598000e4ff0700e05a88000080fa0043
:108e4000000006000200fa00e15a8000010f7800dd
:108e5000804780009e007800808f5000150032000f
:108e600050168000700060000000e0000600320034
:108e7000ca82a90020c5b300eee8b7004001200077
:108e8000504588005000370040458000f30f5000e7
:108e900003003e0040012000504588004a00370092
:108ea0009e007800814788004001200050458800de
:108eb000a428ef0050168000700060000000e00061
:108ec00017003a001e0078008000400060b42000c7
:108ed00000804000100078006100600000407800d1
:108ee0000004e00002003200cae2a90001003700dd
:108ef000cae2a8001e0078008000400060b4200094
:108f00000080400010007800620060000000e00077
:108f100002003200cac2a90001003700cac2a8007c
:108f20001e007800e10f500002003a00e9a2a800fc
:108f300001003700e9a2a9001e007800e20f5000ee
:108f400002003a00e982a80001003700e982a90086
:108f50001e007800e30f500002003a00e9c2a800aa
:108f600001003700e9c2a9001e007800e40f50009c
:108f700002003a00c4e2a80001003700c4e2a900e0
:108f80001e007800e50f5000030032001e0078003c
:108f9000e60f500002003a00c4c2a80001003700ea
:108fa000c4c2a9001e0078000000e00003003200e7
:108fb0001e007800e60f500002003400e802a8000e
:108fc00001003700e802a9000080fa000000060056
:108fd0000000fa00005b80000000e0001400320096
:108fe000d04380000000e00011003a00015b8000e7
:108ff000803e20000088b90000007800d04388003f
:10900000b04780000000e00002003a00a00020000d
:10901000e05a8800f05a800080004000c09920008b
:10902000008040001000780065f60700f628ef0089
:109030000080fa00000006000000fa000000eb00cb
:10904000b05b88000080fa00000006000000fa0013
:109050000080fa00000006000400fa00008fbe0045
:10906000605b8000c200dd00007a2f0000804000bd
:109070001000be000001be001e00be0082de070020
:10908000008fbe00605b80000000e00005003a0039
:1090900002002000032024001e00be0095dd070012
:1090a000008fbe000200200003f023001e00be005f
:1090b00090dd070063e107003add0700000078005b
:1090c0000080fa00000006000200fa00889fbe003f
:1090d0000000eb00000f78008ce0a9001e00780073
:1090e00080004000e0cd200000804000900078002b
:1090f0001e00780000014000a0b3200000004100e5
:10910000010878001e0fe8001e007800e50f5000ef
:10911000f2ff34008ce0a800004180001141800083
:10912000420a2700d3f7230036df07000004be0001
:10913000205a80008000eb003edd0700a2702d0069
:1091400033c223002fdf07000001be000800be006d
:1091500068dd07000041880011418800004180005f
:1091600011418000bcff070020418800404780007b
:109170000000e00016003200404780000000e900d7
:1091800040478800115a8000d05c80000080400079
:109190006101b800e0428000f1428000020040001e
:1091a00083804800e0428800f1428800005a800035
:1091b0006101b800004380001143800002004000bc
:1091c0008380480000438800114388005200370024
:1091d000e4428000f5428000a0b8200010407800f2
:1091e0000080fb008000eb000001be000400be0018
:1091f000dbdc0700e0428800f14288000443800085
:1092000015438000a0b82000104078000080fb00cb
:109210008000eb000001be000400be00d0dc0700af
:109220000043880011438800e2428000f34280003e
:10923000e0428000f1428000009ab9000402780008
:10924000028bb90086027800050242000010b800c7
:10925000010242008400780080418800914188002a
:1092600002438000134380000043800011438000cc
:10927000009ab90004027800028bb90086027800d7
:10928000050242000010b80001024200840078008c
:10929000a0418800b1418800824180009341800054
:1092a000a0418000b1418000000051008180590040
:1092b000c0418800d14188000043800011438000f4
:1092c000e4428000f54280000001be000400be00c0
:1092d000a2fb0700e0408800f1408800e0408000e9
:1092e000f1408000afdc07000000780050478800a4
:1092f0006028ef006228ef000043800011438000e7
:10930000e0428800f1428800a0b8200010407800b8
:109310000080fb00404788004f04be000080fa0038
:10932000000006000600fa00000f78001107980000
:10933000220798001e007800900078001e00900020
:10934000808f5000030034001e0078009e009000c3
:10935000010878001e007800900078002e00900030
:10936000808f500003003d001e007800ae0090008a
:10937000010878000080fa00000006000400fa00ee
:10938000605b80000000e00006003200905b80001f
:10939000650f4000905b80006a0040001007980055
:1093a00005003700905b80006a0f4000905b8000f2
:1093b00074004000100798004e28ef00915b800079
:1093c00020418000808f500007003400d042800090
:1093d0000000e000060032002141800020428000b1
:1093e000808f50000200340010002000704288007e
:1093f000204180009e0f5000020035002000200018
:1094000070428800214180001e009000808f500033
:109410000200350030002000704288007042800059
:10942000d0428800715b8000704280000080400064
:10943000704288000001eb0031002000e084200031
:10944000b8ff0700704280006200600000f0a700d3
:109450000000ea000000ea004f00de000040780053
:109460000080fb00610060004200dd0041178000c9
:109470000120a100010070004017880070428000a8
:109480000040780061406000614060006140600021
:109490000080fb00610060004300dd004117800098
:1094a0000130a10001007000401788000080fa0020
:1094b000000006000000fa00c08f2f00801f780017
:1094c00080902f00801f7800a0642f00801f7800fc
:1094d00030382f00801f780015e20700e88757001a
:1094e000103a2f00801f780011e207008f87e900f3
:1094f000f03d2f00801f78000de207008f87e90004
:1095000000422f00801f780009e207008f87e900e2
:10951000c0cc210001002000809fbe00f06e2f0013
:10952000801f780002e20700e68757000080fa00fb
:10953000000006000800fa00881f7800000f78007d
:1095400011079800220798003307980030478000e1
:109550000000e000090032001e00900010047800b6
:10956000091207009e0078000180b9000000780011
:10957000800044001e009000010878003e01900029
:10958000ae0090001e00900066ff07004f047800b8
:109590000080fa00000006000200fa00000f7800c8
:1095a0008001eb00120020009e00780010002000d7
:1095b000e0ff07000080fa00000006000200fa0049
:1095c0000000eb00000f7800f05a8000c0428800d5
:1095d000030037001e0078000000e800000f78004c
:1095e0001e007800e60f500008003c001e007800c6
:1095f00080004000e0902f00008040009000780044
:10960000f05a8000808f5000f2ff3a008001eb009a
:10961000720020008e00780010002000c5ff0700b7
:109620001e00780080004000e0902f000080400085
:1096300010007800f05a8800f15a8000c042800083
:10964000808f500017003200f05a8000e10f500068
:1096500005003c00005b80000000e00002003a00d2
:1096600020002000005b8800f05a8000e20f5000cc
:1096700002003a000000eb00005b8800f05a800016
:10968000e70f500002003a000000eb00005b88008a
:10969000f05a8000e50f500002003a0090002000d0
:1096a000e05a88008afa0700f05a8000e30f500061
:1096b00002003a0050002000010037004000200066
:1096c00020478800f05a8000800040002091200050
:1096d0000080400010007800801f780000512f00ab
:1096e000801f780060b2200099e10700e4875700ee
:1096f0000080fa00000006000000fa008001eb0084
:109700007200200081b620001000200089ff0700b1
:10971000405b80006d120700405b800080004000cd
:1097200020072f000080400010007800801f780084
:10973000b0512f00801f780060b2200084e1070044
:10974000e48757000080fa00000006000000fa00dd
:109750008001eb002200200061b6200010002000f4
:1097600074ff07005afa0700305b80008000400059
:10977000c09b20000080400010007800801f78000f
:10978000b0522f00801f780060b2200070e1070007
:10979000e48757000080fa00000006000000fa008d
:1097a0008001eb00a200200001b620001000200084
:1097b00060ff0700005b80000000e000080032004e
:1097c000005b8000801f780050532f00801f7800be
:1097d00060b220005ee10700e48757000700370011
:1097e00030542f00801f7800f0712f00801f780008
:1097f00060b2200056e10700e48757000080fa00bd
:10980000000006000000fa0023032000823e200032
:1098100041b62000a000200046ff0700205b80002a
:10982000600c8800205b8000801f780040552f006e
:10983000801f780060b2200045e10700e4875700f0
:109840000080fa00000006000000fa008001eb0032
:1098500082bb200021b620002003200035ff070036
:10986000105b8000900c8800105b8000801f7800e7
:1098700020562f00801f780060b2200034e10700de
:10988000e48757000080fa00000006000000fa009c
:109890004306200042382000a1b62000a00020008e
:1098a00024ff0700505b8000cf80de005edb0700f6
:1098b00002002000832c240073dc0700809fbe0080
:1098c000f0562f00801f780060b2200020e10700d2
:1098d000e68757000080fa00000006000000fa004a
:1098e0008001eb0032002000e1b6200010002000d3
:1098f00010ff0700705b8000800040006090200037
:109900000080400010007800801f7800b0522f00c7
:10991000801f780060b220000de10700e487570047
:109920000080fa00000006000000fa00c0b6200027
:1099300019ff0700615b800040428000808f50006b
:109940000e003200605b800040428800605b800057
:109950000000e0000500320060042000805b880009
:1099600080022000905b880004003700e00920009e
:10997000805b880080062000905b8800605b800030
:1099800080004000e090200000804000100078003f
:10999000801f780070362f00801f780060b2200092
:1099a000ebe00700e48757000080fa0000000600a3
:1099b0000000fa00605b80000000e000060032005a
:1099c000230320004206200001b7200010002000e1
:1099d000d8fe07000500370083072000420d200055
:1099e00001b7200010002000d2fe0700605b80005d
:1099f00031772f00614078008000fb00805b8000a1
:109a0000811f7800801f7800b0352f00801f7800fc
:109a100000352f00801f780060b22000cce00700e6
:109a2000e88757000080fa00000006000000fa00f6
:109a3000605b80000000e0000b003200805b800073
:109a4000740050008001eb000001780021b7200075
:109a500010002000b7fe0700905b80000080e90046
:109a6000204288000a003700805b80008002b1003d
:109a7000030220000001780021b720001000200020
:109a8000acfe0700905b800064005000204288001c
:109a9000605b800031772f00614078008000fb0020
:109aa000905b8000811f7800801f780010362f00a7
:109ab000801f780000352f00801f780060b22000e2
:109ac000a3e00700e88757000080fa0000000600c6
:109ad0000000fa0080b72000affe0700c05b8000e6
:109ae00080004000e09220000080400010007800dc
:109af000801f780070362f00801f780060b2200031
:109b000093e00700e48757000080fa000000060099
:109b10000000fa00a0b720009ffe0700d05b800085
:109b2000800040002093200000804000100078005a
:109b3000801f7800d0572f00801f780060b220006f
:109b400083e00700e48757000080fa000000060069
:109b50000000fa008001eb0022002000c1b72000c5
:109b60001000200073fe0700e05b800080004000d2
:109b7000609a20000080400010007800801f78006c
:109b800090582f00801f780060b2200070e007001e
:109b9000e48757000080fa00000006000000fa0089
:109ba000e0b720007cfe0700f05b800080004000f2
:109bb000009b20000080400010007800801f78008b
:109bc00090582f00801f780060b2200060e00700ee
:109bd000e48757000080fa00000006000000fa0049
:109be0008001eb004200200041b72000100020005f
:109bf00050fe0700a05b800080004000e09620003f
:109c00000080400010007800801f780030592f003d
:109c1000801f780060b220004de00700e487570005
:109c20000080fa00000006000000fa0020ba2000c0
:109c300059fe0700105d8000800040002093200046
:109c40000080400010007800801f7800b0522f0084
:109c5000801f780060b220003de00700e4875700d5
:109c60000080fa00000006000000fa008001eb000e
:109c70004200200061852000100020002dfe07001a
:109c8000b04280000000e0000c003200b0428000d2
:109c900080004000209c20000080400010007800e0
:109ca000801f7800f0712f00801f780060b22000c4
:109cb00027e00700e48757000700370080902f0057
:109cc000801f780040662f00801f780060b220005f
:109cd0001fe00700e48757000080fa00000006003c
:109ce0000000fa0070408000800040008097200053
:109cf0000080400010007800801f7800f0712f0075
:109d0000801f780060b2200011e00700e487570050
:109d100061b22000000820005a0507007040800052
:109d20008000400020a0200000804000100078004b
:109d30000000010061b22000000c20005105070066
:109d40000080fa00000006000200fa00000f780010
:109d5000704080001e00400070408800704080000d
:109d6000f10f5000010034000e28ef007040800019
:109d70000000e00002003d0010012000704088005b
:109d8000f05a8000e30f500006003200704080005f
:109d9000f00f500003003a00704080001e004000a9
:109da0007040880070408000f10f500001003400c6
:109db0000e28ef00704080000000e00002003d002f
:109dc0001001200070408800f05a8000e20f50001f
:109dd00009003400305b8000e10f500006003200c3
:109de00070408000e30f500003003a007040800094
:109df0001e00400070408800f05a8000e20f5000c2
:109e000003003400f05a8000e70f50000b003a00c6
:109e100070408000e20f50000a003a00704080005d
:109e20001e0040007040880007003700704080002e
:109e30001e00400070408800030037000000000052
:109e40000100370000000000f05a8000e70f5000ca
:109e500006003a0070408000e20f5000f3ff32002d
:109e600070408000e30f5000f0ff3200704080002f
:109e7000f10f5000010034000e28ef007040800008
:109e80000000e00002003d0010012000704088004a
:109e9000e6f2070070408000fdf207000080fa0043
:109ea000000006000200fa00000f78001e00780093
:109eb000a5ff0700e628ef0089ff0700100020003b
:109ec00030478800a0282000321007009e28ef00ad
:109ed0000080fa00000006000600fa00000f78007b
:109ee00011079800220798001e0090009e0078003d
:109ef000808f500004003a00e1152000f0a42000fb
:109f0000fe0f07000c0037002e0090009e00780026
:109f1000808f500004003a00e1152000c0f62000b8
:109f2000f60f070004003700405c800080007800d6
:109f3000a07f2100f10f07000080fa00000006005a
:109f40000600fa00889fbe00f0f32f00001688007c
:109f5000c222ef0080e0270030168800c822ef0000
:109f6000e001240060168800ce22ef0010002000df
:109f700090168800d422ef00c0c72f00f01688008a
:109f8000e022ef000000280020178800e622ef0002
:109f9000cfa2a800e862a80040442500a0048800e1
:109fa000b1048000f08f2f008080600000502000fe
:109fb00001007000b0048800c1048000f0f82f0098
:109fc000808060000006200001007000c00488004e
:109fd000740f0700130307003110070083ef070019
:109fe00036f20700000f7800d7f10700100798003d
:109ff00074f107000000e0000100320045f10700a5
:10a00000b5f10700305b8000e20f500018003a0005
:10a01000f05a8000e20f500015003400f05a800022
:10a02000e70f500012003200824280001e009000b4
:10a0300080004000809b200000804000900078005d
:10a040001e00780080014000809b200000804100bd
:10a0500010007800821f7800811f7800801f780030
:10a06000505a2f00801f780031df0700e887570023
:10a070001e0078000000e00003003a001e0090007f
:10a080000000e0000d00320013050700305f2f00d4
:10a09000801f780026df07008f87e90091632f007b
:10a0a00080622f008104070053f00700d6f10700fb
:10a0b000b4f00700c05d2000b60f0700605c8000b0
:10a0c0007000b300605c8800701680006200600061
:10a0d0000000e00003003a007100200010002000a2
:10a0e00032f90700105b8000900c8800205b800034
:10a0f000600c8800e05b8000fc02070070168000a6
:10a10000680060000000e0000a003a00803821008a
:10a110000047880051732f0050722f00630407001e
:10a120000000000070168000680060000000e00081
:10a13000fcff3200b0b82000104078000004e000be
:10a140000c00320080902f00801f780040662f00a6
:10a15000801f780060b22000fdde0700e487570012
:10a1600061b2200050652f0050040700007d2000e0
:10a17000000f7800004b2000e04388001e003700ed
:10a18000e04380000000e0001b003a00e1152000e1
:10a19000e0252100590f070080902f00801f7800d4
:10a1a000306c2f00801f780060b22000e8de0700ce
:10a1b000e487570061b22000506b2f003b0407007a
:10a1c000f5f10700e16d2f00d06c2f003704070078
:10a1d000007d20006f0f0700100020005042880013
:10a1e00090002000e05a880050428000130d0700c4
:10a1f0000000eb00000f7800a016800061006000f6
:10a200000000e000deff3a00e05a8000e90f500055
:10a210000200340090002000e05a88005042800084
:10a220000000e00003003a0041062000f0a42000f6
:10a23000320f07004a28ef00e842a800e862a900b0
:10a24000caa2a9001e007800520f0700caa2a800e7
:10a25000e842a900e862a900405b80009b0f07006c
:10a26000305b8000e20f500007003a00f05a800097
:10a27000e20f500004003400f05a8000e70f500055
:10a28000010032008bfc0700111680000000220044
:10a29000008060000000e00001003a0070f9070053
:10a2a000615c800000022000008060000000e0008f
:10a2b00002003200905c8000010037000000eb00db
:10a2c00030418800b05b80000000e00002003a00ee
:10a2d000e05a800001003700900020001042880002
:10a2e000a00020001cef0700cf80de00ced80700c2
:10a2f0000004be00205c8000cf80de00cad80700ca
:10a300000001be000800be00beda070080408800e1
:10a3100091408800e00020000fef0700cf80de00b2
:10a32000c1d807000041880011418800a05c80006e
:10a33000cf80de0082cf25000289b90002017800bb
:10a340007d02b900840178000301410083cf25001c
:10a350000300b8000101410082007800325c8000f7
:10a36000cf91de00cad807004041880051418800e3
:10a37000715c8000805c800000805000cf80de0037
:10a38000a9d80700a0408800b1408800e6f807007f
:10a39000a0282000104788008028ef003428ef0014
:10a3a0003628ef00a0418000b14180008041880044
:10a3b00091418800a05b8000604088000100370068
:10a3c00000000000ca22aa00a028ef00401680006a
:10a3d0004300de00614060000080fb000042880016
:10a3e000004280000000e00001003a00a428ef00d5
:10a3f000f05a8000e30f50000c003a00105d80001e
:10a400000000e00009003a00004280000000e00087
:10a4100002003a005228ef0004003700a0428000fa
:10a420000000e00001003a003ef907000042800011
:10a43000a0428800f05a800080004000209f200049
:10a440000080400010007800000001001efb0700a3
:10a450000cf80700a0282000e043880011168000b7
:10a4600000002200008060000000e0003b003a0095
:10a47000f04180000000e00038003a00e043800036
:10a480000000e00017003a00504080000000e000ab
:10a4900012003a00e1152000c0f62000970e0700d8
:10a4a000100020005040880011752f0060742f00ac
:10a4b0007e0307005df10700000000001116800018
:10a4c00000002200008060000000e000fbff32007e
:10a4d000800c2000af0e07000200370010002000a3
:10a4e00070fe07001116800000002200008060004e
:10a4f0000000e000e1ff3200800c2000a50e070004
:10a50000e04380000000e000130032005040800073
:10a510000000e0000e003a00604080000000e8000b
:10a520006040880061408000204780000000e80013
:10a5300000017800110009008200d8008000fd00b1
:10a54000604088006040800051f107000200370041
:10a5500010002000fcfd07000b0e0700504080009b
:10a560000000e00046013a00f04180000000e000f9
:10a57000a2003a0070168000700060000000e00049
:10a580002a003a00a0282000e0438800e043800031
:10a590000000e0000b003a004016800068006000f8
:10a5a0000000e00007003a00e1152000c0f620009e
:10a5b000520e0700810020000000eb00fbf70700af
:10a5c0000400370070168000700060000000e0009a
:10a5d000eeff3200e04380000000e0000c0032009b
:10a5e000e04180000000a200e0418800415c800062
:10a5f000e04180000000e00002003200a07f210066
:10a6000001003700c0f620003c0e070001003700b3
:10a610000000000070168000700060000000e00084
:10a62000fcff3200800c20005a0e0700111680003b
:10a6300000002100008060000000e00025003a00da
:10a64000f05a8000e50f500022003200b05b80001d
:10a650000000a200b05b8800100020006047880066
:10a660001000200030428800b05b80000000e00055
:10a6700006003200abf80700e05a80001042880064
:10a68000a0002000e05a880002003700104280003d
:10a69000e05a8800415c8000b05b80000000e00070
:10a6a00002003200c0f6200001003700a07f210028
:10a6b000120e0700000000001116800000002100ab
:10a6c000008060000000e000fbff3200800c2000f2
:10a6d000300e070070168000620060000000e0008d
:10a6e0000400320070168000680060000000e00086
:10a6f00042003a00004280000000e0003f003a00c3
:10a700001000200030428800b05b80000000e000b4
:10a71000090032000000eb00b05b880010428000ae
:10a72000e05a8800405c800080007800a07f210013
:10a73000f20d07002f003700e15a800070168000ec
:10a74000620060000000e00002003a0010002000fb
:10a75000010037000080eb0000804000e05a8800d4
:10a760001200200091002000c0b52000edfa070083
:10a77000e05a80001200200091002000d6fd070062
:10a78000c05b80000000e00006003200e05a80005c
:10a7900080004000e093200000804000100078001e
:10a7a00005003700e05a80008000400040952000fe
:10a7b000008040001000780080007800a00c20008d
:10a7c000b0020700a0282000f20d070070168000dc
:10a7d000620060000000e000d7ff320070168000c9
:10a7e000680060000000e000d3ff3200e05a800003
:10a7f00010428800100020006047880000c8b300a5
:10a80000ff00070060408000e40f500002003c00a1
:10a81000c3f607005f020700604080008000400030
:10a82000609e2000008040001000780000000100c1
:10a83000e05a80008000400060b4200000804000aa
:10a8400010007800800040006092200000804000ee
:10a850001000780080007800000c200089020700ba
:10a86000f04180000000e0000300320074f60700b1
:10a870001040880017003700e04180000000e00031
:10a8800012003200004280000000e0000c003200a4
:10a89000e05a8000ea0f500006003200e05a8000c3
:10a8a0000000e00003003200d0702f00104088004c
:10a8b0000800370030712f00104088000500370075
:10a8c00090712f00104088000200370070702f0038
:10a8d00010408800104080005d020700b05b8000df
:10a8e000800040002092200000804000100078008e
:10a8f00057020700c05b80000000e0000600320045
:10a90000e05a800080004000e0932000008040007a
:10a910001000780005003700e05a800080004000f9
:10a920004095200000804000100078004802070099
:10a93000150d0700200798002e0090000000e00091
:10a94000280032001000200030428800e05a8000c9
:10a95000e15a80000181400061b420008100410083
:10a9600011017800ae0090000100e00007003c00fb
:10a97000ae0090000100e00002003d008080eb008e
:10a98000010037008000eb000100370011002000bb
:10a99000810041000001400060b42000000041003f
:10a9a00001087800e05a8000000040008000780034
:10a9b00060b42000008040000001eb003100200066
:10a9c00058fa0700e05a80008000400060b4200080
:10a9d00000804000100078000001eb0031002000f2
:10a9e0003dfd070017f90700004280000000e0006d
:10a9f0001f003200e04180000000e0001c00320037
:10aa0000f04180000000e00019003a00e05a8000a8
:10aa1000ea0f500016003200e05a80000000e0000b
:10aa200013003200504580000000e00010003a00a2
:10aa3000204580000000e0000d003a00f05a800040
:10aa4000e30f500006003a00105d80000000e000b7
:10aa500003003a00904280000000e0000400320051
:10aa6000ca82a80040c5b300eee8b7002000370056
:10aa7000ca82a90020c5b300eee8b7001c00370069
:10aa80003c28ef00ca82a90020c5b300eee8b70059
:10aa900093fc070070168000700060000000e0006a
:10aaa00013003a00405c800080007800a07f210005
:10aab000120d0700210020000000eb00bbf607008c
:10aac0000a28ef00a028200010478800ae0c0700dd
:10aad0001a020700f05a8000e30f50000400320011
:10aae00060408000e50f500001003a000c28ef00a4
:10aaf00022fa07000040800000000100a01680003c
:10ab0000610060000000e0002dfe32005040800037
:10ab1000e10f500007003a000080eb00e1fc070065
:10ab2000a0168000610060000000e000faff3a001b
:10ab300024fe37001bf7070022fe37000200fa0050
:10ab4000004f78000900fc00b1168000f00f2000d3
:10ab5000808060001e80fb004800dd000100700066
:10ab6000b016880010002000f90c0700d6a2a8003b
:10ab700010002000f60c0700d6a2a900100020004b
:10ab8000f30c07000080fa00000006000200fa0043
:10ab90000400fc009116800000f02f0001007000fe
:10aba00090168800d6c2a800d6e2a90010002000a6
:10abb000e70c0700d6a2a80010002000e40c070054
:10abc000a116800000002800008f6000d6a2a90016
:10abd0001e0078000000e000f4ff3a00d6c2a90091
:10abe000d6e2a8000400fc0091168000f00f2000bf
:10abf00000806000901688000080fa0000000600c7
:10ac00000200fa00004f7800e0ff0700d6e2a9003a
:10ac10001e407800c9ff0700d6e2a8000080fa00b5
:10ac2000000006000200fa000000eb00000f7800b0
:10ac3000d6e2a900d6c2a900f0002000d50c07007a
:10ac4000e0c82f001e00400010407800bbff070046
:10ac500050002000cf0c07001e0fe8001e007800f7
:10ac6000e50f5000f6ff3400d6e2a800007d20007a
:10ac7000900c8800c0122000600c88000080fa0050
:10ac8000000006000200fa00004f7800bfff070036
:10ac90001e407800a9ff07000080fa0000000600af
:10aca0000400fa00004f78001107980002003700f6
:10acb0001e407800f3ff07001e00900000f0a70080
:10acc0000000ea000000ea004f00de0000407800cb
:10acd0009e0090008100e900110798000004e00048
:10ace000f3ff3a000080fa00000006000200fa00bc
:10acf000000f780000c4b300c1ff07001e007800f9
:10ad0000e20f500058003a00210020000040eb0004
:10ad1000e3ff07001100200000c1b300e0ff0700bf
:10ad20002100200050c1b300ddff0700110020000a
:10ad300000c1b300daff0700210020000040eb0053
:10ad4000d7ff0700210020000040eb00d4ff0700e0
:10ad50001100200080c1b300d1ff070021002000b6
:10ad6000d0c1b300ceff07001100200080c1b300a6
:10ad7000cbff0700210020000040eb00c8ff0700c8
:10ad8000210020000040eb00c5ff0700110020005b
:10ad9000c0c1b300c2ff070021002000d0c1b30032
:10ada000bfff070011002000c0c1b300bcff0700b7
:10adb000210020000040eb00b9ff07002100200027
:10adc0000040eb00b6ff070011002000e0c1b30017
:10add000b3ff070021002000f0c1b300b0ff07005f
:10ade00011002000e0c1b300adff070021002000ea
:10adf0000040eb00aaff0700210020000040eb000c
:10ae0000a7ff070041002000f0c1b300a4ff070026
:10ae1000210020000040eb00a1ff070021002000de
:10ae20000040eb009eff070041002000f0c1b3008e
:10ae30009bff0700210020000040eb0098ff070067
:10ae4000210020000040eb0095ff0700410020009a
:10ae500000c1b30092ff0700210020000040eb007a
:10ae60008fff0700b80037001e007800e10f500088
:10ae700076003a00110020000040eb0088ff070038
:10ae80002100200000c1b30085ff07002100200041
:10ae900050c1b30082ff07002100200000c1b300b1
:10aea0007fff0700110020000040eb007cff07003f
:10aeb000110020000040eb0079ff07001100200086
:10aec00000c1b30076ff07001100200080c1b3006d
:10aed00073ff070021002000d0c1b30070ff0700fe
:10aee0001100200080c1b3006dff07001100200099
:10aef00000c1b3006aff0700110020000040eb0012
:10af000067ff0700110020000040eb0064ff07000e
:10af10001100200000c1b30061ff070011002000f4
:10af2000c0c1b3005eff070021002000d0c1b30004
:10af30005bff070011002000c0c1b30058ff0700ed
:10af40001100200000c1b30055ff070011002000d0
:10af50000040eb0052ff0700110020000040eb0012
:10af60004fff07001100200000c1b3004cff070095
:10af700011002000e0c1b30049ff070021002000bc
:10af8000f0c1b30046ff070011002000e0c1b3008c
:10af900043ff07001100200000c1b30040ff07007d
:10afa000110020000040eb003dff070011002000d1
:10afb0000040eb003aff07001100200000c1b30081
:10afc00037ff070041002000f0c1b30034ff070045
:10afd0001100200000c1b30031ff07001100200064
:10afe0000040eb002eff0700110020000040eb00a6
:10aff0002bff07001100200000c1b30028ff07004d
:10b0000041002000f0c1b30025ff0700110020001f
:10b0100000c1b30022ff0700110020000040eb0038
:10b020001fff0700110020000040eb001cff07007d
:10b030006100200000c1b30019ff070011002000cb
:10b040000040eb0016ff07003f0037002100200002
:10b050000040eb0012ff07003100200000c1b300e8
:10b060000fff0700310020000040eb000cff07003d
:10b07000110020000040eb0009ff070051002000f4
:10b0800000c1b30006ff0700210020000040eb00d4
:10b0900003ff0700110020000040eb0000ff070045
:10b0a0005100200000c1b300fdfe07002100200078
:10b0b0000040eb00fafe0700110020000040eb000a
:10b0c000f7fe07005100200040c1b300f4fe070066
:10b0d000210020000040eb00f1fe070011002000dd
:10b0e0000040eb00eefe07005100200040c1b3001d
:10b0f000ebfe0700210020000040eb00e8fe070007
:10b10000110020000040eb00e5fe07005100200088
:10b1100050c1b300e2fe0700210020000040eb0018
:10b12000dffe0700210020000040eb00dcfe0700ee
:10b130003100200000c1b300d9fe0700310020001b
:10b140000040eb00d6fe0700110020000040eb009d
:10b15000d3fe070011002000c0c1b300d0fe0700dd
:10b160001100200040c1b300cdfe070011002000f7
:10b17000c0c1b300cafe0700410020000040eb0040
:10b18000c7fe070010c0b3009dfe07000080fa0054
:10b19000000006000800fa00300798000000eb00ed
:10b1a00010079800be00900000032000808f500020
:10b1b0000200340000032000300798003e01900098
:10b1c000b0aa22000090b9004f91de00028050002a
:10b1d000200798003e009000b1aa22000181b9002a
:10b1e000cf80de00818051006609b90082007800be
:10b1f00001005000000f78009e0090002e0090008b
:10b20000808f500003003d0050c0b3009dfe07003a
:10b21000050037001e0078000040780099fe070006
:10b220000000eb00000f78001e0090000000e80016
:10b23000100798001e009000e70f5000eeff34004a
:10b2400060c0b3008ffe07000080fa000000060017
:10b250000000fa00881f780000047800030037001f
:10b26000184078000804e80086fe070018407800bf
:10b270000004e000faff3a004f0478000080fa0072
:10b28000000006000400fa00000f78001107980083
:10b290001e0078000040780059fe07001e00900054
:10b2a000ebff07000080fa00000006000400fa002f
:10b2b000000f7800110798009e0078001000200011
:10b2c000f0ff07009e009000000c2000edff07003b
:10b2d0000080fa00000006000600fa00008fbe00a1
:10b2e000220798002e009000c200dd00c0cc2f0085
:10b2f000008040001000be000001be001e00be0025
:10b30000e1d507002e0190008201410002cd20000e
:10b310000281410012017800809fbe00821f7800e8
:10b3200060b220008ada0700e687570060b220008a
:10b33000c7ff07000080fa00000006000000fa00c6
:10b3400000012000c0478800c04780000000e900dd
:10b35000c0478800c047800001ca20000041eb00c0
:10b3600082707800c04780000000e000f6ff3a00dd
:10b370000080fa00000006000200fa002000200011
:10b3800035ee07006c0b07000004e00041003200be
:10b390007b0b0700004f78001e407800ea4f5000fa
:10b3a0003b003200c0478000e10f5000090032002e
:10b3b000e20f50000d0032000000e00011003a00e2
:10b3c000d0c3b3009e40780080cf500024003200ec
:10b3d0003000370020c4b3009e40780080cf50007a
:10b3e00021003200f828ef002a0037001e00fb0081
:10b3f0000003b100e90f50001d003600f828ef00ef
:10b40000240037001e407800ed4f500012003a0033
:10b41000c04780001e41780001ca20008270780079
:10b4200000ca20000080e800d3d90700e05a880055
:10b43000e05a80000000e00003003400e05a800081
:10b44000e90f500002003400a0002000e05a8800fc
:10b4500010002000b0478800b8ff07000d0037003b
:10b46000000000000300370000000000010037006a
:10b4700000000000c04780001e41780001ca200083
:10b48000827078000000e800c047880001003700a3
:10b49000000000000080fa00000006000a00fa0028
:10b4a000008fbe00220798003407980045079800d7
:10b4b0002e009000cf80de005bd407001e01be008e
:10b4c00050d607003e019000ce0190006ed50700d7
:10b4d0000080fa00000006000400fa0040602e0020
:10b4e000801f780040602e00801f7800007e2e00b4
:10b4f000801f7800507e2e00801f7800a07e2e00d6
:10b50000801f780058d90700ea8757000000eb0039
:10b51000000f7800190037008e80e8001e017800c7
:10b5200000002f00000041001300200001017800fe
:10b5300080007800f007200099ea07001e007800dc
:10b540006f0060000000e00005003a009e1f7800d8
:10b5500060812e00801f780043d90700e4875700e0
:10b560001e009000801f7800f0812e00801f780060
:10b570003dd90700e48757001e8fe800f010200037
:10b580009e007800808f5000e3ff340040602e0062
:10b59000801f780040602e00801f780050822e00af
:10b5a000801f780030d90700e68757000080fa0036
:10b5b000000006000600fa00008fbe002207980077
:10b5c0001e01be001e00be000ed60700008fbe008a
:10b5d000305c800004c22b00e5cb24000001780021
:10b5e0001e00be00adff07002e019000821f7800f4
:10b5f000809fbe00605b2e00801f7800ccd90700c2
:10b60000e88757000080fa00000006000400fa00f6
:10b61000008fbe00105c80000400250035842400eb
:10b62000000178001e00be009cff070042832e0030
:10b63000821f7800809fbe00d05a2e00801f7800a5
:10b64000bbd90700e88757000080fa000000060019
:10b650000400fa00008fbe00205c8000044022003d
:10b6600045972400000178001e00be008bff0700f4
:10b6700092832e00821f7800809fbe00d05a2e0039
:10b68000801f7800aad90700e88757000080fa00d9
:10b69000000006000600fa00100798002107980035
:10b6a000f05a8000e60f500006003a001e0090009d
:10b6b000ae009000bbd3070000007800c2f5070081
:10b6c000050037001e009000ae009000b5d30700c3
:10b6d00000007800a1f50700000f78001e00780038
:10b6e00080004000c0c320000080400010007800af
:10b6f000801f78009e1f7800f0832e00801f780046
:10b70000d9d80700e68757000080fa00000006003d
:10b710000400fa00008fbe0082842e001e00be00ce
:10b72000a4ff07000080fa00000006000400fa00f1
:10b73000008fbe00d05c8000cf80de00bad307004f
:10b740000001be001e00be00ead30700008fbe004d
:10b7500002852e001e00be0096ff07000080fa0042
:10b76000000006000400fa00008fbe00605b80004d
:10b770000000e0000a003200d2a3200033182400a9
:10b780001e00be00c0d40700809fbe00705c2e006b
:10b79000801f780066d90700e68757000c00370045
:10b7a000a2992900131124001e00be00b6d4070080
:10b7b0000200200003202400ced30700809fbe009b
:10b7c000705c2e00801f780059d90700e68757006b
:10b7d000605b800080004000e0902000008040001e
:10b7e00010007800801f780080852e00801f780070
:10b7f0004fd90700e48757000080fa0000000600d8
:10b800000000fa00b0852e00801f780096d807004f
:10b810008f87e9003e28ef000080fa000000060054
:10b820000000fa0000872e00801f78008ed80700e5
:10b830008f87e900f04180000010a000f0418800ef
:10b840000080fa00000006000000fa0030882e0098
:10b85000801f780084d807008f87e900f0418000be
:10b860000000a000f04188000080fa0000000600ff
:10b870000000fa0020892e00801f78007ad8070087
:10b880008f87e900f04180000020a000f04188008f
:10b890000080fa00000006000000fa00605c8000f2
:10b8a000680060000000e0000a00320010572e001f
:10b8b000801f7800908a2e00801f78006ad80700c9
:10b8c000e4875700f04180000030a000f04188007c
:10b8d0000800370070592e00801f780010572e0086
:10b8e000801f7800208b2e00801f78005ed8070014
:10b8f000e68757000080fa00000006000000fa000a
:10b90000615c800000022000008060000000e00018
:10b910000c003200a0582e00801f7800e0572e0047
:10b92000801f7800b08b2e00801f78004ed8070053
:10b93000e6875700f04180000040a000f0418800f9
:10b940000a00370070592e00801f7800a0582e0082
:10b95000801f7800e0572e00801f7800608c2e003a
:10b96000801f780040d80700e88757000080fa0061
:10b97000000006000000fa00615c80000002200068
:10b98000008060000000e0000a003200e0572e0056
:10b99000801f7800108d2e00801f780032d807009d
:10b9a000e4875700f04180000050a000f04188007b
:10b9b0000800370070592e00801f7800e0572e00d5
:10b9c000801f7800008e2e00801f780026d8070088
:10b9d000e68757000080fa00000006000000fa0029
:10b9e000908e2e00801f78001fd807008f87e900f7
:10b9f000f0032000f04188000080fa0000000600fb
:10ba00001200fa00881f7800cb0907000004e0004c
:10ba10006b043200da0907000080fb00f1d8070050
:10ba2000604798006e4090000080fb006101b90003
:10ba300010fc2f00f1ff2f0002004000838048001f
:10ba4000b201200003002000820f5000838f5800b5
:10ba500050043e00006001001b0037004d04370019
:10ba60006d003700aa003700ba0037001001370018
:10ba700020013700cb023700cc023700120037001c
:10ba8000f60237001e03370068033700b40337009f
:10ba9000f40337003f0437003e0437003d0437000d
:10baa0003c0437003b0437003a04370039043700c0
:10bab00038043700370437003604370035043700c0
:10bac00034043700220437007af6070040602e0065
:10bad000801f780040602e00801f7800d08f2e00dd
:10bae000801f780092d80700e6875700b0912e009b
:10baf000801f78008ed807008f87e90060932e00a2
:10bb0000801f78008ad807008f87e900706a2e00ae
:10bb1000801f7800d0942e00801f780084d8070002
:10bb2000e4875700f0502e00801f780040952e00cb
:10bb3000801f78007ed80700e4875700d0952e003c
:10bb4000801f78007ad807008f87e90070982e0050
:10bb5000801f780076d807008f87e900909a2e0022
:10bb6000801f780072d807008f87e900409c2e0064
:10bb7000801f78006ed807008f87e90050662e007e
:10bb8000801f7800d09e2e00801f780068d80700a4
:10bb9000e487570040642e00801f7800409f2e00ed
:10bba000801f780062d80700e4875700b09f2e00fe
:10bbb000801f78005ed807008f87e900e0522e00d2
:10bbc000801f780030a12e00801f780058d8070011
:10bbd000e487570010552e00801f7800a0a12e008a
:10bbe000801f780052d80700e487570040602e007d
:10bbf000801f780040602e00801f7800f0672e00c4
:10bc0000801f780010a22e00801f780048d80700ff
:10bc1000e8875700ea03370040602e00801f780055
:10bc200040602e00801f7800f0a22e00801f780058
:10bc300070a32e00801f7800d0a32e00801f7800f4
:10bc400030a42e00801f7800b0a42e00801f780042
:10bc500037d80700ee875700900020002007980093
:10bc60002e009000bce80700000f98000e0890001e
:10bc7000cf80de006cd207000400200005582400ad
:10bc80005200200005fe07000e099000809fbe00b4
:10bc9000821f7800ae009000811f780070a62e00f1
:10bca000801f780022d80700ea8757002e009000f6
:10bcb000690050008000400020c520000080400046
:10bcc000100478000e089000cf80de0056d20700e6
:10bcd000080001002e0090000000e80020079800f6
:10bce0002e009000ee0f5000ddff340040602e006b
:10bcf000801f780040602e00801f7800b0a72e00c3
:10bd0000801f78000ad80700e6875700ac03370089
:10bd1000706a2e00801f780040a82e00801f7800d7
:10bd200003d80700e4875700150907006740600043
:10bd3000604798006e4090000080fb00800040004b
:10bd4000e0c52000008040001000780000000100e5
:10bd50009b03370070aa2e00801f7800f4d70700dd
:10bd60008f87e900f0622e00801f7800f0502e00cf
:10bd7000801f7800a0aa2e00801f7800ecd7070053
:10bd8000e6875700fe0807000081fb00b0aa2a00e2
:10bd90000010b8000100d1006300b9000000780075
:10bda00000005100604798006e4090000080fb004a
:10bdb00080004000609a20000080400090007800e1
:10bdc0006e4090000080fb00811f7800801f78008b
:10bdd00040ac2e00801f7800d5d70700e6875700bb
:10bde0006e4090000080fb00c0fb07000040eb00ad
:10bdf000604798000000eb002007980040ccb3009b
:10be00007ffb0700b0c5b3009efb07006e409000ab
:10be10009cfb07006e4090000080fb00801f7800b4
:10be2000e0ac2e00801f780060b220003bd70700f6
:10be3000e487570060b2200005fd070040c8b3004a
:10be40006ffb07002e009000d2fc0700a00020002e
:10be5000500807002e0090000000e800200798001e
:10be6000ae00900000032000808f5000f3ff3400ec
:10be70006e4090000040e80060479800401f20009e
:10be800044080700ac0807000004e000d9ff3200b6
:10be9000bb080700e05b800094fb070050692e00a0
:10bea000801f7800a2d707008f87e900440337007e
:10beb00070ad2e00801f78009dd707008f87e900a6
:10bec0000000eb00000f980012002000010f2f006f
:10bed000f00720003fe80700700047001300200033
:10bee000020f2f00f10720005be807007afd070032
:10bef0003303370040602e00801f780070af2e00a3
:10bf0000801f7800d0af2e00801f7800f0af2e0089
:10bf1000801f7800b0b12e00801f780084d7070002
:10bf2000ea875700205c8000801f780010b42e0044
:10bf3000801f78007ed70700e4875700105c8000e0
:10bf4000801f780010b62e00801f780078d7070079
:10bf5000e4875700305c8000801f780010b82e0006
:10bf6000801f780072d70700e4875700d05c8000fc
:10bf7000801f780010ba2e00801f78006cd7070051
:10bf8000e487570010bc2e00801f780068d7070098
:10bf90008f87e900405c80000000e000070032006d
:10bfa000405c8000801f7800b0bd2e00801f7800ac
:10bfb0005fd70700e48757000400370040be2e001b
:10bfc000801f78005ad707008f87e900305d800016
:10bfd0000000e00002003200a0be2e000100370089
:10bfe00010bf2e00801f780060bf2e00801f7800d9
:10bff0004fd70700e487570040c12e00801f78000c
:10c000004bd707008f87e900a0b8200010407800c8
:10c01000e14f500005003a00e0c22e00801f78007a
:10c0200043d707008f87e90008003700a0b8200039
:10c03000104078000080fb00801f780080c32e0035
:10c04000801f78003ad70700e4875700d0c32e003e
:10c05000801f780036d707008f87e900605c80007a
:10c06000680060000000e00010003200285c8000e2
:10c07000705c8000cf80de006bd10700044022009e
:10c08000459724000801780004fd0700725c8000d9
:10c09000809fbe00821f7800805d2e00801f780088
:10c0a00023d70700e8875700060037009049800033
:10c0b000801f780070c52e00801f78001cd70700f5
:10c0c000e4875700c0c52e00801f780018d70700ee
:10c0d0008f87e900615c8000000220000080600022
:10c0e0000000e00010003200285c8000805c8000ce
:10c0f000cf80de004cd10700044022004597240089
:10c1000008017800e5fc0700825c8000809fbe008b
:10c11000821f7800805d2e00801f780004d7070002
:10c12000e88757000600370090498000801f78009c
:10c1300070c52e00801f7800fdd60700e4875700e9
:10c1400060c72e00801f7800f9d607008f87e900ae
:10c15000615c800000022000008060000000e000c0
:10c1600010003200285c8000905c8000cf80de00f0
:10c170002dd10700044022004597240008017800d3
:10c18000c6fc0700925c8000809fbe00821f780082
:10c19000805d2e00801f7800e5d60700e8875700f5
:10c1a0000600370090498000801f780070c52e007f
:10c1b000801f7800ded60700e4875700a05c80006f
:10c1c000801f780000c92e00801f7800d8d6070095
:10c1d000e4875700b05c8000c15c8000809fbe0097
:10c1e00000cb2e00801f7800d1d60700e6875700cd
:10c1f000b0b82000104078000080fb0080004000b4
:10c20000209320000080400010007800801f7800fc
:10c2100010cd2e00801f7800c5d60700e487570098
:10c2200040602e00801f7800f0ce2e00801f780026
:10c23000b0d02e00801f7800bdd60700e6875700db
:10c24000f05a8000800040002091200000804000d3
:10c2500010007800801f780060d12e00801f7800c9
:10c26000b3d60700e487570040d32e00801f780024
:10c27000afd607008f87e900005b80000000e00078
:10c2800007003200005b8000801f7800e0d42e00a1
:10c29000801f7800a6d60700e48757000400370007
:10c2a000a0d52e00801f7800a1d607008f87e90057
:10c2b000e0d52e00801f78009dd607008f87e9000b
:10c2c000405b80008000400020072f00008040007d
:10c2d00010007800801f780050d82e00801f780052
:10c2e00093d60700e4875700205b8000801f78000a
:10c2f000b0da2e00801f78008dd60700e487570043
:10c30000105b8000801f7800b0dc2e00801f78005a
:10c3100087d60700e4875700505b8000cf80de009f
:10c32000c1d0070002002000832c2400d6d10700d2
:10c33000809fbe00b0de2e00801f78007cd60700f4
:10c34000e6875700705b80008000400040c32000fb
:10c350000080400010007800801f7800b0e02e00c0
:10c36000801f780072d60700e4875700605b80006a
:10c3700080004000e0902000008040001000780025
:10c38000801f780090e22e00801f780068d607009a
:10c39000e4875700605b800031772f0061407800b0
:10c3a0008000fb00805b8000811f7800801f780088
:10c3b00070e42e00801f7800e05c2e00801f780063
:10c3c0005bd60700e8875700605b800031772f005d
:10c3d000614078008000fb00905b8000811f780046
:10c3e000801f780010e62e00801f7800e05c2e0091
:10c3f000801f78004ed60700e8875700c05b80009a
:10c4000080004000e0922000008040001000780092
:10c41000801f7800b0e72e00801f780044d6070008
:10c42000e4875700d05b800080004000209320000c
:10c430000080400010007800801f780090e92e00f6
:10c44000801f78003ad60700e4875700105d80000f
:10c450008000400020932000008040001000780001
:10c46000801f780070eb2e00801f780030d6070008
:10c47000e4875700e05b800080004000609a200065
:10c480000080400010007800801f780050ed2e00e2
:10c49000801f780026d60700e4875700f05b8000f5
:10c4a00080004000009b20000080400010007800c9
:10c4b000801f780030ef2e00801f78001cd6070008
:10c4c000e4875700a05b800080004000e0962000d9
:10c4d0000080400010007800801f780010f12e00ce
:10c4e000801f780012d60700e4875700e0418000e3
:10c4f0008000400060932000008040001000780021
:10c50000801f7800f0f22e00801f780008d6070008
:10c51000e4875700b05b800080004000a0932000bb
:10c520000080400010007800801f7800d0f42e00ba
:10c53000801f7800fed50700e4875700c05b8000ad
:10c540000000e00006003200104280008000400041
:10c55000e0932000008040001000780005003700c4
:10c560001042800080004000409520000080400084
:10c5700010007800801f7800705e2e00801f780009
:10c58000ebd50700e487570040602e00801f78003d
:10c5900080852e00801f7800e5d50700e4875700ce
:10c5a00087013700ccfb070085013700604280001f
:10c5b0000000a20060428800604280000000e000ad
:10c5c000150032006042800080004000209320006f
:10c5d0000080400010007800801f7800b06b2e00b3
:10c5e000801f7800d2d50700e4875700006d2e0029
:10c5f000801f7800ced507008f87e90040602e00ad
:10c60000801f7800b0f62e00801f7800c8d5070084
:10c61000e48757006a01370040602e00801f7800d1
:10c6200030f72e00801f7800c1d50700e48757003f
:10c630006042800080004000209320000080400085
:10c6400010007800801f7800b06b2e00801f7800eb
:10c65000b7d50700e48757005901370050662e0010
:10c66000801f780090f72e00801f7800b0d507005b
:10c67000e487570010002000200798002e0090004b
:10c680008000400060b4200000804000100078006e
:10c690006300500000004000000178002e00900070
:10c6a0008000400060b4200000804000100078004e
:10c6b0008000e8002e00900080014000409520009e
:10c6c0000080410010007800821f7800811f7800f0
:10c6d000801f7800e0f72e00801f780094d50700b7
:10c6e000e88757002e0090000000e800200798001f
:10c6f0002e009000e90f5000e0ff340030013700b9
:10c70000f0622e00801f780040642e00801f7800a9
:10c7100070f92e00801f780085d50700e687570046
:10c7200097060700605b800031772f00614078003a
:10c73000604798006000b800008fbe000000eb006a
:10c7400020079800e000200003e60700cf80de000d
:10c75000b5cf07000001be001e00be00e5cf0700f8
:10c76000008fbe002e0090000000e8002007980017
:10c770002e009000e90f5000f2ff3400605b800053
:10c780000000e00006003200c2cc2c00333224004e
:10c790001e00be00bcd00700008fbe000a0037009c
:10c7a00002002000632b24001e00be00b6d007004c
:10c7b000008fbe0002002000032024001e00be00e7
:10c7c000cccf0700008fbe006e4090000080fb00c1
:10c7d000ee4090000181fb00801f78001e00be002b
:10c7e000809fbe00821f78001e00be00809fbe009a
:10c7f000c04e2e00801f78004dd50700ee875700f1
:10c8000020032000e30507004b0607000004e000ba
:10c81000c8ff32005a06070050692e00801f7800ba
:10c8200043d507008f87e900e500370060fb2e0045
:10c83000801f78003ed507008f87e9006606070055
:10c8400040079800510798004e019000de019000cb
:10c850003006200001002000800f5100818f590018
:10c86000070034004e019000de01900000fa200025
:10c8700001002000800f5100818f59000500340015
:10c88000a0702e00801f780029d507008f87e9004f
:10c89000cb0037004e009000de009000000040000a
:10c8a000818048000001be00000028000107200030
:10c8b00077cf070060079800710798004e0090003e
:10c8c000de009000809fbe0050fe2e00801f78008a
:10c8d00017d50700e687570090ff2e00801f7800cd
:10c8e00013d507008f87e9003b0607004007980033
:10c8f000510798004e019000de019000900020004a
:10c9000001002000800f5100818f59000700340082
:10c910004e019000de01900000d0270001002000b1
:10c92000800f5100818f590005003400a0702e0047
:10c93000801f7800fed407008f87e900a000370031
:10c94000ce0090006e0090006c05070070aa2e00cb
:10c95000801f7800f6d407008f87e9009800370021
:10c96000e0522e00801f780090f72e00801f780084
:10c97000efd40700e487570010c0b300a0f8070009
:10c980000000eb0020079800fd05070060479800b5
:10c990002e009000f00f500002003a0000ccb300cf
:10c9a00097f807006e409000ed4f500004003200f1
:10c9b000ae00900000022000808f500004003a007a
:10c9c00010c0b3008ef807000000eb0020079800ad
:10c9d0006e4090000080fb0001fe2f008080400030
:10c9e000e0052000808f50000d003e006e4090005a
:10c9f0000080fb00801f7800a0012f00801f7800be
:10ca0000cbd40700e48757006e4090009df80700e4
:10ca10002e0090000000e800200798000900370071
:10ca20006e4090000080fb00d1712e00811f7800c5
:10ca3000801f7800a0022f00801f7800bcd4070060
:10ca4000e68757006e409000fb4f5000ceff3a0043
:10ca500050692e00801f7800b5d407008f87e90049
:10ca60005700370010552e00801f780090f72e00d9
:10ca7000801f7800aed40700e487570010c0b300d1
:10ca80005ff807000000eb00200798001106070080
:10ca9000604798002e009000f00f500002003a000e
:10caa00000ccb30056f80700ae0090000002200052
:10cab000808f500004003a0010c0b30050f8070007
:10cac0000000eb00200798006e4090006df8070012
:10cad0006e4090000080fb0001fe2f00808040002f
:10cae000e0052000808f50000b003e002e009000db
:10caf0000000e800200798006e4090000080fb00d6
:10cb0000801f7800f0032f00801f780088d4070072
:10cb1000e487570006003700d0712e00801f780090
:10cb200070042f00801f780081d40700e48757002d
:10cb30006e409000fb4f5000d4ff3a0050692e0029
:10cb4000801f78007ad407008f87e9001c00370027
:10cb500010002000200798000000eb00000f980054
:10cb6000f0672e00801f780090f72e00801f78005d
:10cb70006fd40700e48757000e089000ae009000c5
:10cb800000017800110009008200d80020079800f9
:10cb90000b0037006e4090008080fb006e409000dc
:10cba0000080fb00811f7800801f7800f0042f00b8
:10cbb000801f78005ed40700e68757006a050700eb
:10cbc0004f0478000080fa00000006000600fa001a
:10cbd00010079800210798000000eb00000f780074
:10cbe000304780000000e0000200320066040700c9
:10cbf000000f78001e0078000000e0000400340000
:10cc0000615c80001e00900001007000605c880084
:10cc10001e0078000000e00004003d00615c800020
:10cc20002e00900000806000605c88000080fa00a8
:10cc3000000006001000fa00008fbe0022079800d6
:10cc40003307980044079800550798006607980036
:10cc5000770798009e0090002e0090000088b90091
:10cc600000017800be0090001e0078000088b90026
:10cc700000007800000141009e0078002e00900026
:10cc80000008b8000101410082007800008fbe005a
:10cc9000008fbe001e01be004e009000de0090001e
:10cca000800f5100818f5900030036004e01900023
:10ccb000de019000028fbe001e01be006e009000db
:10ccc000fe009000800f5100818f59000300310059
:10ccd0006e019000fe019000028fbe002e019000b8
:10cce000be0190001e00be001dce070000007800af
:10ccf0000080fa00000006000000fa00b05b80002f
:10cd00008000400020922000008040001000780049
:10cd10004ff90700e05a8000800040004095200055
:10cd2000008040001000780049f907000080fa00f8
:10cd3000000006000000fa00c000200086e40700a2
:10cd4000005a8800d000200083e40700105a8800b1
:10cd50000080fa00000006000000fa00889fbe0074
:10cd6000e32821006267210041b820001000200064
:10cd7000f0f10700a000200077e40700cf80de007c
:10cd800029ce07000004be00205c8000cf80de00ba
:10cd900025ce07000001be000800be0019d0070024
:10cda000420020004cf90700205c8000801f7800c2
:10cdb000f0942f00801f780050932f00801f780080
:10cdc00060b22000e2d30700e68757004f04be00a0
:10cdd0000080fa00000006000000fa009000200029
:10cde0005de40700d0598800c35d200002fa2000ee
:10cdf00021b8200010002000cef10700beff070080
:10ce00006cea0700105c8000801f7800f0942f000f
:10ce1000801f780050932f00801f780060b22000a0
:10ce2000cbd30700e68757000080fa000000060019
:10ce30000000fa00bfff0700e32e2000c25d2000c3
:10ce400061b8200010002000baf10700aaff070017
:10ce5000a5ea0700305c8000801f7800f0942f0066
:10ce6000801f780050932f00801f780060b2200050
:10ce7000b7d30700e68757000080fa0000000600dd
:10ce80000000fa00abff07008001eb006209200000
:10ce9000a1b9200010002000a6f1070096ff0700ae
:10cea00091ea0700d05c8000801f780060952f0019
:10ceb000801f780050932f00801f780060b2200000
:10cec000a3d30700e68757000080fa0000000600a1
:10ced0000000fa008001eb004206200081b820002b
:10cee0001000200093f10700405c80000000e0008b
:10cef00008003200405c8000801f780080a12f0075
:10cf0000801f780060b2200091d30700e4875700ab
:10cf10000700370090498000801f780030a22f0062
:10cf2000801f780060b2200089d30700e487570093
:10cf30000080fa00000006000200fa00315d800067
:10cf4000010f780060ba200093f10700305d800087
:10cf50009e0f50000300320041062000c0f6200062
:10cf6000e6030700305d80008000400000bd200027
:10cf70000080400010007800801f7800c0a32f00c0
:10cf8000801f780060b2200071d30700e48757004b
:10cf90000080fa00000006000200fa00a0b820009d
:10cfa000104078000080fb00000f78001300200084
:10cfb000020120008e007800100020005df10700c3
:10cfc0001e00780080407800a0b82000014878005a
:10cfd000a0b82000104078008080fb00a0b820009e
:10cfe000104078000004a2000080fb000000e9006f
:10cff0004f00de0000014000c0bc200000004100e6
:10d0000010007800811f7800801f7800d0a22f00c8
:10d01000801f780060b220004dd30700e6875700dc
:10d020000080fa00000006000000fa0071032000f2
:10d03000f0002000e5fe0700605c800068006000f2
:10d040000000e00002003200a0498000010037002b
:10d0500090498000801f7800e0912f00801f7800a9
:10d0600060b220003ad30700e48757000080fa003e
:10d07000000006000000fa00889fbe0030478000d4
:10d080000000e00004003200785c80003e030700ee
:10d0900000004400705c8800205c8000cf80de00cf
:10d0a000725c80006114b90006f82900570d200059
:10d0b000041c2e00450e20000001be000800be002a
:10d0c000dcfe0700705c8800705c8000cf80de00b2
:10d0d00055cd07000004be00205c8000cf80de003c
:10d0e00051cd07000001be000800be0045cf07007b
:10d0f000024022004397240063ce0700809fbe00b9
:10d1000080922f00801f780060b2200010d30700ab
:10d11000e68757004f04be000080fa0000000600ba
:10d120000000fa00f100200070032000a7fe0700b5
:10d13000615c800000022000008060000000e000d0
:10d1400002003200a04980000100370090498000b1
:10d15000801f7800e0912f00801f780060b22000cf
:10d16000fbd20700e48757000080fa0000000600a9
:10d170000000fa00889fbe00304780000000e000f9
:10d1800004003200885c8000ff02070000004400b9
:10d19000805c8800205c8000cf80de00825c8000a4
:10d1a0006114b900067a2300070a2000049e2700b4
:10d1b000f50a20000001be000800be009dfe070029
:10d1c000805c8800805c8000cf80de0016cd070088
:10d1d0000004be00205c8000cf80de0012cd07007e
:10d1e0000001be000800be0006cf0700024022007a
:10d1f0004397240024ce0700809fbe0080922f001a
:10d20000801f780060b22000d1d20700e687570067
:10d210004f04be000080fa00000006000800fa007b
:10d22000889fbe00815c8000e0478000808f5000b6
:10d2300008003200915c8000825c8000e047800042
:10d240000000510000804000905c8800805c8000fd
:10d25000e0478800805c80006101b900205c8000ac
:10d26000cf80de00009ab90004027800028bb9007a
:10d2700086027800050242000010b8000102420058
:10d280008400780002502300c3002000021f4000e9
:10d2900003974800001a250051ff2f003e0140006f
:10d2a000ae8148000200be002007980031079800b8
:10d2b000304780000000e00004003200985c8000ed
:10d2c000b102070000004400905c88002e0290002c
:10d2d000be0290001e01be00205c8000cf80de00f8
:10d2e000965c80006134b9000403be000202be00f7
:10d2f0000001be000800be004efe0700905c8800e2
:10d30000905c8000cf80de00c7cc07000004be0028
:10d31000205c8000cf80de00c3cc07000001be008f
:10d320000800be00b7ce0700024022004397240049
:10d33000d5cd0700809fbe0080922f00801f78000f
:10d3400060b2200082d20700e68757004f04be007b
:10d350000080fa00000006000000fa00881f780034
:10d36000304780000000e00004003200a85c80002c
:10d370008502070000004400a05c8800a05c8000db
:10d38000cf80de008602200007002000040a200073
:10d3900005002000120020000300200025fe0700e9
:10d3a000a05c8800a05c8000801f780020a52f0072
:10d3b000801f780060b2200065d20700e487570024
:10d3c0004f0478000080fa00000006000000fa0018
:10d3d000889fbe00d1e80700809fbe0000942f0008
:10d3e000801f780060b2200059d20700e6875700fe
:10d3f00060b2200096f70700304780000000e00090
:10d4000008003200b85c8000c95c80005e02070042
:10d41000cf80de000800400089804800b05c8800b2
:10d42000c15c8800b25c8000c35c8000903924003d
:10d43000f1002000800f5100818f5900040034005a
:10d4400090392400f1002000b05c8800c15c8800a5
:10d45000b25c8000c35c8000800c2400f1002000de
:10d46000800f5100818f590004003c00900c240073
:10d47000f1002000b05c8800c15c8800b05c8000d6
:10d48000c15c8000809fbe0010a62f00801f780026
:10d4900060b220002ed20700e68757004f04be007e
:10d4a0000080fa00000006000200fa00b0b8200078
:10d4b000104078000080fb00000f78000e0078001c
:10d4c00035f007001e00780080407800b0b82000da
:10d4d000014878001e007800800040002093200062
:10d4e0000080400010007800801f7800d0a62f0038
:10d4f000801f780060b2200015d20700e487570033
:10d500000080fa00000006000000fa00d04780000a
:10d5100080004000e0ba2000008040001000780049
:10d52000800078000008200056f70700d0478000f0
:10d530008000400040bd20000080400010007800c6
:10d540000000010061b22000000c20004df7070030
:10d55000d0478000ea0f500002003200805c80005b
:10d56000e04788000080fa00000006000200fa0090
:10d57000000f7800d04780001e004000d047880090
:10d58000605c8000680060000000e00006003a0077
:10d59000d0478000e80f500003003a00d0478000d9
:10d5a0001e004000d0478800615c8000000220001f
:10d5b000008060000000e0000c003a00d0478000ce
:10d5c000ea0f500003003200d0478000eb0f5000fc
:10d5d00006003a001e00780000004000800078003d
:10d5e000d047800000804000d0478800d0478000ae
:10d5f000ee0f500001003400fa28ef00d047800001
:10d600000000e00002003d00e0002000d04788005c
:10d61000d0478000e60f500002003a00a02820000a
:10d62000010037004006200010478800d0478000e6
:10d6300017e507000080fa00000006001a00fa0053
:10d64000400f98000000eb00000f78000000eb0096
:10d65000f05b88001e0078008000400060b420006d
:10d6600000804000900078001e007800000040001c
:10d67000000047000080e800010878001e007800e4
:10d680008000400060b42000008040008000eb007b
:10d69000010878001e0fe8001e007800ea0f500015
:10d6a000ecff3400a028ef00401680004300de00ad
:10d6b000614060000080fb00004288000042800062
:10d6c0000000e00001003a00a428ef007eee070011
:10d6d0006ceb0700f04180000000e0000400320025
:10d6e0004a28ef0051428000410f98004c0037005b
:10d6f000b05b8000e10f500002003a00dcec070054
:10d7000005003700e05a8000e90f500002003200a7
:10d7100090002000e05a8800caed07000042800017
:10d720000000e00013003200e05a8000ea0f5000d1
:10d7300010003200d0478000e10f5000030032009b
:10d74000d0478000e20f50000a003a0050458000a8
:10d750000000e00007003a00204580000000e000e3
:10d7600004003a0010002000e0418800ca82a800ae
:10d7700002003700ca82a9003c28ef00ffee070034
:10d780000f003700e628ef00a0168000610060005f
:10d790000000e000020032000080eb0001003700d2
:10d7a0001000200071ff070057ff0700a02820008d
:10d7b000f80107009e28ef00100020003047880085
:10d7c0001116800000002200008060000000e000d0
:10d7d000ecff3200a0168000610060000000e00055
:10d7e000e8ff3a0048ff07007016800070006000f4
:10d7f0000000e0000a003a00405c800080007800f1
:10d80000a07f2100bd010700110020000000eb00f7
:10d8100066eb0700fa28ef000000eb00400f9800cd
:10d820004e0890000000e0009eff3a000000eb0070
:10d83000000f78001e007800000040000000470044
:10d84000900090001e0078000001400060b42000ad
:10d8500000004100010878001e0fe8001e0078005b
:10d86000ea0f5000f3ff34003c28ef000080fa007c
:10d87000000006000200fa00000f78001e00780089
:10d880000000e000090034001e007800e40f5000a2
:10d8900006003c001e0078008000400060772f00ea
:10d8a0000080400010007800090037001e0078005a
:10d8b000e50f5000030032001e007800e60f500014
:10d8c00002003a0010bc8700010037000080eb0026
:10d8d0000080fa00000006000200fa00000f780045
:10d8e0001e0078000000e000090034001e007800ef
:10d8f000e40f500006003c001e00e90080004000dc
:10d9000060772f0000804000100078001100370081
:10d910001e007800e50f5000030032001e00780062
:10d92000e60f500002003a00f0bb87000900370004
:10d930001e007800e60f5000050034001e0078003d
:10d94000e90f500002003c0010bc870001003700c6
:10d950000000eb000080fa00000006000400fa005e
:10d96000889fbe00505b800010079800a0b8200080
:10d97000104078000080fb00000f78001e00780047
:10d980000000e000030034001e007800f00f50009b
:10d990000200340010002000000f78001e00780004
:10d9a0004200dd00000f78001e007800e70f5000f5
:10d9b00002003c0080002000000f7800501680001c
:10d9c000700060000000e00003003a004001200009
:10d9d000f045880006003700f04580000000e000b8
:10d9e00003003200f04580000000e900f0458800a7
:10d9f000f04580000000e00008003200b628ef008b
:10da0000b828ef00b0458000c145800090458800ef
:10da1000a1458800ba28ef00150037003167800063
:10da2000d05c8000008040006101b800904580001b
:10da3000a145800002004000838048009045880096
:10da4000a1458800206780006101b800b0458000d2
:10da5000c14580000200400083804800b045880036
:10da6000c1458800d04580000000e800d04588000e
:10da7000d04580009e0f50003a003500e041800004
:10da80000000e00030003200d0458000cf80de0092
:10da9000c21220000289b900020178006002b900b8
:10daa0008401780003014100c31220000300b80084
:10dab000010141008200780092458000a34580006a
:10dac000820f5000838f58001f003e001e00900000
:10dad0004006b0006101b800b0458000c14580003b
:10dae000009ab90004027800028bb900860278001f
:10daf000050242000011b8000302420084017800d0
:10db00001e0090004006b1006102b8009045800000
:10db1000a145800000abb90006037800048cb90071
:10db200088037800070343000020b8000103430086
:10db300086007800800f5100818f59000200360066
:10db40001000200010458800b628ef00b828ef002c
:10db5000b0458000c145800090458800a1458800ff
:10db6000ba28ef0040168000680060000000e00066
:10db700010003200b1bb8700b0438000808f50009e
:10db80000c003100e05a80003aff0700b1438000ea
:10db9000810f50000700310060458000e10f500008
:10dba00005003c00604580000000e80060458800fa
:10dbb00001003700ac28ef0060458000e10f500005
:10dbc000020034001000200020458800401680002c
:10dbd000680060000000e00007003200804580001f
:10dbe000e10f400005003200804580000000e800a1
:10dbf0008045880001003700b028ef004016800003
:10dc0000680060000000e00001003a00a628ef0074
:10dc1000f05a8000e30f50001b003a0040168000cd
:10dc2000680060000000e0001700320081458000bd
:10dc3000800c2000808f500013003e003045800093
:10dc40000000e00010003a00b1bb8700b043800044
:10dc5000808f50000c003100e05a80001eff07004a
:10dc6000b1438000810f50000700360070458000ee
:10dc7000e20f500005003c00704580000000e80005
:10dc80007045880001003700ae28ef007045800025
:10dc9000e20f5000020034001000200020458800f0
:10dca00040168000680060000000e00002003200c2
:10dcb000bc28ef0006003700e0458000e10f50006f
:10dcc00003003c00e04580000000e800e0458800db
:10dcd00001458000f07c2000808f500003003e0052
:10dce000004580000000e80000458800e045800015
:10dcf000e10f500014003c00104580000000e000df
:10dd000011003a00204580000000e0000e003a00bb
:10dd1000f1418000f0022000008060000000e0007f
:10dd200009003a00311780000000280000806000e0
:10dd30000000e00004003a0001458000f07c200073
:10dd4000808f500001003600ca82a9005016800062
:10dd5000700060000000e00002003200a828ef0020
:10dd60000600370040458000e10f4000030032000c
:10dd7000404580000000e800404588004f04be0098
:10dd80000080fa00000006000200fa00f144800062
:10dd9000010f78009e28ef001e0078000080fa0036
:10dda000000006000000fa00400120001044880036
:10ddb00040062000304488009021ef009621ef00bb
:10ddc000c0122000600c8800c0122000700c880077
:10ddd000e0002000800c8800007d2000900c88006e
:10dde000007d2000a00c8800e0002000b00c88001e
:10ddf00020cd21007008880013e1a8008ce0a80065
:10de00008c60a90020002000200888007828ef00fe
:10de10000080fa00000006000200fa00000f7800ff
:10de20001e007800f1a42000810f50001c00320079
:10de3000f1a42000810f500007003c009139200020
:10de4000810f50001800320031732000810f500004
:10de50001100320016003700e1252100810f50002b
:10de600009003200a17f2100810f50000400320020
:10de7000c1f62000810f5000050032000c00370071
:10de8000306420000b003700105e200009003700ce
:10de9000a05820000700370050552000050037002b
:10dea000c05320000300370050522000010037000b
:10deb0001e0078000080fa00000006000200fa0050
:10dec000000f780030002000604488001e00e90048
:10ded00060088800600880000000d10030088800d9
:10dee000d622a900d222a90011e1a80084c0a9006d
:10def0008cc0a8000080fa00000006000400fa00b0
:10df0000000f780011079800504480000000e000e6
:10df10000d003a001e0090000000e0000a003400ee
:10df20001e00900040448800305d8000e10f5000ea
:10df300003003a001e007800b7ff07000100370019
:10df40001e007800ddff07000080fa0000000600d8
:10df50000200fa00000f78001821ef001e00780080
:10df60004300dd00e008880086c0a90021e1a80088
:10df700000000000310480000004200000806000e8
:10df80000000e000fbff320021e1a9000080fa0060
:10df9000000006000200fa00000f780002003700bf
:10dfa000803e2000eaff07001e00780000f0a70076
:10dfb0000000ea000000ea004f00de0000407800a8
:10dfc0001e0fe9000004e000f5ff3a000080fa00af
:10dfd000000006000000fa00ca82a900e842a8007a
:10dfe000e862a8000080fa00000006000200fa00c3
:10dff000000f780010c0b30001f307001e00780086
:10e00000e20f500012003200e20f500005003c0009
:10e010000000e00008003200e10f5000090032006b
:10e0200014003700e30f50000c003200e40f5000e2
:10e030000d0032000f00370020af2f0084f40700de
:10e040001100370030b02f0081f407000e003700b8
:10e0500040b12f007ef407000b00370050b22f00b4
:10e060007bf407000800370060b32f0078f4070046
:10e070000500370070b42f0075f4070000000000a1
:10e080000100370000000000a01680006100600061
:10e090000000e000fbff3200cfa2a900faff37002a
:10e0a0000000fa0070e78700a01088000c22ef0043
:10e0b0000e22ef008520a9008d20a8000de2a80007
:10e0c0000f42a8000080fa00000006000200fa00db
:10e0d000000f78001e007800e70f500002003400a7
:10e0e00070002000000f78001e00780080004000c3
:10e0f00080ce2f000080400010007800a010880023
:10e100000080fa00000006000200fa00004f7800cc
:10e1100000000000711080000020200000806000de
:10e120000000e000fbff3a001e80fb00801088002a
:10e130000080fa00000006000000fa007010800065
:10e14000620060000000e000010032000e22a90021
:10e1500000c9bf0080c0ea0002c9bf0000c0400083
:10e160000080fa00000006000000fa000069ef00dd
:10e1700010c0b30002e9b7000080fa0000000600fa
:10e180000000fa0000000000ebff07000004e000c0
:10e19000fdff320000c9bf000040e80000e9b70001
:10e1a00000c9bf000080fb0061a220006140780030
:10e1b0000080fa00000006000200fa00f0ff0700ed
:10e1c000004f78001e407800cfff07001e40780007
:10e1d0000080fa00000006000600fa006000b800a7
:10e1e000008fbe000040eb0040479800e4ff0700ae
:10e1f0000074a100404798004e4090000080fb0052
:10e200000003b100e90f500014003e004e409000a2
:10e21000bdff07001e0090006a00b90000017800f1
:10e220001e0078006000b900000078000001410085
:10e230009e007800a00020000008b8000101410005
:10e24000820078004e4190000281fb000203b10081
:10e25000cf91de00021f4000039748004e4090001f
:10e26000ed4f5000e1ff3a001e00be000080fa00b2
:10e27000000006000200fa00c1ff0700004f78000e
:10e280001e80fb0096ce07000000e000faff32007f
:10e290001e80fb00d3ce0700004f78001e407800a0
:10e2a00099ff070090c3b3009e40780080cf5000d4
:10e2b00002003e0000c3b3000100370070c3b3008a
:10e2c0009e40780000cf50001e4078000080fa0089
:10e2d000000006000200fa00e6ff07004400dd002f
:10e2e000004f7800e3ff07001e4f40001e407800fb
:08e2f0000080fa0000000600a6
:020000040000fa
:10000800fc77000062760000a6760000a877000062
:10001800da770000fc770000fc770000fc7700002e
:10002800fc770000fc770000fc770000fc770000fc
:10003800fc770000fc7700007c710000147200005f
:10004800fc770000ea780000fc770000fc770000ed
:10005800fc770000fc770000fc770000fc770000cc
:10006800fc770000fc770000fc770000fc770000bc
:10007800fc770000fc770000fc770000fc770000ac
:10008800fc770000fc770000fc770000fc7700009c
:10009800fc770000fc770000fc770000fc7700008c
:1000a800fc770000fc770000fc770000fc7700007c
:1000b800fc770000fc770000fc770000fc7700006c
:1000c800fc770000fc770000fc770000fc7700005c
:1000d800fc770000fc770000fc770000fc7700004c
:1000e800fc770000fc770000fc770000fc7700003c
:0800f800fc770000fc7700001a
:020000040000fa
:10010800fc77000062760000a6760000a877000061
:10011800da770000fc770000fc770000fc7700002d
:10012800fc770000fc770000fc770000fc770000fb
:10013800fc770000fc7700007c710000147200005e
:10014800fc770000ea780000fc770000fc770000ec
:10015800fc770000fc770000fc770000fc770000cb
:10016800fc770000fc770000fc770000fc770000bb
:10017800fc770000fc770000fc770000fc770000ab
:10018800fc770000fc770000fc770000fc7700009b
:10019800fc770000fc770000fc770000fc7700008b
:1001a800fc770000fc770000fc770000fc7700007b
:1001b800fc770000fc770000fc770000fc7700006b
:1001c800fc770000fc770000fc770000fc7700005b
:1001d800fc770000fc770000fc770000fc7700004b
:1001e800fc770000fc770000fc770000fc7700003b
:0801f800fc770000fc77000019
:020000040000fa
:0200000401f009
:04000800ffff0000f6
:020000040000fa
:0200000401f009
:04000400ff7f00007a
:020000040000fa
:0200000401f009
:04000000e5ff000018
:020000040000fa
:020000040002f8
:10c9d800536500006e7300006f7200003a25000076
:10c9e800352e000031660000256300002044000059
:10c9f80069730000706c00006179000065640000d4
:10ca08003a250000342e000030660000256300003f
:10ca18000a0d0000004c00004344000020420000c2
:10ca28006172000020470000726100007068000019
:10ca380020260000204300006861000072610000a9
:10ca480063740000657200002054000065730000e4
:10ca5800740000005772000069740000652000002f
:10ca6800415300004349000049200000746f000052
:10ca7800204c0000434400002c20000045530000d7
:10ca880043200000746f00002065000078690000f2
:10ca9800742e00000a0d00000057000072690000a3
:10caa800746500002048000045580000207400000c
:10cab8006f2000004c430000442c0000203100008f
:10cac80042200000746f00002065000078690000b3
:10cad800742e00000a0d000000480000696700007d
:10cae800682d0000566f00006c740000616700003c
:10caf800650000004c6f0000772d0000566f0000a5
:10cb08006c740000616700006500000020280000c8
:10cb180050720000652d00004c6900006d6900002e
:10cb28007429000000200000616c000061720000a0
:10cb38006d20000069730000206400006973000024
:10cb4800616200006c650000642e00000a0d0000a0
:10cb580000250000372e0000336600002025000065
:10cb680073000000253500002e310000662000000b
:10cb7800576100007474000073200000282500002d
:10cb88007329000000250000352e000030660000e3
:10cb98002000000025730000252d000064250000fa
:10cba800630a00000d000000253400006920000021
:10cbb8003d200000253500002e320000665600009a
:10cbc8000a0d0000004c0000617300007420000092
:10cbd800566100006c69000064200000426100009a
:10cbe8006e64000020530000656c0000656300005f
:10cbf800742000003a250000730a00000d000000b0
:10cc08002d2d00002d2d00002d2d00002d2d0000b4
:10cc18002d2d00002d2d00002d2d00002d2d0000a4
:10cc28002d2d00002d2d00002d2d00002d2d000094
:10cc38002d2d00002d2d00002d2d00002d2d000084
:10cc48002d2d00002d2d00002d2d00002d2d000074
:10cc58000a0d0000002c0000206100006e79000021
:10cc6800206b0000657900002065000078690000ed
:10cc7800747300002e2e00002e0a00000d00000024
:10cc8800546500006d70000065720000617400005a
:10cc98007572000065200000536500006e73000087
:10cca8006f72000020430000616c000069620000a0
:10ccb80072610000746900006f6e00000a0d0000c8
:10ccc800004900006e7000007574000020410000eb
:10ccd80074740000656e000075610000746f0000d8
:10cce8007220000053740000617400007573000026
:10ccf8000a0d000000440000697600006964000025
:10cd0800652d0000427900002d5a00006572000070
:10cd18006f20000054720000617000000a0d0000ce
:10cd28000054000065730000742000005465000082
:10cd3800726d0000696e0000617400006564000097
:10cd48000a0d0000004100006c610000726d0000d7
:10cd58002053000079730000746500006d20000006
:10cd680054650000737400000a0d0000000a0000fa
:10cd78000d4600002d530000656e0000736500002d
:10cd88002054000065730000743a0000202500005c
:10cd9800730a00000d000000202000002031000070
:10cda800363000006d200000383000006d20000093
:10cdb800343000006d200000333000006d2000008a
:10cdc800323000006d200000313700006d20000077
:10cdd800313500006d200000313200006d20000068
:10cde800313000006d200000202000004d69000057
:10cdf8006e200000202000004d6100007820000017
:10ce08006b4800007a0a00000d0000000a0d0000bf
:10ce1800496c00006c650000676100006c20000030
:10ce2800566100006c750000652100000a0d0000c5
:10ce3800004e00006f6e00002d5000007269000067
:10ce48006e740000616200006c6500002043000001
:10ce58006861000072610000637400006572000080
:10ce6800004e00006f7200006d6100006c00000051
:10ce78004c6f0000772000005370000065650000cb
:10ce8800642000004f4e0000004d00006564000063
:10ce9800697500006d200000537000006565000092
:10cea800642000004f4e0000004800006967000041
:10ceb80068200000537000006565000064200000d1
:10cec8004f4e0000004f0000757400002d4f000009
:10ced800662d0000426100006e6400002100000021
:10cee800312e0000384d0000487a00002f31000034
:10cef800363000006d000000332e0000354d000074
:10cf0800487a00002f380000306d0000003700001c
:10cf18002e3000004d4800007a2f00003430000009
:10cf28006d000000313000004d4800007a2f0000ed
:10cf3800333000006d000000313400004d4800001f
:10cf48007a2f0000323000006d00000031380000f8
:10cf58004d4800007a2f0000313700006d000000b6
:10cf6800323100004d4800007a2f000031350000b2
:10cf78006d000000323400004d4800007a2f000098
:10cf8800313200006d000000323800004d480000ca
:10cf98007a2f0000313000006d000000556e00004f
:10cfa8006b6e00006f7700006e2000004261000089
:10cfb8006e6400002100000044410000544100005c
:10cfc8000041000044440000520000000a0d000027
:10cfd800447500006d7000002045000045500000b9
:10cfe800524f00004d200000636f00006e74000077
:10cff800656e0000747300000a0d000025340000ff
:10d008007325000032330000730a00000d2500006c
:10d018002e32000033730000252e0000323200004b
:10d02800730000000a0d0000253400002e340000b3
:10d03800583a000000250000352e00003458000042
:10d04800000a00000d2500002e3200003373000096
:10d05800252e000032320000730a00000d00000087
:10d06800416d000070730000005600006f6c0000f6
:10d07800747300000025000033690000202d0000b3
:10d08800202500007300000052650000766500004e
:10d098007273000065000000466f000072770000a0
:10d0a8006172000064000000257300000030000079
:10d0b800202d0000204100006c6c00002041000081
:10d0c8006c610000726d0000732000004f66000064
:10d0d800660a00000d000000312000002d2000002d
:10d0e8004f760000657200002d4300007572000045
:10d0f800726500006e7400000a0d00000032000026
:10d10800202d00002048000069670000682000000a
:10d1180053570000520a00000d00000033200000a1
:10d128002d2000004f760000657200002d5400008d
:10d13800656d000070650000726100007475000084
:10d14800726500000a0d000000340000202d000068
:10d1580020250000730a00000d00000034200000a4
:10d168002d20000025730000257300000035000005
:10d17800202d00002025000073250000730a000000
:10d188000d000000352000002d2000002573000050
:10d19800257300002573000000360000202d0000d4
:10d1a80020250000732000004c6900006d69000014
:10d1b800740a00000d000000362000002d20000039
:10d1c800257300002573000000370000202d0000a3
:10d1d800204100006c6c0000204100006c610000e0
:10d1e800726d0000732000004f6e00000a0d0000f1
:10d1f800000a00000d2500002e32000030730000e8
:10d208005b4300004f4d00004d4100004e440000bc
:10d2180020540000414200004c4500005d250000fc
:10d228002e320000307300000a0d00000048000094
:10d238002f3f000020480000656c000070200000af
:10d248002d200000285400006869000073200000a9
:10d258005363000072650000656e0000290a000033
:10d268000d00000041200000202000004144000083
:10d278004320000043680000616e00006e650000f6
:10d288006c200000447500006d7000000a0d00005d
:10d29800004200002020000020250000730000004c
:10d2a8004320000020200000257300000a0d000024
:10d2b8000044000020200000204300006c650000ae
:10d2c800617200002046000061630000746f000076
:10d2d8007279000020440000656600006175000056
:10d2e8006c74000020520000657300006574000033
:10d2f800204300006f7500006e7400006572000026
:10d308000a0d000000450000202000002044000015
:10d31800756d0000702000005379000073740000e0
:10d32800656d000020260000205500007365000090
:10d33800722000005365000074740000696e0000dc
:10d34800677300000a0d000000460000202000005e
:10d3580020440000756d0000702000004545000065
:10d36800505200004f4d0000206300006f6e000017
:10d37800746500006e740000730a00000d00000060
:10d388004720000020200000546f0000676700005d
:10d398006c65000020460000726500007175000091
:10d3a800656e00006379000020530000656e000080
:10d3b80073650000205400006573000074200000ad
:10d3c8004f6e00002f4f0000666600000a0d000037
:10d3d8000049000020200000202500007300000004
:10d3e8004a2000002020000025730000004b0000a8
:10d3f8002020000020420000757a00007a650000b5
:10d4080072200000536f0000756e00006420000059
:10d4180054650000737400000a0d0000004c000001
:10d428002020000020250000730000004d2000008f
:10d438002020000025730000005a00002020000072
:10d4480020250000732500002e31000035730000f0
:10d45800257300000044000049530000504c0000b0
:10d4680041590000004900004e500000555400008a
:10d4780000560000414c00005545000000430000e4
:10d48800484100004e4e0000454c0000000a0000d4
:10d498000d250000377300002536000073250000b5
:10d4a8003873000025310000357300000a0d0000b4
:10d4b800252e000032320000732500002e320000b5
:10d4c80032730000000a00000d41000044430000d0
:10d4d80025330000693a0000253600006925000060
:10d4e800372e00003366000056200000000a0000b6
:10d4f8000d2500002e340000732500007300000085
:10d508000a0d000025730000456e000074650000d8
:10d5180072200000302c0000312c0000322c00005a
:10d52800332c0000342c0000352c0000362000007d
:10d538006f72000020370000202e00002e2e000001
:10d548000a0d0000000a00000d000000257300000d
:10d5580025730000536500006c65000063740000cb
:10d5680020530000636100006c6500003a20000051
:10d57800302c0000312c0000323a0000200000005e
:10d5880025640000202d000020250000730a0000fb
:10d598000d000000203d0000253300002e32000061
:10d5a800585d0000000a00000d45000045500000cd
:10d5b800524f00004d2000005265000073650000c6
:10d5c80074200000436f0000756e00007465000051
:10d5d80072200000636c0000656100007265000045
:10d5e800642e000000760000352e00003031000067
:10d5f800002000000053000059530000544500006b
:10d608004d200000434100004c49000042520000f8
:10d6180041540000494f00004e20000053450000cf
:10d6280054540000494e000047530000000a00000f
:10d638000d25000033330000730a00000d2500009b
:10d648003773000046690000726d000077610000c2
:10d65800726500003a20000025730000202d0000ac
:10d66800204400004c3400004a4300000a0d00002a
:10d67800253300003373000000420000617400008d
:10d688007465000072790000205600006f6c00007d
:10d6980074610000676500002046000061630000b7
:10d6a800746f0000722000003a200000252d000051
:10d6b800346400000a0d0000005000004120000002
:10d6c8004375000072720000656e0000742000004f
:10d6d80046610000637400006f72000020200000a3
:10d6e80020200000202000003a200000252d000006
:10d6f800346400000a0d00000052000046200000bb
:10d70800506f000077650000722000004d65000032
:10d718007465000072200000466100006374000018
:10d728006f720000202000003a200000252d000024
:10d73800346400000a0d000000520000462000007a
:10d74800506f000077650000722000004d650000f2
:10d7580074650000722000004f66000066730000c8
:10d7680065740000202000003a200000252d0000ec
:10d77800346400000a0d00000042000065650000e6
:10d78800702000004c6500006e670000746800009f
:10d7980020540000696d0000652000002020000072
:10d7a80020200000202000003a2000000025000072
:10d7b8002d640000206d0000530a00000d000000d9
:10d7c8004f460000460a00000d00000052530000ba
:10d7d8002d39000032380000004a0000554d000085
:10d7e8004100000042650000657000002054000000
:10d7f8006f6e00006520000020200000202000003f
:10d808002020000020200000202000002020000010
:10d81800203a000020250000730a00000d000000d7
:10d8280050570000522000004d6500006173000051
:10d8380075720000656d0000656e000074200000c0
:10d84800536100006d7000006c650000733a0000c1
:10d858002000000031200000284f0000666600000c
:10d86800290a00000d000000256400000a0d0000d0
:10d87800004f000076650000722d0000566f000012
:10d888006c7400006167000065200000547200009d
:10d8980069700000202000002020000020200000e7
:10d8a8003a20000000250000730a00000d00000067
:10d8b800556e000064650000722d0000566f000070
:10d8c8006c7400006167000065200000547200005d
:10d8d800697000002020000020200000203a00008d
:10d8e8002000000050720000652d00004c69000007
:10d8f8006d69000074200000547200006970000017
:10d90800202000002020000020200000202000000f
:10d91800203a000020000000506f000077650000ea
:10d92800722000004d650000746500007220000040
:10d93800467500006c6c00002d5300006361000008
:10d948006c650000203a0000202500002d640000ce
:10d95800570a00000d0000004672000065710000c3
:10d96800204d00006574000065720000204300002f
:10d97800616c000069620000726100007469000057
:10d988006f6e0000203a0000202500002d370000af
:10d998006c6400000a0d000000530000706c000069
:10d9a8006173000068200000536300007265000086
:10d9b800656e00002044000069730000706c000070
:10d9c80061790000202000003a2000002573000043
:10d9d8000a0d0000005500005345000052200000c9
:10d9e800434f00004e4600004947000055520000d2
:10d9f80041540000494f00004e20000053450000ec
:10da080054540000494e000047530000000a00002b
:10da18000d25000033330000730a00000d250000b7
:10da28007300000046720000657100007565000013
:10da38006e63000079200000536500006e730000db
:10da4800652000004d6f0000646500002020000084
:10da5800203a000020250000730a00000d00000095
:10da68005365000072690000616c0000204c0000e2
:10da7800696e00006b200000506f00006c6c0000a5
:10da8800696e00006720000020200000203a000096
:10da980020000000252d00006420000053650000d0
:10daa800636f00006e640000730000004f660000a2
:10dab800660000000a0d0000525300002d320000dd
:10dac80033320000205000006f7200007420000004
:10dad8004d6f000064650000202000002020000039
:10dae80020200000203a0000205400006573000048
:10daf800742000004d6f0000646500000a0d0000ee
:10db080000520000532d0000323300003220000084
:10db1800506f000072740000205300007065000010
:10db28006564000020200000202000002020000064
:10db38003a200000252d000064300000302000004d
:10db480042610000756400000a0d0000004c0000ee
:10db58004344000020420000616300006b6c000039
:10db68006967000068740000696e000067200000a3
:10db78002020000020200000202000003a20000083
:10db8800252d0000346400000a0d0000004c000040
:10db980043440000204300006f6e000074720000d0
:10dba8006173000074200000202000002020000085
:10dbb8002020000020200000202000003a20000043
:10dbc800252d0000346400000a0d000000530000f9
:10dbd80057520000205400007269000070200000b5
:10dbe8004c6900006d6900007420000020200000ce
:10dbf8002020000020200000202000003a20000003
:10dc0800252e0000326600000a0d000000460000c4
:10dc1800616e00002053000070650000656400001c
:10dc2800204300006f6e0000747200006f6c0000eb
:10dc38002020000020200000202000003a200000c2
:10dc4800257300000a0d000000540000656d0000f7
:10dc58007065000072610000747500007265000054
:10dc6800205500006e690000747300002020000039
:10dc780020200000202000003a200000257300002a
:10dc88000a0d000000540000656d0000706500007a
:10dc98007261000074750000726500002041000088
:10dca8006c610000726d0000204c0000696d00007e
:10dcb800697400003a20000000460000616e000010
:10dcc80020530000746100007274000020540000aa
:10dcd800656d0000706500007261000074750000d9
:10dce80072650000202000003a2000000042000079
:10dcf800616e000064200000446900007370000039
:10dd08006c61000079200000556e00006974000005
:10dd18007320000020200000202000003a2000008e
:10dd2800257300000a0d0000004700007261000022
:10dd38007068000069630000204c0000696d0000f5
:10dd480069740000732000004469000073700000cb
:10dd58006c610000792000003a2000002573000063
:10dd68000a0d0000004600002d530000656e0000fb
:10dd78007365000020510000534b00002020000074
:10dd8800202000002020000020200000202000008b
:10dd9800202000003a200000257300000a0d000032
:10dda80000470000726100007068000069630000ad
:10ddb8002044000069730000706c00006179000065
:10ddc8002054000079700000652000002020000029
:10ddd8003a200000257300000a0d000000500000e2
:10dde8006f77000065720000204d00006574000028
:10ddf8006572000020540000797000006520000062
:10de08002020000020200000202000003a200000f0
:10de1800257300000a0d0000005300007461000023
:10de2800727400002d550000702000005061000041
:10de3800676500002020000020200000202000004e
:10de480020200000202000003a2000002573000058
:10de58000a0d0000004300007572000072650000a2
:10de68006e740000204100006d7000006c690000b5
:10de780066690000657200002053000074610000ac
:10de8800746500003a200000257300000a0d0000a8
:10de980000420000616e000064200000536500002d
:10dea8006c65000063740000204d00006f64000082
:10deb8006520000020200000202000002020000015
:10dec8003a200000257300000a0d0000002500001c
:10ded8002e330000397300000a0d000000250000f1
:10dee8002e33000039730000000a00000d250000e1
:10def80073000000426100006e6400003a200000d8
:10df0800257300002047000025310000693a000011
:10df1800203d000020250000326900006442000016
:10df28000a0d0000000a00000d25000073500000d3
:10df38007265000073730000206100006e790000b4
:10df4800206b000065790000207400006f2000003d
:10df5800737400006172000074250000730a0000e9
:10df68000d0000000a0d0000536f0000756e0000e0
:10df78006420000054650000737400000a0d00005e
:10df8800456e0000746500007220000046720000b3
:10df980065710000756500006e630000792000005f
:10dfa8002831000030300000202d0000203400000f
:10dfb80030300000304800007a2900003a20000084
:10dfc800000a00000d440000617400006120000098
:10dfd800566100006c750000653a000020250000bd
:10dfe8006c6900000a0d0000004500006e74000016
:10dff8006572000020640000757200006174000002
:10e00800696f00006e2000002831000030200000f9
:10e018002d200000333200002c300000303000008a
:10e028006d530000293a00002000000043680000fa
:10e0380061720000203d00002030000078250000bb
:10e048002e320000580a00000d000000436800004e
:10e0580061720000203d000020300000782500009b
:10e068002e320000582000002d20000025730000eb
:10e078000a0d0000002000003d200000256300007c
:10e088000a0d0000002000003d200000257300005c
:10e098000a0d0000000a00000d4900006e7600001d
:10e0a800616c000069640000204300006f6d00008f
:10e0b8006d6100006e6400003a20000025630000d6
:10e0c80020560000616c0000756500003a200000d1
:10e0d800256400000a0d0000000000000c0000008c
:10e0e800180000003000000060000000c0000000c0
:10e0f8008001000040020000800400004e6f000014
:10e10800726d0000616c0000004c00006f77000029
:10e11800004d000065640000697500006d00000096
:10e128004869000067680000004600006168000058
:10e13800726500006e6800006569000074000000e8
:10e14800436500006c7300006975000073000000ef
:10e15800596100006573000075200000434100000c
:10e16800540000004b580000322f00004b580000ac
:10e17800330000004a7500006d6100002d54000056
:10e188005258000032000000462d00005365000080
:10e198006e7300006500000046540000383100002e
:10e1a800372f000038310000380000004d610000b2
:10e1b8006e750000616c0000005800006965000081
:10e1c800677500000048000052350000300000006c
:10e1d800204d000020000000204100002000000029
:10e1e80047310000004700003200000047330000bc
:10e1f80000470000340000004d4800007a0000008d
:10e208004d6500007472000065730000004f000047
:10e2180066660000004f00006e00000053740000a6
:10e22800616e000064620000790000004f70000019
:10e23800657200006174000065000000417500000f
:10e24800746f000000200000203f00002120000023
:10e25800200000002020000031360000306d000052
:10e268000020000020200000383000006d00000071
:10e278002020000020340000306d00000020000045
:10e2880020200000333000006d0000002020000036
:10e2980020320000306d0000002000002020000027
:10e2a800313700006d000000202000002031000000
:10e2b800356d0000002000002020000031320000f1
:10e2c8006d0000002020000020310000306d0000ab
:10e2d80000200000202000003f2000002000000057
:10e2e800312e0000384d0000487a0000003300004d
:10e2f8002e3500004d4800007a0000002020000064
:10e30800374d0000487a000000200000313000003e
:10e318004d4800007a00000020310000344d000014
:10e32800487a000000200000313800004d48000005
:10e338007a00000020320000314d0000487a0000c9
:10e3480000200000323400004d4800007a00000030
:10e3580020320000384d0000487a000000200000fc
:10e3680053610000766500002053000065740000ca
:10e37800746900006e670000733f00002000000011
:10e3880020520000657300006574000020440000fe
:10e3980065660000617500006c740000733f000042
:10e3a800004f00002f500000205000006f77000041
:10e3b800657200000053000057520000005600002c
:10e3c8006f6c000074610000676500000043000086
:10e3d80075720000726500006e7400000054000041
:10e3e800656d0000706500007261000074750000c2
:10e3f8007265000000410000757400006f20000085
:10e40800426100006e640000204400006574000052
:10e418006563000074000000536500007269000025
:10e42800616c000020530000706500006564000006
:10e438000053000065720000696100006c20000054
:10e44800506f000072740000005000006f6c0000f4
:10e458006c6900006e670000204900006e740000bf
:10e4680065720000766100006c0000004c430000fb
:10e478004420000044690000737000006c610000d3
:10e488007900000053570000522000005472000029
:10e498006970000000460000616e00002043000023
:10e4a8006f6e0000747200006f6c0000004f000077
:10e4b8007665000072740000656d00007000000051
:10e4c800466100006e20000043750000742d0000b6
:10e4d800496e000020540000656d000070000000c7
:10e4e800426100006e64000020440000697300006f
:10e4f800706c000061790000004700007261000044
:10e508007068000069630000616c0000204c000026
:10e51800696d000069740000730000004772000014
:10e528006170000068690000632000004469000011
:10e53800737000006c610000790000005246000012
:10e54800205000006f77000065720000204d000029
:10e5580065740000657200000053000074610000db
:10e56800727400002d5500007020000044690000fe
:10e57800737000006c61000079000000462d0000f7
:10e58800536500006e7300006520000051530000c1
:10e598004b000000416200006f750000740000002d
:10e5a8000500000000000000000300000003000058
:10e5b800464100003b000000053d00003f420000ce
:10e5c8000a0d000000000000004f00007269000002
:10e5d800676900006e6100006c0000004c6100007b
:10e5e8007267000065000000536d0000616c000058
:10e5f8006c0000002020000020430000616e000035
:10e60800636500006c6c0000656400002120000058
:10e618002020000000200000202000002020000012
:10e62800536100007665000064210000202000008e
:10e6380020200000200000005761000074740000d2
:10e6480073000000644200006d000000202d0000ef
:10e658002d2d00002e2d0000570000002d2d00004c
:10e668002e2d0000644200006d0000004f4b00009a
:10e6780000450000727200006f7200002100000067
:10e68800526500006d6f00007465000000540000c2
:10e69800657300007400000025350000733a00001f
:10e6a8002538000069df000025630000004c0000e9
:10e6b800696d000069740000005300007461000077
:10e6c80072740000005500006e6900007473000049
:10e6d8003a25000031300000730000005057000058
:10e6e800523a00004e6f000020420000414e0000e8
:10e6f800442b00003a59000065730000000a00002e
:10e708000d250000734400002046000069720000d7
:10e718006d77000061720000653a00002025000056
:10e728007320000044610000746500003a20000076
:10e73800257300000a0d0000004300006f70000000
:10e748007972000069670000687400003a200000d0
:10e758004a75000068610000204e000069690000e9
:10e768006e6900006b6f0000736b00006920000089
:10e778002d2000004f480000324e00004c5400008d
:10e7880020260000204d000061740000746900001c
:10e79800204800006f680000746f00006c61000082
:10e7a800202d0000204f000048370000535600007d
:10e7b8000a0d0000002800004164000064690000a0
:10e7c800746900006f6e0000616c00002066000034
:10e7d8006561000074750000726500007320000018
:10e7e800616e0000642000006d6f00006469000025
:10e7f8006669000063610000746900006f6e0000c4
:10e80800732000002d2000004164000072690000a0
:10e81800616e000020520000796100006e20000047
:10e828002d20000035420000344100004959000005
:10e83800290a00000d000000284d00006f64000048
:10e84800696600006963000061740000696f000078
:10e858006e73000020660000726f00006d200000db
:10e86800763400002e300000332000002d200000f8
:10e87800444c0000344a0000432900000a0d0000ff
:10e8880000520000656d00006f74000065200000f4
:10e89800506f000077650000722000004f6600008e
:10e8a8006600000020200000204400006174000081
:10e8b80061200000536100007665000064000000dc
:10e8c800205300005752000020000000204f000095
:10e8d8002f4300002000000020540000454d000098
:10e8e8005000000020480000692d0000560000007c
:10e8f800204200006174000074000000204c0000f9
:10e908006f2d000056000000525300002d32000009
:10e918003332000020450000636800006f200000cb
:10e928005465000073740000004100007761000026
:10e9380069740000696e00006720000064610000cf
:10e94800746100002e2e00002e0000000a0d000049
:10e95800525300002d3200003332000020540000d2
:10e9680065730000740a00000d5000007265000015
:10e97800737300002050000057520000206200000e
:10e9880075740000746f00006e200000746f000042
:10e998002065000078690000742e00002e2e00000b
:10e9a8000a0d0000005200005820000044610000d9
:10e9b800746100003a200000256300002020000058
:10e9c80030780000253200002e3200005800000088
:10e9d8000a0d0000525300002d32000033320000af
:10e9e8002074000065730000742000007465000046
:10e9f800726d0000696e00006174000065640000bb
:10ea08000a0d0000002500003269000020200000e7
:10ea1800000a00000d000000536500006c6500004e
:10ea2800637400003a2500003973000000420000ba
:10ea380061750000642000005261000074650000e8
:10ea48003a2500003469000030300000004d000015
:10ea58006f640000653a0000253100003173000042
:10ea680000540000696d0000657200003a2500003e
:10ea78003669000020530000656300000054000060
:10ea8800696d0000657200003a2000002044000013
:10ea980069730000616200006c650000640000009a
:10eaa80042610000636b00006c6900006768000049
:10eab800743a00002536000069000000436f00002a
:10eac8006e74000072610000737400003a25000043
:10ead80037690000004c0000696d0000697400008f
:10eae8003a250000382e0000316600003a31000057
:10eaf8000044000069730000706c00006179000038
:10eb08003a250000387300000054000079700000b6
:10eb1800653a000025310000317300000050000004
:10eb280061670000653a000025310000317300007c
:10eb380000530000575200002d2d00002e2d00001c
:10eb4800000a00000d45000045500000524f00002b
:10eb58004d20000043680000656300006b730000ef
:10eb6800756d0000730a00000d430000616c000021
:10eb78006962000072610000746900006f6e000035
:10eb8800202000003a200000257300000a0d000034
:10eb9800436f00006e660000696700007572000030
:10eba80061740000696f00006e3a000020250000c3
:10ebb800730a00000d5200006573000065740000c0
:10ebc800204300006f7500006e740000657200003d
:10ebd8003a200000256400000a0d0000000a000029
:10ebe8000d45000045500000524f00004d20000028
:10ebf80043680000656300006b730000756d0000da
:10ec080020450000727200006f7200002120000091
:10ec1800526500002d6c00006f61000064690000ff
:10ec28006e6700002046000061630000746f0000fa
:10ec380072790000204400006566000061750000dc
:10ec48006c74000073000000204300006865000039
:10ec5800636b0000737500006d20000045720000b2
:10ec6800726f000072200000004c00006f6100000d
:10ec7800646900006e6700002044000065660000bb
:10ec8800617500006c740000730000004a550000b4
:10ec98004d4100002050000041310000303000009c
:10eca80000200000204a0000554d000041200000cf
:10ecb800504100002d3100003030000044000000b9
:10ecc80046690000726d00007761000072650000ff
:10ecd8002538000073000000004f00004832000093
:10ece8004e4c000054200000204f000072690000c4
:10ecf800676900006e6100006c0000004f4800006a
:10ed0800375300005620000020200000202000007b
:10ed1800202000004a5500004d4100000035000049
:10ed280042340000414900005920000020740000ce
:10ed38006f200000342e0000303100006100000018
:10ed4800444c0000344a00004320000020660000c4
:10ed5800726f00006d200000342e00003033000078
:10ed68000020000020430000616c00006962000080
:10ed780072610000746900006f6e000000200000de
:10ed8800204d00006f640000652500003773000007
:10ed98000020000044490000535000004c4100008e
:10eda800592000003d200000506100006765000008
:10edb800200000004f50000045520000203d000098
:10edc8002053000061760000652f000045780000a0
:10edd8006974000000530000797300007465000036
:10ede8006d200000436c00006f6300006b3a000068
:10edf800202500006c690000206b0000487a0000a4
:10ee08000a0d000000200000535400004259000081
:10ee180000200000205400005820000000200000be
:10ee28004572000072200000002000004f500000d2
:10ee380045520000002500002d3100003673000007
:10ee48000053000065720000696100006c2000003a
:10ee5800546900006d6500002d4f000075740000b6
:10ee68000053000065740000207400006f3a000031
:10ee780020200000203500002053000065630000ba
:10ee88007300000020200000202000002020000047
:10ee9800557300006572000000200000436f0000f9
:10eea8006e660000696700007572000061740000fa
:10eeb800696f00006e00000020250000362e00005b
:10eec8003366000020200000002000002020000001
:10eed80020200000005300004f4d00004146000074
:10eee80043000000dc050000d1070000a10f00006e
:10eef800401f0000e02e0000983a0000384a000049
:10ef0800d859000090650000317500000a00000023
:10ef18008700000099010000ab020000ba0300005e
:10ef2800cc040000df050000ed060000ff0700002c
:10ef380012090000200a00009a99000011410000ff
:10ef48003d0a0000834100000a000000090000009b
:10ef5800080000000700000006000000050000008f
:10ef6800040000000300000003000000020000008d
:10ef780001000000630000000a0000000900000012
:10ef88000700000006000000050000000400000063
:10ef98000300000002000000010000006300000000
:10efa800554e00004b0000003136000030000000d4
:10efb800383000004d000000343000004d000000e3
:10efc800333000004d000000323000004d000000da
:10efd800313700004d000000313500004d000000c1
:10efe800313200004d000000313000004d000000bb
:10eff8004f46000046000000505400005400000036
:10f0080048520000424e00002564000000480000fd
:10f01800524d0000442500006400000052580000d2
:10f028002c250000732c0000257300002c250000ff
:10f0380064250000632c0000252e000031660000c6
:10f04800560000004852000054500000256400009b
:10f0580025630000004800005256000054250000b7
:10f068002e310000665600000048000052410000a2
:10f0780054300000004800005242000052250000b1
:10f0880064000000485200004b58000030000000a7
:10f0980048520000544d000000250000633a00006b
:10f0a800256300003a250000633a0000256300004c
:10f0b8003a250000326400003a250000316400005f
:10f0c8003a250000332e0000316600003a25000082
:10f0d800352e0000326600003a250000342e00006c
:10f0e800316600003a250000352e00003166000028
:10f0f8003a250000336400003a250000316400001e
:10f108003a250000325800000a0d000000000000f7
:10f118000000000008070000ac0d00008214000089
:10f1280074270000b0360000944600000852000022
:10f138003a610000606d000000000000d007000088
:10f14800a00f0000841c0000a62700000e38000055
:10f15800f8460000ca5300009e61000004740000d5
:10f1680066610000720000006d6f0000640000001e
:10f17800636c0000656100006e000000253500002a
:10f18800752000002535000075200000257300005b
:10f19800000000005e0000001b010000d701000015
:10f1a80093020000500300000c040000c904000092
:10f1b8008505000042060000fe060000ba070000b0
:10f1c8000000000001000000020000000300000031
:10f1d8000300000004000000050000000600000015
:10f1e8000700000008000000090000000a000000f5
:10f1f800313000002f4f0000435400002f32000030
:10f208003032000036000000763500002e30000055
:10f2180031000000000000000100000007000000ad
:10f2280002000000030000000400000006000000c7
:10f238000500000054720000697000003a250000c3
:10f2480031310000730000004c6900006d69000056
:10f25800743a0000253900002e320000665600007e
:10f2680000430000616c000025370000733a00007d
:10f278002535000069000000467200006571000035
:10f288003a250000372e000033660000204d0000ac
:10f29800487a00000046000061630000746f0000b7
:10f2a800720000004f66000066730000657400007d
:10f2b8000053000075700000706c0000793a00007f
:10f2c800202000000000000042650000657000007a
:10f2d800204c0000656e000020300000203d00003a
:10f2e800204f0000666600000042000065650000cf
:10f2f80070200000546f00006e65000020200000a0
:10f30800202000002020000020000000506f000096
:10f3180077650000722000004176000065720000e9
:10f3280061670000696e000067200000004f000060
:10f3380076650000727600006f6c00007461000052
:10f348006765000020200000202000002000000049
:10f358004f76000065720000766f00006c74000044
:10f3680061670000652000005472000069700000a9
:10f37800004c00006f770000205600006f6c000002
:10f388007461000067650000202000002020000054
:10f39800200000004c6f000077200000566f00002e
:10f3a8006c74000061670000652000005472000062
:10f3b8006970000000500000726500002d4c0000cc
:10f3c800696d000069740000205400007269000033
:10f3d8007020000020000000467500006c6c0000e2
:10f3e8002d530000636100006c6500002050000090
:10f3f8006f7700006572000000530000706c000019
:10f40800617300006820000053630000726500000b
:10f41800656e00002020000020000000284f00003a
:10f428006666000029000000426500006570000063
:10f438003a250000396900006d53000000420000c1
:10f4480065650000703a0000253100003173000046
:10f4580000530000616d0000706c000065730000cf
:10f468003a250000367300002532000069000000cc
:10f47800546f00006e6500003a250000313100002d
:10f48800730000004a5500004d4100000052000082
:10f49800532d000039320000380000004d61000093
:10f4a80078200000506f000077650000723a000075
:10f4b8002535000069570000004600006163000020
:10f4c800746f0000723a0000253900006c64000077
:10f4d8000044000069730000706c0000617900004e
:10f4e8003a25000038730000000a00000d530000a0
:10f4f8006572000076690000636500002026000040
:10f5080020430000616c0000696200007261000025
:10f51800746900006f6e0000204d00006f640000e9
:10f52800650000000a0d0000444900005350000027
:10f538004c410000592f0000434f00004e46000088
:10f54800494700003a200000536500006c65000040
:10f55800637400002050000061670000650a000025
:10f568000d4f000050450000523a000020530000a3
:10f578006176000065200000262000004578000024
:10f58800697400000a0d0000000a00000d43000025
:10f59800616c00006962000072610000746900001b
:10f5a8006f6e00002073000065740000746900002d
:10f5b8006e6700007320000073610000766500002c
:10f5c80064200000746f00002045000045500000d2
:10f5d800524f00004d0a00000d0000004f7300005c
:10f5e800636900006c6c0000617400006f720000b9
:10f5f800205400007261000070210000002000000b
:10f60800416400006472000065730000732000000c
:10f6180054720000617000002120000020000000ea
:10f628002020000053740000616300006b2000007c
:10f6380054720000617000002120000020200000aa
:10f6480000200000204d00006174000068200000c8
:10f6580045720000726f0000722100002020000037
:10f6680020000000496e00007465000072720000fe
:10f67800757000007420000045720000726f000071
:10f688007221000000200000556e00006b6e000023
:10f698006f7700006e20000045720000726f000056
:10f6a80072210000200000000a0d000054520000e2
:10f6b800415000003a2000004f73000063690000c9
:10f6c8006c6c0000617400006f720000204500003f
:10f6d800727200006f7200000a0d0000004f0000f7
:10f6e80053430000434f00004e20000030780000d4
:10f6f800255800000a0d0000000a00000d54000003
:10f7080052410000503a00002041000064640000ab
:10f7180072650000737300002045000072720000db
:10f728006f7200000a0d0000005700003020000032
:10f7380030780000255800000a0d0000005700002e
:10f748003120000030780000255800000a0d000024
:10f7580000570000322000003078000025580000d3
:10f768000a0d000000570000332000003078000028
:10f77800255800000a0d0000005700003420000042
:10f7880030780000255800000a0d000000570000de
:10f798003520000030780000255800000a0d0000d0
:10f7a800005700003620000030780000255800007f
:10f7b8000a0d0000005700003720000030780000d4
:10f7c800255800000a0d00000057000038200000ee
:10f7d80030780000255800000a0d0000005700008e
:10f7e8003920000030780000255800000a0d00007c
:10f7f800005700003130000020300000782500005c
:10f80800580a00000d0000005731000031200000a8
:10f8180030780000255800000a0d0000005700004d
:10f82800313200002030000078250000580a00001e
:10f838000d00000057310000332000003078000030
:10f84800255800000a0d0000005700003134000060
:10f858002030000078250000580a00000d00000044
:10f86800573100003520000030780000255800008e
:10f878000a0d0000000a00000d540000524100006b
:10f88800503a00002053000074610000636b0000d0
:10f8980020450000727200006f7200000a0d00001f
:10f8a800000a00000d54000052410000503a0000c8
:10f8b800204d0000617400006820000045720000bf
:10f8c800726f0000720a00000d0000000a0d0000af
:10f8d80054520000415000003a20000053700000cc
:10f8e80075720000696f0000757300002049000000
:10f8f8006e7400006572000072750000707400007c
:10f9080020450000727200006f7200000a0d0000ae
:10f918000000000038380000380c00000106000024
:10f92800253500002e30000066df0000460000008c
:10f93800253500002e30000066df0000430000007f
:10f94800253600002e3100006657000000530000e5
:10f9580057520000253400002e31000066000000d8
:10f96800253600002e3200006656000000250000f3
:10f97800362e0000316600004100000025340000ea
:10f988002e31000066640000426d00000000000097
:10f9980000000000803f000000000000803f0000e1
:10f9a80020bc0000be4c000000000000c84200005f
:10f9b8000024000074490000005000004348000083
:10f9c800cdcc0000cc3d00007f010000bf0000004e
:10f9d8005f0000002f000000170000000b0000006f
:10f9e8000700000003000000090000000a000000f2
:08f9f8000b0000000e000000ee
:020000040000fa
:10e2f800809fbe003400f80020002000a0018800a4
:10e308000000fa0060448000e20f50001a0032005a
:10e31800e30f50002d003200e10f500003003200df
:10e32800d222a8008cc0a90038003700b01680009f
:10e338006200600000f0a7000000ea000000e900a9
:10e348004f00de00004078000080fb0061006000a4
:10e3580000004000b11680000110a100010070000b
:10e36800b0168800600880000000d10060088800ae
:10e378008c28ef0025003700b0168000620060008e
:10e3880000f0a7000000ea000000e9004f00de00ee
:10e39800004078000080fb00610060000000400041
:10e3a800b11680000110a10001007000b0168800ad
:10e3b800b0168000620060000000e0001200320029
:10e3c800100020006044880010003700b01680005c
:10e3d8006200600000f0a7000000ea000000e90009
:10e3e8004f00de00004078000080fb006100600004
:10e3f80000004000b11680000110a100010070006b
:10e40800b0168800010037000000000084c0a90091
:10e418000080fa003400f9004f00be0000400600fa
:10e428003600f800809fbe00829fbe00849fbe0019
:10e43800869fbe003400f80020002000a00188005c
:10e448000200fa000000eb00000f780084e0a90049
:10e4580005e1a90000088000b04388000021ef0012
:10e4680005e1a800304480000000e0000d00320003
:10e47800b04380008000eb0061014000e08148006b
:10e4880060418000714180000200400083804800a4
:10e498006041880071418800304480000000e90034
:10e4a80030448800104480000000e0003100320051
:10e4b800b1bb8700b0438000808f50000c00310052
:10e4c800b1438000f0478000808f50000200310087
:10e4d800b0438000f0478800b143800020448000aa
:10e4e800808f500002003600b0438000204488002e
:10e4f8001e0078008000400060772f0000804000f8
:10e5080090007800b0438000808f50000c003900e4
:10e518001e00780080004000c0c820000080400035
:10e52800100078008000e8001e007800000140001c
:10e53800c0c820000000410001087800040037002e
:10e548001e0fe8001e007800e90f5000e8ff3400b5
:10e558001e007800ea0f500003003a003c28ef0044
:10e56800a0002000e05a8800104480000000e90064
:10e5780010448800404480000000e0000800320099
:10e58800404480000000e900404488004044800086
:10e598000000e00002003a002000200060448800eb
:10e5a800e04380000000e00003003200e043800008
:10e5b8000000e900e0438800004480000000e0001b
:10e5c80003003200004480000000e9000044880095
:10e5d800504580000000e0000300320050458000f4
:10e5e8000000e90050458800d04380000000e000aa
:10e5f80003003200d04380000000e900d0438800c7
:10e60800c04380000000e00003003200c0438000e7
:10e618000000e900c0438800204080000000e000be
:10e6280003003200204080000000e90020408800fc
:10e63800f04380000000e00007003200f043800053
:10e648000000e900f0438800f04380000000e0008b
:10e6580001003a003c28ef00f04180000000e00093
:10e6680078003a0070448000000040007044880040
:10e678001116800000002800008060000000e00003
:10e6880004003a00704480000000a0007044880034
:10e6980003003700704480000000a1007044880027
:10e6a80080448000000040008044880011168000eb
:10e6b80000002400008060000000e00004003a0030
:10e6c800804480000000a0008044880003003700d8
:10e6d800804480000000a1008044880090448000ad
:10e6e8000000e0000b003a0070448000e10f400099
:10e6f8000e003a001000200090448800a028200056
:10e70800d0448800f04480000000e800f04488000d
:10e7180006003700704480000000e00003003a0063
:10e728009228ef009a28ef009628ef00a044800076
:10e738000000e0000b003a0080448000e10f400038
:10e748000e003a0010002000a0448800a0282000f5
:10e75800e0448800f04480000000e900f0448800ac
:10e7680006003700804480000000e00003003a0003
:10e778009428ef009c28ef009828ef00d0448000f0
:10e788000000e00008003200d04480000000e900ea
:10e79800d0448800d04480000000e00002003a0025
:10e7a80010478000b0448800e04480000000e0008a
:10e7b80008003200e04480000000e900e0448800de
:10e7c800e04480000000e00002003a0010478000aa
:10e7d800c0448800b04480000000e0000b00320014
:10e7e800b04480000000e900b0448800b0448000d4
:10e7f8000000e00005003a0010478000b04488009f
:10e80800f04480000000e800f0448800c044800024
:10e818000000e0000b003200c04480000000e90066
:10e82800c0448800c04480000000e00005003a00b1
:10e8380010478000c0448800f04480000000e900d0
:10e84800f04488009edd070042fc07000080fa00c3
:10e858003400f9004f03be004f02be004f01be0056
:0ce868004f00be003600f9000040060022
:020000040000fa
:10e87400de0c00000c00000000000000f2080000a4
:10e884000400000000000000060900002001000050
:10e894000200000082f08900f08df00094f09900ed
:10e8a400f0a4f000acf0b600f0bef000c8f0d00068
:10e8b400f0daf000e1f0e700f0ecf000f0f0f40042
:10e8c400f0f7f000faf0fd00f000f10004f10b00a5
:10e8d400f10ff10012f11a00f1daf00022f1270031
:10e8e400f12ef10035f13c00f143f1004af1510001
:10e8f400f158f1005ff16600f16df10027f1740049
:10e90400f17bf10082f18900f190f10097f19e0012
:10e91400f1a5f100acf16d00f1b3f100c4f1d50043
:10e92400f1dff100e3f1eb00f1f3f100fff110008e
:10e93400f21df20029f23a00f23af20046f24f00d8
:10e94400f2f3f1005bf26400f274f20081f29200df
:10e95400f2a2f200b1f2c200f2cef200d4f2db0075
:10e96400f2e0f200e7f2e700f2e9f200f2f2f80076
:10e97400f2fef2000ff32000f326f3002af3320034
:10e98400f33af3003df30b00f144f3004bf3700052
:10e99400f671f60082f69300f6a4f600d4f7d800d8
:10e9a400f7dcf700e0f7e400f7e8f700ecf7f00035
:10e9b400f7f4f700f8f7d400f7fcf70000f8740058
:10e9c4003c0e3d00283dda003b6e3d00843de800ee
:10e9d40047e84700e847380045d846001c48160079
:10e9e40047264800de4a7c004ba64b00ce4b020073
:10e9f4004c244c00464c6e004c944c00d84c1600f1
:10ea04004d684d00884da8004dce4d00ee4d1400cc
:10ea14004e344e00260b0000880000000000000069
:10ea2400000800007600000000000000e00800007c
:10ea34001200000002000000c8006400000400008e
:10ea440001000100006400000100520000ffff000b
:10ea5400d00c00000e0000000200000094fc9c009a
:10ea6400fca4fc00abfcb400fcbbfc00c2fc00003a
:10ea7400a00c00001000000000000000f6080000d8
:10ea84000400000000000000340c00003a00000004
:10ea94000200000035e73c00e749e70059e767005a
:10eaa400e774e70080e78b00e796e700a0e7aa0099
:10eab400e7b4e700bee7c800e7d2e700065b28003a
:10eac4005b4a5b00885b96005bb25b00005c1000f5
:10ead4005c245c00385c4c005c7e5c00ba5cee003c
:10eae4005c000000ae0b00004400000002000000c7
:10eaf4005df96700f967f90067f96800f979f900c9
:10eb04008af99b00f9acf900bdf9ce00f9dff900f0
:10eb1400f0f96700f901fa0067f91200fa46fa0001
:10eb24004bfaac0066ec6600186740006768670043
:10eb34009c67cc00671468003a68900068b8680065
:10eb44000e69ac0069e66900546a0000fa08000026
:10eb540004000000000000008c0c00001400000001
:10eb640000000000760800004a00000000000000d9
:10eb7400fe0800000200000002000000ffff000089
:10eb8400c00800002000000000000000260a000069
:10eb94000001000000000000000900000200000065
:10eba4000000000002090000020000000200000052
:10ebb4000100000004090000020000000000000041
:10ebc400ea0c00000200000000000000f20b00004c
:10ebd4004200000002000000f60bf8000bf80b00e6
:10ebe400010003000000000000000000000000001d
:10ebf400000064001e0000000000000000d818009f
:10ec0400b40e00000000000000000000000000003e
:10ec140000000000000000000000000000000000f0
:10ec240000000000000000000000000000000000e0
:10ec3400b00c00001000000002000000494e460025
:10ec440000696e0066004e00414e00006e616e0069
:10ec5400000000006e0c00001e0000000200000016
:10ec6400286e69006c29000025006800076c090003
:10ec74004c836a009074a0007ac000008068880009
:10ec840000846c0082008100c00c000010000000b1
:10ec940002000000494e460000696e0066004e0006
:10eca400414e00006e616e0000000000ec0c00009c
:10ecb400020000000200000001000000000000004b
:020000040000fa
:10ecc4003600f800809fbe00829fbe00849fbe0075
:10ecd400869fbe003400f80020002000a0018800b8
:10ece4000200fa00bafc070030032000a0108800dc
:10ecf4000000eb00000f7800020037000000000065
:10ed04001e0fe800f0cf27009e007800808f50008f
:10ed1400faff340080b52f00801f780060cb070015
:10ed24008f87e900103a8000801f780030b72f00e9
:10ed3400801f78005acb0700e48757000000eb00df
:10ed4400a9fc0700ffff37003600f800809fbe00d3
:10ed5400829fbe00849fbe00869fbe003400f800e0
:10ed640020002000a00188000000fa00004688006e
:10ed740011468800224688003346880044468800ad
:10ed8400554688006646880077468800884688008d
:10ed940099468800aa468800bb468800cc4688006d
:10eda400dd468800ee468800ff46880088fc0700a0
:10edb40010b82f00801f780039cb07008f87e90037
:10edc40000468000801f780090b92f00801f7800d3
:10edd40033cb0700e487570010468000801f78007b
:10ede40030ba2f00801f78002dcb0700e48757002e
:10edf40020468000801f7800d0ba2f00801f780042
:10ee040027cb0700e487570030468000801f780036
:10ee140070bb2f00801f780021cb0700e4875700c8
:10ee240040468000801f780010bc2f00801f7800af
:10ee34001bcb0700e487570050468000801f7800f2
:10ee4400b0bc2f00801f780015cb0700e487570063
:10ee540060468000801f780050bd2f00801f78001e
:10ee64000fcb0700e487570070468000801f7800ae
:10ee7400f0bd2f00801f780009cb0700e4875700fe
:10ee840080468000801f780090be2f00801f78008d
:10ee940003cb0700e487570090468000801f78006a
:10eea40030bf2f00801f7800fdca0700e487570099
:10eeb400a0468000801f7800d0bf2f00801f7800fc
:10eec400f7ca0700e4875700b0468000801f780027
:10eed40080c02f00801f7800f1ca0700e487570024
:10eee400c0468000801f780030c12f00801f78004a
:10eef400ebca0700e4875700d0468000801f7800e3
:10ef0400e0c12f00801f7800e5ca0700e48757009e
:10ef1400e0468000801f780090c22f00801f780098
:10ef2400dfca0700e4875700f0468000801f78009e
:10ef340040c32f00801f7800d9ca0700e487570018
:10ef44001000200028fc0700ffff37003600f800ff
:10ef5400809fbe00829fbe00849fbe00869fbe002d
:10ef64003400f80020002000a00188000000fa000e
:10ef7400ff4688000f90200015fc0700f0c32f0007
:10ef8400801f7800c6ca07008f87e900f04680001a
:10ef9400801f780040c32f00801f7800c0ca07007c
:10efa400e4875700200020000ffc0700ffff370014
:10efb4003600f800809fbe00829fbe00849fbe0082
:10efc400869fbe003400f80020002000a0018800c5
:10efd4000000fa00fefb070050c52f00801f7800d8
:10efe400afca07008f87e90030002000fefb07004e
:10eff400ffff37003600f800809fbe00829fbe00ee
:10f00400849fbe00869fbe003400f80020002000cc
:10f01400a00188000000fa00edfb070090a0a90001
:10f024009120a900a0c62f00801f78009cca070069
:10f034008f87e90040002000ebfb0700ffff37004b
:020000040000fa
:10f044008a1f78008b1f7800000006009101880059
:10f05400800478000000eb001a003700e2844400ca
:10f0640032a0b4009905ba00e284440032a0b4008e
:10f074009906ba00e284440032a0b4000006eb0012
:10f08400476fde00fd07b200636ce10003003a0045
:10f09400ebff07000000eb000a003700606ce100a2
:10f0a40004003a00005deb008b05e900fdff3e0023
:10f0b400040037006168e100010032000086eb00c3
:10f0c4000b00070019c7ba001905ba000e04e000c6
:10f0d40003003a000a00e000e0ff3a0000000600e6
:10f0e400fe07b2009e0188008a047800f5ff37000d
:10f0f400395dba008b05e9000c003200295dba00c5
:10f104008b05e900080032000c00e00003003a001f
:10f11400e284440032a0b400f5ff370019ddba00e0
:10f124008b05e900faff3a008904e800e184440011
:08f1340032a0b4000000060047
:020000040000fa
:10f13c002fee20000e7922000e0188000000000046
:10f14c00000020000000e00002003200000120005e
:10f15c002002880014000700fdc407000000e00036
:10f16c0003003a00a04327000100200002003700f2
:10f17c000000200001002000810f7000010032000f
:10f18c00b0ff0700000020000000e0000200320089
:10f19c000000020000000000a04f02000000000070
:10f1ac000040da000000fe004440a900408121002c
:10f1bc000000e0000300320020002000a0018800c5
:08f1cc004440a8000000060009
:020000040000fa
:10f1d400809fbe00829fbe003400f8002000200003
:10f1e400a00188000200fa008520a9000e00370063
:10f1f40090108000004f780002c9bf008040e800f2
:10f2040000c9bf0080cf50000700320002c9bf0010
:10f214008080fb0062a220009e41780003f1780008
:10f224000040e80002e9b70070108000610060004f
:10f234000000e000eeff3a00701080006200600001
:10f244000000e000010032000e22a9000080fa0054
:10f254003400f9004f01be004f00be00004006001c
:00000001FF
