:020000040000fa
:0800000052750400000000002d
:020000040000fa
:100200005275040000000000285a0400000000009d
:10021000986d040000000000ea3d040000000000aa
:100220009639040000000000e456040000000000bd
:100230007e36040000000000823a04000000000046
:10024000ae3b040000000000483c04000000000039
:10025000623c040000000000183b040000000000a5
:10026000a83c040000000000be3c040000000000a8
:10027000504504000000000090430400000000000e
:100280004244040000000000844504000000000017
:1002900080440400000000008e45040000000000bf
:1002a0003848040000000000d648040000000000a8
:1002b000004904000000000028490400000000007c
:1002c0005c490400000000007e49040000000000ba
:1002d000a049040000000000c8490400000000001c
:1002e000ee49040000000000324a04000000000053
:1002f000704a040000000000c24a04000000000030
:10030000e24a040000000000024b0400000000006c
:10031000284b040000000000484b040000000000cf
:100320006e4b0400000000002e5804000000000086
:100330005058040000000000725804000000000043
:10034000b058040000000000be5804000000000087
:10035000da580400000000002859040000000000e2
:1003600038590400000000004c590400000000004f
:1003700060590400000000007459040000000000ef
:10038000a659040000000000e2590400000000002b
:10039000165a040000000000c263040000000000c0
:1003a00002640400000000002e640400000000004d
:1003b00056640400000000007e6404000000000099
:1003c000b264040000000000e264040000000000c9
:1003d0002a650400000000005065040000000000d1
:1003e000a665040000000000ce65040000000000c7
:1003f0002466040000000000c26604000000000043
:10040000fc660400000000006a67040000000000b1
:10041000301e040000000000a418040000000000ca
:10042000b00e0400000000000a00fa0011002000d5
:10043000b1bf9f00c0bf9f006a805700e211070054
:100440004fb897000080fa00000006000a00fa008a
:10045000e20f500034003e00a0668000e10f500023
:1004600003003200e20f500011003a000c00370088
:10047000c32020000300e00001003a000040da0041
:100480000c02e200020035001422ef000de2a80089
:100490000f42ab000d003a000f42a8000b003700de
:1004a000632120000300e00001003a000040da0070
:1004b0001602e200020035001e22ef0017e2a8003b
:1004c0001942ab0001003a001942a80082017800ed
:1004d0000b0037003102fb00e10f500004003a002e
:1004e0000f22ab00feff3a008410880003003700a3
:1004f0001922ab00feff3a00d41088008301e90006
:100500000300e000f3ff3a00e10f500003003a005f
:100510000f02ab00feff32000b0037001902ab00e8
:10052000feff32000800370033002000b3bf9f00f9
:10053000c0bf9f00d1bf9f00e2bf9f006a805700ed
:10054000a31107006fb99700020078000080fa003d
:100550000000060000000500839f68000100e00025
:1005600002003d0060001000e08018000300e00081
:1005700002003d0060011100e08119004200070007
:100580004f00e00002003b0060001000e080180017
:1005900000000600f4ff2f00a00337000001be009a
:1005a000240007000470a70003f0a1006509b10052
:1005b000160032000d0035006828e1000600350005
:1005c000f0ff2f00f1ff27000300e00013003b00c5
:1005d0000100280000000500000040008180480064
:1005e0008502e900fcff3a0008003700f88f42005e
:1005f00002003c008000eb00000005008100d100fb
:100600000080d3008502e800fcff3a000300e00010
:1006100002003b0060001000e080180000000600af
:100620004f89de0082017800970337006011b8001f
:10063000a5033700c70ade00f107b200f50fb200cc
:1006400008003200e1cf4200020032000170a00039
:1006500024000500810f700001003200040805002d
:1006600044000500810f700002003a0014000500ec
:100670008502e9000000400081c04800fcff3b000b
:100680000170a000240005006022b80006022000ce
:100690000000d0008180d2000482d2008582d20086
:1006a0000000a0000202520083825a0003003100c1
:1006b0000202420083824a000000a1000603e90012
:1006c000f3ff3a000000060007f8270007836100e7
:1006d0000638e10004003a00f70720008783610034
:1006e0008703710001003a0003f0a200889fbe005a
:1006f0008a9fbe008c9fbe00470ade000480a100d6
:10070000c71ade000580a1000700280007856000e9
:1007100087856100f70f20000720e1009e0032006e
:100720000728e1009c003200010678000400e00088
:10073000b4003200f7072000878060000170a0003d
:100740000500e000c0003200f7072000878161004b
:100750000370a000050652000f003a000b50e100a4
:100760000b0032000308e10002003a000200e10041
:100770007e003200020450008384580004003100df
:100780000001fd008101fd008402fd008a05fd00dd
:100790006044b800210037000520e10005003d005d
:1007a0000001fd008101fd008402fd008a05fd00bd
:1007b000050652007a60e100050035000170a100d5
:1007c0004722dd00848070008a807000630037005b
:1007d0006044b800ef02660007ff2f0007066600be
:1007e0000500e00006003400f08312008714dd00ed
:1007f0000511de00071bdd00060171008519de0012
:100800007060e1000500350009047800820478007a
:10081000030178008001eb00700656000b50e100e8
:1008200003003a00020040008380480004003700c3
:1008300060041400e0841c0002005800838058000b
:100840000188a300060032008100d1000080d3009f
:100850008984d3000884d3000402e800270037000d
:100860000178a30025003a000100e00003003200f7
:100870008186cf00698656000a0037008c00200070
:100880000000e00004003a000900780088047800c5
:100890000004eb00700252008086cf000d06460077
:1008a0000c06e9007060e100060035008000780069
:1008b00009007800880478000004eb0070065600f8
:1008c000700252000c00e0000c0034008c08dd00c7
:1008d000f00316000703de00868070000c00dd00c8
:1008e000074bde00060070008c4cdd000743de0085
:1008f000868474000c44dd000c0252006120e1008b
:100900002000350061016000070028008781640035
:10091000f7ff270087836400070374000300e000eb
:100920000600320082037300040032000000e80079
:10093000e08048000188a3000e003a00f70f200075
:100940000720e1004a003d000170a1004722dd00c0
:10095000810072008a8070000000be004f06be0059
:100960004f05be004f04be00000006006000b80046
:10097000faff37008100d1000080d3000402e800b4
:10098000eeff37000401780089017400a10107001f
:100990008a807000f1ff3700f70107000702780036
:1009a0000001fd008101fd00f301070087027800ce
:1009b000850372000778a300040032000001fd00e7
:1009c0008101fd0006020700e4ff37008503620095
:1009d0000768a300080032000b50e100030032005a
:1009e000f0ff2f00f1ff2700dcff37000001fd00c2
:1009f0008101fd00d9ff37000468a300d7ff320052
:100a0000faff3700f8ff2700888360000b003a00e8
:100a10000000e00009003a00830364008283730051
:100a2000020032000200be00ccff37000b50e10094
:100a3000ceff3a000200be00c8ff370014002000bd
:100a4000810064003eff3700f8ff270088836100c3
:100a500004003a000200e00002003a008c00780036
:100a6000beff3700150020008301640039ff370006
:100a700001f827000000200081007500b7ff370053
:100a8000889fbe008a9fbe008c9fbe001b00200076
:100a90000202be0005866800060028000606660001
:100aa0004709de00f20fb200820032000243e80084
:100ab00080003200c729de00f30fb2007d00320053
:100ac0000343e8007b003200f107b2000170a00090
:100ad000f507b2000570a000c708dd004903de007d
:100ae000868070004700dd00c72add004923de0054
:100af000868272004722dd00030551000403500086
:100b000085835800030031000000400081804800c8
:100b10000a05e9008c1f78008a9fbe00040050007f
:100b2000858058000402420085824a00000040008f
:100b3000818048000005eb000004be006033b8006f
:100b40000406be000d48e100560031001100090006
:100b50004dccd8000c01b8000d02b80084814100d2
:100b600060824a008283530003045c0084845c003a
:100b700060055d000a00e00025003a00800578006d
:100b80000d40e1004900310088007800070078003e
:100b9000110009004d88d8000c01b8000d02b80002
:100ba0008481410060824a006003110083835b00fe
:100bb00004045c00e0845c000900e00021003a00cd
:100bc0004f01be000300e0002b003200e301600093
:100bd000070673008c817100010032006400700010
:100be0004200de004e5edd000c007000c258de00e8
:100bf00001e0a00083010700cf017800818071002f
:100c00004f06be004f05be004f04be0000000600a8
:100c10008c8343000d044c00e0844c0060054d00c3
:100c20000000e9000a00e000d4ff32008c8343009a
:100c30000d044c00e0844c0060054d000000e9000c
:100c4000ceff37000c0343008d834b0060044c0043
:100c5000e0844c000000e9000900e000d8ff320009
:100c60000c0343008d834b0060044c00e0844c0077
:100c70000000e900d2ff37004200de004e5edd00da
:100c80000c007000c258de0001e0a000cf01780027
:100c90000300e000daff320060001000e08018007e
:100ca000d7ff3700f0ff2f00aaff3700f0ff2f001b
:100cb000b9ff37000404be002f0107008706780043
:100cc0000004fd008104fd002b010700078366007e
:100cd0000678a300030032000960a7000800be00e8
:100ce0002c0037000d78a300020032000800be007f
:100cf000280037000778a30026003a0001f0a10081
:100d000009f0a1000668a30003003200f1ff2700ec
:100d1000f0ff2f00baff37000d68a3000300320078
:100d20000800be008c807000b5ff37000768a30084
:100d300007003a000648a30003003200f1ff270035
:100d4000f0ff2f00aeff37000d48a3000300320074
:100d50006000b8008c807000a9ff37000748a3002e
:100d60000400320001f82700000020008c80700091
:100d7000a3ff3700760107000004fd008104fd0099
:100d800002057800720107000802be008a0178009f
:100d900059ff37000160a00012022000d2478800ee
:100da00097ff37000100e000120032000500e0006c
:100db00010003200889fbe008a9fbe008c9fbe003c
:100dc0000006eb0001f8a3000300320060001000f1
:100dd000e08018000cf0a00005f8a300030032002a
:100de00060021200e0821a000cf0a2008005eb0005
:100df00041ff37006000b80002000500038368006f
:100e00000700280007036300470ade000480a100f2
:100e1000c71ade000580a100f70f20000720e100bf
:100e2000420032000728e10040003200889fbe00e7
:100e30008a9fbe008c1f7800f107b200f307b20052
:100e40000400e000640032000170a0000500e00032
:100e5000680032000370a00085054200eb07b10076
:100e60000204b8000302b8008484440060854a008c
:100e7000020ab800848444000a854a00030ab800c4
:100e800004054500040033000804d0008984d20022
:100e90000a85d2008b05e9006158e1003d0035006c
:100ea000021020000901610003082000898161000f
:100eb000f70720008783640008867300c84cde00b3
:100ec000c853dd00878474004855de000300e0004d
:100ed0000600320082037600040032008904e80034
:100ee00060054d000a88a3000c003a00f70f2000af
:100ef0000758e10044003d000a70a100c75ddd0015
:100f00000a8575008a007300090078004f06780092
:100f10004f05be004f04be00000006000a05d100c8
:100f20008984d3008b05e800f0ff3700881f780024
:100f30000604780090000700070278000001fd0019
:100f40008101fd008c000700870278008503720094
:100f50000778a300050032000001fd008101fd00bb
:100f60009f0007004f047800000006008503720010
:100f70000748a30003003200f0ff2f00f1ff270015
:100f8000f8ff37000000200001f82700888070007b
:100f9000f4ff3700880178004848dd008081710047
:100fa0004848de00c850dd0001007000c850de0077
:100fb000060478000b017800160007008880700096
:100fc000d2ff37000500e0000500320017002000c6
:100fd0003a0007009dff370081037000f9ff3a00d7
:100fe000860078004f0678004f05be004f04be0013
:100ff0000000050083037100f9ff32002700200084
:101000002e00070094ff370001f82700868070004b
:10101000f4ff37000100e0002600320061011100fa
:101020007810e10023003c006022b8007010e1005d
:101030000400350080027800010078008000eb0099
:10104000700151000200e00009003400700311003b
:10105000062add00822ade008603dd008782720018
:101060000200de00860bdd00070070008208de0053
:1010700084817100f4ff2700048262008481710082
:1010800004002800848262006102600005f0a6006e
:101090000000060004827100070032000000e80032
:1010a000e0804800000006000002be006000b800ba
:1010b000efff37006000b80000000600889fbe0008
:1010c0000004eb006138e10016003a000100e00086
:1010d00008003a00c800de004800dd00880020005b
:1010e0000100e00003003a00c800de004800dd0017
:1010f000680444008184cf00e98454000600340071
:101100008908dd00f08314008703de00878070000b
:101110000900dd0009044400610214004f04be0010
:10112000000006000300e00008003a00c811de00dd
:101130004811dd00880020000300e00003003a00b1
:10114000c811de004811dd00680444008384cf002c
:10115000e9845400060034008919dd00f08314008e
:101160008713de00878171000911dd000904440046
:10117000e1021400e9ff37002700200001f0a7007a
:1011800017002000470bde00f60fb200040032000b
:101190000643e8000a0032004702b30000000600e0
:1011a00001037800f607b2000603700002003a005f
:1011b0000703b300000006008702b300000006002a
:1011c00001037800f607b200060370000200320047
:1011d0000770a000000006000760a00000000600e5
:1011e0000478a300040032000578a3000300320055
:1011f0000168a30001003a000200be000160a000e7
:101200000000060081017000270032008002eb0020
:1012100001f8a3000300320060001000e080180015
:1012200015002000f40720000202420020003400d4
:10123000f70320008703600006042000000363001a
:1012400002082000000161004700de00c909dd003e
:1012500000807100c708de000600e00008003200d0
:1012600087037100060032001000b0000180b0005a
:101270000188a30002003200c108de000402e80079
:10128000f107b200f30f20000320e10003003d004e
:101290004722dd00810072002900370001f8270095
:1012a0000000eb00260037006000b80000000600d8
:1012b000680212007f20e100020034006000b800e4
:1012c0001f0037006011b8007020e10004003500f5
:1012d00080017800010078008000eb00700252006d
:1012e0000400e00009003400f00312000719dd00db
:1012f0008419de000703dd00868171000400de0032
:10130000070bdd00060070008408de00f7ff2700f1
:1013100083836300870371000600280003036300d2
:10132000070032000700e00003003a00610160009e
:1013300002817300020032001000b0000180b00092
:101340000500a6000000060001f0a0000000060055
:101350004f0ade004709de00f107b200f20fb200cb
:101360000b003200f207b1000170a000c708dd00d9
:10137000c901de00838070004700dd000400a60084
:101380000000060060001000e08018000000060069
:10139000810f700001003a00000006008182cf003a
:1013a0000500e00010003e008082cf00ee82420087
:1013b0007028e1000400390007003e00800078003a
:1013c0000000eb000e003700708312008600de0084
:1013d0000500dd000a003700708352008600dd0042
:1013e0000000eb0006003700e28252008508dd00b5
:1013f000708312000603de00868070000500dd00a9
:101400007507b0000501ea000400a6000000060010
:1014100060001000e080180000000600889fbe00f9
:101420008a9fbe00841f78007c0007004f00780070
:1014300011003300f0ff2f00838f6c0006003b008b
:10144000040565000a00a7000800370009f0a6009f
:101450001000200008003700820f5400838f5c00ca
:10146000030039001000200001003e0000002000b1
:1014700009f0a7000000ea004f05be004f04be00bf
:101480000000e00000000600881f780003047800d8
:101490000300e00007003d0060001000e08018003d
:1014a00060011900e081190002003b0001f02d00ed
:1014b000030037000400070008f0a70001f0a000b7
:1014c0004f04780000000600889fbe008a9fbe007f
:1014d0000082700004027100048271002600320054
:1014e0000004be000200be006011b8006b092000bd
:1014f000950220000182cf000a0039000541b100a9
:101500000082cf00070039000541b1000982cf00f9
:10151000040039000541b1000882cf000100390004
:101520000541b10005425200120032000a003b00a2
:1015300082817100610164008100d1000080d300cc
:101540008984d3000884d3008b05e8000442e800b6
:10155000f7ff3a00070037000804440089844c0074
:1015600000004800818048008b05e9000442e90042
:10157000f9ff3a00030007004f05be004f04be000c
:101580000000060081002000618055000b003d0036
:101590000b00200061fe2f000100e1001d0034005f
:1015a00082817100610164008904d1000884d30044
:1015b0000000e800faff3a007100200061006400ba
:1015c0000300700002006000090032006104440062
:1015d000e0844c000988a500050032008b05e80076
:1015e0006808e10002003a008904d1000884d300b1
:1015f000f20f20000258e10005003d00c75ddd004c
:10160000f907b20089807500080078000000060024
:101610000bf827008b007800000005000004be00d6
:1016200004fc07000003be000405be000200be006b
:1016300000fc0700844f7500000006000400fa005b
:10164000889fbe008a9fbe000004be004709de00de
:1016500003002000f20fb200f207b100f60f5100b4
:1016600030003c000200e0001c003500faff2f00b3
:10167000fb0720000201e900030033008b85d10045
:101680000a85d300fbff37008b8164000a016000ec
:10169000e00f5100e08f59002200320002002000cc
:1016a00003b8270011fc0700a0bf9f00b1bf9f0037
:1016b000e00f5400e08f5c0002003d000a0444008b
:1016c0008b844c000a85ea008b85ea008b806400dd
:1016d0000a0064000004be00110037000200200070
:1016e00003b8270001fc0700a0bf9f00b1bf9f0007
:1016f000e00f5400e08f5c00020035006044b80049
:10170000070037000800440089804c00e00f5000bb
:10171000e08f5800020032000800200009f82b007a
:101720000800be004f05be004f04be000080fa0056
:1017300000000600f6874700889fbe008a9fbe0013
:101740008c9fbe008e1f78000001be0006002000a6
:1017500007f82f000003430081834b00f4ff2f00a4
:10176000f5f72700840f5300858f5b001b003600c0
:101770000002400081824800e00f5200e08f5a00d2
:1017800006003a000001be009cfd07000001be00fb
:101790000000200001f82b0008003700e00f500087
:1017a000e08f580007003d0012022000926688007a
:1017b0000001be00c4fb07006011b800b0fc0700c8
:1017c000a10037000200200003c024008bfd0700a9
:1017d0000001be007efe2f000a003700840f50007b
:1017e000858f580098003e006000b800040020007b
:1017f00005f82300840f5100858f590092003200b4
:101800000007eb00d0b02f00a1042000020240002e
:101810008382480094b79f00a5b79f00fe07b100e0
:10182000afb09700f107b20004007800324f2000fb
:1018300053f3230000004100818049000200200092
:1018400003f82300a0fb07000004be0002002000f4
:1018500003002400a5fb07000001be000800be0035
:1018600087fc07000002be000001be00f4b79f0025
:1018700085bf9f0061fd07000006be000001be009d
:101880005efd07000005be000200200003f02300fb
:101890000800be0059fd07000801be0057fd070003
:1018a0000001be00f0af9f0081b79f000800be009e
:1018b00085fb070081017800c3b79f0002002f005d
:1018c00000016100b2b79f003fb19700cfb1970010
:1018d0000800be007cfb07007fa997008fb197002e
:1018e00079fb07000003be00e29e2e0013e92300ef
:1018f0000a00be00d6b79f00e7b79f003ffd070074
:10190000a2aa2a00a3f2230078fb07000001be0070
:101910000c00be0039fd07000004be0062e2290091
:1019200083e723000a00be0034fd070032e12c00eb
:10193000c3ec23006dfb07000001be000a00be00df
:101940002efd07000001be000800be0067fb070077
:101950000001be007fa897008fb0970063fb0700cf
:101960000001be007fb297008fba97000400be004e
:1019700022fd07000001be005fb39700efb39700a0
:101980000600be0059fb07000005be001fb297000d
:10199000afb297004728de0001002000000047009a
:1019a000cf80de001efb07000004be00b27d2200d7
:1019b0004355230011fd07000006be003fb197000c
:1019c000cfb197000a00be0048fb070092ad2e0081
:1019d00043802b0009fd07000001be000c00be0083
:1019e00042fb07000006be0002002600e3ed2300d4
:1019f0000a00be0001fd07000001be000c00be0091
:101a00003afb07000005be0002002600e3ed2300bc
:101a10003fb09700cfb09700f8fc07000001be0070
:101a20000a00be0031fb07000005be0002082200cc
:101a3000a3e923000800be00f0fc07000001be007f
:101a40000a00be0029fb07004f0778004f06be00c2
:101a50004f05be004f04be006f01b100000006003c
:101a60000000fa0068815700cfb89700d05e800070
:101a7000100078008f0507000080fa0000000600c3
:101a8000d70007000b0407003f040700bb04070052
:101a9000e304070029060700d40537000000fa0018
:101aa00068815700cfb89700d05e800010007800a2
:101ab000800507000080fa0000000600c80007004b
:101ac000fc030700ad040700d50407002e0407003f
:101ad0001a060700c50537000000fa0068815700a4
:101ae000cfb89700810507000080fa0000000600cb
:101af000bb00070014010700ee03070022040700e3
:101b00009e040700c6040700990507000b0607009e
:101b1000b60537000000fa0068815700cfb897007b
:101b2000720507000080fa0000000600ac00070004
:101b3000e003070091040700b9040700120407003e
:101b4000fe050700a905370080007800100020007e
:101b500002022000828f500004003200e980500011
:101b6000e48f5000010036000000eb00000006008a
:101b7000889fbe008a1f7800000578000a0478005c
:101b8000984478000805e8000900fb00eeff070014
:101b90000000e000f9ff3a00b0c2b30080cf54006b
:101ba00005003200d0c2b3008000eb0080cf5400ab
:101bb00005003a00020037008000eb00010037000a
:101bc000110020000804e8000000eb0003003700cb
:101bd0006a02b900020052000003b0003801fb00a5
:101be00003fd2f0082814100e98f5100f8ff36008c
:101bf0000100e00001003a000000ea004f05780013
:101c00004f04be0000000600800078001000200095
:101c100002022000828f500004003200e980500050
:101c2000e48f5000010036000000eb0000000600c9
:101c3000889fbe008a9fbe00000578008a04780055
:101c4000194478000905e8000800fb00eeff0700d2
:101c50000000e000f9ff3a00b0c2b300804f54002a
:101c600004003200d0c2b300804f540006003a0096
:101c7000020037000004eb000100370018002000cc
:101c80008904e800010037000004eb006000b800a0
:101c900006003700a200200003002000230c0700ec
:101ca000cfd5de000a0050008b8058003905fb00bc
:101cb0000a03b100e90f5500f6ff36000800e00006
:101cc00002003a0060001000e08018004f05be00de
:101cd0004f04be00000006008000780002fd2f00c7
:101ce0000101410010002000e90f510005003600fd
:101cf0000150a0001106b100e58f50000100360030
:101d00000000eb0000000600f3ff370080017800c0
:101d100002003700b15978000201e9000200e0003a
:101d2000fcff3a00000006000000fa00688157003e
:101d3000cfb89700d05e8000100078001600070032
:101d40000080fa00000006000000fa0068815700d9
:101d5000cfb897001e0007000080fa0000000600c0
:101d60000000060000be200000000600fdff070086
:101d7000f05e8800e05e880000000600f1f92f00a8
:101d800080804000f98f500001003e00f005b20055
:101d900000000600f9ff37000200fa00881f7800f3
:101da00000047800e2bf9f006481570008007800bb
:101db0006c070700980090000148a3000100320062
:101dc0000080eb004f0478000080fa00000006005d
:101dd0008201780001017800f1ff270066083700d2
:101de000ec874700889fbe008a9fbe008c9fbe0084
:101df0008e1f780000067800010478001807900014
:101e00002805900098067800cdb79f00b80590008f
:101e10003202be002203be000400be000601be0066
:101e20004f18de006011b8008000eb00d0b79f00b3
:101e3000e1b79f00f2b79f0083bf9f008004780046
:101e40000900e000060032006000b8006011b80030
:101e50000402500085825800060359008783590008
:101e60000e00e000020035000d10a100cdb79f006c
:101e70000900e00005003a004fb097000028a300d9
:101e800002003a000038a300020032008a00e90094
:101e9000010037008a007800f8815700a200200076
:101ea00008007800620307000900e00003003a0020
:101eb000cfb097000128a300080032000000e9001d
:101ec00000814500b1c2b3000900e000010032000a
:101ed000d1c2b30001497800050037000138a300e2
:101ee000030032000000e90001c2b30081757800f0
:101ef000480190000201e900000151008080450086
:101f00004fb297008a0178000c0078005605070050
:101f10009c0090000188a30004003200980090000b
:101f2000810f500001003d00010078004f0778004c
:101f30004f06be004f05be004f04be00cf00b100eb
:101f400000000600000006004200fa00889fbe0064
:101f50008a9fbe008c9fbe0020079800110f98003a
:101f6000034f980011007800400f980091009000f6
:101f7000610f98009e099000a3019000330f980014
:101f80001e0a900044029000140798009e0a9000d8
:101f9000b5029000052798003204be002205be005d
:101fa0006022b8006033b8000800be000a01be001d
:101fb000090b07000000e00003003d000bf0a20049
:101fc000d0c2b300040037004e0b90000628a300d7
:101fd00009003200b0c2b3008e239000804b78001d
:101fe0003e0890000000e900700f980011002000ea
:101ff000510f9800100037004e0990000238a300de
:102000000900320000c2b3008e21900080497800a0
:102010003e0a90000402e900740f980015002000a9
:10202000550f9800040037003e0b9000760f980083
:102030008003eb00570f98000800be000a01be00a5
:10204000c0ff0700f4ff2f00f5ff2f00f6ff2f0061
:10205000f7ff27000402600085826000060361002c
:10206000878361006000b8000200200003ff2700a2
:102070000020e10001a8e10002b0e10003b8e100a6
:1020800011003a000e4890008000fb001104b100de
:102090000e219000de09900003004100f98f5000ee
:1020a00002003e0081c9200001003700c1c92000a4
:1020b00081070700c0c92000860707005e0a90005c
:1020c00004014000150037000020e10001a8e100f4
:1020d00002b0e10003b8e100130036008e4a900020
:1020e0008500fb001104b1000e239000de0b900070
:1020f00007004300f98f500002003e0001ca200093
:102100000100370041ca20006b07070040ca2000c9
:1021100070070700de089000010140004e0a9000a1
:10212000be099000500237006022b8006033b8004a
:102130000800be000a01be00a70a07000000e00078
:102140006a0032006022b8000600200007ff23006a
:10215000441798005517980066179800771798004d
:102160008006eb000800be000a01be00001f9800b8
:10217000111f9800221f9800331f98000e26900010
:10218000070037008d06e8000802be000a03be0003
:10219000441798005517980066179800771798000d
:1021a0006022b80006002000470224004e10900074
:1021b000de1090006e119000fe119000e10b070000
:1021c0000004be000205be000002be000203be0005
:1021d0000e1890009e1890002e199000be199000c5
:1021e0007d0a07000000e000e6ff3d000c27980094
:1021f0000006eb004e149000de1490006e15900067
:10220000fe1590002500370040ed2f00808f56000e
:1022100019003d000c00e00016003a006022b800f2
:1022200006002000073524000e1890009e1890002c
:102230002e199000be199000c20b07000002be00cc
:102240000203be00041f9800151f9800261f980067
:10225000371f98006022b8000600200007352400d0
:102260000800be000a01be00b60b07000004be0055
:102270000205be001c0020006022b80006002000fd
:10228000470224000800be000a01be00fe0a070043
:102290000004be000205be008d06e9000802be0073
:1022a0000a03be000e1890009e1890002e19900090
:1022b000be199000480a07000000e000d2ff350078
:1022c0000800be000a01be00401798005117980090
:1022d00062179800731798000e1c90009e1c9000c7
:1022e0002e1d9000be1d9000080037006022b8002f
:1022f0000600200007ff2300441798005517980098
:1023000066179800771798008006eb008e4a9000b9
:102310000500fb0011070700104f98006e0b90009e
:10232000600020000600e000010035006e0890000b
:1023300071c6b3009e4b900081cf53000a003a0053
:10234000ee0890000100e000cf013200cf0137001d
:102350008d0f5000d3013c00001f980052c6b300ff
:10236000425f98001e0037009e499000435f98002e
:102370000200370064c6b300445f98000000e80024
:10238000001f980060c6b300ce5a900080cf520064
:1023900013003a000d00e00008003d006000b800a6
:1023a0000200200003ff23004017980051179800f7
:1023b00062179800731798008006eb0061c6b3009f
:1023c000415f980070c6b3001e499000804f5100d5
:1023d000030032008e1990008d814100031f980088
:1023e0004e129000de1290006e139000fe139000cb
:1023f000441f9800551f9800661f9800771f98008b
:102400000800be000a01be000017980011179800ce
:1024100022179800331798000006eb000802be0050
:102420000a03be00540798006507980076079800d5
:10243000070f9800310037004e1a9000de1a900006
:102440006e1b9000fe1b90000e1090009e109000de
:102450002e119000be1190008b0a0700e50d0700b9
:102460000004be000205be00040a070080027800d6
:10247000250f98004e1a9000de1a90006e1b9000f7
:10248000fe1b90000800be000a01be002d0b0700d5
:102490000e1290009e1290002e139000be1390001a
:1024a000280a07000002be000203be0007f0a200d7
:1024b00004179800151798002617980037179800ea
:1024c0006022b80006002000470224004e18900049
:1024d000de1890006e199000fe1990006a0a07003d
:1024e0000002be000203be00441f9800551f980062
:1024f000661f9800771f98000c06e8008e1a90005f
:10250000850f5600ccff35005e049000ee0490006d
:102510007e0590008e0d90006022b800060020001d
:10252000470124004e189000de1890006e199000ac
:10253000fe199000030b07000002be000203be005c
:10254000441f9800551f9800661f9800771f980039
:102550000e1090009e1090002e119000be11900061
:102560009d0907000000e0000f0035004e1a9000a2
:10257000de1a90006e1b9000fe1b90000e10900063
:102580009e1090002e119000be119000920907003d
:102590000000e00011003a00ae0a90000508a30018
:1025a000080032000d0037006000b8006011b8006c
:1025b000401f9800511f9800621f9800731f9800d9
:1025c000060037006022b8006033b800441f98004e
:1025d000551f9800661f9800771f98004e1a9000ac
:1025e000de1a90006e1b9000fe1b90000800be00db
:1025f0000a01be00d90907000002be000203be00a6
:102600000417980015179800261798003717980098
:102610006022b80006002000470224004e109000ff
:10262000de1090006e119000fe119000c50a0700a8
:102630000004be000205be000002be000203be0090
:102640000e1090009e1090002e119000be11900070
:10265000660907000000e000090035008d06e8006b
:1026600060c6b300ce5a900080cf520008003a00f6
:102670000e1b90000603e800061f980011003700ab
:102680004e149000de1490006e159000fe15900020
:1026900050c6b3004e599000804f510009003a00d7
:1026a0000802be000a03be00441f9800551f980090
:1026b000661f9800771f98008002eb00451798006e
:1026c000070037000800be000a01be00401f980046
:1026d000511f9800621f9800731f98004d179800b3
:1026e0005e0e90000001eb00220f98003207980068
:1026f000520798000d0f78006a0037004e1a9000bc
:10270000de1a90006e1b9000fe1b90000e109000d1
:102710009e1090002e119000be119000da09070063
:10272000340d07000004be000205be005309070077
:10273000e90f50000100340090002000ce09900005
:102740000348a3000c003a000000e0000a003a0031
:1027500071c6b3001e4a9000814f520006003a0035
:10276000ce1290000500e00003003d002e0b90000b
:102770008606e80023003700be0390000700e00053
:102780000c003a00ce1090000100e00009003d006e
:10279000e1c2b3000e21900001717e000c06e8003a
:1027a000fe0990008301e900730f980014002000d7
:1027b000340798008e2290000c814200ae0e9000eb
:1027c000850178000300370001c3b3000159780088
:1027d0008d06e9000d00e000fbff3a00032798009a
:1027e0002e0b9000060646000043b00080717e006c
:1027f0000c06e8000680ea00fe0b90008083430090
:10280000770f98004e1a9000de1a90006e1b900011
:10281000fe1b90000800be000a01be00490a070026
:102820000e1290009e1290002e139000be13900086
:10283000440907000002be000203be0007f0a20028
:102840000417980015179800261798003717980056
:102850006022b80006002000470224004e189000b5
:10286000de1890006e199000fe199000860907008e
:102870000002be000203be00441f9800551f9800ce
:10288000661f9800771f9800ce1290008502e9001d
:10289000451798005e0390000603e800560798006d
:1028a0002d0f9800de0390000e189000808f5300cb
:1028b00005003d009e08900041009000650050001a
:1028c000800f56008dff39009e0678003e01900073
:1028d0000200e00007003a00ce0990000348a30080
:1028e00004003200e0c2b3000e22900000727e00ad
:1028f0000c06e8008e2290000c8042000048eb009d
:1029000051c6b3004e5b9000814f530038003a002f
:102910009e0390008700e9000041eb0082f27800fe
:102920008001eb000d00e00002003d008d06ea0092
:10293000130020002200200001037800fe0a90000e
:102940008e239000000478000a003700010378000d
:10295000a4002000110009008406d80001027800bc
:10296000800678000443b00084737b000201e90014
:102970008502e9008600e9000d00e000f3ff3a005f
:102980000200e000f1ff3c00750f98000727980057
:102990000800780001824300b2c2b3000300e000e7
:1029a00001003200d2c2b300024a78000101e900fe
:1029b0008e219000828041008e4a90000502fb002b
:1029c0001404b10053c6b300f90f520001003e00d9
:1029d00053c4b300834878007e0b90000683e9005f
:1029e000760f9800820f560001003d003205070067
:1029f000ce0b900063806300e20f500015003a0098
:102a00007e0890000000e000120034000e209000cc
:102a1000300507008e219000040037007e099000e9
:102a200082804100e37078000000e900de0a900037
:102a3000850f5000f9ff3d000327980005804100f5
:102a40007e09900001032000b70407000003eb009b
:102a5000360f98000e2090001e0507004e0a9000c9
:102a6000be099000000178008e2090002e0090009a
:102a70007d0207004f06be004f05be004f04be009a
:102a80000080fa000000060010002000e48f4600dd
:102a90002ffe3d00001f980057c6b300475f980007
:102aa0004ffe37000d00e00032fe3500001f980099
:102ab00042fe37000200fa00889fbe008a9fbe00d7
:102ac0008005780001047800020078001801900069
:102ad0002805900098007800b1bf9f00b8049000ce
:102ae0000200e000020035000110a100b1bf9f000c
:102af000ea815700820020008a0078003002be0080
:102b00002003be0008007800490007003fb9970085
:102b1000f0006100030032000000e90001c3b300cf
:102b2000817478003fb99700e8006100030032002b
:102b30000000e90001c2b3008174780048019000f0
:102b40000201e90000015100808044003fba970073
:102b50008a0178000b007800430207009b00900078
:102b60000188a3000400320098009000810f5000fb
:102b700001003d00010078004f05be004f04be007b
:102b80000080fa0000000600ea874700889fbe0028
:102b90008a9fbe008e1f7800000478000300780032
:102ba0007287570084e2260055c72600049fbe00a6
:102bb000c3962200030f78006c875700004feb008c
:102bc00011059000a1049000910578000200e0003a
:102bd00002003200020778000100370072875700b8
:102be0000000e00002003a000e007800b90407007f
:102bf0000a00e000030035008a0f50000100360093
:102c00000a0078000b027800890178000001780042
:102c10008e00780008007800130207004f07780044
:102c20004f05be004f04be00af00b100000006001b
:102c3000f4874700889fbe008a9fbe008c9fbe001d
:102c40008e1f78000605be000404be0081bf9f00f1
:102c500082b79f00f3b79f00b0009000e1b79f00dc
:102c60001301780092b79f009006900040009000fa
:102c70000000e900000678000d00e00001003d00c2
:102c80001d0020008040eb00efb1970081717800bb
:102c90001e0020001f0037000c06e9000fb097004f
:102ca000cf80de006109b900a0b79f00b1b79f00d7
:102cb000c2b79f00d3b79f000203be000002be0050
:102cc0000800be000a01be00df0a07000007780006
:102cd0000e4078000043b000efb0970080707e0097
:102ce0008d06e9000fb997000201e90082bf9f003d
:102cf0002fb29700bfb297004fb39700dfb3970092
:102d00000800be000a01be00c80a07000205be0096
:102d10000004be000c00e0000d003400e00f540081
:102d2000e08f5c00e00f5d00e08f5d00daff3a00ad
:102d30000d00e000d8ff3c008fb997000300e000d1
:102d4000030034001fb097000018a300d2ff3a0020
:102d50000e00e00002003a00ffb097001140a10011
:102d60000c0078004f0778004f06be004f05be00ec
:102d70004f04be004f01b100000006000200fa003f
:102d8000889fbe008a9fbe0000057800010478007d
:102d90000200780018019000a804900098007800c4
:102da000b1bf9f00b80590000200e00002003500ae
:102db0000110a100b1bf9f00ea815700a2002000ce
:102dc000890078003002be002003be0008007800b1
:102dd00097ff0700480190000201e900000151003f
:102de000808045003fba9700890178000a0078008a
:102df0009d0107009a0090000188a30004003200a2
:102e000098009000810f500001003d000100780003
:102e10004f05be004f04be000080fa00000006000f
:102e2000fa874700889fbe008a9fbe008c9fbe0025
:102e30008e1f7800800478000104780082057800f5
:102e4000180190002805900018077800b80090003d
:102e50000200e000020035000e10a1000100370062
:102e60001200200070006700e0b79f0009003200e8
:102e70003b02be002b03be00e00f5200e08f5a0061
:102e8000e00f5b00e08f5b00020032008a86e90001
:102e9000010037008a067800e8026700f5b79f0056
:102ea000010032008d06e9003b02be002b03be008c
:102eb000e4af9f00f5af9f0086b79f0097b79f00d4
:102ec000480690000c06e9000040eb0080707e0090
:102ed000efb297007fb297008903780081047800f1
:102ee000d8af9f00020478008bbf9f008a0578004e
:102ef000034578002a0037000c06e9006fab970005
:102f00006f006300e90f500002003c000003b000b6
:102f1000010037007005b0000a03fb001604b10081
:102f2000f90f53000c003e00000378000650a0008b
:102f30001606b100f90f530007003e00b4b79f001a
:102f4000a5b79f00c7b79f008cfb0700cfb39700c2
:102f5000afb297003fb2970080747e000804e9008a
:102f60008d06e9006fa89700ffa897000fb19700a2
:102f70009fb19700460020008301d1000281d30059
:102f80008180d3000080d3000603e900faff3a00f5
:102f9000e0af9f00f1af9f0082b79f0093b79f0003
:102fa000e10f56000f0034006fa89700ffa89700ac
:102fb0000fb197009fb19700e00f5000e08f5800cd
:102fc000e00f5900e08f5900cbff3a000800e00005
:102fd000c9ff3c000d00e000020034000e18a30001
:102fe000c5ff3a0089007800f4b79f008704780095
:102ff0005fac97008a4178000b0578008fbd970081
:103000000500e000100032003b02be002b03be00b2
:10301000e4af9f00f5af9f0086b79f0097b79f0072
:10302000e00f5200e08f5a00e00f5b00e08f5b0082
:10303000050032000c06e90083707e000c06e900f2
:1030400000c3b30080707e00ffb297000500e0006f
:10305000030032000c06e90000c2b30080707e005d
:10306000480190000201e9000c0151008c804000f1
:103070000e0278008a01780009007800fa00070043
:10308000990090000188a30004003200980090008d
:10309000810f500001003d00010078004f077800cb
:1030a0004f06be004f05be004f04be00af01b10089
:1030b000000006000200fa00881f78000004780073
:1030c000e2bf9f006481570008007800a502070056
:1030d000980090000148a300010032000080eb003e
:1030e0004f0478000080fa0000000600820178009a
:1030f00001017800f1ff27006e063700889fbe00af
:10310000000478004800900082047800808f54000a
:103110000100360080047800090178005800900012
:10312000fafa070058009000090040005004980087
:10313000c800900089845000490498000048eb00c2
:103140004f04be000000060010007800bff43700f6
:10315000900190000388a30001003200e7ff3700d0
:103160000348a30001003a00f7ff07000000060033
:10317000881f78000004780000082000808f50002d
:103180001700350010082000808f50000b0034001d
:1031900030082000808f500011003a009200780023
:1031a00068805000000978003002be002003be0095
:1031b000049cbe000694be0007003700920278000f
:1031c00064805200000978001000be008c060700e1
:1031d000009cbe000294be001000200001003700d9
:1031e0000000eb004f047800000006008408200077
:1031f000848f50001d0032000d003c001408200098
:10320000848f50002700320002003c000408200098
:103210000400370024082000848f5000340032005e
:1032200044082000848f500043003a0036003700e5
:10323000040a2000848f50002700320004003c0064
:1032400004092000848f50003b003a00280037001a
:10325000020c2000828f50002f003200020f20004d
:10326000828f500034003a002b0037009380e90031
:103270000200e00005003200810978001102fb0025
:10328000cfa2de00612bb900280037008109780049
:10329000114278000482fb008002eb006033b8002a
:1032a0002200370013027800e40052000200e00020
:1032b00005003200810978001102be004fabde002c
:1032c0008603780019003700810978001102be00da
:1032d0006033b800150037009380e9008109780059
:1032e00011027800cfa2de00612bb9000f00370079
:1032f00093027800e8805200810978003102be0014
:103300002103be00090037009380e9000200e000bd
:1033100002003200f1ff37009380e9008109780054
:10332000110278008002eb006033b8000498be0000
:103330000690be00100005000000050044082000b3
:10334000848f50002500320008003c001408200043
:10335000848f50001400320024082000848f500015
:1033600024003200040820000c003700040920006b
:10337000848f50001f00320004003c0084082000ad
:10338000848f500024003a000e003700040a200009
:10339000848f500011003200040c2000848f5000f4
:1033a0001d003a000d0037009380e9008109780084
:1033b0009100780001087800cf91de008288be007d
:1033c000140037009380e9008109780091007800ab
:1033d00001087800824878000e0037009380e900e9
:1033e000810978009100780001087800820878004f
:1033f000080037009380e900810978009100780087
:10340000010878006112b900612bb9008498be00f0
:103410008690be001000050000000500889fbe00d9
:10342000000478004800900082047800808f5400e7
:1034300001003600800478000901780058009000ef
:1034400032fa07005800900009004000500498002c
:10345000c800900089845000490498000048eb009f
:103460004f04be0000000600f2874700889fbe00a0
:103470008a9fbe008c9fbe008e1f7800800478005b
:103480000105780002047800830578006107620076
:1034900002003a008b0f5400080039000801780040
:1034a0008a0078000900780029ff07008b0f54007c
:1034b00002003900880578001e0037000886550094
:1034c0000c017800f00f56000100360002012000c8
:1034d000010220007e805700130207008c0678004e
:1034e0000500370002012000fe8057000900780027
:1034f00017ff0700f0865600ef8f5600f9ff3e00d9
:103500004461de0000ff2f000091b9000201460077
:10351000fe805700090078000dff07000e00e00054
:1035200004003a00080178008a0078000900780059
:1035300007ff07000b0078004f0778004f06be001a
:103540004f05be004f04be002f01b1000000060071
:1035500000000500000005000000050000017800e3
:103560000040eb008080fb0081804000e3c520002c
:1035700063c278000404e00003003a00f0c52000b4
:1035800060c078000000060092017800934f52005e
:1035900004003a00f0c5200060c078000309e8008c
:1035a000010037000040e800ea4f5000edff360010
:1035b00000000600f6874700889fbe008a9fbe0075
:1035c0008c9fbe008e1f78000005780001047800f3
:1035d00083057800040678000000eb00c0b79f0068
:1035e0008080eb00d1b79f00e0b79f00f2b79f004b
:1035f0000008200080bf9f0098007800010078003c
:103600008004eb00010037008904e80030417800b5
:103610000204e0000300320053c2b300834f5100a4
:10362000f9ff3a000900e0000400320009017800c7
:103630000a007800c6fe0700188c440018077800be
:1036400050c2b3009e4f10003f013a000e07e80041
:103650000e0c780010003700cfb097000100a000da
:103660000b003700cfb097000110a0000800370012
:10367000cfb097000120a00005003700cfb0970021
:103680000130a00002003700cfb097000140a00039
:10369000c1b79f00000ce800180078009040780047
:1036a000b2c2b30082cf5000f1ff320007003c00ed
:1036b00002c2b30082cf5000f0ff320032c2b3002a
:1036c00082cf500007003a00efff3700d2c2b300ac
:1036d00082cf5000e0ff320002c3b30082cf50001f
:1036e000e0ff3200a2c2b30082cf50000d003a00ca
:1036f000000ce8001c80e900000e78001000780043
:10370000e0b79f000000e0000f003d00cfb0970041
:103710000100a200c1b79f000000ea00e0b79f00cf
:103720000900370012f90700e0b79f0001003700d9
:10373000000ce800180078009000fb000103b100c5
:10374000e98f5000faff36004fb097000008a30041
:10375000020032000010a100c0b79f0018007800de
:10376000e1c2b30090cf100016003a008000eb00d9
:10377000d1b79f000000e800000c7800a1c2b300a0
:1037800090cf100006003a00000ce8001c80e90011
:10379000000e780010007800d0b79f0009003700b5
:1037a000f3f80700d0b79f0001003700000ce800d5
:1037b000180078009000fb000103b100e98f500071
:1037c000faff36000800780064ff070080467800a2
:1037d000180078001000fb00e001070091062000af
:1037e000810f50003800320012003c0041062000da
:1037f000810f5000340032000a003c001106200006
:10380000810f50002000320031062000810f50004f
:10381000a000320051022000810f5000bc003a008d
:10382000b400370071062000810f5000b8003c0042
:103830008800370001072000810f50005c00320033
:1038400007003c00e1062000810f50007a003200a2
:10385000f1062000810f5000ad003a00390037001a
:1038600051072000810f50002700320081072000ff
:10387000810f50004200320031072000810f5000bc
:10388000a3003a008f0037008d80fb000c01780008
:1038900000fe2f000f00400035fe07000000e00092
:1038a000a800320018007800000ce8009041780071
:1038b00002fe2f000f014100f88057000a00780037
:1038c000d60107000e0037008d80fb008c017800c8
:1038d0001200200000fe2f000f00400043fe0700f2
:1038e0000000e00097003200180ce80002fe2f00f4
:1038f0000f014100f88057000a00780038f90700ee
:1039000080844400900037008d80fb008c0178009b
:103910000001eb0000fe2f000f00400033fe070007
:103920000000e00087003200180ce80002fe2f00c3
:103930000f014100f88057000a0078000ffd0700d2
:10394000efff37008d80fb008c0178000001eb0059
:1039500000fe2f000f00400024fe07000000e000e2
:1039600078003200180ce80002fe2f000f01410021
:10397000f88057000a0078004efc0700e0ff37008f
:103980008d80fb008c0178000001eb0000fe2f0011
:103990000f00400015fe07000000e0006900320043
:1039a00018007800000ce800904178001c003700f7
:1039b0008c0178000001eb00010f200000fe2f00b9
:1039c0000f00400009fe07000000e0005d0032002b
:1039d000180ce8000fb097009fb097002fb1970028
:1039e000bfb19700e00f5000e08f5800e00f590082
:1039f000e08f590009003a00cfb597006fb49700e7
:103a000060c52000330107000b02780088017800b0
:103a10000001780061c520004700370083c7b3006c
:103a200002fe2f000f014100f88057000a007800c5
:103a3000fbfc0700b2ff37000b8144008d80fb00c8
:103a40008c01780000fe2f000f0040003bfe0700b5
:103a50003c0037008d80fb000c01780000fe2f0039
:103a60000f004000c2fd07000000e00035003200fa
:103a700018007800000ce8009041780002fe2f004a
:103a80000f014100f88057000a0078002ef9070066
:103a90009bff370000c8b30080cf560029003a00d2
:103aa000180ce8001c80e900000e78001040780037
:103ab000e0df9f0013002000e2fd2f000f01410016
:103ac0000800370000c8b30080cf56001d003a0040
:103ad000180ce8001c80e900000e78008001eb0063
:103ae00010017800f88057000a00780026fc0700d3
:103af00083ff370000c8b30080cf560011003a00a2
:103b0000180ce8004fb29700efb19700080037009b
:103b10000e0c78000000eb00c0b79f00e0b79f00dc
:103b20000080eb00d0b79f000002eb00840178001a
:103b300012002000c1c520000a0078004afe0700dc
:103b40006fff3700180ce800090078004f07780075
:103b50004f06be004f05be004f04be006f01b1000e
:103b6000000006008200fa00889fbe008a1f7800cd
:103b70000005780082047800c13f9f000004eb003c
:103b8000100037000902780088017800a2f72f00a2
:103b90000f01410081f72f008f8040000a0078005c
:103ba00084fe070008004000880f500004003d001c
:103bb000b0042000906688000084eb000400370009
:103bc000000478004f3897001004e000edff3a0041
:103bd000080078004f0578004f04be000080fa000e
:103be00000000600889fbe000004be000000eb003d
:103bf0000800e00018003200180090000058a300f0
:103c00000d003200d800900068009000808f5000b6
:103c100009003600b80990000001eb00820078002e
:103c20000800780003000100d80090000080eb003d
:103c30000100e000080032000000eb00200c9800ba
:103c400060049800500498000900e000020032006f
:103c500018007800f4f107004f04be0000000600d1
:103c6000889fbe000004be000000eb000800e000da
:103c700025003200180090000058a3001100320007
:103c8000d800900068009000808f50000900360036
:103c9000b80990000001eb0082007800080078006d
:103ca00003000100d80090000080eb000100e0005c
:103cb000150032000000eb00200c98006004980012
:103cc00050049800780a900008109000800f52006d
:103cd000060031000002520011002000cfa2de00d9
:103ce000612bb90018007800090007000000eb0004
:103cf00000149800700c98000900e00002003200e7
:103d000018007800c8f107004f04be00000006004c
:103d1000a0fd2f00f1ff2f00860007004f89de0075
:103d20008201780000000600889fbe008a9fbe00c6
:103d3000800478000200e0005b003200014078005f
:103d4000814c780082814400f1f99f00e20f51001c
:103d50005500360091449800a1449800e1f99f0075
:103d6000d1f99f00e60f51004f003600b144980092
:103d7000c1f99f00e80f51004b0036000905ea0029
:103d8000630565000a8444000a055100c1ff2f0045
:103d9000010565000080fb008000eb001210200090
:103da00013102000e1030700008cbe000a0144004c
:103db00060b99f0071b99f00e80f55003a003600c6
:103dc00020049800310498004004980051049800a1
:103dd00020b99f0031b99f0040b99f0051b99f00a1
:103de000f80f550030003600600498007104980008
:103df000000c9800110c9800200c9800310c9800d1
:103e0000400c9800510c980020b19f0031b19f00e8
:103e100040b19f0051b19f0060b19f0071b19f0000
:103e200000b99f0011b99f0064016400780141004e
:103e300002044400020555006011b8000203be00f0
:103e40000002be000403be006022b8000000720041
:103e500081807200020173008381730010003700bb
:103e6000009cbe000294be004004980051049800db
:103e70006204980073049800000c9800110c9800dc
:103e8000220c9800330c9800400c9800510c9800bc
:103e9000620c9800730c98000a02b1000802b0008e
:103ea000ff0f5500eeff3e00090078004f05be00f1
:103eb0004f04be0000000600881f78000004780050
:103ec0000800780020030700080078004f047800fd
:103ed0000000060080007800040037003104e00094
:103ee00002003a00000051000000060001017800c5
:103ef0000108a300f9ff3a00810178003101780040
:103f0000f4ef2f00020242000281ea000201620087
:103f10000408280004016100f7ff320083007800e4
:103f2000010178003104e000fdff3a00000051007b
:103f30000000060002002f00f3ff2f00820f500048
:103f4000838f5800040036000000ea009066880065
:103f50000080eb008080eb0000000600f1fb2f00ea
:103f600080804000f98f500001003e000050a0000a
:103f700000000600f9ff37000f04b0008e1f780024
:103f800002027800030178000000e0000200320025
:103f900000077800020037000efc2f000f074700d3
:103fa0008002eb000100e000010032008102e90024
:103fb0000f007800e003b1001d0009000018eb00bd
:103fc0000080eb0090a79f0023102000a3a79f0074
:103fd000bea79f00c1a79f00d5a79f000100e000da
:103fe00003003d00b10420009166880007003700ff
:103ff000004feb00fea79f00eea79f008400780013
:1040000020fc2f000f00400063f707004f077800e7
:104010000f04b10000000600000006003e00fa0098
:10402000889fbe008a9fbe008c9fbe00100798002c
:104030008346780011007800400f980091019000ad
:104040004307980021029000240f9800c1029000bd
:10405000050f7800b1009000611f98003204be0087
:104060002205be00281f9800391f98004a1f98009b
:104070005b1f98006022b8006033b8000800be00e3
:104080000a01be00d40207000000e00009003d0064
:104090000800be000a01be0003f0a200201f980025
:1040a000311f9800421f9800531f9800d0c2b300e0
:1040b00004003700ce0890000128a3000900320058
:1040c000b0c2b3006e19900000497800ae099000ac
:1040d0008301e900330f980014002000540f98006a
:1040e00010003700ce0a90000538a3000900320006
:1040f00000c2b3006e1b9000004b7800ae0b900026
:104100008703e900370f980018002000580f980027
:1041100004003700ae0c9000390f98000005eb004a
:104120005a0f98002e189000be1890004e1990005b
:10413000de199000b8ff0700f4ff2f00f5ff2f00f5
:10414000f6ff2f00f7ff2700040260008582600061
:1041500006036100878361006000b8000200200050
:1041600003ff27000020e10001a8e10002b0e10008
:1041700003b8e1000c003a008d06fb001d04b100fd
:10418000ee1d9000de0890000180450081ca2000ed
:10419000f98f560001003600c1ca200046ff070013
:1041a000c0ca20002f0237000020e10001a8e10072
:1041b00002b0e10003b8e1000c0036008d06fb0000
:1041c0001d04b1006e199000de099000030041004b
:1041d00001cb2000f98f56000100360041cb2000b2
:1041e00035ff070040cb20001e02370000c3b3009c
:1041f0006e1a9000de0a900000f27a000500e800d6
:10420000000142008d00fb00f6fb2f0006834000fa
:104210002607980081c7b300f90f530001003e0044
:1042200081c5b300014978000000e800500f9800f4
:104230006022b8006033b8002e189000be189000bd
:104240004e199000de199000630207000000e000a4
:104250005e0032008003eb006044b8000a002000da
:104260000bff230068079800790798000a0f980051
:104270001b0f980007067800050037000c06e800c1
:104280006e0c9000fe0c90000e1590009e15900094
:104290000802be000a03be000800be000a01be00fc
:1042a000ae0207000002be000203be00640f9800c9
:1042b000750f980006179800171798002e18900091
:1042c000be1890004e199000de19900042020700bf
:1042d0000000e000e9ff3d006c0f98002a00370065
:1042e0006022b8000600200007fe23000800be0080
:1042f0000a01be00930307006022b8006033b800d3
:10430000350207000000e00016003a006022b80005
:1043100006002000073524000800be000a01be0088
:10432000880307000004be000205be006022b8003a
:1043300006002000073524002e189000be189000bb
:104340004e199000de1990007e0307000002be00a7
:104350000203be00241f9800351f9800461f9800d6
:10436000571f98006022b8000600200007fe2300b7
:104370000800be000a01be00720307000004be0070
:104380000205be000c06e9000802be000a03be00da
:104390002e189000be1890004e199000de19900063
:1043a0000d0207000000e000cdff35000800be0050
:1043b0000a01be006007980071079800020f98007c
:1043c000130f98006c0f9800090037008000eb0075
:1043d000610f98006022b8000600200007ff23004c
:1043e0006407980075079800060f9800170f98004b
:1043f000ce029000800120000500e00001003500a1
:104400004e0090000000e800300798006e04900015
:10441000fe0490000e0d90009e0d9000681798000d
:10442000791798000a1f98001b1f98002e1c9000f7
:10443000be1c90004e1d9000de1d90000006eb009b
:104440003a0037006e129000fe1290000e1b900092
:104450009e1b90000800be000a01be008a020700f1
:10446000e40507000002be000203be002417980006
:10447000351798004617980057179800ff01070056
:1044800080027800550798006e129000fe1290008e
:104490000e1b90009e1b90002e109000be109000ee
:1044a0004e119000de119000260307000002be00ae
:1044b0000203be000800be000a01be002102070080
:1044c0000004be000205be006022b8000600200005
:1044d00007fb23006e109000fe1090000e19900054
:1044e0009e199000170307000002be000203be00e1
:1044f0006417980075179800061f9800171f9800fa
:104500000c06e800ce0290000500e00007003d0028
:104510006022b8006033b8000800be000a01be0087
:10452000ad0107000000e000040032003e039000ef
:10453000860f5600c3ff3500010037003c07980086
:104540006022b80006002000070224006e109000d0
:10455000fe1090000e1990009e199000f9020700bd
:104560000002be000203be00641798007517980091
:10457000061f9800171f98000800be000a01be0021
:10458000950107000000e0000d0035006e1290005c
:10459000fe1290000e1b90009e1b90000800be00b3
:1045a0000a01be008c0107000000e00011003a0083
:1045b000de0290000508a300080032000d0037005d
:1045c0006044b8006055b8006817980079179800e3
:1045d0000a1f98001b1f9800060037006000b800f3
:1045e0006011b8006017980071179800021f9800ba
:1045f000131f98006e129000fe1290000e1b900088
:104600009e1b90002e189000be1890004e1990002e
:10461000de199000d10107000002be000203be00b7
:104620006417980075179800061f9800171f9800c8
:1046300079fe07000203be000002be00f0ff2f005b
:10464000f1ff2f00f2ff2f00f3ff270000046200ac
:10465000818462000205630083856300281f98003f
:10466000391f98004a1f98005b1f98006000b8002f
:104670000200200003ff27000040e10001c8e10024
:1046800002d0e10003d8e100bbfe3200be0c900076
:104690008984e900291f98005e0e90008006eb00d7
:1046a0005d0798002d1798006f0037006e0290008c
:1046b000fe0290000e0b90009e0b90006e1090007a
:1046c000fe1090000e1990009e199000ee01070058
:1046d000480507000004be000205be006701070090
:1046e000800078000100e00006003a002e109000e3
:1046f0000000e000030032008d06e8003d0f980046
:10470000330037005e0190000200e0000c003a0028
:10471000ae1190000300e00009003200e0c2b300d7
:104720006e1a900000727e000c06e800ae1a90002f
:104730008502e900251f9800160020005607980002
:10474000ee1b90000c8143000d00780007027800fa
:104750000300370003c3b300035978000000e900e9
:104760000000e000fbff3a00300f9800641f980043
:104770000d064600e98f500003003c0000032000b6
:1047800001004000020037007005200001004000d9
:10479000ae009000f98f500006003e0080007800c7
:1047a0000150a0001106b100f98f500001003e0039
:1047b00072f507006e19900000717e000c06e8008b
:1047c0008d86ea00ae1990008d814100231f98006c
:1047d0006e029000fe0290000e0b90009e0b900067
:1047e0000800be000a01be00560207000002be001b
:1047f0000203be006e109000fe1090000e19900093
:104800009e1990004f0107000002be000203be0087
:104810006417980075179800061f9800171f9800d6
:104820006022b8000600200007fb23006e00900005
:10483000fe0090000e0990009e09900041020700c2
:104840000004be000205be006807980079079800c2
:104850000a0f98001b0f9800ae1490008904e9001d
:1048600029179800be0e90002e1590000a00ea004d
:10487000be0590008b0f500004003d009e007800a4
:1048800065805000800f560088ff39005e0190005f
:104890000200e0001e003a000d00e0007d00340040
:1048a000ce0190000300e0007a0034004e0a900030
:1048b0000408a30077003a00ee1a90008c804200b2
:1048c000e0c2b300804878000d00780085017800d0
:1048d00002c3b300826878000000e900fcff3a00e0
:1048e000631f98000c8646000c06e8002e1b900003
:1048f0000600e9000d005000201f9800040037005a
:10490000e0c2b300ee1b900080737e000c06e8004e
:104910006e1c90000c0044000048eb009e047800e0
:104920008900e9000041eb0002f478008001eb000f
:104930006e0d90000a00e00003003d000a05ea0049
:104940006a0f980013002000120020006e0a9000e9
:10495000810378002e1b90006e1c9000800678006a
:104960000900370081037800a5002000110009002c
:104970000502d8000002be000543b00005f47b002c
:104980000201e9000603e9008700e9000400e000f5
:10499000f4ff3a00e10f5100f2ff3200261f9800a9
:1049a000681f98000d00780001024400b2c2b300f5
:1049b0000300e00001003200d2c2b300024a7800d6
:1049c0000101e900ee1990008280410003c7b300a5
:1049d0002e029000f90f520001003e0003c5b30003
:1049e00083487800820f560001003d0032fd070029
:1049f000ce0a900063806200e20f500018003a0077
:104a00002e1b90000684e9004240a90014003400e7
:104a10006e1890002ffd0700800044008100e80020
:104a2000ee1b900081804300870178000200370070
:104a3000e36078000000e900de0c9000890f500070
:104a4000fbff3d00631f98000980410008017800ca
:104a500001032000b4fc07000005eb002a0f9800ba
:104a60006e1890001bfd07004e0a9000ae099000e2
:104a700000017800ee1890001e0090007afa0700fe
:104a80004f06be004f05be004f04be000080fa0076
:104a900000000600ce0d90000b48a30098ff3a00de
:104aa0009bff370000000600b0f40700fdff070081
:104ab000fcff3700f28747008e1f78000202780063
:104ac000030178000000e0000200320000077800d7
:104ad00001003700728757008002eb000100e00000
:104ae000010032008102e9007080570006000900d1
:104af0000018eb000080eb0080bf9f002310200017
:104b000093bf9f00aebf9f00b1bf9f00c5bf9f0076
:104b10000100e00003003d00b10420009166880020
:104b200006003700004feb00eebf9f00debf9f0086
:104b300084007800708057005ef907004f07780006
:104b40002f01b1000000060001017800800178000b
:104b5000008268000408a30005003200130037003b
:104b600032407800805978000004e00014003200e0
:104b7000030278000208a300f9ff3a00030078005e
:104b8000010037000318780082007800b201780035
:104b9000f5ef2f00838242000382ea000482620064
:104ba0000508280005026200f6ff320000027800c6
:104bb00031417800025878000204e000fbff3a001f
:104bc000040078000000060000c0da0000000600c3
:104bd00000c0da00000006008f1fd1007c03070030
:104be0008f87e9000000e00000000600809feb00d6
:104bf000770307008f87e9000000e000000006004f
:104c0000810378008bee07000001be006000b80051
:104c10000478a30013003a006220e10015003e0072
:104c20000d0039008301d1000281d3008180d300bf
:104c30008301d1000281d3008180d3008301d100a0
:104c40000281d3008180d3000538b000c42add0082
:104c5000f300b2008381720007f0a70003f0a00008
:104c60000000060083ff2700020020006110b90049
:104c7000f9ff370003ff2700f7ff37001400fa00a1
:104c8000889fbe008a9fbe008c9fbe000004be00ad
:104c90000205be00680047000a90be000890be00f2
:104ca000860307000070a7000bf0a100304320002e
:104cb0009e02900080825200b0fe2f000028e1008a
:104cc00011003d00b0fc2f000028e1001500340069
:104cd0001e0990008e0890007e0090000501b00033
:104ce0000201d1008180d3000080d3008502e8005a
:104cf000fbff3a000b00e000ab033b00600010003c
:104d0000e0801800a8033700f0ff2f00f1ff270014
:104d10000b00e000a4033b0001002800000020007d
:104d2000a10337006000b8009f033700020ab900f2
:104d3000001bb9000200b80081004200810043005e
:104d4000000006008c9fbe008a9fbe00889fbe00a8
:104d5000ca0107000bf0a200040037008c9fbe00c0
:104d60008a9fbe00889fbe00c40107000c48e10076
:104d70000b003a000c40e100020032008b010700fa
:104d8000400037008b066d003e0032000af0a100a3
:104d9000f3012000f2ff2f006110b9003900370045
:104da0000c40e100370032000940e100010036000c
:104db0007e0107008a856d00cf5dde000b05750062
:104dc0000006eb008804fd00890454000100320055
:104dd0007d0107000a04e00011003a000800e0002d
:104de0002800320004004000858048000601490088
:104df000878149000358a300180032008301d100c5
:104e00000281d3008180d3000080d3000c86d300c0
:104e100001003900610676000804e8001800370038
:104e20000400500085805800060159008781590010
:104e3000060031000af0a2000c06ea00600018002b
:104e4000e080180060011900e081190003003a00b9
:104e50000004eb000005eb000a0037000348a30044
:104e600007003a000c064600000048008180480018
:104e700002014900838149000804e900f7ff370077
:104e8000af013700c90137008c9fbe008a9fbe006a
:104e9000889fbe00790107000b056d000940e10005
:104ea0000a003a000800e000020032000c40e10075
:104eb00006003a000af0a1000c047800f30120007b
:104ec000f2ff2f006110b9009d0037000c40e10097
:104ed0009b0032000800e000990032000c48e1001d
:104ee00002003a000004eb00030037000900e00074
:104ef00004003a000c0478006000b8006011b800ab
:104f00008f0037000348a30006003a00000040006d
:104f10008180480002014900838149000804e900ba
:104f2000f8ff37000748a30006003a0004024200d9
:104f300085824a0006034b0087834b008904e90001
:104f4000f8ff3700fd3f20008d8454000904540011
:104f50008a1f7800881f7800000478008104780098
:104f600002057800830578006000b8006011b80081
:104f70000d042000050037000804440089844c001b
:104f80000a054d008b854d000800310004045400d3
:104f900085845c0006055d0087855d008381d20005
:104fa0008d06d300f4ff3b000700370004044400e3
:104fb00085844c0006054d0087854d008381d20015
:104fc0008d06d300ecff3b000804440089844c00ac
:104fd0000a054d008b854d00080031000404540083
:104fe00085845c0006055d0087855d000281d20036
:104ff0008d06d300f4ff3b00070037000404440093
:1050000085844c0006054d0087854d000281d20045
:105010008d06d300ecff3b000804440089844c005b
:105020000a054d008b854d00080031000404540032
:1050300085845c0006055d0087855d008180d20067
:105040008d06d300f4ff3b00070037000404440042
:1050500085844c0006054d0087854d008180d20077
:105060008d06d300ecff3b000804440089844c000b
:105070000a054d008b854d000800310004045400e2
:1050800085845c0006055d0087855d000080d20098
:105090008d06d300f4ff3b000700370004044400f2
:1050a00085844c0006054d0087854d000080d200a8
:1050b0008d06d300ecff3b000b00e00004003d0038
:1050c0000404440085844c0006054d0087854d008e
:1050d0000006eb008301d1000281d3008180d30060
:1050e0000080d3000c86d3008301d1000281d3005d
:1050f0008180d3000080d3000c86d3008904740023
:105100008b0575008b847400010032006106760007
:105110004f0478004f0578000348a30007003a00c9
:105120000c0646000000480081804800020149004a
:10513000838149000804e900f7ff370000013700c8
:105140001a0137008c9fbe008a9fbe00889fbe0058
:10515000ca0007000b056d008a0578000c40e100cd
:1051600008003a000900e00082003a000af0a100bd
:105170000c047800f3012000f2ff2f006110b90049
:105180007c0037000c48e10004003a00870007006b
:105190000900e00077003a00f4ff37000800e00063
:1051a000740032000900e00002003a007f000700ae
:1051b00070003700ed3f20008d8454000904440046
:1051c0008a1f7800881f7800871f7800861f780064
:1051d000851f7800841f7800cb19dd00c515de001f
:1051e0008b8571004b11dd00450dde000a05710055
:1051f000cb08dd00c504de00898470004b04dd00af
:105200000440b8000546b8008c80400060814e0024
:10521000044eb8008c8040000d0149008001eb0075
:105220000318ad000456b8000c0141008d814900ff
:105230000002eb000420ad000646b8000c0141005e
:105240008d81490060024a00054eb8000c01410002
:105250008d81490060024a000556b8008c814100ea
:105260000d024a008002eb000528ad000746b80099
:105270008c8141000d024a00e0824a00064eb800cf
:105280008c8141000d024a00e0824a004f067800fe
:105290000c5eb8008c8141000d024a00e0824a0099
:1052a0000656b8000c0242008d824a000003eb0053
:1052b0000630ad00074eb8000c0242008d824a0055
:1052c00060034b004f0678000c5eb8000c024200f1
:1052d0008d824a0060034b000756b8008c82420062
:1052e0000d034b008003eb000738ad004f0678003c
:1052f0000c5eb8008c8242000d034b00e0834b0033
:105300004f0678000c5eb8000c0343008d834b0001
:105310004f0478004f0578000748a3000a003a00c0
:10532000000040008180480002014900838149005b
:1053300004024a0085824a0006034b0087834b0023
:105340000804e900f4ff370003067800808070004d
:1053500082807000010032006106760087017800cb
:105360000601780085007800040078008804780041
:10537000780037008d0037008c06460002003a00a6
:105380000000a6000000060060004800e080480021
:1053900060014900e08149000350a60000000600ba
:1053a0008301d1000804e800000006000002fd00af
:1053b0008102fd000203fd008303fd008804fd005f
:1053c0008a05fd00000006007048e1001a0039005f
:1053d0007d0320000d48e1000a00390081057000be
:1053e000830671008c8575008d8575000006eb00c5
:1053f0000cd8e700610676006000b8006011b800c4
:10540000000006007048e1000b0039008c057800b0
:10541000000678000100780082007800030178001f
:105420008001eb0003d8e70061067600f0845400a9
:10543000f4ff3a00000006006160e1000c48ad0096
:10544000f08514008b06dd000966de000d0676008f
:105450008b0edd000900de000d0070008b16dd00f4
:105460008908de008d8070008b1edd000911de00d2
:105470000d0171008919de00000006000d002800f2
:10548000fc7f20000d856100441cde00ef8161007f
:105490000c046400010032000340a0008d8563000d
:1054a000c43cde00ef8363008c84640001003200a2
:1054b0000740a0000c40e10006003a00ef866100c2
:1054c0008286760081867600808676000100320032
:1054d000180037000c48e10007003a00ef8663002f
:1054e0008686760085867600848676000200320005
:1054f000aeff07000f0037000348a30005003a0085
:105500008106700082867600838676000100320074
:105510000804e8000748a30005003a008506720069
:105520008686760087867600010032008904e800ce
:1055300000000600cf047800cf0578001b0037007c
:10554000000278008102780002037800830378006b
:10555000880478000cf0a70087ff0700fd7f20007b
:105560000d40e100040035000d0478006000b80033
:105570006011b8000d0037000800e0000b003c008f
:105580000400780085007800060178008701780023
:10559000e18414008cff07000cf0a70076ff0700e1
:1055a0000004eb000340a7000804e8004444dd00c9
:1055b0006fc56100880175004f04be004f05be0035
:1055c0004f06be0000000600889fbe008a9fbe00f6
:1055d00030044200b0844a0030054b0090854b00f7
:1055e0006000b1000898be000a90be000440e100cf
:1055f00005c8e10006d0e10007d8e1000200310053
:10560000680040001008e8004f05be004f04be00cf
:1056100000000600889fbe008a9fbe003004be00c6
:105620002005be000418540005985c0006185d00b3
:1056300007985d00110020000440e10005c8e1006a
:1056400006d0e10007d8e100010039008000eb003e
:10565000108810004f05be004f04be000000060079
:105660001200fa00889fbe008a9fbe008c9fbe0079
:10567000e0b79f00f1b79f0082bf9f0093bf9f00dc
:105680000605be000404be000000eb00d0b79f007a
:10569000c0b79f00b0b79f00a0b79f0090b79f0012
:1056a000000678005fb19700cfb0970082014100fb
:1056b0003fb097000200e00004003d003700070003
:1056c0007e805700c0ff070003003700330007004b
:1056d0007e805700cfff0700dfb697000d00e00087
:1056e0000c0035006fb29700ffb297000fbb970018
:1056f0009fbb970010002000010020006011b8003f
:1057000000027200818272000203730083837300bf
:105710001b0007000c06e80001042000810f560062
:10572000e0ff3a000d00e00004003d000802be006a
:105730000a03be007e805700a3ff07005fa8970002
:105740000000e00005003a001fb29700afb29700da
:105750003fb39700cfb39700090007006fb09700e1
:10576000ffb097000fb997009fb997004f06be0092
:105770004f05be004f04be000080fa000000060086
:105780000100070000000600a4b79f00b5b79f0006
:10579000c6b79f00d7b79f00000006004f09de0084
:1057a00082817100b3b79f004f01de00818040000d
:1057b00082807000a1b79f008fb097004f09de0074
:1057c000000040000200700090b79f007fa8970083
:1057d0004f01de00818040008280700081b79f0011
:1057e0000d0007004f3ade0000004000040070008a
:1057f000f0af9f00080007000402420085824a00c3
:1058000006034b0087834b00dfff07000802be0042
:105810000a03be00000006002fb29700bfb2970037
:105820004fb39700dfb3970000000600881f780091
:1058300018002000881f780089ff07008f87e90083
:105840004f04780000000600801feb0084ff070073
:105850008f87e90000000600889fbe008a9fbe0077
:10586000e00f5000e08f5800e00f5900e08f590022
:105870000c003d006044b8006055b80000005400c2
:1058800081805c0002015d0083815d0018002000c2
:105890001500070008003d00180007000004eb0099
:1058a000050037000004eb000f00070002003d0078
:1058b0001200070018002000dcff07000800e000cd
:1058c000060032006022b8006033b80000005200c9
:1058d00081805a0002015b0083815b004f05be009e
:1058e0004f04be0000000600e00f5200e08f5a0097
:1058f000e00f5b00e08f5b00000006006044b80032
:105900006055b8000402540085825c0006035d0007
:1059100087835d0000000600889fbe008a9fbe004e
:105920008c1f7800e00f5000e08f5800e00f590006
:10593000e08f59000d003d006044b8006055b8008c
:105940000000540081805c0002015d0083815d00e5
:105950001c0020000820e10009a8e1000ab0e100d5
:105960000bb8e1000d003d00080037000006eb0019
:10597000e00f5200e08f5a00e00f5b00e08f5b0009
:1059800006003d006044b8006055b80004025400b1
:1059900085825c0006035d0087835d00aaff070027
:1059a0000c00e000060032006022b8006033b8004e
:1059b0000000520081805a0002015b0083815b007d
:1059c0004f0678004f05be004f04be0000000600e1
:1059d000889fbe008a9fbe008c9fbe000404be004c
:1059e0000605be00809fbe00829fbe00210007000a
:1059f000040678000800be000a01be001d00070072
:105a0000840678004f03be004f02be008d4f760023
:105a10007fb0970013003300f0ff2f008b8f6b00d7
:105a200006003b000d0666000c00a7000a003700c8
:105a300007f0a600100020000a003700880f52006f
:105a4000898f5a008a0f5b008b8f5b00030039003f
:105a50001000200001003e000000200007f0a70019
:105a60000000ea004f06be004f05be004f04be0016
:105a70000000060005ff27000582610007003200d4
:105a80000428e100010032002400050006000700a0
:105a900001003a0044000500040805000200070068
:105aa000f9ff3a00140005006f8261008102700066
:105ab00085027100850272000000060080007800f7
:105ac0005002be005003be004439de00f700b200b1
:105ad000f37f200003016100090032000218e10099
:105ae00016003a0085017200830173008381730000
:105af0000008200015003a00400020001300370085
:105b000085017200830173008381730005003a00f0
:105b100004a8be0006a8be00100020000b0037003d
:105b20000201e9000402420085824a0006034b009c
:105b300087834b000748a300f9ff32000740a0000d
:105b400004a8be0006a8be00200020008000980027
:105b50009200980000000600680447000294be000e
:105b60000094be00fc0447008694be008494be00ee
:105b700009007800d1ff070008007800cfff070078
:105b800099007800814f70000b003b000800be00b8
:105b90000a0007004f00b10003003700f3ff2700a1
:105ba000f2ff2f006110b9004f06be004f05be0086
:105bb0004f04be000080fa0000000600e4824000ae
:105bc0001078a30007003200640240001178a3009f
:105bd0003400be001401be00040032000330a700f0
:105be000000006003500be001501be000330a00015
:105bf000000006001800fa00889fbe008a9fbe00c1
:105c00008c1f78000004be000205be000802be0022
:105c10000a03be00443ade00f07f20000006620066
:105c200020432000800f560067003c006022b8002f
:105c30006033b8000800be00e7fb07000000e0008a
:105c4000610032000802be000a03be00b4b79f0024
:105c5000c5b79f00d6b79f00e7b79f00e00f52007f
:105c6000e08f5a00e00f5b00e08f5b000b003d000f
:105c70006022b80006002000073324000800be00a0
:105c80000a01be002ffc07006022b80006002000b9
:105c90000733240031fc07000a0037006022b800f7
:105ca00006002000073324000800be000a01be00e1
:105cb0002afc07006022b8000600200007332400f9
:105cc00020fc07000802be000a03be001dfc0700fe
:105cd0000002be000203be00f4b79f0085bf9f0014
:105ce00096bf9f00a7bf9f00e03f2000800f560097
:105cf00017003c007fb097008fb897001fb997003e
:105d0000afb99700f0af9f0081b79f0092b79f0097
:105d1000a3b79f006044b8006055b8003fb2970039
:105d2000cfb297005fb39700efb39700e00f520038
:105d3000e08f5a00e00f5b00e08f5b0022003d0027
:105d40006044b8000a0020000bff2b001e00370043
:105d50006022b8006033b8007fb097008fb897001a
:105d60001fb99700afb99700a0fb07000000e00043
:105d70000c0034007fb297008fba97001fbb9700ca
:105d8000afbb97000800be000a01be00f3fb07008e
:105d90006022b8000600200007ff2300e9fb07008f
:105da000070037007fb297008fba97001fbb97009c
:105db000afbb97000800be000a01be00e7fb07006a
:105dc0000004be000205be000800be000a01be00bd
:105dd0004f0678004f05be004f04be000080fa0059
:105de000000006000000fa00aa22ef00f01f2800c1
:105df00040158800c00020003015880000082000f1
:105e000020158800a222ef0000002800001588005d
:105e1000a022a8001000200050478800a000200009
:105e2000ce1e07000080fa00000006000200fa0003
:105e3000000f78009e0078006f80600030158800a9
:105e4000a022a80092000900000000000080fa00d3
:105e5000000006000400fa0010079800401f200010
:105e6000000f7800a002a900a022a90000000000f5
:105e700000158000610060000000e00004003a00ae
:105e80001e0fe9001e0078000000e000f8ff3a0055
:105e90001e0078000000e000070032001e009000a5
:105ea00069005000011480000001400060cc200017
:105eb00000004100010878000080fa0000000600a0
:105ec0000000fa00504780000000e0001d00320092
:105ed000c0002000dfff0700d0002000d3ff070034
:105ee000d0002000dbff07006047800081cf2f003b
:105ef000000040000080400010007800cbff070049
:105f00006047800081cf2f000000400000804000eb
:105f100010007800cfff0700604780000000e80015
:105f20006047880060478000e30f500001003400a4
:105f3000ec28ef00c000200030158800a022a80047
:105f400001003700000000000080fa000000060099
:105f50000200fa00000f78001e007800e80f5000e1
:105f6000030036001e007800ee0f500002003600dd
:105f70000000eb00060037009e00780069805000aa
:105f80008000400060cc20000080400010007800bd
:105f90000080fa00000006003200f800900188003e
:105fa0006118e100040032007018e10002003200c4
:105fb000f0ff2f00030037003119ba008301e90018
:105fc000fdff3a003200f90000000600849fbe0089
:105fd0004220a900440424006110e1000a003200bc
:105fe000540424007010e10007003200640424000f
:105ff000f5ff2f000510e10003003200f0ff2f0035
:106000004f02be00000006003200f800203b88006e
:10601000113b8800043b88000500fc00500520006f
:10602000303b8800a00a2000303b880061e7a800d0
:10603000000000000000000061e7af00feff370035
:106040000000eb003200f9004f02be000000060025
:10605000841f78004220a900440024006118e10058
:1060600006003200540024007018e10003003200e2
:106070004f027800f0ff2f00000006003200f80009
:1060800091018800821f78003019bb008301e9006c
:10609000fdff3a00213b88004f017800123b880049
:1060a000043b88000500fc0050052000303b8800c0
:1060b000a00a2000303b880061e7a8000000000033
:1060c0000000000061e7af00feff37000000eb00ba
:1060d0003200f9004f027800000006000400fa00c8
:1060e000004f7800110798009e40780061cf600053
:1060f0001e0090000000d100004078001e4f680094
:106100001e0090004300de00004078001e4f680033
:106110001e0090004500de00004078001e4f680021
:106120001e0090004e00de00004078001e4f680008
:106130001e00900000004000100798001e80fb0029
:10614000e10060001e009000008040000080fa0026
:10615000000006000600fa0020479800210798007a
:1061600070002000000f7800ae0090002e409000dc
:10617000daff0700200798002e4090008080fb0087
:106180001e0078000088de0000407800ae0090001d
:10619000d2ff0700200798001e0fe9001e007800bc
:1061a0000000e000f4ff3a002e0090000080fa00aa
:1061b000000006000400fa00000f780011079800a4
:1061c0001e007800004078009e009000e1ff07006c
:1061d000100798001e0078004800de00004078009c
:1061e0009e009000dbff07000080fa000000060020
:1061f0000200fa000000eb00000f78001e0078009b
:1062000080004000e0b22000008040008000eb00f1
:10621000010878001e0fe8001e007800ea0f500009
:10622000f6ff340090002000205a8800007d2000f6
:10623000505a8800c0122000605a88000000eb000d
:10624000705a880030002000805a880030002000fa
:10625000305a880020002000405a8800c0122000d8
:10626000905a880010002000a05a88000000eb001f
:10627000b05a880060042000c05a880080022000c4
:10628000d05a88000000eb00e05a88000000eb00c4
:10629000f05a88000000eb00005b88000000eb0073
:1062a000105b88000000eb00205b88000000eb0022
:1062b000305b8800809d2000505b880020482100d2
:1062c000605b880060422000705b88002003200033
:1062d000805b880020b7200011c0b300014878001f
:1062e00030b7200011c0b30001487800f00320004f
:1062f000a05b8800a0ac2000b05b88000083200079
:10630000c05b880060852000d05b880040062000cc
:10631000e05b880010232400f1002000f05b88007f
:10632000015c880080072000105c88005a0007008c
:106330001300200002852000010f2f00f00720002d
:1063400015ff0700804280000000e80080428800be
:1063500012002000010f2f00f00720001bff070094
:1063600013002000020f2f00f107200000852000fd
:1063700037ff07000080fa00000006000400fa0062
:10638000315a8000110798001e009000e60f50005f
:10639000070032001e009000e70f500002003a0094
:1063a00020002000010037000000eb000100370052
:1063b00010002000605c88001e009000e60f500076
:1063c00002003a0030002000305a88001e00900081
:1063d000e70f500002003a0010002000305a8800f9
:1063e0000000eb00405b88000000eb00000f78002d
:1063f000210037001e007800fc0f500008003e000e
:10640000415b80001e00780000014000e0b22000e7
:10641000000041001000780066ff0700405b880024
:106420009e007800008027000080400000004000af
:106430001200200080007800f0072000e3fe070033
:106440009e0078000080270000804000000040008f
:1064500080007800e2b220001e00780000004000ba
:10646000000041001300200001017800f107200026
:10647000f7fe07001e0fe8001e007800fd0f500019
:10648000dcff36009e009000315a8800150007009e
:106490000080fa00000006000200fa000000eb0095
:1064a000000f78001e0078008000400060b82000d7
:1064b000008040008000eb00010878001e0fe8001b
:1064c0001e007800e70f5000f6ff360030a42400cd
:1064d000305c880010002000405c88000080fa00da
:1064e000000006000200fa000000eb00a05c88003b
:1064f0000000eb00000f7800210037001e0078003c
:10650000e60f500008003e00a15c80001e007800ed
:106510000001400060b82000000041001000780039
:1065200024ff0700a05c88009e00780000882700f8
:106530000080400000004000120020008000780031
:10654000f0072000a1fe07009e00780000882700c9
:1065500000804000000040008000780062b8200009
:106560001e007800000040000000410013002000e1
:1065700001017800f1072000b5fe07001e0fe800ba
:106580001e007800e70f5000dcff36000080fa00a4
:10659000000006000400fa000000eb00100798005d
:1065a0000000eb00000f78001900370061b82000f0
:1065b0001e00780000004000808040001e0178002e
:1065c0000088270000004100000040001300200068
:1065d0000101780080007800f00720006efe0700bf
:1065e0001e007800e60f500008003e001e007800f4
:1065f0008000400060b8200000804000100078005b
:106600009e009000ebfe0700100798001e0fe800a8
:106610001e007800e70f5000e4ff3600a15c800008
:106620001e009000808f500019003a00315c8000fd
:1066300030a42400808f500015003a00405c800098
:10664000e10f500012003a00505c80000000e000b2
:106650000f003500505c8000e10f50000c003c0042
:10666000605c80000000e00009003500605c800094
:10667000e20f500006003c00705c80000000e0006b
:1066800003003500705c8000e10f5000030034000f
:1066900081ff070010002000010037000000eb0020
:1066a0000080fa00000006000000fa00305a800066
:1066b000e30f500005003a00605c8000e10f5000dd
:1066c00002003a0060002000305a8800305a8000f2
:1066d000e10f500005003a00605c8000e20f5000be
:1066e00002003a0070002000305a88000080fa0052
:1066f000000006000400fa000000eb0010079800fc
:106700000000eb00000f780019003700e1b2200014
:106710001e00780000004000808040001e017800cc
:10672000008027000000410000004000130020000e
:106730000101780080007800f007200016fe0700b5
:106740001e007800fc0f500008003e001e0078007c
:1067500080004000e0b2200000804000100078007f
:106760009e00900093fe0700100798001e0fe8009f
:106770001e007800fd0f5000e4ff360013002000db
:1067800002852000010f2f00f007200002fe070005
:10679000415b80001e0090000080680000f0a700b0
:1067a0000000ea000000ea004f00de000080fa006e
:1067b000000006000200fa000000eb00205c8800e8
:1067c0000000eb00000f7800210037001e00780069
:1067d000ec0f500008003e00215c80001e00780095
:1067e00000014000a0b62000000041001000780029
:1067f00070fe0700205c88009e0078000082270061
:10680000008040000000400012002000800078005e
:10681000f0072000edfd07009e00780000822700b1
:10682000008040000000400080007800a2b62000f8
:106830001e0078000000400000004100130020000e
:1068400001017800f107200001fe07001e0fe8009b
:106850001e007800ed0f5000dcff360021ff07001e
:106860000080fa00000006000400fa000000eb00bf
:10687000100798000000eb00000f780019003700a7
:10688000a1b620001e00780000004000808040007b
:106890001e01780000822700000041000000400037
:1068a000130020000101780080007800f00720002c
:1068b000b9fd07001e007800ec0f500008003e00f4
:1068c0001e00780080004000a0b62000008040003c
:1068d000100078009e00900036fe07001007980018
:1068e0001e0fe8001e007800ed0f5000e4ff360098
:1068f000215c80001e0090000080680000f0a7006e
:106900000000ea000000ea004f00de000080fa000c
:10691000000006000000fa0000000000a016800041
:10692000610060000000e000fcff3a00701680008b
:10693000620060000000e000f8ff32000080fa0012
:10694000000006000000fa0000000000a016800011
:10695000610060000000e000fcff3a00800c2000b5
:10696000fe1b07000080fa00000006000400fa0089
:10697000100798001e009000104078000000fb00f7
:10698000000f78001e0090000000e800100798003b
:10699000060037001e009000104078009e00900016
:1069a0008100e80011079800491c07001e007800cc
:1069b00000f0a7000000ea000000ea004f00de003f
:1069c000004078001e0fe9000004e000f1ff3a00eb
:1069d0000080fa00000006000000fa007440800009
:1069e0000267200003002000f002120004003b00b8
:1069f0008502ea000598de00cf98de00040037002b
:106a0000851add000410de00008072008498de002c
:106a10000000780061006000004078000004e000a1
:106a2000020032004006200001003700a0282000ac
:106a3000d04688000080fa00000006000200fa003c
:106a4000000f78001e0078000000e0000500320012
:106a5000805b800080007800a07f2100991b0700e8
:106a600008003700805b80006a00b90000007800f1
:106a700080007800c0f62000921b0700401f200015
:106a8000b61b07000080fa00000006000800fa00ac
:106a90002007980031079800ae0090003e0090005b
:106aa00000017800110009008200d800000f780072
:106ab000ae0090003e009000000178001100090037
:106ac0008200d8008000fd00100798003e00900072
:106ad0008080d1001e009000808f500001003c009b
:106ae0001e0fe8001e0078000080fa00000006007b
:106af0000000fa000428ef00f04180000000e000f0
:106b00003d003200f0418000620060000000e000c3
:106b100009003200f1418000d003200000806000b5
:106b2000f0418800caa2a900400120008b1b070089
:106b3000caa2a80031003700f04180006100600067
:106b4000004078000004e00005003200f1418000c0
:106b5000e003200000806000f0418800270037003b
:106b6000f0418000640060000000e0000500320099
:106b7000f1418000b003200000806000f0418800f7
:106b80001e003700f0418000680060000000e00057
:106b900005003200f1418000700320000080600099
:106ba000f041880015003700f0418000700060005f
:106bb0000000e000060032002628ef00f1418000ce
:106bc000f002200000806000f04188000b003700d8
:106bd000f141800000022000008060000000e00021
:106be00006003200f04180007f006000f041880024
:106bf0000000000001003700000000000080fa00e3
:106c0000000006000200fa00000f78002047800014
:106c1000e10f50000b003a00405a80000000e000f5
:106c200008003a001e007800800040000099200013
:106c300000804000100078004cff0700e428ef00bf
:106c4000000000000080fa00000006000400fa00c6
:106c5000100798000000eb00000f78001e0078007d
:106c600080004000e07a2f00008040009000780013
:106c70001e009000808f500005003e001e0fe800af
:106c80001e007800e90f5000f4ff340001003700c7
:106c9000000000001e0078000080fa0000000600de
:106ca0000600fa00200798002e009000e0eb070095
:106cb000401fb0000180b000823e20000300200091
:106cc00025e60700008fbe000053270001002000ca
:106cd0001e01be00800f5100818f59000300340057
:106ce0002053270001002000008fbe001e00780006
:106cf000d6ff07000080fa00000006000200fa003c
:106d000010002000bfff07007d1b07000004e0000b
:106d1000340032008c1b0700004f78008047800051
:106d20000000e00004003a0060c4b3009e40780018
:106d300080cf50002a003a00c0468000b04388004f
:106d400080478000e10f500007003a0010c4b300f4
:106d50009e40780080cf5000030032007628ef007c
:106d60000a1007001f003700804780001e4178008e
:106d700081c82000827078000000e8008047880009
:106d800080478000ee0f500003003c00b0438000bd
:106d90000000e00002003a00fc0f0700110037007d
:106da000b0c3b3009e40780080cf50000d003a0081
:106db000405a80000000e000020032001000200075
:106dc0007047880080c820000080e800b4ff0700fa
:106dd000205a88007628ef00ec0f070001003700ea
:106de000000000000080fa00000006003200fa00f7
:106df000889fbe006a0f470080c8200064004000e2
:106e0000200798000040eb00204f98002059800098
:106e10008000eb0005e607000004be00605b800018
:106e2000cf80de00fee507000001be000800be00c6
:106e3000f2e70700024022004397240010e7070012
:106e4000300798004107980080c8200090407800e3
:106e500060c4b30080cf500005003a0090c8200005
:106e60009040780010c4b30080cf50000a00320078
:106e700080c820009040780090c4b30080cf5000bc
:106e800010003a0090c820009040780060c4b30021
:106e900080cf50000b003a0080478000ec0f50007c
:106ea0001a01340050c920008040eb0001487800ee
:106eb00080c820000080e80079ff0700205a880081
:106ec0001701370080c820009040780080c4b300cc
:106ed00080cf50000f013a0090c820009040780009
:106ee00020c5b30080cf50000c013a00a0c820009c
:106ef000104078000080fb00c800dd00b0c8200012
:106f0000104078000080fb000100700041d4240094
:106f1000810f50004d00320041d42400810f5000f9
:106f200011003c00e1242400810f50001f003200ba
:106f3000e1242400810f500004003c00411524008e
:106f4000810f50009c003200da0037002125240018
:106f5000810f5000a100320081b52400810f500044
:106f6000b7003200d3003700d1442500810f500014
:106f7000bc003200d1442500810f500004003c00c9
:106f800081252500810f50004b003200c9003700d9
:106f900001452500810f5000680032004165250041
:106fa000810f500076003200c20037002e009000a2
:106fb000104078000004e0000c003a00205a8000e5
:106fc00080004000607f2f0000804000900078002b
:106fd0006a004700811f7800c1832f00811f78005d
:106fe000bdea0700e4875700b20037002e0090008a
:106ff000104078000000fb000003b100e90f5000d2
:107000009d003e002e009000d9ea0700100798006e
:107010001e0090000000e000090035001e009000f6
:10702000ea0f500006003c001e0090008000400067
:10703000007e2f0000804000100078000100370023
:10704000a0002000205a88009a0037002e009000ef
:10705000104078000004e00008003a00e1418000a0
:107060006a004700811f780031842f00811f78005b
:1070700099ea0700e48757008e0037002e00900041
:10708000104078000000fb000003b100e90f500041
:107090007b003e002e0090009040780010c3b300ab
:1070a00000c068000080fb000000e9004f00de0027
:1070b000e04188007f0037002e00900010407800eb
:1070c0000004e00070003a00a05a8000b17a2f005e
:1070d000614078000003fb0025418000205a8000b9
:1070e00080004000609b200000804000100278007b
:1070f000e041800080004000c09c200000804000f3
:10710000900178006a0147003e009000ce00900098
:10711000809fbe00861f7800851f7800841f78003e
:10712000831f7800a0842f00801f78000200780061
:1071300069ea0700ee8757005e0037002e009000d6
:10714000104078000004e00051003a00a05a80008e
:10715000b17a2f00614078000001fb0021418000de
:107160006a004700821f7800811f7800e1852f00a8
:10717000811f780058ea0700e68757004d00370066
:107180002e009000104078000004e00042003a0019
:107190006a0147003e009000ce009000809fbe0034
:1071a00070862f00801f7800020078004aea0700ee
:1071b000e68757003f0037002e009000104078000f
:1071c0000004e00036003a006a0047006200200038
:1071d00011872f00cdea0700360037002e009000ff
:1071e000104078000004e0002f003a00805a800030
:1071f0000080e900100798001e0090000000e000e9
:1072000002003d000000eb00100798001e009000f7
:10721000e30f5000020034003000200010079800f7
:107220006a0047009e009000811f780071872f0040
:10723000811f780028ea0700e48757001d00370007
:107240002e009000104078000004e00018003a0082
:107250006a00470062002000e1872f00abea0700c8
:10726000140037006a0047005200200041882f00b8
:10727000a6ea07000f003700000000000d003700ed
:10728000000000000b00370000000000090037007c
:107290000000000007003700000000000500370074
:1072a000000000000300370000000000010037006c
:1072b000000000001e007800104078000004e0008c
:1072c00006003a00160037001e00780010407800d3
:1072d0001e0fe800fe190700010037000000000043
:1072e0001e007800104078000004e000f6ff3a002d
:1072f000b0c3b300f6190700d0c0b300f4190700fb
:10730000a0c0b300f219070005003700000000001c
:1073100003003700000000000100370000000000fb
:107320004f04be000080fa00000006000200fa00d0
:1073300026003700041a07000080fb008fea0700d0
:10734000004f7800804780000000e0000400320019
:10735000b04380000000e00001003a008b0e0700ff
:10736000b0c3b3009e40780080cf500003003a00c5
:107370009efe0700850e070014003700804780003e
:107380000000e00006003a001e4078000054a00013
:107390000000fb001006b100f90f50000b003e008a
:1073a000c0468000b043880080478000ee0f500048
:1073b00006003c00804780001e41780081c8200004
:1073c000827078000000e80080478800cc19070030
:1073d0000004e000d7ff3a000080fa000000060039
:1073e0000400fa00100798001e0090004480de00a0
:1073f000000f78001e0078006a00b90000007800d5
:10740000000f78001e0090006f0060001e0040001a
:107410000080fa00000006000600fa006000b800d4
:10742000008fbe000000eb00200798009e00900037
:10743000400620000088b900000178001e00780096
:107440006000b90000007800000141009e00780053
:10745000400620000008b8000101410082007800c9
:10746000008fbe00008fbe0081c820002e0090005b
:1074700000804000104078000080fb00d8ff07002b
:107480006101b9001e00be00020040008380480078
:10749000008fbe002e0090000000e800200798003a
:1074a0002e009000e30f5000e0ff34002203200084
:1074b000030020001e0f41005e9749001e00be0021
:1074c000420620000300200023e40700008fbe00d6
:1074d00000532700010020001e01be00800f510054
:1074e000818f590003003400205327000100200041
:1074f000008fbe001e007800d4fd07000080fa0057
:10750000000006000000fa00881f78000000eb0071
:10751000bcfd07007a1907000004e00014003200e7
:10752000884780008819070081c8200080707c008f
:107530000800e80080478800800c2000b0438800e5
:1075400080478000e40f500010003400405a800053
:107550000000e000020032001000200070478800a8
:10756000adff0700205a8800080e0700070037000b
:10757000804780000000e00004003200b04380003b
:107580000000e00001003a00000e07004f04780000
:107590000080fa00000006000000fa00889fbe008c
:1075a000104480000000e0001c003a0062418000ae
:1075b00073418000006a280011002000800f5100f4
:1075c000818f59000e0034006041800071418000bd
:1075d00013e407000004be00f05b8000015c800043
:1075e0000fe40700020020000312240024e5070036
:1075f0000001be000800be0021e5070001003700c1
:107600006000b80080438800914388002c28ef0078
:107610002e28ef00400620001044880080438000a0
:10762000914380004f04be000080fa000000060075
:107630000000fa00889fbe004143800000428000a5
:10764000808f5000070032000042800040438800d5
:107650006000b80050438800614388006e28ef0046
:1076600034003700105980008000eb00efe3070082
:107670000004be00505b8000cf80de00e8e307001e
:107680000001be000800be00dce50700c040880025
:10769000d1408800c4408000d54080005043800025
:1076a0006143800018c0b3000001be000400be00aa
:1076b000b8e307000000e00001003c000044eb00dc
:1076c0000804e00007003200c0408000d140800084
:1076d0005043880061438800800c2000704388007c
:1076e0000a003700704380000000e0000400320010
:1076f000704380000000e9007043880003003700f9
:107700006000b80050438800614388005042800008
:107710000000e00003003200c0408000d140800043
:107720000200370050438000614380005200200077
:107730007d0d07004f04be000080fa000000060027
:107740000000fa008c21ef00e842a900e862a900dd
:107750007cfc0700cfa2a900ffff37000400fa005d
:10776000889fbe00c2418000d3418000204380003a
:1077700031438000800f5100818f59000700350090
:10778000c0418000d14180002043880031438800ff
:10779000803e2000f043880007003700f04380005f
:1077a0000000e00004003a006428ef006628ef00c3
:1077b0006000b800008fbe0020438000314380008d
:1077c00097e307000004be00705b8000cf80de00fe
:1077d00093e307000001be000800be0087e5070034
:1077e000008fbe00305b80000000e000150032001a
:1077f00018c0b30062da2d0073c124001e00be0061
:1078000064e307000000e00001003c000044eb00de
:107810000804e0000800320002002500337c240048
:107820001e00be0096e40700c2e7070062002000c9
:107830003d0d070013003700504d8000180d070064
:107840001000370018c0b30062da2d0073c12400a5
:107850001e00be004fe307000000e00001003c00f6
:107860000044eb000804e000040032002200200085
:107870001e00be002c0d070002003700404d8000a6
:10788000070d07004f04be000080fa00000006004c
:107890000000fa00104780000000e00003003a00fa
:1078a00030622f00fe0c070004003700e04080002b
:1078b000f1408000320020001b0d07000080fa001c
:1078c000000006000000fa00889fbe008a9fbe00ec
:1078d000804080009140800082142e00a3f7230096
:1078e00046e507000004be00205980008000eb0040
:1078f0004ee307000005be00605b8000cf80de0025
:1079000047e307000001be000a00be003be5070098
:10791000020020008324240059e407000001be0077
:107920000800be0071e30700804088009140880095
:10793000804080009140800042002000fa0c070047
:107940004f05be004f04be000080fa000000060094
:107950000000fa00881f7800a85a800020418000ab
:10796000cf80de002ee3070008017800ee0c070050
:107970004f0478000080fa00000006000000fa00c2
:1079800005ff0700809fbe0080792f00801f7800d0
:10799000e0b02000ece80700e6875700e0b02000e8
:1079a000bf0c07006dff07000080fa000000060012
:1079b0006000fa00889fbe008a9fbe008c9fbe00b8
:1079c000660f4700c0418000d141800014e30700ea
:1079d0000004be00705b8000cf80de0010e3070073
:1079e0000001be000800be0004e507001007980073
:1079f00021079800f1418000312f980071428000ea
:107a0000412f980021418000512f980018c0b300e9
:107a100062da2d0073c124001e009000ae009000b9
:107a2000dce207000000e00001003c000044eb0045
:107a30000804e0000700320002c22b00e3cb240060
:107a40001e009000ae0090000de407000005be008f
:107a5000010037006055b800105980008000eb002d
:107a6000f2e207000004be00505b8000cf80de0021
:107a7000ebe207000001be000800be00dfe40700e3
:107a80000200250033842400fde307000006be0049
:107a9000205980008000eb00e4e207000004be00f3
:107aa000605b8000cf80de00dde207000001be00e9
:107ab0000800be00d1e407000240220043972400e2
:107ac000efe307000004be0010478000cf80de0017
:107ad000d3e2070002002000832c2400e8e3070023
:107ae0000001be00205a800080004000e0b220006b
:107af00000804000100078000000e800602f98002f
:107b0000275a8000a05a8000b17a2f006140780087
:107b10000003fb00e6c8bf008002fb00f15a8000b2
:107b2000907a2f0060c078000002fb00e1418000e5
:107b3000707a2f0060c078000000fb00e60047006c
:107b4000712f9800be289000811f7800ce289000e9
:107b5000811f7800de289000811f78008a9fbe0078
:107b60008c9fbe00889fbe00829fbe00ee289000c2
:107b7000811f7800871f7800861f7800851f780096
:107b8000841f7800801f780090882f00801f780065
:107b90007e289000d0e707004f02b10004003700b4
:107ba0001e007800104078001e0fe800c81707007c
:107bb0001e007800104078000004e000f8ff3a0052
:107bc0004f06be004f05be004f04be000080fa0005
:107bd000000006000400fa0050408000e10f500051
:107be000c5003200c04380000000e0000c003a00f5
:107bf000405a80000000e000090032006cff0700de
:107c0000415a8000803e20000088b90000007800c2
:107c1000c0438800c04380004006b000e0438800b5
:107c2000b71707000004e000b5003200c6170700d0
:107c3000004f78001e407800ea4f5000b20032003a
:107c400080478000e10f50000f003200e10f50002c
:107c500003003c000000e000060032001e00370078
:107c6000e20f50000e003200e30f5000150032000a
:107c700019003700d0c3b3009e40780080cf500079
:107c800017003200a30037001e00fb001004b100f3
:107c9000f90f5000140036003c0c07009d0037001f
:107ca0001e407800ed4f5000110032001e00fb0016
:107cb0000003b100e90f50000f003600330c07003d
:107cc000940037001e407800ed4f50000c00320049
:107cd0002e0c07008f0037002c0c07008d0037009a
:107ce000000000000700370000000000050037001a
:107cf0000000000003003700000000000100370012
:107d000000000000804780001e41780081c82000ec
:107d1000827078000000e800804788001e407800ec
:107d2000ed4f50007a003a00405a80000000e00019
:107d300006003200415a8000803e20000088b900d1
:107d4000000078004006b0000100370080382100b4
:107d5000e043880090c8200010407800004f780071
:107d6000a0c82000104078000080fb000003b10094
:107d7000100798001e00fb0071042000810f5000c6
:107d80002e00320071042000810f50000a003c00d8
:107d900021042000810f50001b003200310420001c
:107da000810f50002300320011042000810f500089
:107db000120032004e00370001052000810f5000f4
:107dc0002f00320001052000810f500004003c000c
:107dd000f1042000810f50002600320044003700db
:107de00021052000810f50003600320031052000af
:107df000810f5000350032003d0037001000200098
:107e0000f05a88003a0037001e0090000000e000a1
:107e1000300032001e009000e90f50002f003e009d
:107e20000000eb00f05a88001e009000205a8800e5
:107e30002f0037002efb07002d0037001e0090009a
:107e40000000e000270032001e009000e40f500008
:107e500026003e00205a80009e0090008100e9002c
:107e600000014000e0b2200000004100010878005d
:107e70001f00370010002000e04188001c00370080
:107e80001e0090000000e000010032003bf90700f6
:107e90001e0090000000e00002003200404d2f0064
:107ea00001003700308c2f0080007800304c2f000c
:107eb000920b0700c05d2000a816070020fe0700f7
:107ec0000b003700bafe0700090037003c28ef001e
:107ed0000700370000000000050037000000000028
:107ee0000300370000000000010037000000000020
:107ef000a60b070007003700000000000500370050
:107f000000000000030037000000000001003700ff
:107f1000000000000080fa00000006000000fa00e7
:107f2000305a80000000e0001b003200305a800010
:107f3000e10f500016003200305a8000e20f50006e
:107f400011003200305a8000e70f50000c00320060
:107f5000705a8000e10f500007003200705a800014
:107f6000e20f500002003a0080a225000100370015
:107f700080d9260001003700a0de23000100370071
:107f80006099230001003700406e25000100370092
:107f9000e06723000100370020a82300004088008c
:107fa0000080fa00000006000c00fa00889fbe0066
:107fb000200798003107980042079800530798005f
:107fc0002e019000be019000b012200001002000a0
:107fd000800f5100818f590002003c006000b80002
:107fe000270037004e009000de0090008ce1070073
:107ff0000004be002e009000be00900088e1070043
:108000000001be000800be009de20700008fbe0018
:1080100018c0b3000271200013f523001e00be003b
:108020005ce107000000e00001003c000044eb00c0
:108030000804e000030032000071200011f5230065
:10804000008fbe000200200003f823001e00be00c7
:10805000a6e107000004be001e01be0000002000d3
:1080600001f8230098e107000001be000800be00ef
:1080700083e2070002002000832c24005fe3070056
:108080004f04be000080fa00000006000000fa0065
:10809000204080000000e00008003a0000192000a5
:1080a00020408800304080000000a200304088005e
:1080b000e1012000307320000216070030408000ec
:1080c0000000e00026003200f04180006200600005
:1080d0000000e00002003200004f2f0021003700b6
:1080e000f041800061006000004078000004e00082
:1080f00002003200a04e2f001a003700f04180002d
:10810000640060000000e00002003200604f2f00b9
:1081100014003700f0418000680060000000e000bb
:1081200002003200c04f2f000e003700f0418000e7
:10813000700060000000e0000200320020502f00bc
:1081400008003700f141800000022000008060003c
:108150000000e0000200320080502f0001003700d4
:10816000107a2f000080fa00000006000000fa00dc
:10817000105b80000000e0004a0032006040800098
:10818000e10f500012003a00114780003006200035
:10819000808f500002003c000000eb004a003700d6
:1081a000905a8000d2f92f00000141001147800051
:1081b000000320000088b9008000780000d72e005e
:1081c000008040008200780030fa07003e0037004f
:1081d00060408000e20f50000d003a00a040800097
:1081e000b1408000ede007000001780021598000d7
:1081f000c05b800080805000000320000088b90030
:10820000000078008200780020fa07002e00370076
:1082100060408000e30f500008003a00c04080003a
:10822000d140800002a02500337c240014e2070026
:10823000dae007000000780023003700604080008b
:10824000e40f500017003a00a05a80000000e00040
:1082500008003200c25a8000214180000003200043
:108260000088b900000078008200780007fa070053
:1082700015003700c05a800002fe2f0000014100a7
:1082800021418000000320000088b90080007800b0
:1082900000a02f000080400082007800fbf907005a
:1082a0000900370080418000914180000002be003b
:1082b00040418000514180000001be000400be002a
:1082c000f1e00700000078000080fa0000000600de
:1082d0000000fa0021598000b05b8000808f5000c0
:1082e00003003600f04180000030a000f04188001b
:1082f0002159800030418000808f50000300310000
:10830000f04180000040a000f04188002159800029
:10831000c05b8000808f500003003100f04180007e
:108320000050a000f04188003117800000002800b4
:10833000008060000000e00003003200f041800097
:108340000010a000f0418800c15a80002041800048
:10835000808f500003003d00f04180000020a0000d
:10836000f0418800925a80001147800010002000e0
:10837000810f5100010035000000eb00e141800059
:10838000010060000000e00003003200f0418000c6
:108390000000a000f0418800f04480000000e000f0
:1083a00004003200f04180000000a000f04188008d
:1083b0009e28ef00a05b800080007800f0418000e4
:1083c00000806000f0418800f1418000f002200050
:1083d000008060000000e00005003200ca82a900b1
:1083e00020c5b300e6e8b7003c28ef000a28ef00fc
:1083f0000080fa00000006000600fa00100798004e
:108400002107980010002000000f78001e00900047
:10841000800040000096200000804000100078009e
:10842000013f2f00350a07003af90700800c2000b1
:108430004a1507000000000070168000620060000e
:108440000000e00004003200a0168000610060001f
:108450000000e000f8ff320000ccb3007c08070009
:1084600070168000620060000000e00018003a0012
:108470002e009000640060000000e0000100320067
:108480005bf707002e00900061006000004078005c
:108490000004e00001003200c6f807002e00900042
:1084a000620060000000e00002003200b3f7070045
:1084b0004628ef00805b80006500b900000078006e
:1084c00080007800f0a42000fe140700130037009d
:1084d0002e00900061006000004078000004e00081
:1084e00001003200e0f807002e00900062006000fa
:1084f0000000e000030032007ef8070025f80700c6
:1085000069f807000000eb00000f7800805b800036
:1085100080007800a07f2100ea1407001e00780088
:1085200080004000009a2000008040001000780089
:10853000db090700803e200008150700f5f807005a
:10854000205b80007d0807000080fa000000060024
:108550000000fa00401f2000d0438800f041800056
:108560000000e0000400320061f907000628ef0077
:10857000f4f8070021003700d04380000000e0003d
:108580000e003a00805b8000000040008000780010
:10859000e0252100cb140700304280000000e000fd
:1085a00003003200210020000000eb0092ff0700d2
:1085b00010c0b3002608070061fc0700a016800069
:1085c000610060000000e000ebff3a00800c20003a
:1085d000e2140700604080000000e900604088006d
:1085e000604080000000e00002003d00e0468000a6
:1085f000604088006040800010f907000080fa00a9
:10860000000006000200fa00f1512f00e0502f0098
:10861000ba09070000532f00801f7800c2e5070049
:108620008f87e90000192000cc14070040150700cf
:10863000331507000004e000130032004215070064
:10864000004f780021032000903920009d1407007e
:108650001e4078001e1507009e80fb001e80fb0058
:10866000811f7800801f7800d0552f00801f780070
:10867000e0b02000b4e50700e6875700e1b0200035
:10868000000c200093090700a01680006100600024
:108690000000e000e6ff3200805b80008000780090
:1086a000c0f620008714070020572f00801f780095
:1086b0009de507008f87e9001d150700a1f8070059
:1086c0000080fa00000006000200fa00900020007e
:1086d000000f78001e0078008000400040c7200096
:1086e000008040008000eb00010878001e00780048
:1086f00000f0a7000000ea000000ea004f00de00e2
:10870000004078001e0fe9000004e000f1ff3a008d
:1087100040012000004488000080fa0000000600ac
:108720000200fa00004280000000e00001003a0070
:108730006228ef00004480000000e0003a003a00a8
:10874000604280000000e000140032000000eb00f6
:10875000000f78001e0078008000400040c7200015
:108760000080400010007800801f7800d0582f0053
:10877000801f78006ce50700e48757001e0fe800b3
:108780001e007800e90f5000f2ff340030592f002e
:10879000801f780064e507008f87e90090002000c3
:1087a000000f7800a0638000e40f50001d003c0023
:1087b0001e0078008000400040c72000008040007c
:1087c000100078000000e00005003a001e0fe900ec
:1087d0001e0078000000e000f5ff3a0001003700bd
:1087e00000000000104380009e0f500004003d0078
:1087f0009e007800114388009e007800215a88006e
:10880000004280000000e000020032001000200062
:1088100090428800004280000000e0000100320029
:10882000a028ef00a8ff07000080fa000000060063
:108830000400fa0010079800a0002000000f780044
:108840009e0090001e00780000014000207c2f0058
:108850000000410010007800808f500005003e00ad
:108860001e0fe9001e0078000000e000f4ff3a004f
:1088700001003700000000001e0078000080fa00b0
:10888000000006000000fa0030598000e8ff0700f1
:10889000205a88000080fa00000006000400fa0058
:1088a000100798000000eb00000f7800010037006f
:1088b0001e0fe8001e007800ea0f500009003c007f
:1088c0001e00780080004000408c2f000080400097
:1088d00010007800800078001e009000808f50000b
:1088e000f3ff35001e00780080004000a08d2f00af
:1088f00000804000100078000080fa0000000600b0
:108900000000fa0030598000e4ff0700205a880078
:108910000080fa00000006000000fa00215a8000e2
:1089200040478000808f50001800320050168000b1
:10893000700060000000e00008003200ca82a90058
:1089400020c5b300e6e8b7004001200010458800cc
:1089500010002000004388004f00370000438000d3
:108960000000e00003003200104580000000e0003d
:1089700048003a006028ef00205a800040478800f5
:108980004001200010458800a028ef00205a8000f8
:1089900080004000e0b2200000804000100078001d
:1089a00061006000004078000004e0000200320036
:1089b000cae2a90001003700cae2a800205a8000dc
:1089c00080004000e0b220000080400010007800ed
:1089d000620060000000e00002003200cac2a9008c
:1089e00001003700cac2a800205a8000e10f5000e1
:1089f00002003a00e9a2a80001003700e9a2a9009c
:108a0000205a8000e20f500002003a00e982a800dc
:108a100001003700e982a900205a8000e30f5000ce
:108a200002003a00e9c2a80001003700e9c2a9002b
:108a3000205a8000e40f500002003a00c4e2a8006f
:108a400001003700c4e2a900205a8000e50f500061
:108a500003003200205a8000e60f500002003a0066
:108a6000c4c2a80001003700c4c2a900205a800077
:108a70000000e00003003200205a8000e60f5000a2
:108a800002003400e802a80003003700e802a90051
:108a900001003700000000000080fa00000006001e
:108aa0000000fa00405a80000000e000140032008c
:108ab000c04380000000e00011003a00415a8000ed
:108ac000803e20000088b90000007800c043880084
:108ad000704780000000e00002003a00a000200083
:108ae000205a8800305a8000800040000099200001
:108af00000804000100078009cf70700ee28ef008f
:108b00000080fa00000006000000fa000000eb0000
:108b1000f05a88000080fa00000006000000fa0009
:108b20000080fa00000006000400fa00008fbe007a
:108b3000a05a8000c200dd00807d2f000080400030
:108b40001000be000001be001e00be00ccdf07000a
:108b5000008fbe00a05a80000000e00005003a002f
:108b600002002000032024001e00be00dfde0700fc
:108b7000008fbe000200200003f023001e00be0094
:108b8000dade0700ade2070084de070000007800af
:108b90000080fa00000006000200fa00889fbe0074
:108ba0000000eb00000f78008ce0a9001e007800a8
:108bb0008000400060cc20000080400090007800e1
:108bc0001e0078000001400020b22000000041009b
:108bd000010878001e0fe8001e007800e50f500025
:108be000f2ff34008ce0a8000041800011418000b9
:108bf000420a2700d3f7230080e007000004be00ec
:108c0000605980008000eb0088de0700a2702d0014
:108c100033c2230079e007000001be000800be0057
:108c2000b2de070000418800114188000041800049
:108c300011418000bcff07002041880000478000f0
:108c40000000e00016003200004780000000e9004c
:108c50000047880051598000105c8000008040006f
:108c60006101b800c0428000d14280000200400093
:108c700083804800c0428800d1428800405980006b
:108c80006101b800e0428000f14280000200400033
:108c900083804800e0428800f1428800520037009b
:108ca000c4428000d542800020b7200010407800e8
:108cb0000080fb008000eb000001be000400be004d
:108cc00025de0700c0428800d1428800e4428000cf
:108cd000f542800020b72000104078000080fb00a3
:108ce0008000eb000001be000400be001ade070099
:108cf000e0428800f1428800c2428000d3428000f6
:108d0000c0428000d1428000009ab900040278007d
:108d1000028bb90086027800050242000010b800fc
:108d2000010242008400780080418800914188005f
:108d3000e2428000f3428000e0428000f142800085
:108d4000009ab90004027800028bb900860278000c
:108d5000050242000010b8000102420084007800c1
:108d6000a0418800b1418800824180009341800089
:108d7000a0418000b1418000000051008180590075
:108d8000c0418800d1418800e0428000f14280006b
:108d9000c4428000d54280000001be000400be0035
:108da00081fc0700e0408800f1408800e04080003e
:108db000f1408000f9dd07000000780010478800ce
:108dc0005c28ef005e28ef00e0428000f142800066
:108dd000c0428800d142880020b7200010407800af
:108de0000080fb00004788004f04be000080fa00ae
:108df000000006000600fa00000f78001107980036
:108e0000220798001e007800900078001e00900055
:108e1000808f5000030034001e0078009e009000f8
:108e2000010878001e007800900078002e00900065
:108e3000808f500003003d001e007800ae009000bf
:108e4000010878000080fa00000006000400fa0023
:108e5000a05a80000000e00006003200d05a8000d6
:108e6000650f4000d05a80006a004000100798004b
:108e700005003700d05a80006a0f4000d05a8000a9
:108e800074004000100798004e28ef00d15a80006f
:108e900020418000808f500002003c001000200024
:108ea00070428800204180009e0f50000200350073
:108eb0002000200070428800214180001e009000a8
:108ec000808f500002003500300020007042880082
:108ed000b15a8000704280000080400070428800db
:108ee0000001eb0031002000e0842000c1ff0700fa
:108ef000704280006200600000f0a7000000ea00fd
:108f00000000ea004f00de00004078000080fb0017
:108f1000610060004200dd00411780000120a100d7
:108f20000100700040178800704280000040780007
:108f30006140600061406000614060000080fb00b3
:108f4000610060004300dd00411780000130a10096
:108f500001007000401788000080fa000000060041
:108f60000000fa00208f2f00801f7800e08f2f0074
:108f7000801f780060902f00801f7800006d2f0008
:108f8000801f780010402f00801f780066e30700e4
:108f9000ea87570090422f00801f780062e30700a5
:108fa0008f87e90070462f00801f78005ee307007e
:108fb0008f87e900804a2f00801f78005ae307005e
:108fc0008f87e900c0cc210001002000809fbe00f7
:108fd00060722f00801f780053e30700e687570078
:108fe0000080fa00000006000800fa00881f7800e0
:108ff000000f7800110798002207980033079800a7
:10900000f04680000000e000090032001e009000e1
:1090100010047800ce1107009e0078000180b9008e
:1090200000007800800044001e00900001087800d5
:109030003e019000ae0090001e0090006dff070002
:109040004f0478000080fa00000006000200fa00d9
:10905000000f78008001eb00120020009e007800d5
:1090600010002000e0ff07000080fa00000006006a
:109070000200fa000000eb00000f7800305a800078
:10908000b0428800030037001e0078000000e800ae
:10909000000f78001e007800e60f500008003c002a
:1090a0001e00780080004000e0902f00008040000b
:1090b00090007800305a8000808f5000f2ff3a0014
:1090c0008001eb00720020008e007800100020006c
:1090d000c5ff07001e00780080004000e0902f00d0
:1090e0000080400010007800305a8800315a80001b
:1090f000b0428000808f500017003200305a80004c
:10910000e10f500005003c00405a80000000e000e4
:1091100002003a0020002000405a8800305a8000a7
:10912000e20f500002003a000000eb00405a8800b5
:10913000305a8000e70f500002003a000000eb00b8
:10914000405a8800305a8000e50f500002003a0073
:1091500090002000205a880070fb0700305a8000e1
:10916000e30f500002003a005000200001003700d9
:1091700040002000e0468800305a80008000400017
:10918000809020000080400010007800801f780050
:1091900060592f00801f7800e0b02000eae207004d
:1091a000e48757000080fa00000006000000fa0083
:1091b0008001eb007200200001b5200010002000ab
:1091c00089ff0700805a800032120700805a800011
:1091d00080004000600f2f000080400010007800e9
:1091e000801f7800105a2f00801f7800e0b0200008
:1091f000d5e20700e48757000080fa00000006006f
:109200000000fa008001eb0022002000e1b4200001
:109210001000200074ff070040fb0700705a800018
:1092200080004000009b200000804000100078007b
:10923000801f7800105b2f00801f7800e0b02000b6
:10924000c1e20700e48757000080fa000000060032
:109250000000fa008001eb00a200200081b4200091
:109260001000200060ff0700405a80000000e0006e
:1092700008003200405a8000801f7800b05b2f0049
:10928000801f7800e0b02000afe20700e4875700bd
:1092900007003700905c2f00801f780060752f005a
:1092a000801f7800e0b02000a7e20700e4875700a5
:1092b0000080fa00000006000000fa0023032000ee
:1092c000823e2000c1b42000a000200046ff07001d
:1092d000605a8000600c8800605a8000801f78000f
:1092e000a05d2f00801f7800e0b0200096e207000c
:1092f000e48757000080fa00000006000000fa0032
:109300008001eb0082bb2000a1b4200020032000dc
:1093100035ff0700505a8000900c8800505a80009a
:10932000801f7800805e2f00801f7800e0b0200052
:1093300085e20700e48757000080fa00000006007d
:109340000000fa00430620004238200021b520002a
:10935000a000200024ff0700905a8000cf80de008c
:10936000afdc070002002000832c2400c4dd0700ce
:10937000809fbe00505f2f00801f7800e0b020006b
:1093800071e20700e68757000080fa00000006003f
:109390000000fa008001eb003200200061b52000df
:1093a0001000200010ff0700b05a8000800040002d
:1093b000c08f20000080400010007800801f7800df
:1093c000105b2f00801f7800e0b020005ee20700f5
:1093d000e48757000080fa00000006000000fa0051
:1093e00040b5200019ff0700a15a800040428000cc
:1093f000808f50000e003200a05a8000404288004a
:10940000a05a80000000e000050032006004200047
:10941000c05a880080022000d05a8800040037001b
:10942000e0092000c05a880080062000d05a880039
:10943000a05a800080004000409020000080400042
:1094400010007800801f7800503e2f00801f7800a9
:10945000e0b020003ce20700e48757000080fa00fb
:10946000000006000000fa00a05a80000000e000a2
:1094700006003200230320004206200081b52000b0
:1094800010002000d8fe07000500370083072000e9
:10949000420d200081b5200010002000d2fe070000
:1094a000a05a8000b17a2f00614078008000fb0054
:1094b000c05a8000811f7800801f7800903d2f00e7
:1094c000801f7800e03c2f00801f7800e0b0200073
:1094d0001de20700e88757000080fa000000060040
:1094e0000000fa00a05a80000000e0000b003200eb
:1094f000c05a8000740050008001eb000001780029
:10950000a1b5200010002000b7fe0700d05a80004f
:109510000080e900204288000a003700c05a80001d
:109520008002b1000302200000017800a1b52000f4
:1095300010002000acfe0700d05a800064005000ec
:1095400020428800a05a8000b17a2f006140780044
:109550008000fb00d05a8000811f7800801f7800b7
:10956000f03d2f00801f7800e03c2f00801f780026
:10957000e0b02000f4e10700e88757000080fa001f
:10958000000006000000fa0000b62000affe070051
:10959000005b80008000400040922000008040007e
:1095a00010007800801f7800503e2f00801f780048
:1095b000e0b02000e4e10700e48757000080fa00f3
:1095c000000006000000fa0020b620009ffe070001
:1095d000105b8000800040008092200000804000ee
:1095e00010007800801f780030602f00801f780006
:1095f000e0b02000d4e10700e48757000080fa00c3
:10960000000006000000fa008001eb0022002000ac
:1096100041b620001000200073fe0700205b800090
:1096200080004000a09920000080400010007800d9
:10963000801f7800f0602f00801f7800e0b02000cd
:10964000c1e10700e48757000080fa00000006002f
:109650000000fa0060b620007cfe0700305b80004e
:1096600080004000409a20000080400010007800f8
:10967000801f7800f0602f00801f7800e0b020008d
:10968000b1e10700e48757000080fa0000000600ff
:109690000000fa008001eb0042002000c1b520006c
:1096a0001000200050fe0700e05a800080004000bb
:1096b000409620000080400010007800801f780055
:1096c00090612f00801f7800e0b020009ee107002d
:1096d000e48757000080fa00000006000000fa004e
:1096e000a0b8200059fe0700505c800080004000b8
:1096f000809220000080400010007800801f7800d9
:10970000105b2f00801f7800e0b020008ee1070082
:10971000e48757000080fa00000006000000fa000d
:109720007040800080004000e096200000804000f3
:1097300010007800801f780060752f00801f78006f
:10974000e0b0200080e10700e4875700e1b020008e
:10975000000820005f050700704080008000400086
:10976000c09e200000804000100078000000010032
:10977000e1b02000000c2000560507000080fa0030
:10978000000006000200fa00000f78007040800020
:109790001e0040007040880070408000f00f5000b4
:1097a000010034000e28ef00704080000000e0004f
:1097b00002003d000001200070408800305a800007
:1097c000e30f50000600320070408000f00f5000a0
:1097d00003003a00704080001e0040007040880086
:1097e00070408000f00f5000010034000e28ef00a0
:1097f000704080000000e00002003d0000012000f9
:1098000070408800305a8000e20f50000900340098
:10981000705a8000e10f5000060032007040800056
:10982000e30f500003003a00704080001e0040002b
:1098300070408800305a8000e20f5000030034006e
:10984000305a8000e70f50000b003a007040800053
:10985000e20f50000a003a00704080001e004000f5
:109860007040880007003700704080001e004000f4
:10987000704088000300370000000000010037003e
:1098800000000000305a8000e70f500006003a0048
:1098900070408000e20f5000f3ff32007040800003
:1098a000e30f5000f0ff320070408000f00f5000d6
:1098b000010034000e28ef00704080000000e0003e
:1098c00002003d00000120007040880042f40700c3
:1098d0007040800059f407000080fa000000060084
:1098e0000200fa00000f78001e007800a5ff0700b4
:1098f000de28ef0089ff070010002000f0468800f6
:10990000a0282000151007009a28ef000080fa0018
:10991000000006000600fa00000f7800110798000a
:10992000220798001e0090009e007800808f500053
:1099300004003a00e1152000f0a42000e10f070028
:109940000c0037002e0090009e007800808f5000a1
:1099500004003a00e1152000c0f62000d90f0700ee
:1099600004003700805b800080007800a07f210029
:10997000d40f07000080fa00000006000600fa007d
:10998000889fbe00f0f32f0000168800c222ef006f
:1099900080e0270030168800c822ef00e001240094
:1099a00060168800ce22ef0010002000901688007c
:1099b000d422ef00c0c72f00f0168800e022ef008d
:1099c0000000280020178800e622ef00cfa2a800a0
:1099d000e862a80040442500a0048800b10480008b
:1099e000f08f2f0080806000005020000100700088
:1099f000b0048800c1048000f0f82f00808060006f
:109a00000006200001007000c0048800570f070006
:109a10001803070014100700f2f0070092f3070084
:109a2000000f780033f3070010079800d9f2070001
:109a30000000e00001003200aaf207001af307005c
:109a4000705a8000e20f500018003a00305a80002f
:109a5000e20f500015003400305a8000e70f50002c
:109a600012003200824280001e0090008000400000
:109a7000c09a200000804000900078001e0078000e
:109a800080014000c09a2000008041001000780052
:109a9000821f7800811f7800801f7800b0622f003d
:109aa000801f7800a0e00700e88757001e007800bc
:109ab0000000e00003003a001e0090000000e000fb
:109ac0000d0032001805070090672f00801f7800f6
:109ad00095e007008f87e900f16b2f00e06a2f0007
:109ae00086040700c2f1070032f3070023f20700e3
:109af000c05d2000990f0700a05b80007000b300dc
:109b0000a05b880070168000620060000000e0002a
:109b100003003a00710020001000200036fa070010
:109b2000505a8000900c8800605a8000600c8800b9
:109b3000205b800001030700701680006800600051
:109b40000000e0000a003a0080382100c04688008a
:109b5000d1762f00c0752f006804070000000000b8
:109b600070168000680060000000e000fcff32001a
:109b700030b72000104078000004e0000e003200f2
:109b800060902f00801f7800006d2f00801f7800ec
:109b9000204e2f00801f7800e0b020006ae0070010
:109ba000e6875700b16d2f00e0b020005304070096
:109bb000007d2000000f7800004b2000d04388007b
:109bc0001e003700d04380000000e0001b003a0078
:109bd000e1152000e02521003a0f070060902f00da
:109be000801f7800a06f2f00801f7800e0b0200059
:109bf00055e00700e4875700e1b02000c06e2f0059
:109c00003e0407004ff3070051712f0040702f00f2
:109c10003a040700007d2000500f070010002000cc
:109c20005042880090002000205a88005042800056
:109c30000d0d07000000eb00000f7800a01680005b
:109c4000610060000000e000deff3a00205a800062
:109c5000e90f50000200340090002000205a8800d4
:109c6000504280000000e00003003a00410620005e
:109c7000f0a42000130f07004a28ef00e842a800d4
:109c8000e862a900caa2a9001e007800330f0700ed
:109c9000caa2a800e842a900e862a900805a800090
:109ca0007c0f0700705a8000e20f500007003a0056
:109cb000305a8000e20f500004003400305a800017
:109cc000e70f500001003200a5fc070011168000cc
:109cd00000002200008060000000e00001003a0067
:109ce00048fa0700a05a800040428800a15b80002b
:109cf00000022000008060000000e000020032004e
:109d0000d05b8000010037000000eb00304188008c
:109d1000f05a80000000e00002003a00205a800063
:109d2000010037009000200010428800d05a8000c7
:109d3000e4005000a05a8000000040000080400075
:109d400020428800305a8000e30f500002003a00a1
:109d500050002000e04688000c040700a00020000e
:109d60007bf00700cf80de002dda07000004be0084
:109d7000605b8000cf80de0029da07000001be00b2
:109d80000800be001ddc070080408800914088006c
:109d9000e00020006ef00700cf80de0020da070030
:109da0000041880011418800e05b8000cf80de0028
:109db00082cf25000289b900020178007d02b90036
:109dc000840178000301410083cf25000300b8001f
:109dd0000101410082007800725b8000cf91de00bb
:109de00029da07004041880051418800b15b8000ba
:109df000c05b800000805000cf80de0008da0700e2
:109e0000a0408800b140880044f80700a028200046
:109e1000d04688007e28ef003428ef003628ef0077
:109e2000a0418000b14180008041880091418800bc
:109e3000e05a800060408800010037000000000008
:109e4000501680006200600000f0a7000000ea00e9
:109e50000000e9004f00de00004078000080fb00b9
:109e60006100600000004000511680000110a10058
:109e700001007000501688009c28ef0040168000fa
:109e80004300de00614060000080fb00004288006b
:109e9000004280000000e00001003a00a028ef002e
:109ea000305a8000e30f50000c003a00505c8000f4
:109eb0000000e00009003a00004280000000e000dd
:109ec00002003a005228ef0004003700a042800050
:109ed0000000e00001003a00fbf9070000428000aa
:109ee000a0428800305a800080004000c09d2000c1
:109ef00000804000100078000000010026fb0700f1
:109f0000f3f80700a0282000d04388001116800035
:109f100000002200008060000000e0003b003a00ea
:109f2000f04180000000e00038003a00d04380009b
:109f30000000e00017003a00504080000000e00000
:109f400012003a00e1152000c0f620005d0e070067
:109f5000100020005040880091782f00e0772f00fb
:109f6000660307009cf20700000000001116800045
:109f700000002200008060000000e000fbff3200d3
:109f8000800c2000750e0700020037001000200032
:109f900053fe0700111680000000220000806000c0
:109fa0000000e000e1ff3200800c20006b0e070093
:109fb000d04380000000e0001300320050408000d9
:109fc0000000e0000e003a00604080000000e80061
:109fd0006040880061408000e04680000000e800aa
:109fe00000017800110009008200d8008000fd0007
:109ff000604088006040800090f207000200370057
:10a0000010002000dffd0700d10d07005040800048
:10a010000000e0002e013a00f04180000000e00066
:10a020008a003a0070168000700060000000e000b6
:10a0300012003a00e04180000000a200e0418800e8
:10a04000815b8000e04180000000e00002003200ff
:10a05000a07f210001003700c0f62000190e070084
:10a060000000000070168000700060000000e0003a
:10a07000fcff3200800c2000380e07001116800013
:10a0800000002100008060000000e00025003a0090
:10a09000305a8000e50f500022003200f05a800054
:10a0a0000000a200f05a880010002000204788001d
:10a0b0001000200030428800f05a80000000e000cc
:10a0c0000600320080f90700205a80001042880004
:10a0d000a0002000205a88000200370010428000b3
:10a0e000205a8800815b8000f05a80000000e00068
:10a0f00002003200c0f6200001003700a07f2100de
:10a10000f00d070000000000111680000000210083
:10a11000008060000000e000fbff3200800c2000a7
:10a120000e0e070070168000620060000000e00064
:10a130000400320070168000680060000000e0003b
:10a1400042003a00004280000000e0003f003a0078
:10a150001000200030428800f05a80000000e0002b
:10a16000090032000000eb00f05a88001042800025
:10a17000205a8800805b800080007800a07f21004a
:10a18000d00d07002f003700215a80007016800084
:10a19000620060000000e00002003a0010002000b1
:10a1a000010037000080eb0000804000205a88004a
:10a1b000120020009100200040b420000dfb070099
:10a1c000205a80001200200091002000d1fd0700dd
:10a1d000005b80000000e00006003200205a800092
:10a1e0008000400040932000008040001000780074
:10a1f00005003700205a800080004000a094200015
:10a20000008040001000780080007800a00c200042
:10a21000b0020700a0282000d00d070070168000b3
:10a22000620060000000e000d7ff3200701680007e
:10a23000680060000000e000d3ff3200205a800078
:10a2400010428800100020002047880000c8b3009a
:10a25000ff00070060408000e40f500002003c0057
:10a26000c2f707005f0207006040800080004000e6
:10a27000009d2000008040001000780000000100d8
:10a28000205a800080004000e0b2200000804000a2
:10a290001000780080004000c09120000080400045
:10a2a0001000780080007800000c20008902070070
:10a2b000f04180000000e0000300320073f7070067
:10a2c0001040880017003700e04180000000e000e7
:10a2d00012003200004280000000e0000c0032005a
:10a2e000205a8000ea0f500006003200205a8000f9
:10a2f0000000e0000300320040742f00104088008e
:10a3000008003700a0742f001040880005003700b7
:10a3100000752f001040880002003700e0732f0006
:10a3200010408800104080005d020700f05a800055
:10a3300080004000809120000080400010007800e4
:10a3400057020700005b80000000e00006003200ba
:10a35000205a800080004000409320000080400090
:10a360001000780005003700205a8000800040006f
:10a37000a0942000008040001000780048020700f0
:10a38000f30c0700200798002e0090000000e0006a
:10a39000280032001000200030428800205a80003f
:10a3a000215a800001814000e1b22000810041007b
:10a3b00011017800ae0090000100e00007003c00b1
:10a3c000ae0090000100e00002003d008080eb0044
:10a3d000010037008000eb00010037001100200071
:10a3e0008100410000014000e0b220000000410077
:10a3f00001087800205a80000000400080007800aa
:10a40000e0b22000008040000001eb00310020009d
:10a4100078fa0700205a800080004000e0b2200057
:10a4200000804000100078000001eb0031002000a7
:10a4300038fd070038f90700004280000000e00006
:10a440001f003200e04180000000e0001c003200ec
:10a45000f04180000000e00019003a00205a80001e
:10a46000ea0f500016003200205a80000000e00081
:10a4700013003200104580000000e00010003a0098
:10a48000004580000000e0000d003a00305a8000d6
:10a49000e30f500006003a00505c80000000e0002e
:10a4a00003003a00904280000000e0000400320007
:10a4b000ca82a80040c5b300e6e8b7002000370014
:10a4c000ca82a90020c5b300e6e8b7001c00370027
:10a4d0003c28ef00ca82a90020c5b300e6e8b70017
:10a4e0008efc070070168000700060000000e00025
:10a4f00013003a00805b800080007800a07f21007c
:10a50000f00c0700210020000000eb00baf7070064
:10a510000a28ef00a0282000d04688008c0c0700f5
:10a520001a020700305a8000e30f50000400320086
:10a5300060408000e50f500001003a000c28ef0059
:10a5400042fa07000040800000000100a0168000d1
:10a55000610060000000e00038fe320050408000e2
:10a56000e10f500007003a000080eb00dcfc070020
:10a57000a0168000610060000000e000faff3a00d1
:10a580002ffe3700f2f707002dfe37000200fa0019
:10a59000004f78000900fc00b1168000f00f200089
:10a5a000808060001e80fb004800dd00010070001c
:10a5b000b016880010002000d70c0700d6a2a80013
:10a5c00010002000d40c0700d6a2a9001000200023
:10a5d000d10c07000080fa00000006000200fa001b
:10a5e0000400fc009116800000f02f0001007000b4
:10a5f00090168800d6c2a800d6e2a900100020005c
:10a60000c50c0700d6a2a80010002000c20c07004d
:10a61000a116800000002800008f6000d6a2a900cb
:10a620001e0078000000e000f4ff3a00d6c2a90046
:10a63000d6e2a8000400fc0091168000f00f200074
:10a6400000806000901688000080fa00000006007c
:10a650000200fa00004f7800e0ff0700d6e2a900f0
:10a660001e407800c9ff0700d6e2a8000080fa006b
:10a67000000006000200fa000000eb00000f780066
:10a68000d6e2a900d6c2a900f0002000b30c070052
:10a69000e0c82f001e00400010407800bbff0700fc
:10a6a00050002000ad0c07001e0fe8001e007800cf
:10a6b000e50f5000f6ff3400d6e2a800007d200030
:10a6c000900c8800c0122000600c88000080fa0006
:10a6d000000006000200fa00004f7800bfff0700ec
:10a6e0001e407800a9ff07000080fa000000060065
:10a6f0000400fa00004f78001107980002003700ac
:10a700001e407800f3ff07001e00900000f0a70035
:10a710000000ea000000ea004f00de000040780080
:10a720009e0090008100e900110798000004e000fd
:10a73000f3ff3a000080fa00000006000200fa0071
:10a74000000f780000c4b300c1ff07001e007800ae
:10a75000e20f500058003a00210020000040eb00ba
:10a76000e3ff07001100200000c1b300e0ff070075
:10a770002100200050c1b300ddff070011002000c0
:10a7800000c1b300daff0700210020000040eb0009
:10a79000d7ff0700210020000040eb00d4ff070096
:10a7a0001100200080c1b300d1ff0700210020006c
:10a7b000d0c1b300ceff07001100200080c1b3005c
:10a7c000cbff0700210020000040eb00c8ff07007e
:10a7d000210020000040eb00c5ff07001100200011
:10a7e000c0c1b300c2ff070021002000d0c1b300e8
:10a7f000bfff070011002000c0c1b300bcff07006d
:10a80000210020000040eb00b9ff070021002000dc
:10a810000040eb00b6ff070011002000e0c1b300cc
:10a82000b3ff070021002000f0c1b300b0ff070014
:10a8300011002000e0c1b300adff0700210020009f
:10a840000040eb00aaff0700210020000040eb00c1
:10a85000a7ff070041002000f0c1b300a4ff0700dc
:10a86000210020000040eb00a1ff07002100200094
:10a870000040eb009eff070041002000f0c1b30044
:10a880009bff0700210020000040eb0098ff07001d
:10a89000210020000040eb0095ff07004100200050
:10a8a00000c1b30092ff0700210020000040eb0030
:10a8b0008fff0700b80037001e007800e10f50003e
:10a8c00076003a00110020000040eb0088ff0700ee
:10a8d0002100200000c1b30085ff070021002000f7
:10a8e00050c1b30082ff07002100200000c1b30067
:10a8f0007fff0700110020000040eb007cff0700f5
:10a90000110020000040eb0079ff0700110020003b
:10a9100000c1b30076ff07001100200080c1b30022
:10a9200073ff070021002000d0c1b30070ff0700b3
:10a930001100200080c1b3006dff0700110020004e
:10a9400000c1b3006aff0700110020000040eb00c7
:10a9500067ff0700110020000040eb0064ff0700c4
:10a960001100200000c1b30061ff070011002000aa
:10a97000c0c1b3005eff070021002000d0c1b300ba
:10a980005bff070011002000c0c1b30058ff0700a3
:10a990001100200000c1b30055ff07001100200086
:10a9a0000040eb0052ff0700110020000040eb00c8
:10a9b0004fff07001100200000c1b3004cff07004b
:10a9c00011002000e0c1b30049ff07002100200072
:10a9d000f0c1b30046ff070011002000e0c1b30042
:10a9e00043ff07001100200000c1b30040ff070033
:10a9f000110020000040eb003dff07001100200087
:10aa00000040eb003aff07001100200000c1b30036
:10aa100037ff070041002000f0c1b30034ff0700fa
:10aa20001100200000c1b30031ff07001100200019
:10aa30000040eb002eff0700110020000040eb005b
:10aa40002bff07001100200000c1b30028ff070002
:10aa500041002000f0c1b30025ff070011002000d5
:10aa600000c1b30022ff0700110020000040eb00ee
:10aa70001fff0700110020000040eb001cff070033
:10aa80006100200000c1b30019ff07001100200081
:10aa90000040eb0016ff07003f00370021002000b8
:10aaa0000040eb0012ff07003100200000c1b3009e
:10aab0000fff0700310020000040eb000cff0700f3
:10aac000110020000040eb0009ff070051002000aa
:10aad00000c1b30006ff0700210020000040eb008a
:10aae00003ff0700110020000040eb0000ff0700fb
:10aaf0005100200000c1b300fdfe0700210020002e
:10ab00000040eb00fafe0700110020000040eb00bf
:10ab1000f7fe07005100200040c1b300f4fe07001b
:10ab2000210020000040eb00f1fe07001100200092
:10ab30000040eb00eefe07005100200040c1b300d2
:10ab4000ebfe0700210020000040eb00e8fe0700bc
:10ab5000110020000040eb00e5fe0700510020003e
:10ab600050c1b300e2fe0700210020000040eb00ce
:10ab7000dffe0700210020000040eb00dcfe0700a4
:10ab80003100200000c1b300d9fe070031002000d1
:10ab90000040eb00d6fe0700110020000040eb0053
:10aba000d3fe070011002000c0c1b300d0fe070093
:10abb0001100200040c1b300cdfe070011002000ad
:10abc000c0c1b300cafe0700410020000040eb00f6
:10abd000c7fe070010c0b3009dfe07000080fa000a
:10abe000000006000800fa00300798000000eb00a3
:10abf00010079800be00900000032000808f5000d6
:10ac00000200340000032000300798003e0190004d
:10ac1000b0aa22000090b9004f91de0002805000df
:10ac2000200798003e009000b1aa22000181b900df
:10ac3000cf80de00818051006609b9008200780073
:10ac400001005000000f78009e0090002e00900040
:10ac5000808f500003003d0050c0b3009dfe0700f0
:10ac6000050037001e0078000040780099fe0700bc
:10ac70000000eb00000f78001e0090000000e800cc
:10ac8000100798001e009000e70f5000eeff340000
:10ac900060c0b3008ffe07000080fa0000000600cd
:10aca0000000fa00881f78000004780003003700d5
:10acb000184078000804e80086fe07001840780075
:10acc0000004e000faff3a004f0478000080fa0028
:10acd000000006000400fa00000f78001107980039
:10ace0001e0078000040780059fe07001e0090000a
:10acf000ebff07000080fa00000006000400fa00e5
:10ad0000000f7800110798009e00780010002000c6
:10ad1000f0ff07009e009000000c2000edff0700f0
:10ad20000080fa00000006000600fa00008fbe0056
:10ad3000220798002e009000c200dd00c0cc2f003a
:10ad4000008040001000be000001be001e00be00da
:10ad50004bd707002e0190008201410082cb2000da
:10ad60000281410012017800809fbe00821f78009e
:10ad7000e0b02000f4db0700e6875700e0b02000d9
:10ad8000c7ff07000080fa00000006000000fa007c
:10ad90000001200080478800804780000000e90013
:10ada000804788008047800081c820000041eb0078
:10adb00082707800804780000000e000f6ff3a00d3
:10adc0000080fa00000006000200fa0020002000c7
:10add0008cef07004a0b07000004e000410032003e
:10ade000590b0700004f78001e407800ea4f5000d2
:10adf0003b00320080478000e10f50000900320024
:10ae0000e20f50000d0032000000e00011003a0097
:10ae1000d0c3b3009e40780080cf500024003200a1
:10ae20003000370020c4b3009e40780080cf50002f
:10ae300021003200f028ef002a0037001e00fb003e
:10ae40000003b100e90f50001d003600f028ef00ac
:10ae5000240037001e407800ed4f500012003a00e9
:10ae6000804780001e41780081c8200082707800f1
:10ae700080c820000080e8003ddb0700205a8800e1
:10ae8000205a80000000e00003003400205a8000b7
:10ae9000e90f500002003400a0002000205a880072
:10aea0001000200070478800b8ff07000d00370031
:10aeb0000000000003003700000000000100370020
:10aec00000000000804780001e41780081c82000fb
:10aed000827078000000e800804788000100370099
:10aee000000000000080fa00000006000a00fa00de
:10aef000008fbe002207980034079800450798008d
:10af00002e009000cf80de00c5d507001e01be00d8
:10af1000bad707003e019000ce019000d8d60700b6
:10af20000080fa00000006000400fa00806b2e008a
:10af3000801f7800806b2e00801f780040882e00d4
:10af4000801f780090882e00801f7800e0882e00f7
:10af5000801f7800c2da0700ea8757000000eb0084
:10af6000000f7800190037008e80e8001e0178007d
:10af700000002f00000041001300200001017800b4
:10af800080007800f007200003ec07001e00780026
:10af90006f0060000000e00005003a009e1f78008e
:10afa000a08b2e00801f7800adda0700e4875700e1
:10afb0001e009000801f7800308c2e00801f7800cb
:10afc000a7da0700e48757001e8fe800f010200082
:10afd0009e007800808f5000e3ff3400806b2e00cd
:10afe000801f7800806b2e00801f7800908c2e00d0
:10aff000801f78009ada0700e68757000080fa0081
:10b00000000006000600fa00008fbe00220798002c
:10b010001e01be001e00be0078d70700008fbe00d4
:10b02000705b800004c22b00e5cb24000001780097
:10b030001e00be00adff07002e019000821f7800a9
:10b04000809fbe00a0662e00801f780036db0700c0
:10b05000e88757000080fa00000006000400fa00ac
:10b06000008fbe00505b8000040025003584240062
:10b07000000178001e00be009cff0700828d2e009c
:10b08000821f7800809fbe0010662e00801f78000f
:10b0900025db0700e88757000080fa000000060063
:10b0a0000400fa00008fbe00605b800004402200b4
:10b0b00045972400000178001e00be008bff0700aa
:10b0c000d28d2e00821f7800809fbe0010662e0059
:10b0d000801f780014db0700e88757000080fa0023
:10b0e000000006000600fa001007980021079800eb
:10b0f000305a8000e60f500006003a001e00900013
:10b10000ae00900025d5070000007800e3f50700a9
:10b11000050037001e009000ae0090001fd507000c
:10b1200000007800c2f50700000f78001e007800cc
:10b130008000400040c220000080400010007800e5
:10b14000801f78009e1f7800308e2e00801f7800b0
:10b1500043da0700e68757000080fa000000060087
:10b160000400fa00008fbe00c28e2e001e00be003a
:10b17000a4ff07000080fa00000006000400fa00a7
:10b18000008fbe00105c8000cf80de0024d5070059
:10b190000001be001e00be0054d50700008fbe0097
:10b1a000428f2e001e00be0096ff07000080fa00ae
:10b1b000000006000400fa00008fbe00a05a8000c4
:10b1c0000000e0000a003200d2a32000331824005f
:10b1d0001e00be002ad60700809fbe00b0672e006a
:10b1e000801f7800d0da0700e68757000c00370090
:10b1f000a2992900131124001e00be0020d60700ca
:10b20000020020000320240038d50700809fbe00e4
:10b21000b0672e00801f7800c3da0700e68757006a
:10b22000a05a800080004000409020000080400034
:10b2300010007800801f7800c08f2e00801f7800db
:10b24000b9da0700e48757000080fa000000060022
:10b250000000fa00f08f2e00801f780000da07004f
:10b260008f87e9003e28ef000080fa00000006000a
:10b270000000fa0040912e00801f7800f8d90700e6
:10b280008f87e900f04180000010a000f0418800a5
:10b290000080fa00000006000000fa0070922e0004
:10b2a000801f7800eed907008f87e900f041800009
:10b2b0000000a000f04188000080fa0000000600b5
:10b2c0000000fa0060932e00801f7800e4d9070088
:10b2d0008f87e900f04180000020a000f041880045
:10b2e0000080fa00000006000000fa00a05b800069
:10b2f000680060000000e0000a00320050622e008a
:10b30000801f7800d0942e00801f7800d4d90700c9
:10b31000e4875700f04180000030a000f041880031
:10b3200008003700b0642e00801f780050622e00a5
:10b33000801f780060952e00801f7800c8d9070014
:10b34000e68757000080fa00000006000000fa00bf
:10b35000a15b800000022000008060000000e0008f
:10b360000c003200e0632e00801f780020632e0066
:10b37000801f7800f0952e00801f7800b8d9070054
:10b38000e6875700f04180000040a000f0418800af
:10b390000a003700b0642e00801f7800e0632e00a2
:10b3a000801f780020632e00801f7800a0962e005a
:10b3b000801f7800aad90700e88757000080fa00ac
:10b3c000000006000000fa00a15b800000022000df
:10b3d000008060000000e0000a00320020632e00c0
:10b3e000801f780050972e00801f78009cd907009e
:10b3f000e4875700f04180000050a000f041880031
:10b4000008003700b0642e00801f780020632e00f3
:10b41000801f780040982e00801f780090d9070088
:10b42000e68757000080fa00000006000000fa00de
:10b43000d0982e00801f780089d907008f87e900f7
:10b44000f0032000f04188000080fa0000000600b0
:10b450001200fa00881f7800a90907000004e00024
:10b4600062043200b80907000080fb0043da0700dd
:10b47000604798006e4090000080fb006101b900b9
:10b4800010fc2f00f1ff2f000200400083804800d5
:10b49000b201200003002000820f5000838f58006b
:10b4a00047043e00006001001b00370044043700e1
:10b4b0006d003700aa003700ba00370010013700ce
:10b4c00020013700c2023700c302370012003700e4
:10b4d000ed023700150337005f033700ab03370079
:10b4e000eb033700360437003504370034043700e7
:10b4f000330437003204370031043700300437009a
:10b500002f0437002e0437002d0437002c04370099
:10b510002b0437001904370091f60700806b2e00ca
:10b52000801f7800806b2e00801f7800109a2e00fc
:10b53000801f7800fcd90700e6875700f09b2e009b
:10b54000801f7800f8d907008f87e900a09d2e00a2
:10b55000801f7800f4d907008f87e900b0752e00ae
:10b56000801f7800109f2e00801f7800eed9070002
:10b57000e4875700305c2e00801f7800809f2e00eb
:10b58000801f7800e8d90700e487570010a02e003c
:10b59000801f7800e4d907008f87e900b0a22e0051
:10b5a000801f7800e0d907008f87e900d0a42e0023
:10b5b000801f7800dcd907008f87e90080a62e0065
:10b5c000801f7800d8d907008f87e90090712e007e
:10b5d000801f780010a92e00801f7800d2d90700a4
:10b5e000e4875700806f2e00801f780080a92e000e
:10b5f000801f7800ccd90700e4875700f0a92e00ff
:10b60000801f7800c8d907008f87e900205e2e00d0
:10b61000801f780070ab2e00801f7800c2d9070011
:10b62000e487570050602e00801f7800e0ab2e00aa
:10b63000801f7800bcd90700e4875700806b2e007c
:10b64000801f7800806b2e00801f780030732e00e2
:10b65000801f780050ac2e00801f7800b2d9070000
:10b66000e8875700e1033700806b2e00801f7800c9
:10b67000806b2e00801f780030ad2e00801f780078
:10b68000b0ad2e00801f780010ae2e00801f780015
:10b6900070ae2e00801f7800f0ae2e00801f780064
:10b6a000a1d90700ee8757009000200020079800de
:10b6b0002e00900026ea0700000f98000e08900068
:10b6c000cf80de00d6d307000400200005582400f8
:10b6d0005200200005fe07000e099000809fbe006a
:10b6e000821f7800ae009000811f7800b0b02e005d
:10b6f000801f78008cd90700ea8757002e00900041
:10b700006900500080004000a0c32000008040007d
:10b71000100478000e089000cf80de00c0d3070030
:10b72000080001002e0090000000e80020079800ab
:10b730002e009000ee0f5000ddff3400806b2e00d5
:10b74000801f7800806b2e00801f7800f0b12e00e3
:10b75000801f780074d90700e6875700a3033700dd
:10b76000b0752e00801f780080b22e00801f7800f8
:10b770006dd90700e4875700f308070067406000b1
:10b78000604798006e4090000080fb008000400001
:10b7900060c420000080400010007800000001001c
:10b7a00092033700b0b42e00801f78005ed90700e6
:10b7b0008f87e900306e2e00801f7800305c2e00ed
:10b7c000801f7800e0b42e00801f780056d9070053
:10b7d000e6875700dc0807000081fb00b0aa2a00ba
:10b7e0000010b8000100d1006300b900000078002b
:10b7f00000005100604798006e4090000080fb0000
:10b8000080004000a0992000008040009000780057
:10b810006e4090000080fb00811f7800801f780040
:10b8200080b62e00801f78003fd90700e6875700ba
:10b830006e4090000080fb00c0fb07000040eb0062
:10b84000604798000000eb002007980040ccb30050
:10b850007ffb0700b0c5b3009efb07006e40900061
:10b860009cfb07006e4090000080fb00801f78006a
:10b8700020b72e00801f7800e0b02000a5d8070078
:10b88000e4875700e0b0200005fd070040c8b30082
:10b890006ffb07002e009000d2fc0700a0002000e4
:10b8a0002e0807002e0090000000e80020079800f6
:10b8b000ae00900000032000808f5000f3ff3400a2
:10b8c0006e4090000040e80060479800401f200054
:10b8d000220807008a0807000004e000d9ff3200b0
:10b8e00099080700205b800094fb070090742e00ed
:10b8f000801f78000cd907008f87e9003b033700d1
:10b90000b0b72e00801f780007d907008f87e900a5
:10b910000000eb00000f980012002000010f2f0024
:10b92000f0072000a9e9070070004700130020007d
:10b93000020f2f00f1072000c5e907007afd07007c
:10b940002a033700806b2e00801f7800b0b92e00cc
:10b95000801f780030ba2e00801f7800a0ba2e0019
:10b96000801f7800c0ba2e00801f780080bc2e0097
:10b97000801f7800ecd80700ec875700605b8000e0
:10b98000801f780000bf2e00801f7800e6d80700d7
:10b99000e4875700505b8000801f780000c12e00b4
:10b9a000801f7800e0d80700e4875700705b8000b4
:10b9b000801f780000c32e00801f7800dad80700af
:10b9c000e4875700105c8000801f780000c52e00bf
:10b9d000801f7800d4d80700e487570000c72e00e6
:10b9e000801f7800d0d807008f87e900805b800037
:10b9f0000000e00007003200805b8000801f7800bc
:10ba0000a0c82e00801f7800c7d80700e487570021
:10ba10000400370030c92e00801f7800c2d807000c
:10ba20008f87e90090c92e00801f7800bed80700dc
:10ba30008f87e90020b7200010407800e14f5000c8
:10ba400005003a0030cb2e00801f7800b6d80700e2
:10ba50008f87e9000800370020b7200010407800e9
:10ba60000080fb00801f7800d0cb2e00801f780064
:10ba7000add80700e487570020cc2e00801f780047
:10ba8000a9d807008f87e900a05b800068006000ec
:10ba90000000e00010003200685b8000b05b8000b6
:10baa000cf80de00ded2070004402200459724004c
:10bab000080178000dfd0700b25b8000809fbe008a
:10bac000821f7800c0682e00801f780096d807007b
:10bad000e88757000600370040498000801f780043
:10bae000c0cd2e00801f78008fd80700e487570054
:10baf00010ce2e00801f78008bd807008f87e900ba
:10bb0000a15b800000022000008060000000e000d7
:10bb100010003200685b8000c05b8000cf80de00d8
:10bb2000bfd2070004402200459724000801780096
:10bb3000eefc0700c25b8000809fbe00821f780081
:10bb4000c0682e00801f780077d80700e88757006c
:10bb50000600370040498000801f7800c0cd2e00cd
:10bb6000801f780070d80700e4875700b0cf2e0000
:10bb7000801f78006cd807008f87e900a15b8000e8
:10bb800000022000008060000000e0001000320091
:10bb9000685b8000d05b8000cf80de00a0d2070011
:10bba000044022004597240008017800cffc0700dc
:10bbb000d25b8000809fbe00821f7800c0682e008c
:10bbc000801f780058d80700e88757000600370024
:10bbd00040498000801f7800c0cd2e00801f780073
:10bbe00051d80700e4875700e05b8000801f780091
:10bbf00050d12e00801f78004bd80700e4875700f3
:10bc0000f05b8000015c8000809fbe0050d32e005e
:10bc1000801f780044d80700e687570030b720001f
:10bc2000104078000080fb008000400080922000df
:10bc30000080400010007800801f780060d52e0042
:10bc4000801f780038d80700e4875700806b2e00eb
:10bc5000801f780040d72e00801f780000d92e006a
:10bc6000801f780030d80700e6875700305a8000e0
:10bc7000800040008090200000804000100078008c
:10bc8000801f7800b0d92e00801f780026d80700ca
:10bc9000e487570090db2e00801f780022d8070031
:10bca0008f87e900405a80000000e0000700320062
:10bcb000405a8000801f780030dd2e00801f780001
:10bcc00019d80700e487570004003700f0dd2e0084
:10bcd000801f780014d807008f87e90030de2e001f
:10bce000801f780010d807008f87e900805a8000f5
:10bcf00080004000600f2f0000804000100078009e
:10bd0000801f7800a0e02e00801f780006d8070072
:10bd1000e4875700605a8000801f780000e32e00ff
:10bd2000801f780000d80700e4875700505a800031
:10bd3000801f780000e52e00801f7800fad70700ea
:10bd4000e4875700905a8000cf80de0034d207008d
:10bd500002002000832c240049d30700809fbe00ee
:10bd600000e72e00801f7800efd70700e687570016
:10bd7000b05a800080004000c0c120000080400018
:10bd800010007800801f780000e92e00801f7800e6
:10bd9000e5d70700e4875700a05a800080004000e4
:10bda000409020000080400010007800801f780044
:10bdb000e0ea2e00801f7800dbd70700e4875700f9
:10bdc000a05a8000b17a2f00614078008000fb000b
:10bdd000c05a8000811f7800801f7800c0ec2e00c0
:10bde000801f780020682e00801f7800ced70700c3
:10bdf000e8875700a05a8000b17a2f006140780090
:10be00008000fb00d05a8000811f7800801f7800de
:10be100060ee2e00801f780020682e00801f7800c2
:10be2000c1d70700e8875700005b80008000400012
:10be3000409220000080400010007800801f7800b1
:10be400000f02e00801f7800b7d70700e487570066
:10be5000105b800080004000809220000080400045
:10be600010007800801f7800e0f12e00801f78001d
:10be7000add70700e4875700505c80008000400089
:10be8000809220000080400010007800801f780021
:10be9000c0f32e00801f7800a3d70700e487570067
:10bea000205b800080004000a099200000804000be
:10beb00010007800801f7800a0f52e00801f780009
:10bec00099d70700e4875700305b8000800040006e
:10bed000409a20000080400010007800801f780009
:10bee00080f72e00801f78008fd70700e487570067
:10bef000e05a800080004000409620000080400012
:10bf000010007800801f780060f92e00801f7800f4
:10bf100085d70700e4875700e0418000800040009b
:10bf2000c09220000080400010007800801f780040
:10bf300040fb2e00801f78007bd70700e487570066
:10bf4000f05a8000800040000093200000804000f4
:10bf500010007800801f780020fd2e00801f7800e0
:10bf600071d70700e4875700005b80000000e00005
:10bf70000600320010428000800040004093200004
:10bf8000008040001000780005003700104280005b
:10bf900080004000a0942000008040001000780045
:10bfa000801f7800b0692e00801f78005ed70700e0
:10bfb000e4875700806b2e00801f7800c08f2e0012
:10bfc000801f780058d70700e487570087013700a3
:10bfd000d5fb070085013700604280000000a20009
:10bfe00060428800604280000000e00015003200de
:10bff000604280008000400080922000008040006d
:10c0000010007800801f7800f0762e00801f7800e6
:10c0100045d70700e487570040782e00801f78003e
:10c0200041d707008f87e900806b2e00801f7800c2
:10c0300000ff2e00801f78003bd70700e4875700e1
:10c040006a013700806b2e00801f780080ff2e0071
:10c05000801f780034d70700e487570060428000d3
:10c060008000400080922000008040001000780096
:10c07000801f7800f0762e00801f78002ad70700f6
:10c08000e48757005901370090712e00801f780017
:10c09000e0ff2e00801f780023d70700e4875700b9
:10c0a00010002000200798002e0090008000400023
:10c0b000e0b22000008040001000780063005000d3
:10c0c00000004000000178002e0090008000400039
:10c0d000e0b2200000804000100078008000e800fe
:10c0e0002e00900080014000a094200000804100bc
:10c0f00010007800821f7800811f7800801f780070
:10c1000030002f00801f780007d70700e88757000e
:10c110002e0090000000e800200798002e009000fc
:10c12000e90f5000e0ff340030013700306e2e0080
:10c13000801f7800806f2e00801f7800c0012f00c4
:10c14000801f7800f8d60700e68757007e060700b4
:10c15000a05a8000b17a2f006140780060479800b3
:10c160006000b800008fbe000000eb0020079800c0
:10c17000e000200076e70700cf80de0028d107002e
:10c180000001be001e00be0058d10700008fbe0097
:10c190002e0090000000e800200798002e0090007c
:10c1a000e90f5000f2ff3400a05a80000000e000c8
:10c1b00006003200c2cc2c00333224001e00be0028
:10c1c0002fd20700008fbe000a00370002002000b7
:10c1d000632b24001e00be0029d20700008fbe0082
:10c1e00002002000032024001e00be003fd10700f3
:10c1f000008fbe006e4090000080fb00ee4090007b
:10c200000181fb00801f78001e00be00809fbe00e1
:10c21000821f78001e00be00809fbe00005a2e00c4
:10c22000801f7800c0d60700ee875700200320004b
:10c23000ca050700320607000004e000c8ff32000c
:10c240004106070090742e00801f7800b6d60700c4
:10c250008f87e900e5003700b0032f00801f7800ca
:10c26000b1d607008f87e9004d0607004007980008
:10c27000510798004e019000de019000300620002a
:10c2800001002000800f5100818f59000700340009
:10c290004e019000de01900000fa20000100200015
:10c2a000800f5100818f590005003400e07a2e0084
:10c2b000801f78009cd607008f87e900cb003700ed
:10c2c0004e009000de009000000040008180480099
:10c2d0000001be000000280001072000ead007008e
:10c2e00060079800710798004e009000de009000f3
:10c2f000809fbe00a0062f00801f78008ad607000e
:10c30000e6875700e0072f00801f780086d60700d9
:10c310008f87e90022060700400798005107980020
:10c320004e019000de0190009000200001002000ee
:10c33000800f5100818f5900070034004e0190009a
:10c34000de01900000d0270001002000800f510086
:10c35000818f590005003400e07a2e00801f78009c
:10c3600071d607008f87e900a0003700ce0090004b
:10c370006e00900053050700b0b42e00801f7800b7
:10c3800069d607008f87e90098003700205e2e00ed
:10c39000801f7800e0ff2e00801f780062d6070023
:10c3a000e487570010c0b300a9f807000000eb00b5
:10c3b00020079800e4050700604798002e009000d1
:10c3c000f00f500002003a0000ccb300a0f80700c4
:10c3d0006e409000ed4f500004003200ae0090001f
:10c3e00000022000808f500004003a0010c0b3000b
:10c3f00097f807000000eb00200798006e409000bf
:10c400000080fb0001fe2f0080804000e00520003e
:10c41000808f50000d003e006e4090000080fb00b9
:10c42000801f7800f0092f00801f78003ed607009b
:10c43000e48757006e409000a6f807002e00900099
:10c440000000e80020079800090037006e409000c7
:10c450000080fb00117c2e00811f7800801f780077
:10c46000f00a2f00801f78002fd60700e6875700bc
:10c470006e409000fb4f5000ceff3a0090742e00ab
:10c48000801f780028d607008f87e9005700370003
:10c4900050602e00801f7800e0ff2e00801f780083
:10c4a00021d60700e487570010c0b30068f80700e2
:10c4b0000000eb0020079800f8050700604798008f
:10c4c0002e009000f00f500002003a0000ccb300a4
:10c4d0005ff80700ae00900000022000808f50003f
:10c4e00004003a0010c0b30059f807000000eb0048
:10c4f000200798006e40900076f807006e4090008c
:10c500000080fb0001fe2f0080804000e00520003d
:10c51000808f50000b003e002e0090000000e800cd
:10c52000200798006e4090000080fb00801f78007c
:10c53000400c2f00801f7800fbd50700e4875700d0
:10c5400006003700107c2e00801f7800c00c2f00e2
:10c55000801f7800f4d50700e48757006e409000f4
:10c56000fb4f5000d4ff3a0090742e00801f7800db
:10c57000edd507008f87e9001c0037001000200070
:10c58000200798000000eb00000f980030732e0089
:10c59000801f7800e0ff2e00801f7800e2d50700a2
:10c5a000e48757000e089000ae009000000178006c
:10c5b000110009008200d800200798000b00370006
:10c5c0006e4090008080fb006e4090000080fb0079
:10c5d000811f7800801f7800400d2f00801f780099
:10c5e000d1d50700e6875700510507004f047800b2
:10c5f0000080fa00000006000600fa00100798000c
:10c60000210798000000eb00000f7800f046800042
:10c610000000e000020032004d040700000f780027
:10c620001e0078000000e00004003400a15b8000e0
:10c630001e00900001007000a05b88001e007800c2
:10c640000000e00004003d00a15b80002e0090008f
:10c6500000806000a05b88000080fa0000000600f7
:10c660001000fa00008fbe002207980033079800e0
:10c6700044079800550798006607980077079800c8
:10c680009e0090002e0090000088b9000001780004
:10c69000be0090001e0078000088b90000007800fd
:10c6a000000141009e0078002e0090000008b800b4
:10c6b0000101410082007800008fbe00008fbe00a3
:10c6c0001e01be004e009000de009000800f510061
:10c6d000818f5900030036004e019000de0190006a
:10c6e000028fbe001e01be006e009000fe00900092
:10c6f000800f5100818f5900030031006e019000be
:10c70000fe019000028fbe002e019000be0190003d
:10c710001e00be0090cf0700000078000080fa00e5
:10c72000000006000000fa00f05a8000800040007f
:10c7300080912000008040001000780058f9070028
:10c74000205a800080004000a0942000008040001b
:10c750001000780052f907000080fa00000006007f
:10c760000000fa00c0002000f9e5070040598800e9
:10c77000d0002000f6e50700505988000080fa003c
:10c78000000006000000fa00889fbe00e328210098
:10c7900062672100c1b620001000200012f20700dd
:10c7a000a0002000eae50700cf80de009ccf070054
:10c7b0000004be00605b8000cf80de0098cf0700e1
:10c7c0000001be000800be008cd10700420020001e
:10c7d00055f90700605b8000801f7800f0942f00ff
:10c7e000801f780050932f00801f7800e0b0200059
:10c7f00055d50700e68757004f04be000080fa00b9
:10c80000000006000000fa0090002000d0e50700bc
:10c8100010598800c35d200002fa2000a1b6200054
:10c8200010002000f0f10700beff070080eb0700ba
:10c83000505b8000801f7800f0942f00801f7800ec
:10c8400050932f00801f7800e0b020003ed50700f5
:10c85000e68757000080fa00000006000000fa009a
:10c86000bfff0700e32e2000c25d2000e1b62000dc
:10c8700010002000dcf10700aaff0700b7eb07005b
:10c88000705b8000801f7800f0942f00801f78007c
:10c8900050932f00801f7800e0b020002ad50700b9
:10c8a000e68757000080fa00000006000000fa004a
:10c8b000abff07008001eb006209200021b82000d7
:10c8c00010002000c8f1070096ff0700a3eb070047
:10c8d000105c8000801f780060952f00801f78001a
:10c8e00050932f00801f7800e0b0200016d507007d
:10c8f000e68757000080fa00000006000000fa00fa
:10c900008001eb004206200001b72000100020004b
:10c91000b5f10700805b80000000e00008003200f5
:10c92000805b8000801f780080a12f00801f78002e
:10c93000e0b0200004d50700e48757000700370067
:10c9400040498000801f780030a22f00801f7800af
:10c95000e0b02000fcd40700e48757000080fa0014
:10c96000000006000200fa00715c8000010f7800f0
:10c97000e0b82000b5f10700705c80009e0f500009
:10c980000300320041062000c0f62000cd0307005e
:10c99000705c80008000400080bb20000080400070
:10c9a00010007800801f7800c0a32f00801f78003f
:10c9b000e0b02000e4d40700e48757000080fa00cc
:10c9c000000006000200fa0020b7200010407800a6
:10c9d0000080fb00000f78001300200002012000ff
:10c9e0008e007800100020007ff107001e00780004
:10c9f0008040780020b720000148780020b7200050
:10ca0000104078008080fb0020b7200010407800a4
:10ca10000004a2000080fb000000e9004f00de00df
:10ca20000001400040bb20000000410010007800e1
:10ca3000811f7800801f7800d0a22f00801f78000f
:10ca4000e0b02000c0d40700e68757000080fa005d
:10ca5000000006000000fa0071032000f000200032
:10ca6000e5fe0700a05b8000680060000000e000b9
:10ca70000200320050498000010037004049800028
:10ca8000801f7800e0912f00801f7800e0b0200028
:10ca9000add40700e48757000080fa0000000600cc
:10caa0000000fa00889fbe00f04680000000e00011
:10cab00004003200b85b800025030700000044003a
:10cac000b05b8800605b8000cf80de00b25b8000de
:10cad0006114b90006f82900570d2000041c2e002f
:10cae000450e20000001be000800be00dcfe07006d
:10caf000b05b8800b05b8000cf80de00c8ce07004e
:10cb00000004be00605b8000cf80de00c4ce070062
:10cb10000001be000800be00b8d00700024022009d
:10cb200043972400d6cf0700809fbe0080922f003d
:10cb3000801f7800e0b0200083d40700e68757000c
:10cb40004f04be000080fa00000006000000fa005a
:10cb5000f100200070032000a7fe0700a15b800009
:10cb600000022000008060000000e00002003200af
:10cb7000504980000100370040498000801f780044
:10cb8000e0912f00801f7800e0b020006ed40700f5
:10cb9000e48757000080fa00000006000000fa0059
:10cba000889fbe00f04680000000e00004003200d4
:10cbb000c85b8000e602070000004400c05b8800fc
:10cbc000605b8000cf80de00c25b80006114b90032
:10cbd000067a2300070a2000049e2700f50a200099
:10cbe0000001be000800be009dfe0700c05b88007b
:10cbf000c05b8000cf80de0089ce07000004be004d
:10cc0000605b8000cf80de0085ce07000001be00a3
:10cc10000800be0079d0070002402200439724009c
:10cc200097cf0700809fbe0080922f00801f780062
:10cc3000e0b0200044d40700e68757004f04be0050
:10cc40000080fa00000006000800fa00889fbe007d
:10cc5000c15b8000a0478000808f50000800320038
:10cc6000d15b8000c25b8000a047800000005100c3
:10cc700000804000d05b8800c05b8000a047880037
:10cc8000c05b80006101b900605b8000cf80de0086
:10cc9000009ab90004027800028bb900860278007d
:10cca000050242000010b800010242008400780032
:10ccb00002502300c3002000021f400003974800d9
:10ccc000001a250051ff2f003e014000ae814800b0
:10ccd0000200be002007980031079800f04680004f
:10cce0000000e00004003200d85b800098020700da
:10ccf00000004400d05b88002e029000be0290002d
:10cd00001e01be00605b8000cf80de00d65b80002d
:10cd10006134b9000403be000202be000001be007f
:10cd20000800be004efe0700d05b8800d05b80008c
:10cd3000cf80de003ace07000004be00605b8000ba
:10cd4000cf80de0036ce07000001be000800be0026
:10cd50002ad00700024022004397240048cf070052
:10cd6000809fbe0080922f00801f7800e0b02000de
:10cd7000f5d30700e68757004f04be000080fa0095
:10cd8000000006000000fa00881f7800f0468000ce
:10cd90000000e00004003200e85b80006c02070045
:10cda00000004400e05b8800e05b8000cf80de0094
:10cdb0008602200007002000040a20000500200051
:10cdc000120020000300200025fe0700e05b880021
:10cdd000e05b8000801f780020a52f00801f780076
:10cde000e0b02000d8d30700e48757004f04780054
:10cdf0000080fa00000006000000fa00889fbe00d4
:10ce0000e5e90700809fbe0000942f00801f780096
:10ce1000e0b02000ccd30700e6875700e0b0200048
:10ce20009ff70700f04680000000e0000800320095
:10ce3000f85b8000095c800045020700cf80de00bf
:10ce40000800400089804800f05b8800015c880091
:10ce5000f25b8000035c800090392400f100200028
:10ce6000800f5100818f5900040034009039240054
:10ce7000f1002000f05b8800015c8800f25b80001c
:10ce8000035c8000800c2400f1002000800f510022
:10ce9000818f590004003c00900c2400f100200018
:10cea000f05b8800015c8800f05b8000015c800022
:10ceb000809fbe0010a62f00801f7800e0b02000e9
:10cec000a1d30700e68757004f04be000080fa0098
:10ced000000006000200fa0030b720001040780081
:10cee0000080fb00000f78000e00780057f007006c
:10cef0001e0078008040780030b72000014878009c
:10cf00001e007800800040008092200000804000d9
:10cf100010007800801f7800d0a62f00801f7800b6
:10cf2000e0b0200088d30700e48757000080fa00b3
:10cf3000000006000000fa009047800080004000da
:10cf400060b9200000804000100078008000780068
:10cf5000000820005ff70700904780008000400035
:10cf6000c0bb2000008040001000780000000100dd
:10cf7000e1b02000000c200056f707009047800029
:10cf8000ea0f500002003200c05b8000a04788001a
:10cf90000080fa00000006000200fa00000f78008e
:10cfa000904780001e00400090478800a05b8000f2
:10cfb000680060000000e00006003a009047800032
:10cfc000e80f500003003a00904780001e00400028
:10cfd00090478800a15b8000000220000080600074
:10cfe0000000e0000c003a0090478000ea0f50007b
:10cff0000300320090478000eb0f500006003a001b
:10d000001e007800000040008000780090478000fb
:10d01000008040009047880090478000ee0f50004d
:10d0200001003400f228ef00904780000000e0008b
:10d0300002003d00e00020009047880090478000fb
:10d04000e60f500002003a00a0282000010037003f
:10d0500040062000d04688009047800077e6070011
:10d060000080fa00000006001a00fa00400f980045
:10d070000000eb00000f78000000eb00305b880040
:10d080001e00780080004000e0b2200000804000d8
:10d09000900078001e00780000004000000047006b
:10d0a0000080e800010878001e0078008000400041
:10d0b000e0b22000008040008000eb000108780012
:10d0c0001e0fe8001e007800ea0f5000ecff34004d
:10d0d0009c28ef00401680004300de0061406000a5
:10d0e0000080fb0000428800004280000000e00059
:10d0f00001003a00a028ef00a7ee070074ec07003b
:10d10000f04180000000e000040032004a28ef00f7
:10d1100051428000410f98004c003700f05a8000c7
:10d12000e10f500002003a007ded070005003700d6
:10d13000205a8000e90f50000200320090002000c9
:10d14000205a8800f4ed0700004280000000e00053
:10d1500013003200205a8000ea0f50001000320005
:10d1600090478000e10f500003003200904780009c
:10d17000e20f50000a003a00104580000000e00075
:10d1800007003a00004580000000e00004003a007b
:10d1900010002000e0418800ca82a8000200370089
:10d1a000ca82a9003c28ef0028ef07000f003700d3
:10d1b000de28ef00a0168000610060000000e000a3
:10d1c000020032000080eb00010037001000200058
:10d1d00071ff070057ff0700a0282000df010700ac
:10d1e0009a28ef0010002000f046880011168000f9
:10d1f00000002200008060000000e000ecff320030
:10d20000a0168000610060000000e000e8ff3a0026
:10d2100048ff070070168000700060000000e0000a
:10d220000a003a00805b800080007800a07f210027
:10d23000a4010700110020000000eb006eec0700c5
:10d24000f228ef000000eb00400f98004e0890001d
:10d250000000e0009eff3a000000eb00000f7800a5
:10d260001e00780000004000000047009000900081
:10d270001e00780000014000e0b2200000004100e4
:10d28000010878001e0fe8001e007800ea0f500029
:10d29000f3ff34003c28ef000080fa000000060095
:10d2a0000200fa00000f78001e0078000000e00085
:10d2b000090034001e007800e40f500006003c0016
:10d2c0001e00780080004000e07a2f0000804000bf
:10d2d00010007800090037001e007800e50f5000ac
:10d2e000030032001e007800e60f500002003a00f2
:10d2f000d0bd8700010037000080eb000080fa00fd
:10d30000000006000200fa00000f78001e007800fe
:10d310000000e000090034001e007800e40f500017
:10d3200006003c001e00e90080004000e07a2f006b
:10d330000080400010007800110037001e007800c7
:10d34000e50f5000030032001e007800e60f500089
:10d3500002003a00b0bd8700090037001e007800c7
:10d36000e60f5000050034001e007800e90f500061
:10d3700002003c00d0bd8700010037000000eb0038
:10d380000080fa00000006000400fa00889fbe003a
:10d39000905a80001007980020b7200010407800b5
:10d3a0000080fb00000f78001e0078000000e00005
:10d3b000030034001e007800f00f5000020034001b
:10d3c00010002000000f78001e0078004200dd00f1
:10d3d000000f78001e007800e70f500002003c00ac
:10d3e00080002000000f7800501680007000600060
:10d3f0000000e00003003a0040012000b045880032
:10d4000006003700b04580000000e0000300320055
:10d41000b04580000000e900b0458800b0458000bc
:10d420000000e00008003200ae28ef00b028ef0056
:10d430007045800081458000504588006145880026
:10d44000b228ef001500370071668000105c800084
:10d45000008040006101b8005045800061458000b7
:10d4600002004000838048005045880061458800e4
:10d47000606680006101b8007045800081458000d1
:10d480000200400083804800704588008145880084
:10d49000904580000000e80090458800904580009d
:10d4a0009e0f50003a003500e04180000000e0008f
:10d4b0003000320090458000cf80de00c212200094
:10d4c0000289b900020178006002b9008401780085
:10d4d00003014100c31220000300b8000101410014
:10d4e000820078005245800063458000820f500022
:10d4f000838f58001f003e001e0090004006b000c1
:10d500006101b8007045800081458000009ab90033
:10d5100004027800028bb9008602780005024200fe
:10d520000011b80003024200840178001e00900040
:10d530004006b1006102b80050458000614580009e
:10d5400000abb90006037800048cb90088037800aa
:10d55000070343000020b800010343008600780061
:10d56000800f5100818f590002003600100020000a
:10d57000f0448800ae28ef00b028ef00704580002e
:10d58000814580005045880061458800b228ef0041
:10d5900040168000680060000000e00010003200cb
:10d5a00071bd8700a0438000808f50000c003100c7
:10d5b000205a80003aff0700a1438000810f5000ed
:10d5c0000700310020458000e10f500005003c00bd
:10d5d000204580000000e800204588000100370059
:10d5e000a428ef0020458000e10f50000200340025
:10d5f0001000200000458800401680006800600090
:10d600000000e0000700320040458000e10f4000cc
:10d6100005003200404580000000e80040458800d9
:10d6200001003700a828ef00305a8000e30f5000b7
:10d6300018003a0040168000680060000000e0001a
:10d640001400320041458000800c2000808f500083
:10d6500010003e0071bd8700a0438000808f500005
:10d660000c003100205a800026ff0700a1438000f3
:10d67000810f50000700360030458000e20f500057
:10d6800005003c00304580000000e800304588007f
:10d6900001003700a628ef0030458000e20f50005f
:10d6a0000200340010002000004588004016800071
:10d6b000680060000000e00002003200b428ef00c3
:10d6c00006003700a0458000e10f500003003c0039
:10d6d000a04580000000e800a0458800e1448000eb
:10d6e000f07c2000808f500003003e00e04480006a
:10d6f0000000e800e0448800a0458000e10f5000f1
:10d700000f003c00f04480000000e0000c003a00f4
:10d71000004580000000e00009003a00f14180006f
:10d72000f0022000008060000000e00004003a00e9
:10d73000e1448000f07c2000808f50000100360022
:10d74000ca82a9004f04be000080fa000000060053
:10d750000200fa00d1448000010f78009a28ef00ff
:10d760001e0078000080fa00000006000000fa00a9
:10d77000400120000044880040062000104488003a
:10d780009021ef009621ef00c0122000600c88006d
:10d79000c0122000700c8800e0002000800c88007f
:10d7a000007d2000900c8800007d2000a00c8800e7
:10d7b000e0002000b00c880020cd21007008880017
:10d7c00013e1a8008ce0a8008c60a90020002000d4
:10d7d000200888007628ef000080fa00000006008c
:10d7e0000200fa00000f78001e007800f1a420006b
:10d7f000810f50001c003200f1a42000810f500066
:10d8000007003c0091392000810f500018003200c1
:10d8100031732000810f50001100320016003700d4
:10d82000e1252100810f500009003200a17f210075
:10d83000810f500004003200c1f62000810f50001b
:10d84000050032000c003700306420000b00370068
:10d85000105e200009003700a058200007003700a4
:10d860005055200005003700c0532000030037004a
:10d8700050522000010037001e0078000080fa009e
:10d88000000006000200fa00000f780030002000bf
:10d89000404488001e00e90060088800600880009d
:10d8a0000000d10030088800d622a900d222a900a9
:10d8b00011e1a80084c0a9008cc0a8000080fa0073
:10d8c000000006000400fa00000f7800110798001d
:10d8d000304480000000e0000d003a001e0090007f
:10d8e0000000e0000a0034001e0090002044880080
:10d8f000705c8000e10f500003003a001e007800c9
:10d90000b7ff0700010037001e007800ddff0700a9
:10d910000080fa00000006000200fa00000f780004
:10d920001821ef001e0078004300dd00e0088800a9
:10d9300086c0a90021e1a800000000003104800099
:10d9400000042000008060000000e000fbff3200c7
:10d9500021e1a9000080fa00000006000200fa00a0
:10d96000000f780002003700803e2000eaff070029
:10d970001e00780000f0a7000000ea000000ea00a6
:10d980004f00de00004078001e0fe9000004e000b8
:10d99000f5ff3a000080fa00000006000000fa00df
:10d9a000ca82a900e842a800e862a8000080fa0044
:10d9b000000006000200fa00000f780010c0b3005b
:10d9c00023f307001e007800e20f5000120032001f
:10d9d000e20f500005003c000000e00008003200ab
:10d9e000e10f50000900320014003700e30f50002f
:10d9f0000c003200e40f50000d0032000f00370021
:10da000020af2f00a6f407001100370030b02f0020
:10da1000a3f407000e00370040b12f00a0f4070068
:10da20000b00370050b22f009df4070008003700ac
:10da300060b32f009af407000500370070b42f0080
:10da400097f407000000000001003700000000000c
:10da5000a0168000610060000000e000fbff3200c3
:10da6000cfa2a900faff37000000fa0070e7870094
:10da7000a01088000c22ef000e22ef008520a900e4
:10da80008d20a8000de2a8000f42a8000080fa0037
:10da9000000006000200fa00000f78001e00780067
:10daa000e70f50000200340070002000000f7800e3
:10dab0001e0078008000400080ce2f0000804000d3
:10dac00010007800a01088000080fa000000060016
:10dad0000200fa00004f7800000000007110800082
:10dae00000202000008060000000e000fbff3a0002
:10daf0001e80fb00801088000080fa0000000600f5
:10db00000000fa0070108000620060000000e00079
:10db1000010032000e22a900f6c8bf0080c0ea0052
:10db2000f8c8bf0000c040000080fa0000000600f6
:10db30000000fa00f668ef0010c0b300f8e8b70084
:10db40000080fa00000006000000fa00000000005b
:10db5000ebff07000004e000fdff3200f6c8bf0045
:10db60000040e800f6e8b700f6c8bf000080fb0000
:10db7000e1a02000614078000080fa00000006006b
:10db80000200fa00f0ff0700004f78001e40780006
:10db9000cfff07001e4078000080fa00000006005a
:10dba0000600fa006000b800008fbe000040eb00e5
:10dbb00040479800e4ff07000074a1004047980028
:10dbc0004e4090000080fb000003b100e90f5000c0
:10dbd00014003e004e409000bdff07001e00900064
:10dbe0006a00b900000178001e0078006000b900ea
:10dbf00000007800000141009e007800a000200095
:10dc00000008b80001014100820078004e419000f8
:10dc10000281fb000203b100cf91de00021f400031
:10dc2000039748004e409000ed4f5000e1ff3a004e
:10dc30001e00be000080fa00000006000200fa008c
:10dc4000c1ff0700004f78001e80fb0022d00700b4
:10dc50000000e000faff32001e80fb0047d0070002
:10dc6000004f78001e40780099ff070090c3b30072
:10dc70009e40780080cf500002003e0000c3b300f9
:10dc80000100370070c3b3009e40780000cf500001
:10dc90001e4078000080fa00000006000200fa0032
:10dca000e6ff07004400dd00004f7800e3ff0700b7
:10dcb0001e4f40001e4078000080fa000000060061
:020000040000fa
:10000800b0740000167300005a7300005c7400009e
:100018008e740000b0740000b0740000b07400006a
:10002800b0740000b0740000b0740000b074000038
:10003800b0740000b0740000606e0000f86e00003c
:10004800b07400009e750000b0740000b074000029
:10005800b0740000b0740000b0740000b074000008
:10006800b0740000b0740000b0740000b0740000f8
:10007800b0740000b0740000b0740000b0740000e8
:10008800b0740000b0740000b0740000b0740000d8
:10009800b0740000b0740000b0740000b0740000c8
:1000a800b0740000b0740000b0740000b0740000b8
:1000b800b0740000b0740000b0740000b0740000a8
:1000c800b0740000b0740000b0740000b074000098
:1000d800b0740000b0740000b0740000b074000088
:1000e800b0740000b0740000b0740000b074000078
:0800f800b0740000b0740000b8
:020000040000fa
:10010800b0740000167300005a7300005c7400009d
:100118008e740000b0740000b0740000b074000069
:10012800b0740000b0740000b0740000b074000037
:10013800b0740000b0740000606e0000f86e00003b
:10014800b07400009e750000b0740000b074000028
:10015800b0740000b0740000b0740000b074000007
:10016800b0740000b0740000b0740000b0740000f7
:10017800b0740000b0740000b0740000b0740000e7
:10018800b0740000b0740000b0740000b0740000d7
:10019800b0740000b0740000b0740000b0740000c7
:1001a800b0740000b0740000b0740000b0740000b7
:1001b800b0740000b0740000b0740000b0740000a7
:1001c800b0740000b0740000b0740000b074000097
:1001d800b0740000b0740000b0740000b074000087
:1001e800b0740000b0740000b0740000b074000077
:0801f800b0740000b0740000b7
:020000040000fa
:0200000401f009
:04000800ffff0000f6
:020000040000fa
:0200000401f009
:04000400ff7f00007a
:020000040000fa
:0200000401f009
:04000000e5ff000018
:020000040000fa
:020000040002f8
:10cb4000536500006e7300006f7200003a2500000c
:10cb5000352e0000316600002563000020440000ef
:10cb600069730000706c000061790000656400006a
:10cb70003a250000342e00003066000025630000d6
:10cb80000a0d0000004c0000434400002042000059
:10cb900061720000204700007261000070680000b0
:10cba0002026000020430000686100007261000040
:10cbb000637400006572000020540000657300007b
:10cbc00074000000577200006974000065200000c6
:10cbd000415300004349000049200000746f0000e9
:10cbe000204c0000434400002c200000455300006e
:10cbf00043200000746f0000206500007869000089
:10cc0000742e00000a0d0000005700007269000039
:10cc100074650000204800004558000020740000a2
:10cc20006f2000004c430000442c00002031000025
:10cc300042200000746f0000206500007869000049
:10cc4000742e00000a0d0000004800006967000013
:10cc5000682d0000566f00006c74000061670000d2
:10cc6000650000004c6f0000772d0000566f00003b
:10cc70006c7400006167000065000000202800005f
:10cc800050720000652d00004c6900006d690000c5
:10cc90007429000000200000616c00006172000037
:10cca0006d200000697300002064000069730000bb
:10ccb000616200006c650000642e00000a0d000037
:10ccc00000250000372e00003366000020250000fc
:10ccd00073000000253500002e31000066200000a2
:10cce00057610000747400007320000028250000c4
:10ccf0007329000000250000352e0000306600007a
:10cd00002000000025730000252d00006425000090
:10cd1000630a00000d0000002534000069200000b7
:10cd20003d200000253500002e3200006656000030
:10cd30000a0d0000004c0000617300007420000028
:10cd4000566100006c690000642000004261000030
:10cd50006e64000020530000656c000065630000f5
:10cd6000742000003a250000730a00000d00000046
:10cd70002d2d00002d2d00002d2d00002d2d00004b
:10cd80002d2d00002d2d00002d2d00002d2d00003b
:10cd90002d2d00002d2d00002d2d00002d2d00002b
:10cda0002d2d00002d2d00002d2d00002d2d00001b
:10cdb0002d2d00002d2d00002d2d00002d2d00000b
:10cdc0000a0d0000002c0000206100006e790000b8
:10cdd000206b000065790000206500007869000084
:10cde000747300002e2e00002e0a00000d000000bb
:10cdf000546500006d7000006572000061740000f1
:10ce00007572000065200000536500006e7300001d
:10ce10006f72000020430000616c00006962000036
:10ce200072610000746900006f6e00000a0d00005e
:10ce3000004900006e700000757400002041000081
:10ce400074740000656e000075610000746f00006e
:10ce500072200000537400006174000075730000bc
:10ce60000a0d0000004400006976000069640000bb
:10ce7000652d0000427900002d5a00006572000007
:10ce80006f20000054720000617000000a0d000065
:10ce90000054000065730000742000005465000019
:10cea000726d0000696e000061740000656400002e
:10ceb0000a0d0000004100006c610000726d00006e
:10cec0002053000079730000746500006d2000009d
:10ced00054650000737400000a0d0000000a000091
:10cee0000d4600002d530000656e000073650000c4
:10cef0002054000065730000743a000020250000f3
:10cf0000730a00000d000000202000002031000006
:10cf1000363000006d200000383000006d20000029
:10cf2000343000006d200000333000006d20000020
:10cf3000323000006d200000313700006d2000000d
:10cf4000313500006d200000313200006d200000fe
:10cf5000313000006d0a00000d0000000a0d0000d5
:10cf6000496c00006c650000676100006c200000e7
:10cf7000566100006c750000652100000a0d00007c
:10cf8000004e00006f6e00002d500000726900001e
:10cf90006e740000616200006c65000020430000b8
:10cfa0006861000072610000637400006572000037
:10cfb000004e00006f7200006d6100006c00000008
:10cfc0004c6f000077200000537000006565000082
:10cfd000642000004f4e0000004d0000656400001a
:10cfe000697500006d200000537000006565000049
:10cff000642000004f4e00000048000069670000f8
:10d000006820000053700000656500006420000087
:10d010004f4e0000004f0000757400002d4f0000bf
:10d02000662d0000426100006e64000021000000d7
:10d03000312e0000384d0000487a00002f310000ea
:10d04000363000006d000000332e0000354d00002a
:10d05000487a00002f380000306d000000370000d3
:10d060002e3000004d4800007a2f000034300000c0
:10d070006d000000313000004d4800007a2f0000a4
:10d08000333000006d000000313400004d480000d6
:10d090007a2f0000323000006d00000031380000af
:10d0a0004d4800007a2f0000313700006d0000006d
:10d0b000323100004d4800007a2f00003135000069
:10d0c0006d000000323400004d4800007a2f00004f
:10d0d000313200006d000000323800004d48000081
:10d0e0007a2f0000313000006d000000556e000006
:10d0f0006b6e00006f7700006e2000004261000040
:10d100006e64000021000000444100005441000012
:10d110000041000044440000520000000a0d0000dd
:10d12000447500006d70000020450000455000006f
:10d13000524f00004d200000636f00006e7400002d
:10d14000656e0000747300000a0d000025340000b5
:10d150007325000032330000730a00000d25000023
:10d160002e32000033730000252e00003232000002
:10d17000730000000a0d0000253400002e3400006a
:10d18000583a000000250000352e000034580000f9
:10d19000000a00000d2500002e320000337300004d
:10d1a000252e000032320000730a00000d0000003e
:10d1b000416d000070730000005600006f6c0000ad
:10d1c000747300000025000033690000202d00006a
:10d1d0002025000073000000526500007665000005
:10d1e0007273000065000000466f00007277000057
:10d1f0006172000064000000257300000030000030
:10d20000202d0000204100006c6c00002041000037
:10d210006c610000726d0000732000004f6600001a
:10d22000660a00000d000000312000002d200000e3
:10d230004f760000657200002d43000075720000fb
:10d24000726500006e7400000a0d000000320000dc
:10d25000202d0000204800006967000068200000c1
:10d2600053570000520a00000d0000003320000058
:10d270002d2000004f760000657200002d54000044
:10d28000656d00007065000072610000747500003b
:10d29000726500000a0d000000340000202d00001f
:10d2a00020250000730a00000d000000342000005b
:10d2b0002d200000257300002573000000350000bc
:10d2c000202d00002025000073250000730a0000b7
:10d2d0000d000000352000002d2000002573000007
:10d2e000257300002573000000360000202d00008b
:10d2f00020250000732000004c6900006d690000cb
:10d30000740a00000d000000362000002d200000ef
:10d31000257300002573000000370000202d000059
:10d32000204100006c6c0000204100006c61000096
:10d33000726d0000732000004f6e00000a0d0000a7
:10d34000000a00000d2500002e320000307300009e
:10d350005b4300004f4d00004d4100004e44000073
:10d3600020540000414200004c4500005d250000b3
:10d370002e320000307300000a0d0000004800004b
:10d380002f3f000020480000656c00007020000066
:10d390002d20000028540000686900007320000060
:10d3a0005363000072650000656e0000290a0000ea
:10d3b0000d0000004120000020200000414400003a
:10d3c0004320000043680000616e00006e650000ad
:10d3d0006c200000447500006d7000000a0d000014
:10d3e0000042000020200000202500007300000003
:10d3f0004320000020200000257300000a0d0000db
:10d400000044000020200000204300006c65000064
:10d41000617200002046000061630000746f00002c
:10d42000727900002044000065660000617500000c
:10d430006c740000205200006573000065740000e9
:10d44000204300006f7500006e74000065720000dc
:10d450000a0d0000004500002020000020440000cc
:10d46000756d000070200000537900007374000097
:10d47000656d000020260000205500007365000047
:10d48000722000005365000074740000696e000093
:10d49000677300000a0d0000004600002020000015
:10d4a00020440000756d000070200000454500001c
:10d4b000505200004f4d0000206300006f6e0000ce
:10d4c000746500006e740000730a00000d00000017
:10d4d0004720000020200000546f00006767000014
:10d4e0006c65000020460000726500007175000048
:10d4f000656e00006379000020530000656e000037
:10d500007365000020540000657300007420000063
:10d510004f6e00002f4f0000666600000a0d0000ed
:10d5200000490000202000002025000073000000ba
:10d530004a2000002020000025730000004b00005e
:10d540002020000020420000757a00007a6500006b
:10d5500072200000536f0000756e00006420000010
:10d5600054650000737400000a0d0000004c0000b8
:10d570002020000020250000730000004d20000046
:10d580002020000025730000005a00002020000029
:10d5900020250000732500002e31000035730000a7
:10d5a000257300000044000049530000504c000067
:10d5b00041590000004900004e5000005554000041
:10d5c00000560000414c000055450000004300009b
:10d5d000484100004e4e0000454c0000000a00008b
:10d5e0000d2500003773000025360000732500006c
:10d5f0003873000025310000357300000a0d00006b
:10d60000252e000032320000732500002e3200006b
:10d6100032730000000a00000d4100004443000086
:10d6200025330000693a0000253600006925000016
:10d63000372e00003366000056200000000a00006c
:10d640000d2500002e34000073250000730000003b
:10d650000a0d000025730000456e0000746500008f
:10d6600072200000302c0000312c0000322c000011
:10d67000332c0000342c0000352c00003620000034
:10d680006f72000020370000202e00002e2e0000b8
:10d690000a0d0000000a00000d00000025730000c4
:10d6a00025730000536500006c6500006374000082
:10d6b00020530000636100006c6500003a20000008
:10d6c000302c0000312c0000323a00002000000015
:10d6d00025640000202d000020250000730a0000b2
:10d6e0000d000000203d0000253300002e32000018
:10d6f000585d0000000a00000d4500004550000084
:10d70000524f00004d20000052650000736500007c
:10d7100074200000436f0000756e00007465000007
:10d7200072200000636c00006561000072650000fb
:10d73000642e0000003500002d4400004c34000031
:10d740004a43000000760000342e00003032000012
:10d7500061000000200000005359000053540000f5
:10d76000454d000020430000414c000049420000ac
:10d7700052410000544900004f4e00002053000069
:10d7800045540000544900004e470000530000007b
:10d790000a0d000025330000337300000a0d00005d
:10d7a0002537000073460000697200006d770000a5
:10d7b00061720000653a000020250000732000001f
:10d7c00042750000696c0000643a000020250000ea
:10d7d000730a00000d2500003333000073000000c1
:10d7e000426100007474000065720000792000003e
:10d7f000566f00006c740000616700006520000037
:10d8000046610000637400006f720000203a00005f
:10d81000202500002d340000640a00000d000000e7
:10d820005041000020430000757200007265000046
:10d830006e7400002046000061630000746f0000f9
:10d84000722000002020000020200000203a00006c
:10d85000202500002d340000640a00000d000000a7
:10d8600052460000205000006f77000065720000f3
:10d87000204d000065740000657200002046000025
:10d8800061630000746f000072200000203a000005
:10d89000202500002d340000640a00000d00000067
:10d8a00052460000205000006f77000065720000b3
:10d8b000204d00006574000065720000204f0000dc
:10d8c000666600007365000074200000203a0000c6
:10d8d000202500002d340000640a00000d00000027
:10d8e0004265000065700000204c0000656e00007d
:10d8f0006774000068200000546900006d65000036
:10d90000202000002020000020200000203a0000fd
:10d9100020000000252d0000642000006d53000051
:10d920000a0d0000004f0000464600000a0d0000ee
:10d930000050000057520000204d000065610000bb
:10d9400073750000726500006d6500006e74000064
:10d9500020530000616d0000706c000065730000d2
:10d960003a20000000310000202800004f6600002f
:10d97000662900000a0d000000250000640a00006e
:10d980000d0000004f760000657200002d5600006b
:10d990006f6c000074610000676500002054000097
:10d9a000726900007020000020200000202000008c
:10d9b000203a000020000000257300000a0d00003e
:10d9c000005500006e640000657200002d560000d6
:10d9d0006f6c000074610000676500002054000057
:10d9e000726900007020000020200000202000004c
:10d9f0003a20000000500000726500002d4c00002d
:10da0000696d000069740000205400007269000014
:10da100070200000202000002020000020200000b6
:10da2000202000003a200000005000006f77000026
:10da300065720000204d00006574000065720000f2
:10da400020460000756c00006c2d00005363000040
:10da5000616c0000652000003a200000252d0000c8
:10da6000645700000a0d00000046000072650000c7
:10da7000712000004d6500007465000072200000f8
:10da8000436100006c690000627200006174000074
:10da9000696f00006e2000003a200000252d000074
:10daa000376c0000640a00000d0000005370000095
:10dab0006c61000073680000205300006372000076
:10dac000656500006e20000044690000737000006e
:10dad0006c61000079200000203a00002025000041
:10dae000730a00000d00000055530000455200006d
:10daf000204300004f4e00004649000047550000fb
:10db000052410000544900004f4e000020530000d5
:10db100045540000544900004e47000053000000e7
:10db20000a0d000025330000337300000a0d0000c9
:10db3000257300000046000072650000717500004a
:10db4000656e00006379000020530000656e0000e0
:10db500073650000204d00006f6400006520000028
:10db6000202000003a200000257300000a0d00006c
:10db70000053000065720000696100006c20000025
:10db80004c6900006e6b0000205000006f6c0000bc
:10db90006c6900006e67000020200000202000005b
:10dba0003a200000002500002d64000020530000f2
:10dbb000656300006f6e000064730000004f00009a
:10dbc00066660000000a00000d520000532d0000a0
:10dbd0003233000032200000506f000072740000e9
:10dbe000204d00006f640000652000002020000030
:10dbf00020200000202000003a2000005465000092
:10dc000073740000204d00006f640000650a00007e
:10dc10000d000000525300002d320000333200008e
:10dc2000205000006f72000074200000537000004c
:10dc30006565000064200000202000002020000016
:10dc4000203a0000202500002d6400003030000044
:10dc50002042000061750000640a00000d00000011
:10dc60004c4300004420000042610000636b000050
:10dc70006c69000067680000746900006e6700004e
:10dc8000202000002020000020200000203a00007a
:10dc9000202500002d340000640a00000d00000063
:10dca0004c43000044200000436f00006e740000ed
:10dcb000726100007374000020200000202000002a
:10dcc000202000002020000020200000203a00003a
:10dcd000202500002d340000640a00000d00000023
:10dce0005357000052200000547200006970000079
:10dcf000204c0000696d00006974000020200000c5
:10dd0000202000002020000020200000203a0000f9
:10dd1000202500002e320000660a00000d000000e1
:10dd2000466100006e200000537000006565000031
:10dd300064200000436f00006e740000726f0000ea
:10dd40006c2000002020000020200000203a00006d
:10dd500020250000730a00000d000000546500003b
:10dd60006d70000065720000617400007572000043
:10dd700065200000556e00006974000073200000eb
:10dd80002020000020200000203a00002025000074
:10dd9000730a00000d000000546500006d70000063
:10dda000657200006174000075720000652000005b
:10ddb000416c0000617200006d2000004c690000a1
:10ddc0006d690000743a0000200000004661000008
:10ddd0006e20000053740000617200007420000087
:10dde000546500006d7000006572000061740000f1
:10ddf0007572000065200000203a0000200000003d
:10de0000426100006e64000020440000697300005d
:10de1000706c000061790000205500006e69000000
:10de2000747300002020000020200000203a000031
:10de300020250000730a00000d000000477200005a
:10de40006170000068690000632000004c690000f8
:10de50006d690000747300002044000069730000c5
:10de6000706c000061790000203a0000202500005d
:10de7000730a00000d000000462d000053650000ed
:10de80006e73000065200000515300004b2000001d
:10de90002020000020200000202000002020000082
:10dea00020200000203a000020250000730a000016
:10deb0000d000000477200006170000068690000fa
:10dec0006320000044690000737000006c61000072
:10ded00079200000547900007065000020200000c7
:10dee000203a000020250000730a00000d00000009
:10def000506f000077650000722000004d65000043
:10df00007465000072200000547900007065000004
:10df1000202000002020000020200000203a0000e7
:10df200020250000730a00000d000000537400005b
:10df300061720000742d0000557000002050000038
:10df40006167000065200000202000002020000004
:10df50002020000020200000203a000020250000a2
:10df6000730a00000d00000043750000727200008b
:10df7000656e000074200000416d0000706c0000b0
:10df8000696600006965000072200000537400009b
:10df900061740000653a000020250000730a00004b
:10dfa0000d000000426100006e640000205300007c
:10dfb000656c000065630000742000004d6f000078
:10dfc00064650000202000002020000020200000c8
:10dfd000203a000020250000730a00000d00000018
:10dfe000252e000033390000730a00000d000000e8
:10dff000252e000033390000730000000a0d0000d8
:10e000002573000000420000616e0000643a0000c9
:10e010002025000073200000472500003169000022
:10e020003a2000003d200000253200006964000015
:10e03000420a00000d0000000a0d000025730000d8
:10e04000507200006573000073200000616e0000d4
:10e05000792000006b65000079200000746f0000db
:10e0600020730000746100007274000025730000ca
:10e070000a0d0000000a00000d5300006f7500003b
:10e080006e6400002054000065730000740a0000f4
:10e090000d4500006e74000065720000204600000f
:10e0a0007265000071750000656e00006379000004
:10e0b0002028000031300000302000002d2000001a
:10e0c0003430000030300000487a0000293a000067
:10e0d000200000000a0d000044610000746100008f
:10e0e00020560000616c0000756500003a200000b9
:10e0f000256c0000690a00000d000000456e00005c
:10e1000074650000722000006475000072610000f8
:10e11000746900006f6e000020280000313000009c
:10e12000202d000020330000322c00003030000091
:10e13000306d0000532900003a2000000043000029
:10e1400068610000722000003d200000307800006f
:10e15000252e0000325800000a0d00000043000088
:10e1600068610000722000003d200000307800004f
:10e17000252e000032580000202d00002025000030
:10e18000730a00000d000000203d00002025000063
:10e19000630a00000d000000203d00002025000063
:10e1a000730a00000d0000000a0d0000496e000017
:10e1b000766100006c69000064200000436f00007d
:10e1c0006d6d0000616e0000643a000020250000c3
:10e1d00063200000566100006c750000653a000085
:10e1e00020250000640a00000d0000000c00000063
:10e1f000180000003000000060000000c0000000b7
:10e200008001000040020000800400004e6f00000a
:10e21000726d0000616c0000004c00006f77000020
:10e22000004d000065640000697500006d0000008d
:10e23000486900006768000000460000616800004f
:10e24000726500006e6800006569000074000000df
:10e25000436500006c7300006975000073000000e6
:10e260005961000065730000752000004341000003
:10e27000540000004b580000322f00004b580000a3
:10e28000330000004a7500006d6100002d5400004d
:10e290005258000032000000462d00005365000077
:10e2a0006e73000065000000465400003831000025
:10e2b000372f000038310000380000004d610000a9
:10e2c0006e750000616c0000005800006965000078
:10e2d0006775000000480000523500003000000063
:10e2e000204d000020000000204100002000000020
:10e2f00047310000004700003200000047330000b3
:10e3000000470000340000004d4800007a00000083
:10e310004d6500007472000065730000004f00003e
:10e3200066660000004f00006e000000537400009d
:10e33000616e000064620000790000004f70000010
:10e340006572000061740000650000004175000006
:10e35000746f000000200000203f0000212000001a
:10e36000200000002020000031360000306d000049
:10e370000020000020200000383000006d00000068
:10e380002020000020340000306d0000002000003c
:10e3900020200000333000006d000000202000002d
:10e3a00020320000306d000000200000202000001e
:10e3b000313700006d0000002020000020310000f7
:10e3c000356d0000002000002020000031320000e8
:10e3d0006d0000002020000020310000306d0000a2
:10e3e00000200000202000003f200000200000004e
:10e3f000312e0000384d0000487a00000033000044
:10e400002e3500004d4800007a000000202000005a
:10e41000374d0000487a0000002000003130000035
:10e420004d4800007a00000020310000344d00000b
:10e43000487a000000200000313800004d480000fc
:10e440007a00000020320000314d0000487a0000c0
:10e4500000200000323400004d4800007a00000027
:10e4600020320000384d0000487a000000200000f3
:10e4700053610000766500002053000065740000c1
:10e48000746900006e670000733f00002000000008
:10e4900020520000657300006574000020440000f5
:10e4a00065660000617500006c740000733f000039
:10e4b000004f00002f500000205000006f77000038
:10e4c0006572000000530000575200000056000023
:10e4d0006f6c00007461000067650000004300007d
:10e4e00075720000726500006e7400000054000038
:10e4f000656d0000706500007261000074750000b9
:10e500007265000000410000757400006f2000007b
:10e51000426100006e640000204400006574000049
:10e52000656300007400000053650000726900001c
:10e53000616c0000205300007065000065640000fd
:10e540000053000065720000696100006c2000004b
:10e55000506f000072740000005000006f6c0000eb
:10e560006c6900006e670000204900006e740000b6
:10e5700065720000766100006c0000004c430000f2
:10e580004420000044690000737000006c610000ca
:10e590007900000053570000522000005472000020
:10e5a0006970000000460000616e0000204300001a
:10e5b0006f6e0000747200006f6c0000004f00006e
:10e5c0007665000072740000656d00007000000048
:10e5d000466100006e20000043750000742d0000ad
:10e5e000496e000020540000656d000070000000be
:10e5f000426100006e640000204400006973000066
:10e60000706c00006179000000470000726100003a
:10e610007068000069630000616c0000204c00001d
:10e62000696d00006974000073000000477200000b
:10e630006170000068690000632000004469000008
:10e64000737000006c610000790000005246000009
:10e65000205000006f77000065720000204d000020
:10e6600065740000657200000053000074610000d2
:10e67000727400002d5500007020000044690000f5
:10e68000737000006c61000079000000462d0000ee
:10e69000536500006e7300006520000051530000b8
:10e6a0004b00000005000000000000000003000017
:10e6b00000030000464100003b000000053d000053
:10e6c0003f4200000a0d000000000000004f000063
:10e6d00072690000676900006e6100006c00000054
:10e6e0004c6100007267000065000000536d00007f
:10e6f000616c00006c00000020200000204300003e
:10e70000616e0000636500006c6c000065640000d1
:10e710002120000020200000002000002020000018
:10e720002020000053610000766500006421000095
:10e730002020000020200000200000005761000081
:10e740007474000073000000644200006d0000005b
:10e75000202d00002d2d00002e2d00005700000060
:10e760002d2d00002e2d0000644200006d000000e1
:10e770004f4b000000450000727200006f720000f5
:10e7800021000000526500006d6f000074650000fc
:10e79000005400006573000074000000253500007f
:10e7a000733a00002538000069df0000256300008f
:10e7b000004c0000696d0000697400000053000007
:10e7c0007461000072740000005500006e69000062
:10e7d000747300003a25000031300000730000001f
:10e7e00050570000523a00004e6f000020420000d7
:10e7f000414e0000442b00003a59000065730000b0
:10e80000000a00000d2500007344000020460000af
:10e81000697200006d77000061720000653a0000c7
:10e82000202500007320000042750000696c000084
:10e83000643a0000202500007320000044610000bd
:10e84000746500003a200000257300000a0d0000e6
:10e85000004300006f7000007972000069670000db
:10e86000687400003a2000004a75000068610000ea
:10e87000204e0000696900006e6900006b6f0000a7
:10e88000736b0000692000002d2000004f4800003d
:10e89000324e00004c54000020260000204d0000a5
:10e8a0006174000074690000204800006f68000077
:10e8b000746f00006c610000202d0000204f0000ec
:10e8c00048370000535600000a0d000000280000e1
:10e8d0004164000064690000746900006f6e00000c
:10e8e000616c000020660000656100007475000026
:10e8f0007265000073200000616e0000642000005b
:10e900006d6f0000646900006669000063610000cb
:10e91000746900006f6e0000732000002d2000005d
:10e920004164000072690000616e00002052000026
:10e93000796100006e2000002d20000035420000ab
:10e940003441000049590000290a00000d00000070
:10e95000284d00006f6400006966000069650000d2
:10e960006420000062750000696c000064200000f3
:10e970002d200000444c0000344a000043290000d0
:10e980000a0d000000520000656d00006f74000069
:10e9900065200000506f00007765000072200000c5
:10e9a0004f660000660000002020000020440000a8
:10e9b0006174000061200000536100007665000072
:10e9c000640000002531000030730000253600008f
:10e9d0007300000020530000575200002000000088
:10e9e000204f00002f4300002000000020540000b2
:10e9f000454d00005000000020480000692d000037
:10ea00005600000020420000617400007400000005
:10ea1000204c00006f2d00005600000052530000f3
:10ea20002d320000333200002045000063680000f2
:10ea30006f20000054650000737400000041000066
:10ea40007761000069740000696e000067200000b3
:10ea500064610000746100002e2e00002e00000092
:10ea60000a0d0000525300002d3200003332000026
:10ea70002054000065730000740a00000d5000006f
:10ea800072650000737300002050000057520000b0
:10ea90002062000075740000746f00006e2000009a
:10eaa000746f00002065000078690000742e00007b
:10eab0002e2e00000a0d0000005200005820000019
:10eac00044610000746100003a20000025630000ea
:10ead0002020000030780000253200002e32000097
:10eae000580000000a0d0000525300002d320000b3
:10eaf00033320000207400006573000074200000b1
:10eb000074650000726d0000696e000061740000a1
:10eb1000656400000a0d0000002500003269000055
:10eb200020200000000a00000d00000053650000d6
:10eb30006c650000637400003a2500003973000022
:10eb40000042000061750000642000005261000076
:10eb5000746500003a250000346900003030000080
:10eb6000004d00006f640000653a00002531000090
:10eb70003173000000540000696d000065720000f0
:10eb80003a2500003669000020530000656300004c
:10eb900000540000696d0000657200003a2000001a
:10eba0002044000069730000616200006c65000091
:10ebb0006400000042610000636b00006c690000ab
:10ebc00067680000743a0000253600006900000004
:10ebd000436f00006e7400007261000073740000e7
:10ebe0003a25000037690000004c0000696d000004
:10ebf000697400003a250000382e000031660000dc
:10ec00003a3100000044000069730000706c00009d
:10ec1000617900003a2500003873000000540000bc
:10ec200079700000653a0000253100003173000062
:10ec30000050000061670000653a000025310000c7
:10ec40003173000000530000575200002d2d0000ca
:10ec50002e2d0000000a00000d4500004550000068
:10ec6000524f00004d200000436800006563000023
:10ec70006b730000756d0000730a00000d43000007
:10ec8000616c00006962000072610000746900003c
:10ec90006f6e0000202000003a2000002573000065
:10eca0000a0d0000436f00006e66000069670000f7
:10ecb0007572000061740000696f00006e3a000018
:10ecc00020250000730a00000d520000657300004b
:10ecd00065740000204300006f7500006e74000032
:10ece000657200003a200000256400000a0d000053
:10ecf000000a00000d45000045500000524f000082
:10ed00004d20000043680000656300006b73000045
:10ed1000756d000020450000727200006f720000e7
:10ed200021200000526500002d6c00006f61000082
:10ed3000646900006e670000204600006163000007
:10ed4000746f0000727900002044000065660000c6
:10ed5000617500006c740000730000002043000027
:10ed600068650000636b0000737500006d20000093
:10ed700045720000726f000072200000004c00001d
:10ed80006f610000646900006e67000020440000ad
:10ed900065660000617500006c740000730000007f
:10eda0004a5500004d410000205000004131000054
:10edb00030300000004f0000483200004e4c000090
:10edc000542f00003753000056200000444c000030
:10edd000344a00004300000020200000436100008e
:10ede0006c6900006272000061740000696f0000cd
:10edf0006e000000202000004d6f000064650000e0
:10ee00002537000073000000204400004953000033
:10ee1000504c000041590000203d000020500000ef
:10ee20006167000065200000004f000050450000b1
:10ee3000522000003d200000536100007665000074
:10ee40002f4500007869000074000000537900002d
:10ee500073740000656d0000204300006c6f0000bb
:10ee6000636b00003a200000256c00006920000060
:10ee70006b4800007a0a00000d00000020530000db
:10ee800054420000590000002020000054580000a7
:10ee900020000000204500007272000020000000e9
:10eea000204f00005045000052000000252d0000ba
:10eeb00031360000730000004b5800003320000082
:10eec0004d73000067200000546900006d6500006c
:10eed0002d4f0000757400000053000065740000a1
:10eee000207400006f3a0000202000002035000050
:10eef0002053000065630000730000002020000024
:10ef000020200000202000005573000065720000e2
:10ef100000200000436f00006e660000696700007b
:10ef20007572000061740000696f00006e000000df
:10ef300020250000362e000033660000202000004f
:10ef400000200000202000002020000000530000ce
:10ef50004f4d00004146000043000000dc0500006a
:10ef6000d1070000a10f0000401f0000e02e0000ac
:10ef7000983a0000384a0000d85900009065000017
:10ef8000317500000a0000008700000099010000b0
:10ef9000ab020000ba030000cc040000df05000053
:10efa000ed060000ff07000012090000200a000023
:10efb0009a990000114100003d0a000083410000c1
:10efc0000a0000000900000008000000070000001f
:10efd000060000000500000004000000030000001f
:10efe00003000000020000000100000063000000b8
:10eff0000a000000090000000700000006000000f1
:10f0000005000000040000000300000002000000f2
:10f010000100000063000000554e00004b0000009e
:10f020003136000030000000383000004d00000094
:10f03000343000004d000000333000004d0000006f
:10f04000323000004d000000313700004d0000005c
:10f05000313500004d000000313200004d0000004d
:10f06000313000004d0000004f4600004600000017
:10f07000505400005400000048520000424e00006e
:10f080002564000000480000524d000044250000a7
:10f0900064000000525800002c250000732c000072
:10f0a000257300002c25000064250000632c00005f
:10f0b000252e000031660000560000004852000076
:10f0c0005450000025640000256300000048000043
:10f0d00052560000542500002e31000066560000f4
:10f0e0000048000052410000543000000048000079
:10f0f0005242000052250000640000004852000007
:10f100004b5800003000000048520000544d0000f1
:10f1100000250000633a0000256300003a25000046
:10f12000633a0000256300003a25000032640000c5
:10f130003a250000316400003a250000332e00001b
:10f14000316600003a250000352e000032660000ce
:10f150003a250000342e0000316600003a250000f8
:10f16000352e0000316600003a25000033640000af
:10f170003a250000316400003a25000032580000b2
:10f180000a0d0000000000005e0000001b010000ee
:10f19000d701000093020000500300000c0400009f
:10f1a000c90400008505000042060000fe060000bc
:10f1b000ba0700000000000001000000020000008b
:10f1c0000300000003000000040000000500000030
:10f1d0000600000007000000080000000900000011
:10f1e0000a000000303400002f4f0000435400009c
:10f1f0002f3200003032000036000000352d0000b4
:10f20000444c0000344a0000430000007634000003
:10f210002e300000326100000000000000000000fd
:10f2200001000000070000000200000003000000d1
:10f2300004000000060000000500000054720000f9
:10f24000697000003a2500003131000073000000b1
:10f250004c6900006d690000743a00002539000017
:10f260002e3200006656000000430000616c000072
:10f2700025370000733a00002535000069000000c2
:10f2800046720000657100003a250000372e00002c
:10f2900033660000204d0000487a00000046000060
:10f2a00061630000746f0000720000004f66000090
:10f2b0006673000065740000005300007570000064
:10f2c000706c0000793a000020200000000000006f
:10f2d0004265000065700000204c0000656e000073
:10f2e00020300000203d0000204f00006666000036
:10f2f000004200006565000070200000546f0000af
:10f300006e6500002020000020200000202000006a
:10f3100020000000506f00007765000072200000a0
:10f32000417600006572000061670000696e0000b0
:10f3300067200000004f0000766500007276000034
:10f340006f6c000074610000676500002020000001
:10f3500020200000200000004f76000065720000b1
:10f36000766f00006c74000061670000652000008b
:10f370005472000069700000004c00006f770000bc
:10f38000205600006f6c000074610000676500008b
:10f390002020000020200000200000004c6f000012
:10f3a00077200000566f00006c7400006167000059
:10f3b00065200000547200006970000000500000d9
:10f3c000726500002d4c0000696d0000697400003a
:10f3d000205400007269000070200000200000002e
:10f3e000467500006c6c00002d5300006361000046
:10f3f0006c650000205000006f770000657200000f
:10f4000000530000706c0000617300006820000071
:10f410005363000072650000656e0000202000004c
:10f4200020000000284f0000666600002900000050
:10f4300042650000657000003a250000396900004f
:10f440006d5300000042000065650000703a000046
:10f45000253100003173000000530000616d000091
:10f46000706c0000657300003a25000036730000e0
:10f470002532000069000000546f00006e65000036
:10f480003a25000031310000730000004a550000a9
:10f490004d41000000520000532d000039320000a1
:10f4a000380000004d61000078200000506f00001f
:10f4b00077650000723a00002535000069570000aa
:10f4c0000046000061630000746f0000723a0000a3
:10f4d000253900006c6400000044000069730000de
:10f4e000706c0000617900003a250000387300005c
:10f4f000000a00000d5300006572000076690000ec
:10f50000636500002026000020430000616c0000bd
:10f510006962000072610000746900006f6e000093
:10f52000204d00006f640000650000000a0d00001f
:10f5300044490000535000004c410000592f000086
:10f54000434f00004e460000494700003a200000ab
:10f55000536500006c6500006374000020500000db
:10f5600061670000650a00000d4f00005045000073
:10f57000523a000020530000617600006520000030
:10f580002620000045780000697400000a0d000084
:10f59000000a00000d430000616c00006962000079
:10f5a00072610000746900006f6e0000207300003b
:10f5b00065740000746900006e670000732000002d
:10f5c000736100007665000064200000746f000025
:10f5d0002045000045500000524f00004d0a000039
:10f5e0000d0000004f730000636900006c6c0000a8
:10f5f000617400006f72000020540000726100000e
:10f6000070210000002000004164000064720000ce
:10f6100065730000732000005472000061700000e8
:10f620002120000020000000202000005374000072
:10f63000616300006b2000005472000061700000e4
:10f64000212000002020000000200000204d0000ac
:10f65000617400006820000045720000726f0000b5
:10f66000722100002020000020000000496e0000f0
:10f670007465000072720000757000007420000054
:10f6800045720000726f000072210000002000002f
:10f69000556e00006b6e00006f7700006e2000005a
:10f6a00045720000726f000072210000200000000f
:10f6b0000a0d000054520000415000003a200000a2
:10f6c0004f730000636900006c6c000061740000ff
:10f6d0006f72000020450000727200006f7200001f
:10f6e0000a0d0000004f000053430000434f00008c
:10f6f0004e20000030780000255800000a0d000060
:10f70000000a00000d54000052410000503a000071
:10f710002041000064640000726500007373000003
:10f7200020450000727200006f7200000a0d000098
:10f7300000570000302000003078000025580000fd
:10f740000a0d000000570000312000003078000052
:10f75000255800000a0d000000570000322000006c
:10f7600030780000255800000a0d00000057000006
:10f770003320000030780000255800000a0d0000fa
:10f7800000570000342000003078000025580000a9
:10f790000a0d0000005700003520000030780000fe
:10f7a000255800000a0d0000005700003620000018
:10f7b00030780000255800000a0d000000570000b6
:10f7c0003720000030780000255800000a0d0000a6
:10f7d0000057000038200000307800002558000055
:10f7e0000a0d0000005700003920000030780000aa
:10f7f000255800000a0d00000057000031300000bd
:10f800002030000078250000580a00000d0000009c
:10f8100057310000312000003078000025580000ea
:10f820000a0d0000005700003132000020300000b7
:10f8300078250000580a00000d0000005731000034
:10f840003320000030780000255800000a0d000029
:10f8500000570000313400002030000078250000ff
:10f86000580a00000d00000057310000352000004c
:10f8700030780000255800000a0d0000000a000042
:10f880000d54000052410000503a00002053000087
:10f8900074610000636b000020450000727200007c
:10f8a0006f7200000a0d0000000a00000d540000f5
:10f8b00052410000503a0000204d000061740000e9
:10f8c0006820000045720000726f0000720a00009c
:10f8d0000d0000000a0d00005452000041500000cd
:10f8e0003a2000005370000075720000696f00003c
:10f8f00075730000204900006e74000065720000fe
:10f9000072750000707400002045000072720000e3
:10f910006f7200000a0d000000000000383800007f
:10f92000380c000001060000253500002e300000d4
:10f9300066df000046000000253500002e30000084
:10f9400066df000043000000253600002e31000075
:10f950006657000000530000575200002534000095
:10f960002e31000066000000253600002e32000017
:10f970006656000000250000362e000031660000ab
:10f9800041000000253400002e31000066640000b4
:10f99000426d00000000000000000000803f0000f9
:10f9a00000000000803f000020bc0000be4c0000b2
:10f9b00000000000c842000000240000744900005c
:10f9c0000050000043480000cdcc0000cc3d0000ba
:10f9d0007f010000bf0000005f0000002f0000005a
:10f9e000170000000b0000000700000003000000eb
:10f9f000090000000a0000000b0000000e000000db
:020000040000fa
:10dcc000809fbe003400f80020002000a0018800e2
:10dcd0000000fa0040448000e20f50001a003200b9
:10dce000e30f50002d003200e10f5000030032001e
:10dcf000d222a8008cc0a90038003700b0168000de
:10dd00006200600000f0a7000000ea000000e900e7
:10dd10004f00de00004078000080fb0061006000e2
:10dd200000004000b11680000110a1000100700049
:10dd3000b0168800600880000000d10060088800ec
:10dd40008828ef0025003700b016800062006000d0
:10dd500000f0a7000000ea000000e9004f00de002c
:10dd6000004078000080fb0061006000000040007f
:10dd7000b11680000110a10001007000b0168800eb
:10dd8000b0168000620060000000e0001200320067
:10dd9000100020004044880010003700b0168000ba
:10dda0006200600000f0a7000000ea000000e90047
:10ddb0004f00de00004078000080fb006100600042
:10ddc00000004000b11680000110a10001007000a9
:10ddd000b0168800010037000000000084c0a900d0
:10dde0000080fa003400f9004f00be000040060039
:10ddf0003600f800809fbe00829fbe00849fbe0058
:10de0000869fbe003400f80020002000a00188009a
:10de10000200fa000000eb00000f780084e0a90087
:10de200005e1a90000088000a04388000021ef0060
:10de300005e1a800104480000000e0000d00320061
:10de4000a04380008000eb0061014000e0814800b9
:10de500060418000714180000200400083804800e2
:10de60006041880071418800104480000000e90092
:10de700010448800004480000000e00021003200cf
:10de80001e00780080004000e07a2f0000804000f3
:10de900090007800a0438000808f50000c00390073
:10dea0001e0078008000400040c720000080400035
:10deb000100078008000e8001e007800000140009b
:10dec00040c720000000410001087800040037002e
:10ded0001e0fe8001e007800e90f5000e8ff340034
:10dee0001e007800ea0f500003003a003c28ef00c3
:10def000a0002000205a8800004480000000e900b3
:10df000000448800204480000000e0000800320047
:10df1000204480000000e900204488002044800064
:10df20000000e00002003a00200020004044880089
:10df3000d04380000000e00003003200d0438000a6
:10df40000000e900d0438800f04380000000e000ba
:10df500003003200f04380000000e900f043880035
:10df6000104580000000e0000300320010458000f2
:10df70000000e90010458800c04380000000e00078
:10df800003003200c04380000000e900c043880065
:10df9000b04380000000e00003003200b043800086
:10dfa0000000e900b0438800204080000000e0004d
:10dfb00003003200204080000000e900204088007b
:10dfc000e04380000000e00007003200e0438000f2
:10dfd0000000e900e0438800e04380000000e0002a
:10dfe00001003a003c28ef00f04180000000e00012
:10dff00078003a00504480000000400050448800ff
:10e000001116800000002800008060000000e00081
:10e0100004003a00504480000000a00050448800f2
:10e0200003003700504480000000a10050448800e5
:10e0300060448000000040006044880011168000a9
:10e0400000002400008060000000e00004003a00ae
:10e05000604480000000a000604488000300370096
:10e06000604480000000a10060448800704480008b
:10e070000000e0000b003a0050448000e10f400037
:10e080000e003a001000200070448800a0282000f4
:10e09000b0448800d04480000000e800d0448800ec
:10e0a00006003700504480000000e00003003a0002
:10e0b0008e28ef009628ef009228ef008044800021
:10e0c0000000e0000b003a0060448000e10f4000d7
:10e0d0000e003a001000200080448800a028200094
:10e0e000c0448800d04480000000e900d04488008b
:10e0f00006003700604480000000e00003003a00a2
:10e100009028ef009828ef009428ef00b04480009a
:10e110000000e00008003200b04480000000e90088
:10e12000b0448800b04480000000e00002003a00e3
:10e13000d046800090448800c04480000000e00089
:10e1400008003200c04480000000e900c04488009c
:10e15000c04480000000e00002003a00d046800089
:10e16000a0448800904480000000e0000b003200d2
:10e17000904480000000e9009044880090448000b2
:10e180000000e00005003a00d0468000904488007e
:10e19000d04480000000e800d0448800a044800003
:10e1a0000000e0000b003200a04480000000e90005
:10e1b000a0448800a04480000000e00005003a0070
:10e1c000d0468000a0448800d04480000000e900d0
:10e1d000d04488003adf07006bfc07000080fa009b
:10e1e0003400f9004f03be004f02be004f01be00d5
:0ce1f0004f00be003600f90000400600a1
:020000040000fa
:10e1fc00c60c00000c00000000000000ea08000043
:10e20c000400000000000000fc08000012010000e7
:10e21c000200000006f10d00f111f10018f11d00d3
:10e22c00f128f10030f13a00f142f1004cf15400c8
:10e23c00f15ef10065f16b00f170f10074f17800a2
:10e24c00f17bf1007ef18100f184f10088f18f0007
:10e25c00f193f10096f19e00f15ef100a6f1ab0096
:10e26c00f1b2f100b9f1c000f1c7f100cef1d50067
:10e27c00f1dcf100e3f1ea00f1f1f100abf1f800af
:10e28c00f1fff10006f20d00f214f2001bf2220075
:10e29c00f229f20030f2f100f137f20048f25900a5
:10e2ac00f263f20067f26f00f277f20083f29400ef
:10e2bc00f2a1f200adf2be00f2bef200caf2d3003f
:10e2cc00f277f200dff2e800f2f8f20005f3160044
:10e2dc00f326f30035f34600f352f30059f35e00d6
:10e2ec00f365f30065f36700f370f30076f37c00dd
:10e2fc00f38df3009ef3a400f3a8f300b0f3b80081
:10e30c00f3bbf3008ff1c200f3c9f3000cf810005b
:10e31c00f814f80018f81c00f820f80024f828006d
:10e32c00f82cf80030f80c00f834f80038f8ae008f
:10e33c003b483c00623c18003ba83c00be3c5000f3
:10e34c0045504500504590004342440084458000b0
:10e35c00448e45003848d6004800490028495c00e6
:10e36c00497e4900a049c80049ee4900324a700074
:10e37c004ac24a00e24a02004b284b00484b6e004e
:10e38c004b0000000e0b0000880000000000000095
:10e39c00000800007400000000000000d808000015
:10e3ac001200000002000000c8006400000400001d
:10e3bc0001000100006400000100520000ffff009a
:10e3cc00b80c00000e0000000200000094fc9c0041
:10e3dc00fca4fc00abfcb400fcbbfc00c2fc0000c9
:10e3ec00880c00001000000000000000ee08000087
:10e3fc0004000000000000001c0c00003a000000ab
:10e40c0002000000d9e7e000e7ede700fde70b00b4
:10e41c00e818e80024e82f00e83ae80044e84e0049
:10e42c00e858e80062e86c00e876e8002e585000e6
:10e43c0058725800b058be0058da580028593800a5
:10e44c00594c59006059740059a65900e2591600ec
:10e45c005a000000960b000044000000020000006f
:10e46c005df96700f967f90067f96800f979f90057
:10e47c008af99b00f9acf900bdf9ce00f9dff9007f
:10e48c00f0f96700f901fa0067f91200fa46fa0090
:10e49c004bfac200630264002e645600647e640072
:10e4ac00b264e200642a65005065a60065ce650082
:10e4bc002466c20066fc66006a670000f208000071
:10e4cc000400000000000000740c000014000000a8
:10e4dc000000000074080000440000000000000070
:10e4ec00b808000020000000000000000e0a000028
:10e4fc000001000000000000f6080000020000000f
:10e50c0000000000f80800000200000002000000fb
:10e51c0001000000fa0800000200000000000000ea
:10e52c00d20c00000200000000000000da0b00001a
:10e53c004200000002000000de0be0000be00b00cc
:10e54c0001000300000000000000000000000000bb
:10e55c00000030001e0000000000000000a41800a5
:10e56c00b00e0000000000000000000000000000e1
:10e57c00000000000000000000000000000000008f
:10e58c00000000000000000000000000000000007f
:10e59c00980c00001000000002000000494e4600dc
:10e5ac0000696e0066004e00414e00006e616e0008
:10e5bc0000000000560c00001e00000002000000cd
:10e5cc00286e69006c29000025006800076c0900a2
:10e5dc004c836a009074a0007ac0000080688800a8
:10e5ec0000846c0082008100a80c00001000000068
:10e5fc0002000000494e460000696e0066004e00a5
:10e60c00414e00006e616e0000000000d40c000052
:10e61c0002000000020000000100000000000000e9
:020000040000fa
:10e62c003600f800809fbe00829fbe00849fbe0013
:10e63c00869fbe003400f80020002000a001880056
:10e64c000200fa00d2fc070030032000a010880062
:10e65c000000eb00000f7800020037000000000003
:10e66c001e0fe800f0cf27009e007800808f50002e
:10e67c00faff340080b52f00801f780004cd07000e
:10e68c008f87e900103a8000801f780030b72f0088
:10e69c00801f7800fecc0700e48757000000eb00d9
:10e6ac00c1fc0700ffff37003600f800809fbe005a
:10e6bc00829fbe00849fbe00869fbe003400f8007f
:10e6cc0020002000a00188000000fa00c04588004e
:10e6dc00d1458800e2458800f3458800044688004f
:10e6ec00154688002646880037468800484688002c
:10e6fc00594688006a4688007b4688008c4688000c
:10e70c009d468800ae468800bf468800a0fc0700e6
:10e71c0010b82f00801f7800ddcc07008f87e90030
:10e72c00c0458000801f780090b92f00801f7800b2
:10e73c00d7cc0700e4875700d0458000801f7800b5
:10e74c0030ba2f00801f7800d1cc0700e487570027
:10e75c00e0458000801f7800d0ba2f00801f780021
:10e76c00cbcc0700e4875700f0458000801f780071
:10e77c0070bb2f00801f7800c5cc0700e4875700c2
:10e78c0000468000801f780010bc2f00801f78008e
:10e79c00bfcc0700e487570010468000801f78002c
:10e7ac00b0bc2f00801f7800b9cc0700e48757005d
:10e7bc0020468000801f780050bd2f00801f7800fd
:10e7cc00b3cc0700e487570030468000801f7800e8
:10e7dc00f0bd2f00801f7800adcc0700e4875700f8
:10e7ec0040468000801f780090be2f00801f78006c
:10e7fc00a7cc0700e487570050468000801f7800a4
:10e80c0030bf2f00801f7800a1cc0700e487570091
:10e81c0060468000801f7800d0bf2f00801f7800da
:10e82c009bcc0700e487570070468000801f78005f
:10e83c0080c02f00801f780095cc0700e48757001c
:10e84c0080468000801f780030c12f00801f780028
:10e85c008fcc0700e487570090468000801f78001b
:10e86c00e0c12f00801f780089cc0700e487570097
:10e87c00a0468000801f780090c22f00801f780077
:10e88c0083cc0700e4875700b0468000801f7800d7
:10e89c0040c32f00801f78007dcc0700e487570011
:10e8ac001000200040fc0700ffff37003600f80086
:10e8bc00809fbe00829fbe00849fbe00869fbe00cc
:10e8cc003400f80020002000a00188000000fa00ad
:10e8dc00bf4688000f9020002dfc0700f0c32f00ce
:10e8ec00801f78006acc07008f87e900b046800053
:10e8fc00801f780040c32f00801f780064cc070075
:10e90c00e48757002000200027fc0700ffff37009a
:10e91c003600f800809fbe00829fbe00849fbe0020
:10e92c00869fbe003400f80020002000a001880063
:10e93c000000fa0016fc070050c52f00801f78005d
:10e94c0053cc07008f87e9003000200016fc07002d
:10e95c00ffff37003600f800809fbe00829fbe008c
:10e96c00849fbe00869fbe003400f800200020006b
:10e97c00a00188000000fa0005fc070090a0a90087
:10e98c009120a900a0c62f00801f780040cc070062
:10e99c008f87e9004000200003fc0700ffff3700d1
:020000040000fa
:10e9ac008a1f78008b1f78000000060091018800f8
:10e9bc00800478000000eb001a003700e284440069
:10e9cc0032a0b4009905ba00e284440032a0b4002d
:10e9dc009906ba00e284440032a0b4000006eb00b1
:10e9ec00476fde00fd07b200636ce10003003a00e4
:10e9fc00ebff07000000eb000a003700606ce10041
:10ea0c0004003a00005deb008b05e900fdff3e00c1
:10ea1c00040037006168e100010032000086eb0061
:10ea2c000b00070019c7ba001905ba000e04e00064
:10ea3c0003003a000a00e000e0ff3a000000060084
:10ea4c00fe07b2009e0188008a047800f5ff3700ab
:10ea5c00395dba008b05e9000c003200295dba0063
:10ea6c008b05e900080032000c00e00003003a00be
:10ea7c00e284440032a0b400f5ff370019ddba007f
:10ea8c008b05e900faff3a008904e800e1844400b0
:08ea9c0032a0b40000000600e6
:020000040000fa
:10eaa400afec20000e7922000e0188000000000067
:10eab400000020000000e0000200320000012000fd
:10eac4002002880014000700a1c607000000e0002f
:10ead40003003a00e00f2700010020000200370085
:10eae4000000200001002000810f700001003200ae
:10eaf400b0ff0700000020000000e0000200320028
:10eb04000000020000000000be4c020000000000f3
:10eb14000040da000000fe004440a9000076210015
:10eb24000000e0000300320020002000a001880063
:08eb34004440a80000000600a7
:020000040000fa
:10eb3c00809fbe00829fbe003400f80020002000a1
:10eb4c00a00188000200fa008520a9000e00370001
:10eb5c0090108000004f7800f8c8bf008040e8009b
:10eb6c00f6c8bf0080cf500007003200f8c8bf00c5
:10eb7c008080fb00e2a020009e41780003f1780029
:10eb8c000040e800f8e8b7007010800061006000f9
:10eb9c000000e000eeff3a007010800062006000a0
:10ebac000000e000010032000e22a9000080fa00f3
:10ebbc003400f9004f01be004f00be0000400600bb
:00000001FF
