:020000040000fa
:0800000064760400000000001a
:020000040000fa
:100200006476040000000000ee5a040000000000c4
:10021000826e0400000000001e3e0400000000008a
:10022000ca39040000000000aa57040000000000c2
:10023000a436040000000000b63a040000000000ec
:10024000e23b0400000000007c3c040000000000d1
:10025000963c0400000000004c3b0400000000003d
:10026000dc3c040000000000f23c04000000000040
:100270003446040000000000cc43040000000000ed
:100280001a45040000000000684604000000000059
:100290005845040000000000724604000000000001
:1002a0001849040000000000b649040000000000e6
:1002b000e049040000000000084a040000000000bb
:1002c0003c4a0400000000005e4a040000000000f8
:1002d000804a040000000000a84a0400000000005a
:1002e000ce4a040000000000124b04000000000091
:1002f000504b040000000000a24b0400000000006e
:10030000c24b040000000000e24b040000000000ab
:10031000084c040000000000284c0400000000000d
:100320004e4c040000000000f458040000000000df
:1003300016590400000000003859040000000000b5
:1003400076590400000000008459040000000000f9
:10035000a059040000000000ee5904000000000055
:10036000fe59040000000000125a040000000000c2
:10037000265a0400000000003a5a04000000000061
:100380006c5a040000000000a85a0400000000009d
:10039000dc5a040000000000846404000000000037
:1003a000c464040000000000f064040000000000c9
:1003b0001865040000000000406504000000000013
:1003c0007465040000000000a46504000000000043
:1003d000ec6504000000000012660400000000004c
:1003e0006866040000000000906604000000000041
:1003f000e6660400000000008467040000000000be
:10040000be670400000000002c680400000000002b
:10041000301e040000000000a418040000000000ca
:10042000b00e0400000000000a00fa0011002000d5
:10043000b1bf9f00c0bf9f006a805700e211070054
:100440004fb897000080fa00000006000a00fa008a
:10045000e20f500034003e00e0668000e10f5000e3
:1004600003003200e20f500011003a000c00370088
:10047000c32020000300e00001003a000040da0041
:100480000c02e200020035001422ef000de2a80089
:100490000f42ab000d003a000f42a8000b003700de
:1004a000632120000300e00001003a000040da0070
:1004b0001602e200020035001e22ef0017e2a8003b
:1004c0001942ab0001003a001942a80082017800ed
:1004d0000b0037003102fb00e10f500004003a002e
:1004e0000f22ab00feff3a008410880003003700a3
:1004f0001922ab00feff3a00d41088008301e90006
:100500000300e000f3ff3a00e10f500003003a005f
:100510000f02ab00feff32000b0037001902ab00e8
:10052000feff32000800370033002000b3bf9f00f9
:10053000c0bf9f00d1bf9f00e2bf9f006a805700ed
:10054000a31107006fb99700020078000080fa003d
:100550000000060000000500839f68000100e00025
:1005600002003d0060001000e08018000300e00081
:1005700002003d0060011100e08119004200070007
:100580004f00e00002003b0060001000e080180017
:1005900000000600f4ff2f00a00337000001be009a
:1005a000240007000470a70003f0a1006509b10052
:1005b000160032000d0035006828e1000600350005
:1005c000f0ff2f00f1ff27000300e00013003b00c5
:1005d0000100280000000500000040008180480064
:1005e0008502e900fcff3a0008003700f88f42005e
:1005f00002003c008000eb00000005008100d100fb
:100600000080d3008502e800fcff3a000300e00010
:1006100002003b0060001000e080180000000600af
:100620004f89de0082017800970337006011b8001f
:10063000a5033700c70ade00f107b200f50fb200cc
:1006400008003200e1cf4200020032000170a00039
:1006500024000500810f700001003200040805002d
:1006600044000500810f700002003a0014000500ec
:100670008502e9000000400081c04800fcff3b000b
:100680000170a000240005006022b80006022000ce
:100690000000d0008180d2000482d2008582d20086
:1006a0000000a0000202520083825a0003003100c1
:1006b0000202420083824a000000a1000603e90012
:1006c000f3ff3a000000060007f8270007836100e7
:1006d0000638e10004003a00f70720008783610034
:1006e0008703710001003a0003f0a200889fbe005a
:1006f0008a9fbe008c9fbe00470ade000480a100d6
:10070000c71ade000580a1000700280007856000e9
:1007100087856100f70f20000720e1009e0032006e
:100720000728e1009c003200010678000400e00088
:10073000b4003200f7072000878060000170a0003d
:100740000500e000c0003200f7072000878161004b
:100750000370a000050652000f003a000b50e100a4
:100760000b0032000308e10002003a000200e10041
:100770007e003200020450008384580004003100df
:100780000001fd008101fd008402fd008a05fd00dd
:100790006044b800210037000520e10005003d005d
:1007a0000001fd008101fd008402fd008a05fd00bd
:1007b000050652007a60e100050035000170a100d5
:1007c0004722dd00848070008a807000630037005b
:1007d0006044b800ef02660007ff2f0007066600be
:1007e0000500e00006003400f08312008714dd00ed
:1007f0000511de00071bdd00060171008519de0012
:100800007060e1000500350009047800820478007a
:10081000030178008001eb00700656000b50e100e8
:1008200003003a00020040008380480004003700c3
:1008300060041400e0841c0002005800838058000b
:100840000188a300060032008100d1000080d3009f
:100850008984d3000884d3000402e800270037000d
:100860000178a30025003a000100e00003003200f7
:100870008186cf00698656000a0037008c00200070
:100880000000e00004003a000900780088047800c5
:100890000004eb00700252008086cf000d06460077
:1008a0000c06e9007060e100060035008000780069
:1008b00009007800880478000004eb0070065600f8
:1008c000700252000c00e0000c0034008c08dd00c7
:1008d000f00316000703de00868070000c00dd00c8
:1008e000074bde00060070008c4cdd000743de0085
:1008f000868474000c44dd000c0252006120e1008b
:100900002000350061016000070028008781640035
:10091000f7ff270087836400070374000300e000eb
:100920000600320082037300040032000000e80079
:10093000e08048000188a3000e003a00f70f200075
:100940000720e1004a003d000170a1004722dd00c0
:10095000810072008a8070000000be004f06be0059
:100960004f05be004f04be00000006006000b80046
:10097000faff37008100d1000080d3000402e800b4
:10098000eeff37000401780089017400a10107001f
:100990008a807000f1ff3700f70107000702780036
:1009a0000001fd008101fd00f301070087027800ce
:1009b000850372000778a300040032000001fd00e7
:1009c0008101fd0006020700e4ff37008503620095
:1009d0000768a300080032000b50e100030032005a
:1009e000f0ff2f00f1ff2700dcff37000001fd00c2
:1009f0008101fd00d9ff37000468a300d7ff320052
:100a0000faff3700f8ff2700888360000b003a00e8
:100a10000000e00009003a00830364008283730051
:100a2000020032000200be00ccff37000b50e10094
:100a3000ceff3a000200be00c8ff370014002000bd
:100a4000810064003eff3700f8ff270088836100c3
:100a500004003a000200e00002003a008c00780036
:100a6000beff3700150020008301640039ff370006
:100a700001f827000000200081007500b7ff370053
:100a8000889fbe008a9fbe008c9fbe001b00200076
:100a90000202be0005866800060028000606660001
:100aa0004709de00f20fb200820032000243e80084
:100ab00080003200c729de00f30fb2007d00320053
:100ac0000343e8007b003200f107b2000170a00090
:100ad000f507b2000570a000c708dd004903de007d
:100ae000868070004700dd00c72add004923de0054
:100af000868272004722dd00030551000403500086
:100b000085835800030031000000400081804800c8
:100b10000a05e9008c1f78008a9fbe00040050007f
:100b2000858058000402420085824a00000040008f
:100b3000818048000005eb000004be006033b8006f
:100b40000406be000d48e100560031001100090006
:100b50004dccd8000c01b8000d02b80084814100d2
:100b600060824a008283530003045c0084845c003a
:100b700060055d000a00e00025003a00800578006d
:100b80000d40e1004900310088007800070078003e
:100b9000110009004d88d8000c01b8000d02b80002
:100ba0008481410060824a006003110083835b00fe
:100bb00004045c00e0845c000900e00021003a00cd
:100bc0004f01be000300e0002b003200e301600093
:100bd000070673008c817100010032006400700010
:100be0004200de004e5edd000c007000c258de00e8
:100bf00001e0a00083010700cf017800818071002f
:100c00004f06be004f05be004f04be0000000600a8
:100c10008c8343000d044c00e0844c0060054d00c3
:100c20000000e9000a00e000d4ff32008c8343009a
:100c30000d044c00e0844c0060054d000000e9000c
:100c4000ceff37000c0343008d834b0060044c0043
:100c5000e0844c000000e9000900e000d8ff320009
:100c60000c0343008d834b0060044c00e0844c0077
:100c70000000e900d2ff37004200de004e5edd00da
:100c80000c007000c258de0001e0a000cf01780027
:100c90000300e000daff320060001000e08018007e
:100ca000d7ff3700f0ff2f00aaff3700f0ff2f001b
:100cb000b9ff37000404be002f0107008706780043
:100cc0000004fd008104fd002b010700078366007e
:100cd0000678a300030032000960a7000800be00e8
:100ce0002c0037000d78a300020032000800be007f
:100cf000280037000778a30026003a0001f0a10081
:100d000009f0a1000668a30003003200f1ff2700ec
:100d1000f0ff2f00baff37000d68a3000300320078
:100d20000800be008c807000b5ff37000768a30084
:100d300007003a000648a30003003200f1ff270035
:100d4000f0ff2f00aeff37000d48a3000300320074
:100d50006000b8008c807000a9ff37000748a3002e
:100d60000400320001f82700000020008c80700091
:100d7000a3ff3700760107000004fd008104fd0099
:100d800002057800720107000802be008a0178009f
:100d900059ff37000160a0001202200012488800ad
:100da00097ff37000100e000120032000500e0006c
:100db00010003200889fbe008a9fbe008c9fbe003c
:100dc0000006eb0001f8a3000300320060001000f1
:100dd000e08018000cf0a00005f8a300030032002a
:100de00060021200e0821a000cf0a2008005eb0005
:100df00041ff37006000b80002000500038368006f
:100e00000700280007036300470ade000480a100f2
:100e1000c71ade000580a100f70f20000720e100bf
:100e2000420032000728e10040003200889fbe00e7
:100e30008a9fbe008c1f7800f107b200f307b20052
:100e40000400e000640032000170a0000500e00032
:100e5000680032000370a00085054200eb07b10076
:100e60000204b8000302b8008484440060854a008c
:100e7000020ab800848444000a854a00030ab800c4
:100e800004054500040033000804d0008984d20022
:100e90000a85d2008b05e9006158e1003d0035006c
:100ea000021020000901610003082000898161000f
:100eb000f70720008783640008867300c84cde00b3
:100ec000c853dd00878474004855de000300e0004d
:100ed0000600320082037600040032008904e80034
:100ee00060054d000a88a3000c003a00f70f2000af
:100ef0000758e10044003d000a70a100c75ddd0015
:100f00000a8575008a007300090078004f06780092
:100f10004f05be004f04be00000006000a05d100c8
:100f20008984d3008b05e800f0ff3700881f780024
:100f30000604780090000700070278000001fd0019
:100f40008101fd008c000700870278008503720094
:100f50000778a300050032000001fd008101fd00bb
:100f60009f0007004f047800000006008503720010
:100f70000748a30003003200f0ff2f00f1ff270015
:100f8000f8ff37000000200001f82700888070007b
:100f9000f4ff3700880178004848dd008081710047
:100fa0004848de00c850dd0001007000c850de0077
:100fb000060478000b017800160007008880700096
:100fc000d2ff37000500e0000500320017002000c6
:100fd0003a0007009dff370081037000f9ff3a00d7
:100fe000860078004f0678004f05be004f04be0013
:100ff0000000050083037100f9ff32002700200084
:101000002e00070094ff370001f82700868070004b
:10101000f4ff37000100e0002600320061011100fa
:101020007810e10023003c006022b8007010e1005d
:101030000400350080027800010078008000eb0099
:10104000700151000200e00009003400700311003b
:10105000062add00822ade008603dd008782720018
:101060000200de00860bdd00070070008208de0053
:1010700084817100f4ff2700048262008481710082
:1010800004002800848262006102600005f0a6006e
:101090000000060004827100070032000000e80032
:1010a000e0804800000006000002be006000b800ba
:1010b000efff37006000b80000000600889fbe0008
:1010c0000004eb006138e10016003a000100e00086
:1010d00008003a00c800de004800dd00880020005b
:1010e0000100e00003003a00c800de004800dd0017
:1010f000680444008184cf00e98454000600340071
:101100008908dd00f08314008703de00878070000b
:101110000900dd0009044400610214004f04be0010
:10112000000006000300e00008003a00c811de00dd
:101130004811dd00880020000300e00003003a00b1
:10114000c811de004811dd00680444008384cf002c
:10115000e9845400060034008919dd00f08314008e
:101160008713de00878171000911dd000904440046
:10117000e1021400e9ff37002700200001f0a7007a
:1011800017002000470bde00f60fb200040032000b
:101190000643e8000a0032004702b30000000600e0
:1011a00001037800f607b2000603700002003a005f
:1011b0000703b300000006008702b300000006002a
:1011c00001037800f607b200060370000200320047
:1011d0000770a000000006000760a00000000600e5
:1011e0000478a300040032000578a3000300320055
:1011f0000168a30001003a000200be000160a000e7
:101200000000060081017000270032008002eb0020
:1012100001f8a3000300320060001000e080180015
:1012200015002000f40720000202420020003400d4
:10123000f70320008703600006042000000363001a
:1012400002082000000161004700de00c909dd003e
:1012500000807100c708de000600e00008003200d0
:1012600087037100060032001000b0000180b0005a
:101270000188a30002003200c108de000402e80079
:10128000f107b200f30f20000320e10003003d004e
:101290004722dd00810072002900370001f8270095
:1012a0000000eb00260037006000b80000000600d8
:1012b000680212007f20e100020034006000b800e4
:1012c0001f0037006011b8007020e10004003500f5
:1012d00080017800010078008000eb00700252006d
:1012e0000400e00009003400f00312000719dd00db
:1012f0008419de000703dd00868171000400de0032
:10130000070bdd00060070008408de00f7ff2700f1
:1013100083836300870371000600280003036300d2
:10132000070032000700e00003003a00610160009e
:1013300002817300020032001000b0000180b00092
:101340000500a6000000060001f0a0000000060055
:101350004f0ade004709de00f107b200f20fb200cb
:101360000b003200f207b1000170a000c708dd00d9
:10137000c901de00838070004700dd000400a60084
:101380000000060060001000e08018000000060069
:10139000810f700001003a00000006008182cf003a
:1013a0000500e00010003e008082cf00ee82420087
:1013b0007028e1000400390007003e00800078003a
:1013c0000000eb000e003700708312008600de0084
:1013d0000500dd000a003700708352008600dd0042
:1013e0000000eb0006003700e28252008508dd00b5
:1013f000708312000603de00868070000500dd00a9
:101400007507b0000501ea000400a6000000060010
:1014100060001000e080180000000600889fbe00f9
:101420008a9fbe00841f78007c0007004f00780070
:1014300011003300f0ff2f00838f6c0006003b008b
:10144000040565000a00a7000800370009f0a6009f
:101450001000200008003700820f5400838f5c00ca
:10146000030039001000200001003e0000002000b1
:1014700009f0a7000000ea004f05be004f04be00bf
:101480000000e00000000600881f780003047800d8
:101490000300e00007003d0060001000e08018003d
:1014a00060011900e081190002003b0001f02d00ed
:1014b000030037000400070008f0a70001f0a000b7
:1014c0004f04780000000600889fbe008a9fbe007f
:1014d0000082700004027100048271002600320054
:1014e0000004be000200be006011b8006b092000bd
:1014f000950220000182cf000a0039000541b100a9
:101500000082cf00070039000541b1000982cf00f9
:10151000040039000541b1000882cf000100390004
:101520000541b10005425200120032000a003b00a2
:1015300082817100610164008100d1000080d300cc
:101540008984d3000884d3008b05e8000442e800b6
:10155000f7ff3a00070037000804440089844c0074
:1015600000004800818048008b05e9000442e90042
:10157000f9ff3a00030007004f05be004f04be000c
:101580000000060081002000618055000b003d0036
:101590000b00200061fe2f000100e1001d0034005f
:1015a00082817100610164008904d1000884d30044
:1015b0000000e800faff3a007100200061006400ba
:1015c0000300700002006000090032006104440062
:1015d000e0844c000988a500050032008b05e80076
:1015e0006808e10002003a008904d1000884d300b1
:1015f000f20f20000258e10005003d00c75ddd004c
:10160000f907b20089807500080078000000060024
:101610000bf827008b007800000005000004be00d6
:1016200004fc07000003be000405be000200be006b
:1016300000fc0700844f7500000006000400fa005b
:10164000889fbe008a9fbe000004be004709de00de
:1016500003002000f20fb200f207b100f60f5100b4
:1016600030003c000200e0001c003500faff2f00b3
:10167000fb0720000201e900030033008b85d10045
:101680000a85d300fbff37008b8164000a016000ec
:10169000e00f5100e08f59002200320002002000cc
:1016a00003b8270011fc0700a0bf9f00b1bf9f0037
:1016b000e00f5400e08f5c0002003d000a0444008b
:1016c0008b844c000a85ea008b85ea008b806400dd
:1016d0000a0064000004be00110037000200200070
:1016e00003b8270001fc0700a0bf9f00b1bf9f0007
:1016f000e00f5400e08f5c00020035006044b80049
:10170000070037000800440089804c00e00f5000bb
:10171000e08f5800020032000800200009f82b007a
:101720000800be004f05be004f04be000080fa0056
:1017300000000600f6874700889fbe008a9fbe0013
:101740008c9fbe008e1f78000001be0006002000a6
:1017500007f82f000003430081834b00f4ff2f00a4
:10176000f5f72700840f5300858f5b001b003600c0
:101770000002400081824800e00f5200e08f5a00d2
:1017800006003a000001be009cfd07000001be00fb
:101790000000200001f82b0008003700e00f500087
:1017a000e08f580007003d0012022000d26688003a
:1017b0000001be00c4fb07006011b800b0fc0700c8
:1017c000a10037000200200003c024008bfd0700a9
:1017d0000001be007efe2f000a003700840f50007b
:1017e000858f580098003e006000b800040020007b
:1017f00005f82300840f5100858f590092003200b4
:101800000007eb00d0b02f00a1042000020240002e
:101810008382480094b79f00a5b79f00fe07b100e0
:10182000afb09700f107b20004007800324f2000fb
:1018300053f3230000004100818049000200200092
:1018400003f82300a0fb07000004be0002002000f4
:1018500003002400a5fb07000001be000800be0035
:1018600087fc07000002be000001be00f4b79f0025
:1018700085bf9f0061fd07000006be000001be009d
:101880005efd07000005be000200200003f02300fb
:101890000800be0059fd07000801be0057fd070003
:1018a0000001be00f0af9f0081b79f000800be009e
:1018b00085fb070081017800c3b79f0002002f005d
:1018c00000016100b2b79f003fb19700cfb1970010
:1018d0000800be007cfb07007fa997008fb197002e
:1018e00079fb07000003be00e29e2e0013e92300ef
:1018f0000a00be00d6b79f00e7b79f003ffd070074
:10190000a2aa2a00a3f2230078fb07000001be0070
:101910000c00be0039fd07000004be0062e2290091
:1019200083e723000a00be0034fd070032e12c00eb
:10193000c3ec23006dfb07000001be000a00be00df
:101940002efd07000001be000800be0067fb070077
:101950000001be007fa897008fb0970063fb0700cf
:101960000001be007fb297008fba97000400be004e
:1019700022fd07000001be005fb39700efb39700a0
:101980000600be0059fb07000005be001fb297000d
:10199000afb297004728de0001002000000047009a
:1019a000cf80de001efb07000004be00b27d2200d7
:1019b0004355230011fd07000006be003fb197000c
:1019c000cfb197000a00be0048fb070092ad2e0081
:1019d00043802b0009fd07000001be000c00be0083
:1019e00042fb07000006be0002002600e3ed2300d4
:1019f0000a00be0001fd07000001be000c00be0091
:101a00003afb07000005be0002002600e3ed2300bc
:101a10003fb09700cfb09700f8fc07000001be0070
:101a20000a00be0031fb07000005be0002082200cc
:101a3000a3e923000800be00f0fc07000001be007f
:101a40000a00be0029fb07004f0778004f06be00c2
:101a50004f05be004f04be006f01b100000006003c
:101a60000000fa0068815700cfb89700105f80002f
:101a7000100078008f0507000080fa0000000600c3
:101a8000d70007000b0407003f040700bb04070052
:101a9000e304070029060700d40537000000fa0018
:101aa00068815700cfb89700105f80001000780061
:101ab000800507000080fa0000000600c80007004b
:101ac000fc030700ad040700d50407002e0407003f
:101ad0001a060700c50537000000fa0068815700a4
:101ae000cfb89700810507000080fa0000000600cb
:101af000bb00070014010700ee03070022040700e3
:101b00009e040700c6040700990507000b0607009e
:101b1000b60537000000fa0068815700cfb897007b
:101b2000720507000080fa0000000600ac00070004
:101b3000e003070091040700b9040700120407003e
:101b4000fe050700a905370080007800100020007e
:101b500002022000828f500004003200e980500011
:101b6000e48f5000010036000000eb00000006008a
:101b7000889fbe008a1f7800000578000a0478005c
:101b8000984478000805e8000900fb00eeff070014
:101b90000000e000f9ff3a00b0c2b30080cf54006b
:101ba00005003200d0c2b3008000eb0080cf5400ab
:101bb00005003a00020037008000eb00010037000a
:101bc000110020000804e8000000eb0003003700cb
:101bd0006a02b900020052000003b0003801fb00a5
:101be00003fd2f0082814100e98f5100f8ff36008c
:101bf0000100e00001003a000000ea004f05780013
:101c00004f04be0000000600800078001000200095
:101c100002022000828f500004003200e980500050
:101c2000e48f5000010036000000eb0000000600c9
:101c3000889fbe008a9fbe00000578008a04780055
:101c4000194478000905e8000800fb00eeff0700d2
:101c50000000e000f9ff3a00b0c2b300804f54002a
:101c600004003200d0c2b300804f540006003a0096
:101c7000020037000004eb000100370018002000cc
:101c80008904e800010037000004eb006000b800a0
:101c900006003700a200200003002000230c0700ec
:101ca000cfd5de000a0050008b8058003905fb00bc
:101cb0000a03b100e90f5500f6ff36000800e00006
:101cc00002003a0060001000e08018004f05be00de
:101cd0004f04be00000006008000780002fd2f00c7
:101ce0000101410010002000e90f510005003600fd
:101cf0000150a0001106b100e58f50000100360030
:101d00000000eb0000000600f3ff370080017800c0
:101d100002003700b15978000201e9000200e0003a
:101d2000fcff3a00000006000000fa00688157003e
:101d3000cfb89700105f80001000780016000700f1
:101d40000080fa00000006000000fa0068815700d9
:101d5000cfb897001e0007000080fa0000000600c0
:101d60000000060080be200000000600fdff070006
:101d7000305f8800205f880000000600f1f92f0026
:101d800080804000f98f500001003e00f005b20055
:101d900000000600f9ff37000200fa00881f7800f3
:101da00000047800e2bf9f006481570008007800bb
:101db0006c070700980090000148a3000100320062
:101dc0000080eb004f0478000080fa00000006005d
:101dd0008201780001017800f1ff270066083700d2
:101de000ec874700889fbe008a9fbe008c9fbe0084
:101df0008e1f780000067800010478001807900014
:101e00002805900098067800cdb79f00b80590008f
:101e10003202be002203be000400be000601be0066
:101e20004f18de006011b8008000eb00d0b79f00b3
:101e3000e1b79f00f2b79f0083bf9f008004780046
:101e40000900e000060032006000b8006011b80030
:101e50000402500085825800060359008783590008
:101e60000e00e000020035000d10a100cdb79f006c
:101e70000900e00005003a004fb097000028a300d9
:101e800002003a000038a300020032008a00e90094
:101e9000010037008a007800f8815700a200200076
:101ea00008007800620307000900e00003003a0020
:101eb000cfb097000128a300080032000000e9001d
:101ec00000814500b1c2b3000900e000010032000a
:101ed000d1c2b30001497800050037000138a300e2
:101ee000030032000000e90001c2b30081757800f0
:101ef000480190000201e900000151008080450086
:101f00004fb297008a0178000c0078005605070050
:101f10009c0090000188a30004003200980090000b
:101f2000810f500001003d00010078004f0778004c
:101f30004f06be004f05be004f04be00cf00b100eb
:101f400000000600000006004200fa00889fbe0064
:101f50008a9fbe008c9fbe0020079800110f98003a
:101f6000034f980011007800400f980091009000f6
:101f7000610f98009e099000a3019000330f980014
:101f80001e0a900044029000140798009e0a9000d8
:101f9000b5029000052798003204be002205be005d
:101fa0006022b8006033b8000800be000a01be001d
:101fb000090b07000000e00003003d000bf0a20049
:101fc000d0c2b300040037004e0b90000628a300d7
:101fd00009003200b0c2b3008e239000804b78001d
:101fe0003e0890000000e900700f980011002000ea
:101ff000510f9800100037004e0990000238a300de
:102000000900320000c2b3008e21900080497800a0
:102010003e0a90000402e900740f980015002000a9
:10202000550f9800040037003e0b9000760f980083
:102030008003eb00570f98000800be000a01be00a5
:10204000c0ff0700f4ff2f00f5ff2f00f6ff2f0061
:10205000f7ff27000402600085826000060361002c
:10206000878361006000b8000200200003ff2700a2
:102070000020e10001a8e10002b0e10003b8e100a6
:1020800011003a000e4890008000fb001104b100de
:102090000e219000de09900003004100f98f5000ee
:1020a00002003e0001ca20000100370041ca2000a2
:1020b0008107070040ca2000860707005e0a9000db
:1020c00004014000150037000020e10001a8e100f4
:1020d00002b0e10003b8e100130036008e4a900020
:1020e0008500fb001104b1000e239000de0b900070
:1020f00007004300f98f500002003e0081ca200013
:1021000001003700c1ca20006b070700c0ca2000c9
:1021100070070700de089000010140004e0a9000a1
:10212000be099000500237006022b8006033b8004a
:102130000800be000a01be00a70a07000000e00078
:102140006a0032006022b8000600200007ff23006a
:10215000441798005517980066179800771798004d
:102160008006eb000800be000a01be00001f9800b8
:10217000111f9800221f9800331f98000e26900010
:10218000070037008d06e8000802be000a03be0003
:10219000441798005517980066179800771798000d
:1021a0006022b80006002000470224004e10900074
:1021b000de1090006e119000fe119000e10b070000
:1021c0000004be000205be000002be000203be0005
:1021d0000e1890009e1890002e199000be199000c5
:1021e0007d0a07000000e000e6ff3d000c27980094
:1021f0000006eb004e149000de1490006e15900067
:10220000fe1590002500370040ed2f00808f56000e
:1022100019003d000c00e00016003a006022b800f2
:1022200006002000073524000e1890009e1890002c
:102230002e199000be199000c20b07000002be00cc
:102240000203be00041f9800151f9800261f980067
:10225000371f98006022b8000600200007352400d0
:102260000800be000a01be00b60b07000004be0055
:102270000205be001c0020006022b80006002000fd
:10228000470224000800be000a01be00fe0a070043
:102290000004be000205be008d06e9000802be0073
:1022a0000a03be000e1890009e1890002e19900090
:1022b000be199000480a07000000e000d2ff350078
:1022c0000800be000a01be00401798005117980090
:1022d00062179800731798000e1c90009e1c9000c7
:1022e0002e1d9000be1d9000080037006022b8002f
:1022f0000600200007ff2300441798005517980098
:1023000066179800771798008006eb008e4a9000b9
:102310000500fb0011070700104f98006e0b90009e
:10232000600020000600e000010035006e0890000b
:1023300071c6b3009e4b900081cf53000a003a0053
:10234000ee0890000100e000cf013200cf0137001d
:102350008d0f5000d3013c00001f980052c6b300ff
:10236000425f98001e0037009e499000435f98002e
:102370000200370064c6b300445f98000000e80024
:10238000001f980060c6b300ce5a900080cf520064
:1023900013003a000d00e00008003d006000b800a6
:1023a0000200200003ff23004017980051179800f7
:1023b00062179800731798008006eb0061c6b3009f
:1023c000415f980070c6b3001e499000804f5100d5
:1023d000030032008e1990008d814100031f980088
:1023e0004e129000de1290006e139000fe139000cb
:1023f000441f9800551f9800661f9800771f98008b
:102400000800be000a01be000017980011179800ce
:1024100022179800331798000006eb000802be0050
:102420000a03be00540798006507980076079800d5
:10243000070f9800310037004e1a9000de1a900006
:102440006e1b9000fe1b90000e1090009e109000de
:102450002e119000be1190008b0a0700e50d0700b9
:102460000004be000205be00040a070080027800d6
:10247000250f98004e1a9000de1a90006e1b9000f7
:10248000fe1b90000800be000a01be002d0b0700d5
:102490000e1290009e1290002e139000be1390001a
:1024a000280a07000002be000203be0007f0a200d7
:1024b00004179800151798002617980037179800ea
:1024c0006022b80006002000470224004e18900049
:1024d000de1890006e199000fe1990006a0a07003d
:1024e0000002be000203be00441f9800551f980062
:1024f000661f9800771f98000c06e8008e1a90005f
:10250000850f5600ccff35005e049000ee0490006d
:102510007e0590008e0d90006022b800060020001d
:10252000470124004e189000de1890006e199000ac
:10253000fe199000030b07000002be000203be005c
:10254000441f9800551f9800661f9800771f980039
:102550000e1090009e1090002e119000be11900061
:102560009d0907000000e0000f0035004e1a9000a2
:10257000de1a90006e1b9000fe1b90000e10900063
:102580009e1090002e119000be119000920907003d
:102590000000e00011003a00ae0a90000508a30018
:1025a000080032000d0037006000b8006011b8006c
:1025b000401f9800511f9800621f9800731f9800d9
:1025c000060037006022b8006033b800441f98004e
:1025d000551f9800661f9800771f98004e1a9000ac
:1025e000de1a90006e1b9000fe1b90000800be00db
:1025f0000a01be00d90907000002be000203be00a6
:102600000417980015179800261798003717980098
:102610006022b80006002000470224004e109000ff
:10262000de1090006e119000fe119000c50a0700a8
:102630000004be000205be000002be000203be0090
:102640000e1090009e1090002e119000be11900070
:10265000660907000000e000090035008d06e8006b
:1026600060c6b300ce5a900080cf520008003a00f6
:102670000e1b90000603e800061f980011003700ab
:102680004e149000de1490006e159000fe15900020
:1026900050c6b3004e599000804f510009003a00d7
:1026a0000802be000a03be00441f9800551f980090
:1026b000661f9800771f98008002eb00451798006e
:1026c000070037000800be000a01be00401f980046
:1026d000511f9800621f9800731f98004d179800b3
:1026e0005e0e90000001eb00220f98003207980068
:1026f000520798000d0f78006a0037004e1a9000bc
:10270000de1a90006e1b9000fe1b90000e109000d1
:102710009e1090002e119000be119000da09070063
:10272000340d07000004be000205be005309070077
:10273000e90f50000100340090002000ce09900005
:102740000348a3000c003a000000e0000a003a0031
:1027500071c6b3001e4a9000814f520006003a0035
:10276000ce1290000500e00003003d002e0b90000b
:102770008606e80023003700be0390000700e00053
:102780000c003a00ce1090000100e00009003d006e
:10279000e1c2b3000e21900001717e000c06e8003a
:1027a000fe0990008301e900730f980014002000d7
:1027b000340798008e2290000c814200ae0e9000eb
:1027c000850178000300370001c3b3000159780088
:1027d0008d06e9000d00e000fbff3a00032798009a
:1027e0002e0b9000060646000043b00080717e006c
:1027f0000c06e8000680ea00fe0b90008083430090
:10280000770f98004e1a9000de1a90006e1b900011
:10281000fe1b90000800be000a01be00490a070026
:102820000e1290009e1290002e139000be13900086
:10283000440907000002be000203be0007f0a20028
:102840000417980015179800261798003717980056
:102850006022b80006002000470224004e189000b5
:10286000de1890006e199000fe199000860907008e
:102870000002be000203be00441f9800551f9800ce
:10288000661f9800771f9800ce1290008502e9001d
:10289000451798005e0390000603e800560798006d
:1028a0002d0f9800de0390000e189000808f5300cb
:1028b00005003d009e08900041009000650050001a
:1028c000800f56008dff39009e0678003e01900073
:1028d0000200e00007003a00ce0990000348a30080
:1028e00004003200e0c2b3000e22900000727e00ad
:1028f0000c06e8008e2290000c8042000048eb009d
:1029000051c6b3004e5b9000814f530038003a002f
:102910009e0390008700e9000041eb0082f27800fe
:102920008001eb000d00e00002003d008d06ea0092
:10293000130020002200200001037800fe0a90000e
:102940008e239000000478000a003700010378000d
:10295000a4002000110009008406d80001027800bc
:10296000800678000443b00084737b000201e90014
:102970008502e9008600e9000d00e000f3ff3a005f
:102980000200e000f1ff3c00750f98000727980057
:102990000800780001824300b2c2b3000300e000e7
:1029a00001003200d2c2b300024a78000101e900fe
:1029b0008e219000828041008e4a90000502fb002b
:1029c0001404b10053c6b300f90f520001003e00d9
:1029d00053c4b300834878007e0b90000683e9005f
:1029e000760f9800820f560001003d003205070067
:1029f000ce0b900063806300e20f500015003a0098
:102a00007e0890000000e000120034000e209000cc
:102a1000300507008e219000040037007e099000e9
:102a200082804100e37078000000e900de0a900037
:102a3000850f5000f9ff3d000327980005804100f5
:102a40007e09900001032000b70407000003eb009b
:102a5000360f98000e2090001e0507004e0a9000c9
:102a6000be099000000178008e2090002e0090009a
:102a70007d0207004f06be004f05be004f04be009a
:102a80000080fa000000060010002000e48f4600dd
:102a90002ffe3d00001f980057c6b300475f980007
:102aa0004ffe37000d00e00032fe3500001f980099
:102ab00042fe37000200fa00889fbe008a9fbe00d7
:102ac0008005780001047800020078001801900069
:102ad0002805900098007800b1bf9f00b8049000ce
:102ae0000200e000020035000110a100b1bf9f000c
:102af000ea815700820020008a0078003002be0080
:102b00002003be0008007800490007003fb9970085
:102b1000f0006100030032000000e90001c3b300cf
:102b2000817478003fb99700e8006100030032002b
:102b30000000e90001c2b3008174780048019000f0
:102b40000201e90000015100808044003fba970073
:102b50008a0178000b007800430207009b00900078
:102b60000188a3000400320098009000810f5000fb
:102b700001003d00010078004f05be004f04be007b
:102b80000080fa0000000600ea874700889fbe0028
:102b90008a9fbe008e1f7800000478000300780032
:102ba0007287570084e2260055c72600049fbe00a6
:102bb000c3962200030f78006c875700004feb008c
:102bc00011059000a1049000910578000200e0003a
:102bd00002003200020778000100370072875700b8
:102be0000000e00002003a000e007800b90407007f
:102bf0000a00e000030035008a0f50000100360093
:102c00000a0078000b027800890178000001780042
:102c10008e00780008007800130207004f07780044
:102c20004f05be004f04be00af00b100000006001b
:102c3000f4874700889fbe008a9fbe008c9fbe001d
:102c40008e1f78000605be000404be0081bf9f00f1
:102c500082b79f00f3b79f00b0009000e1b79f00dc
:102c60001301780092b79f009006900040009000fa
:102c70000000e900000678000d00e00001003d00c2
:102c80001d0020008040eb00efb1970081717800bb
:102c90001e0020001f0037000c06e9000fb097004f
:102ca000cf80de006109b900a0b79f00b1b79f00d7
:102cb000c2b79f00d3b79f000203be000002be0050
:102cc0000800be000a01be00df0a07000007780006
:102cd0000e4078000043b000efb0970080707e0097
:102ce0008d06e9000fb997000201e90082bf9f003d
:102cf0002fb29700bfb297004fb39700dfb3970092
:102d00000800be000a01be00c80a07000205be0096
:102d10000004be000c00e0000d003400e00f540081
:102d2000e08f5c00e00f5d00e08f5d00daff3a00ad
:102d30000d00e000d8ff3c008fb997000300e000d1
:102d4000030034001fb097000018a300d2ff3a0020
:102d50000e00e00002003a00ffb097001140a10011
:102d60000c0078004f0778004f06be004f05be00ec
:102d70004f04be004f01b100000006000200fa003f
:102d8000889fbe008a9fbe0000057800010478007d
:102d90000200780018019000a804900098007800c4
:102da000b1bf9f00b80590000200e00002003500ae
:102db0000110a100b1bf9f00ea815700a2002000ce
:102dc000890078003002be002003be0008007800b1
:102dd00097ff0700480190000201e900000151003f
:102de000808045003fba9700890178000a0078008a
:102df0009d0107009a0090000188a30004003200a2
:102e000098009000810f500001003d000100780003
:102e10004f05be004f04be000080fa00000006000f
:102e2000fa874700889fbe008a9fbe008c9fbe0025
:102e30008e1f7800800478000104780082057800f5
:102e4000180190002805900018077800b80090003d
:102e50000200e000020035000e10a1000100370062
:102e60001200200070006700e0b79f0009003200e8
:102e70003b02be002b03be00e00f5200e08f5a0061
:102e8000e00f5b00e08f5b00020032008a86e90001
:102e9000010037008a067800e8026700f5b79f0056
:102ea000010032008d06e9003b02be002b03be008c
:102eb000e4af9f00f5af9f0086b79f0097b79f00d4
:102ec000480690000c06e9000040eb0080707e0090
:102ed000efb297007fb297008903780081047800f1
:102ee000d8af9f00020478008bbf9f008a0578004e
:102ef000034578002a0037000c06e9006fab970005
:102f00006f006300e90f500002003c000003b000b6
:102f1000010037007005b0000a03fb001604b10081
:102f2000f90f53000c003e00000378000650a0008b
:102f30001606b100f90f530007003e00b4b79f001a
:102f4000a5b79f00c7b79f008cfb0700cfb39700c2
:102f5000afb297003fb2970080747e000804e9008a
:102f60008d06e9006fa89700ffa897000fb19700a2
:102f70009fb19700460020008301d1000281d30059
:102f80008180d3000080d3000603e900faff3a00f5
:102f9000e0af9f00f1af9f0082b79f0093b79f0003
:102fa000e10f56000f0034006fa89700ffa89700ac
:102fb0000fb197009fb19700e00f5000e08f5800cd
:102fc000e00f5900e08f5900cbff3a000800e00005
:102fd000c9ff3c000d00e000020034000e18a30001
:102fe000c5ff3a0089007800f4b79f008704780095
:102ff0005fac97008a4178000b0578008fbd970081
:103000000500e000100032003b02be002b03be00b2
:10301000e4af9f00f5af9f0086b79f0097b79f0072
:10302000e00f5200e08f5a00e00f5b00e08f5b0082
:10303000050032000c06e90083707e000c06e900f2
:1030400000c3b30080707e00ffb297000500e0006f
:10305000030032000c06e90000c2b30080707e005d
:10306000480190000201e9000c0151008c804000f1
:103070000e0278008a01780009007800fa00070043
:10308000990090000188a30004003200980090008d
:10309000810f500001003d00010078004f077800cb
:1030a0004f06be004f05be004f04be00af01b10089
:1030b000000006000200fa00881f78000004780073
:1030c000e2bf9f006481570008007800a502070056
:1030d000980090000148a300010032000080eb003e
:1030e0004f0478000080fa0000000600820178009a
:1030f00001017800f1ff27006e063700889fbe00af
:10310000000478004800900082047800808f54000a
:103110000100360080047800090178005800900012
:10312000fafa070058009000090040005004980087
:10313000c800900089845000490498000048eb00c2
:103140004f04be000000060010007800bff43700f6
:10315000900190000388a30001003200e7ff3700d0
:103160000348a30001003a00f7ff07000000060033
:10317000881f78000004780000082000808f50002d
:103180001700350010082000808f50000b0034001d
:1031900030082000808f500011003a009200780023
:1031a00068805000000978003002be002003be0095
:1031b000049cbe000694be0007003700920278000f
:1031c00064805200000978001000be008c060700e1
:1031d000009cbe000294be001000200001003700d9
:1031e0000000eb004f047800000006008408200077
:1031f000848f50001d0032000d003c001408200098
:10320000848f50002700320002003c000408200098
:103210000400370024082000848f5000340032005e
:1032200044082000848f500043003a0036003700e5
:10323000040a2000848f50002700320004003c0064
:1032400004092000848f50003b003a00280037001a
:10325000020c2000828f50002f003200020f20004d
:10326000828f500034003a002b0037009380e90031
:103270000200e00005003200810978001102fb0025
:10328000cfa2de00612bb900280037008109780049
:10329000114278000482fb008002eb006033b8002a
:1032a0002200370013027800e40052000200e00020
:1032b00005003200810978001102be004fabde002c
:1032c0008603780019003700810978001102be00da
:1032d0006033b800150037009380e9008109780059
:1032e00011027800cfa2de00612bb9000f00370079
:1032f00093027800e8805200810978003102be0014
:103300002103be00090037009380e9000200e000bd
:1033100002003200f1ff37009380e9008109780054
:10332000110278008002eb006033b8000498be0000
:103330000690be00100005000000050044082000b3
:10334000848f50002500320008003c001408200043
:10335000848f50001400320024082000848f500015
:1033600024003200040820000c003700040920006b
:10337000848f50001f00320004003c0084082000ad
:10338000848f500024003a000e003700040a200009
:10339000848f500011003200040c2000848f5000f4
:1033a0001d003a000d0037009380e9008109780084
:1033b0009100780001087800cf91de008288be007d
:1033c000140037009380e9008109780091007800ab
:1033d00001087800824878000e0037009380e900e9
:1033e000810978009100780001087800820878004f
:1033f000080037009380e900810978009100780087
:10340000010878006112b900612bb9008498be00f0
:103410008690be001000050000000500889fbe00d9
:10342000000478004800900082047800808f5400e7
:1034300001003600800478000901780058009000ef
:1034400032fa07005800900009004000500498002c
:10345000c800900089845000490498000048eb009f
:103460004f04be0000000600f2874700889fbe00a0
:103470008a9fbe008c9fbe008e1f7800800478005b
:103480000105780002047800830578006107620076
:1034900002003a008b0f5400080039000801780040
:1034a0008a0078000900780029ff07008b0f54007c
:1034b00002003900880578001e0037000886550094
:1034c0000c017800f00f56000100360002012000c8
:1034d000010220007e805700130207008c0678004e
:1034e0000500370002012000fe8057000900780027
:1034f00017ff0700f0865600ef8f5600f9ff3e00d9
:103500004461de0000ff2f000091b9000201460077
:10351000fe805700090078000dff07000e00e00054
:1035200004003a00080178008a0078000900780059
:1035300007ff07000b0078004f0778004f06be001a
:103540004f05be004f04be002f01b1000000060071
:1035500000000500000005000000050000017800e3
:103560000040eb008080fb008180400063c62000ab
:1035700063c278000404e00003003a0070c6200033
:1035800060c078000000060092017800934f52005e
:1035900004003a0070c6200060c078000309e8000b
:1035a000010037000040e800ea4f5000edff360010
:1035b00000000600f6874700889fbe008a9fbe0075
:1035c0008c9fbe008e1f78000005780001047800f3
:1035d00083057800040678000000eb00c0b79f0068
:1035e0008080eb00d1b79f00e0b79f00f2b79f004b
:1035f0000008200080bf9f0098007800010078003c
:103600008004eb00010037008904e80030417800b5
:103610000204e0000300320053c2b300834f5100a4
:10362000f9ff3a000900e0000400320009017800c7
:103630000a007800c6fe0700188c440018077800be
:1036400050c2b3009e4f10003f013a000e07e80041
:103650000e0c780010003700cfb097000100a000da
:103660000b003700cfb097000110a0000800370012
:10367000cfb097000120a00005003700cfb0970021
:103680000130a00002003700cfb097000140a00039
:10369000c1b79f00000ce800180078009040780047
:1036a000b2c2b30082cf5000f1ff320007003c00ed
:1036b00002c2b30082cf5000f0ff320032c2b3002a
:1036c00082cf500007003a00efff3700d2c2b300ac
:1036d00082cf5000e0ff320002c3b30082cf50001f
:1036e000e0ff3200a2c2b30082cf50000d003a00ca
:1036f000000ce8001c80e900000e78001000780043
:10370000e0b79f000000e0000f003d00cfb0970041
:103710000100a200c1b79f000000ea00e0b79f00cf
:103720000900370012f90700e0b79f0001003700d9
:10373000000ce800180078009000fb000103b100c5
:10374000e98f5000faff36004fb097000008a30041
:10375000020032000010a100c0b79f0018007800de
:10376000e1c2b30090cf100016003a008000eb00d9
:10377000d1b79f000000e800000c7800a1c2b300a0
:1037800090cf100006003a00000ce8001c80e90011
:10379000000e780010007800d0b79f0009003700b5
:1037a000f3f80700d0b79f0001003700000ce800d5
:1037b000180078009000fb000103b100e98f500071
:1037c000faff36000800780064ff070080467800a2
:1037d000180078001000fb00e001070091062000af
:1037e000810f50003800320012003c0041062000da
:1037f000810f5000340032000a003c001106200006
:10380000810f50002000320031062000810f50004f
:10381000a000320051022000810f5000bc003a008d
:10382000b400370071062000810f5000b8003c0042
:103830008800370001072000810f50005c00320033
:1038400007003c00e1062000810f50007a003200a2
:10385000f1062000810f5000ad003a00390037001a
:1038600051072000810f50002700320081072000ff
:10387000810f50004200320031072000810f5000bc
:10388000a3003a008f0037008d80fb000c01780008
:1038900000fe2f000f00400035fe07000000e00092
:1038a000a800320018007800000ce8009041780071
:1038b00002fe2f000f014100f88057000a00780037
:1038c000d60107000e0037008d80fb008c017800c8
:1038d0001200200000fe2f000f00400043fe0700f2
:1038e0000000e00097003200180ce80002fe2f00f4
:1038f0000f014100f88057000a00780038f90700ee
:1039000080844400900037008d80fb008c0178009b
:103910000001eb0000fe2f000f00400033fe070007
:103920000000e00087003200180ce80002fe2f00c3
:103930000f014100f88057000a0078000ffd0700d2
:10394000efff37008d80fb008c0178000001eb0059
:1039500000fe2f000f00400024fe07000000e000e2
:1039600078003200180ce80002fe2f000f01410021
:10397000f88057000a0078004efc0700e0ff37008f
:103980008d80fb008c0178000001eb0000fe2f0011
:103990000f00400015fe07000000e0006900320043
:1039a00018007800000ce800904178001c003700f7
:1039b0008c0178000001eb00010f200000fe2f00b9
:1039c0000f00400009fe07000000e0005d0032002b
:1039d000180ce8000fb097009fb097002fb1970028
:1039e000bfb19700e00f5000e08f5800e00f590082
:1039f000e08f590009003a00cfb597006fb49700e7
:103a0000e0c52000330107000b0278008801780030
:103a100000017800e1c520004700370083c7b300ec
:103a200002fe2f000f014100f88057000a007800c5
:103a3000fbfc0700b2ff37000b8144008d80fb00c8
:103a40008c01780000fe2f000f0040003bfe0700b5
:103a50003c0037008d80fb000c01780000fe2f0039
:103a60000f004000c2fd07000000e00035003200fa
:103a700018007800000ce8009041780002fe2f004a
:103a80000f014100f88057000a0078002ef9070066
:103a90009bff370000c8b30080cf560029003a00d2
:103aa000180ce8001c80e900000e78001040780037
:103ab000e0df9f0013002000e2fd2f000f01410016
:103ac0000800370000c8b30080cf56001d003a0040
:103ad000180ce8001c80e900000e78008001eb0063
:103ae00010017800f88057000a00780026fc0700d3
:103af00083ff370000c8b30080cf560011003a00a2
:103b0000180ce8004fb29700efb19700080037009b
:103b10000e0c78000000eb00c0b79f00e0b79f00dc
:103b20000080eb00d0b79f000002eb00840178001a
:103b30001200200041c620000a0078004afe07005b
:103b40006fff3700180ce800090078004f07780075
:103b50004f06be004f05be004f04be006f01b1000e
:103b6000000006008200fa00889fbe008a1f7800cd
:103b70000005780082047800c13f9f000004eb003c
:103b8000100037000902780088017800a2f72f00a2
:103b90000f01410081f72f008f8040000a0078005c
:103ba00084fe070008004000880f500004003d001c
:103bb000b0042000d06688000084eb0004003700c9
:103bc000000478004f3897001004e000edff3a0041
:103bd000080078004f0578004f04be000080fa000e
:103be00000000600889fbe000004be000000eb003d
:103bf0000800e00018003200180090000058a300f0
:103c00000d003200d800900068009000808f5000b6
:103c100009003600b80990000001eb00820078002e
:103c20000800780003000100d80090000080eb003d
:103c30000100e000080032000000eb00200c9800ba
:103c400060049800500498000900e000020032006f
:103c500018007800f4f107004f04be0000000600d1
:103c6000889fbe000004be000000eb000800e000da
:103c700025003200180090000058a3001100320007
:103c8000d800900068009000808f50000900360036
:103c9000b80990000001eb0082007800080078006d
:103ca00003000100d80090000080eb000100e0005c
:103cb000150032000000eb00200c98006004980012
:103cc00050049800780a900008109000800f52006d
:103cd000060031000002520011002000cfa2de00d9
:103ce000612bb90018007800090007000000eb0004
:103cf00000149800700c98000900e00002003200e7
:103d000018007800c8f107004f04be00000006004c
:103d1000a0fd2f00f1ff2f00860007004f89de0075
:103d20008201780000000600889fbe008a9fbe00c6
:103d3000800478000200e0005b003200014078005f
:103d4000814c780082814400f1f99f00e20f51001c
:103d50005500360091449800a1449800e1f99f0075
:103d6000d1f99f00e60f51004f003600b144980092
:103d7000c1f99f00e80f51004b0036000905ea0029
:103d8000630565000a8444000a055100c1ff2f0045
:103d9000010565000080fb008000eb001210200090
:103da00013102000e1030700008cbe000a0144004c
:103db00060b99f0071b99f00e80f55003a003600c6
:103dc00020049800310498004004980051049800a1
:103dd00020b99f0031b99f0040b99f0051b99f00a1
:103de000f80f550030003600600498007104980008
:103df000000c9800110c9800200c9800310c9800d1
:103e0000400c9800510c980020b19f0031b19f00e8
:103e100040b19f0051b19f0060b19f0071b19f0000
:103e200000b99f0011b99f0064016400780141004e
:103e300002044400020555006011b8000203be00f0
:103e40000002be000403be006022b8000000720041
:103e500081807200020173008381730010003700bb
:103e6000009cbe000294be004004980051049800db
:103e70006204980073049800000c9800110c9800dc
:103e8000220c9800330c9800400c9800510c9800bc
:103e9000620c9800730c98000a02b1000802b0008e
:103ea000ff0f5500eeff3e00090078004f05be00f1
:103eb0004f04be0000000600881f78000004780050
:103ec0000800780020030700080078004f047800fd
:103ed0000000060080007800040037003104e00094
:103ee00002003a00000051000000060001017800c5
:103ef0000108a300f9ff3a00810178003101780040
:103f0000f4ef2f00020242000281ea000201620087
:103f10000408280004016100f7ff320083007800e4
:103f2000010178003104e000fdff3a00000051007b
:103f30000000060002002f00f3ff2f00820f500048
:103f4000838f5800040036000000ea00d066880025
:103f50000080eb008080eb0000000600f1fb2f00ea
:103f600080804000f98f500001003e000050a0000a
:103f700000000600f9ff37000f04b0008e1f780024
:103f800002027800030178000000e0000200320025
:103f900000077800020037000efc2f000f074700d3
:103fa0008002eb000100e000010032008102e90024
:103fb0000f007800e003b1001d0009000018eb00bd
:103fc0000080eb0090a79f0023102000a3a79f0074
:103fd000bea79f00c1a79f00d5a79f000100e000da
:103fe00003003d00b1042000d166880007003700bf
:103ff000004feb00fea79f00eea79f008400780013
:1040000020fc2f000f00400063f707004f077800e7
:104010000f04b10000000600000006003e00fa0098
:10402000889fbe008a9fbe008c9fbe00100798002c
:104030008346780011007800400f980091019000ad
:104040004307980021029000240f9800c1029000bd
:10405000050f7800b1009000611f98003204be0087
:104060002205be00281f9800391f98004a1f98009b
:104070005b1f98006022b8006033b8000800be00e3
:104080000a01be00d40207000000e00009003d0064
:104090000800be000a01be0003f0a200201f980025
:1040a000311f9800421f9800531f9800d0c2b300e0
:1040b00004003700ce0890000128a3000900320058
:1040c000b0c2b3006e19900000497800ae099000ac
:1040d0008301e900330f980014002000540f98006a
:1040e00010003700ce0a90000538a3000900320006
:1040f00000c2b3006e1b9000004b7800ae0b900026
:104100008703e900370f980018002000580f980027
:1041100004003700ae0c9000390f98000005eb004a
:104120005a0f98002e189000be1890004e1990005b
:10413000de199000b8ff0700f4ff2f00f5ff2f00f5
:10414000f6ff2f00f7ff2700040260008582600061
:1041500006036100878361006000b8000200200050
:1041600003ff27000020e10001a8e10002b0e10008
:1041700003b8e1000c003a008d06fb001d04b100fd
:10418000ee1d9000de0890000180450001cb20006c
:10419000f98f56000100360041cb200046ff070092
:1041a00040cb20002f0237000020e10001a8e100f1
:1041b00002b0e10003b8e1000c0036008d06fb0000
:1041c0001d04b1006e199000de099000030041004b
:1041d00081cb2000f98f560001003600c1cb2000b2
:1041e00035ff0700c0cb20001e02370000c3b3001c
:1041f0006e1a9000de0a900000f27a000500e800d6
:10420000000142008d00fb00f6fb2f0006834000fa
:104210002607980081c7b300f90f530001003e0044
:1042200081c5b300014978000000e800500f9800f4
:104230006022b8006033b8002e189000be189000bd
:104240004e199000de199000630207000000e000a4
:104250005e0032008003eb006044b8000a002000da
:104260000bff230068079800790798000a0f980051
:104270001b0f980007067800050037000c06e800c1
:104280006e0c9000fe0c90000e1590009e15900094
:104290000802be000a03be000800be000a01be00fc
:1042a000ae0207000002be000203be00640f9800c9
:1042b000750f980006179800171798002e18900091
:1042c000be1890004e199000de19900042020700bf
:1042d0000000e000e9ff3d006c0f98002a00370065
:1042e0006022b8000600200007fe23000800be0080
:1042f0000a01be00930307006022b8006033b800d3
:10430000350207000000e00016003a006022b80005
:1043100006002000073524000800be000a01be0088
:10432000880307000004be000205be006022b8003a
:1043300006002000073524002e189000be189000bb
:104340004e199000de1990007e0307000002be00a7
:104350000203be00241f9800351f9800461f9800d6
:10436000571f98006022b8000600200007fe2300b7
:104370000800be000a01be00720307000004be0070
:104380000205be000c06e9000802be000a03be00da
:104390002e189000be1890004e199000de19900063
:1043a0000d0207000000e000cdff35000800be0050
:1043b0000a01be006007980071079800020f98007c
:1043c000130f98006c0f9800090037008000eb0075
:1043d000610f98006022b8000600200007ff23004c
:1043e0006407980075079800060f9800170f98004b
:1043f000ce029000800120000500e00001003500a1
:104400004e0090000000e800300798006e04900015
:10441000fe0490000e0d90009e0d9000681798000d
:10442000791798000a1f98001b1f98002e1c9000f7
:10443000be1c90004e1d9000de1d90000006eb009b
:104440003a0037006e129000fe1290000e1b900092
:104450009e1b90000800be000a01be008a020700f1
:10446000e40507000002be000203be002417980006
:10447000351798004617980057179800ff01070056
:1044800080027800550798006e129000fe1290008e
:104490000e1b90009e1b90002e109000be109000ee
:1044a0004e119000de119000260307000002be00ae
:1044b0000203be000800be000a01be002102070080
:1044c0000004be000205be006022b8000600200005
:1044d00007fb23006e109000fe1090000e19900054
:1044e0009e199000170307000002be000203be00e1
:1044f0006417980075179800061f9800171f9800fa
:104500000c06e800ce0290000500e00007003d0028
:104510006022b8006033b8000800be000a01be0087
:10452000ad0107000000e000040032003e039000ef
:10453000860f5600c3ff3500010037003c07980086
:104540006022b80006002000070224006e109000d0
:10455000fe1090000e1990009e199000f9020700bd
:104560000002be000203be00641798007517980091
:10457000061f9800171f98000800be000a01be0021
:10458000950107000000e0000d0035006e1290005c
:10459000fe1290000e1b90009e1b90000800be00b3
:1045a0000a01be008c0107000000e00011003a0083
:1045b000de0290000508a300080032000d0037005d
:1045c0006044b8006055b8006817980079179800e3
:1045d0000a1f98001b1f9800060037006000b800f3
:1045e0006011b8006017980071179800021f9800ba
:1045f000131f98006e129000fe1290000e1b900088
:104600009e1b90002e189000be1890004e1990002e
:10461000de199000d10107000002be000203be00b7
:104620006417980075179800061f9800171f9800c8
:1046300079fe07000203be000002be00f0ff2f005b
:10464000f1ff2f00f2ff2f00f3ff270000046200ac
:10465000818462000205630083856300281f98003f
:10466000391f98004a1f98005b1f98006000b8002f
:104670000200200003ff27000040e10001c8e10024
:1046800002d0e10003d8e100bbfe3200be0c900076
:104690008984e900291f98005e0e90008006eb00d7
:1046a0005d0798002d1798006f0037006e0290008c
:1046b000fe0290000e0b90009e0b90006e1090007a
:1046c000fe1090000e1990009e199000ee01070058
:1046d000480507000004be000205be006701070090
:1046e000800078000100e00006003a002e109000e3
:1046f0000000e000030032008d06e8003d0f980046
:10470000330037005e0190000200e0000c003a0028
:10471000ae1190000300e00009003200e0c2b300d7
:104720006e1a900000727e000c06e800ae1a90002f
:104730008502e900251f9800160020005607980002
:10474000ee1b90000c8143000d00780007027800fa
:104750000300370003c3b300035978000000e900e9
:104760000000e000fbff3a00300f9800641f980043
:104770000d064600e98f500003003c0000032000b6
:1047800001004000020037007005200001004000d9
:10479000ae009000f98f500006003e0080007800c7
:1047a0000150a0001106b100f98f500001003e0039
:1047b00072f507006e19900000717e000c06e8008b
:1047c0008d86ea00ae1990008d814100231f98006c
:1047d0006e029000fe0290000e0b90009e0b900067
:1047e0000800be000a01be00560207000002be001b
:1047f0000203be006e109000fe1090000e19900093
:104800009e1990004f0107000002be000203be0087
:104810006417980075179800061f9800171f9800d6
:104820006022b8000600200007fb23006e00900005
:10483000fe0090000e0990009e09900041020700c2
:104840000004be000205be006807980079079800c2
:104850000a0f98001b0f9800ae1490008904e9001d
:1048600029179800be0e90002e1590000a00ea004d
:10487000be0590008b0f500004003d009e007800a4
:1048800065805000800f560088ff39005e0190005f
:104890000200e0001e003a000d00e0007d00340040
:1048a000ce0190000300e0007a0034004e0a900030
:1048b0000408a30077003a00ee1a90008c804200b2
:1048c000e0c2b300804878000d00780085017800d0
:1048d00002c3b300826878000000e900fcff3a00e0
:1048e000631f98000c8646000c06e8002e1b900003
:1048f0000600e9000d005000201f9800040037005a
:10490000e0c2b300ee1b900080737e000c06e8004e
:104910006e1c90000c0044000048eb009e047800e0
:104920008900e9000041eb0002f478008001eb000f
:104930006e0d90000a00e00003003d000a05ea0049
:104940006a0f980013002000120020006e0a9000e9
:10495000810378002e1b90006e1c9000800678006a
:104960000900370081037800a5002000110009002c
:104970000502d8000002be000543b00005f47b002c
:104980000201e9000603e9008700e9000400e000f5
:10499000f4ff3a00e10f5100f2ff3200261f9800a9
:1049a000681f98000d00780001024400b2c2b300f5
:1049b0000300e00001003200d2c2b300024a7800d6
:1049c0000101e900ee1990008280410003c7b300a5
:1049d0002e029000f90f520001003e0003c5b30003
:1049e00083487800820f560001003d0032fd070029
:1049f000ce0a900063806200e20f500018003a0077
:104a00002e1b90000684e9004240a90014003400e7
:104a10006e1890002ffd0700800044008100e80020
:104a2000ee1b900081804300870178000200370070
:104a3000e36078000000e900de0c9000890f500070
:104a4000fbff3d00631f98000980410008017800ca
:104a500001032000b4fc07000005eb002a0f9800ba
:104a60006e1890001bfd07004e0a9000ae099000e2
:104a700000017800ee1890001e0090007afa0700fe
:104a80004f06be004f05be004f04be000080fa0076
:104a900000000600ce0d90000b48a30098ff3a00de
:104aa0009bff370000000600b0f40700fdff070081
:104ab000fcff3700f28747008e1f78000202780063
:104ac000030178000000e0000200320000077800d7
:104ad00001003700728757008002eb000100e00000
:104ae000010032008102e9007080570006000900d1
:104af0000018eb000080eb0080bf9f002310200017
:104b000093bf9f00aebf9f00b1bf9f00c5bf9f0076
:104b10000100e00003003d00b1042000d1668800e0
:104b200006003700004feb00eebf9f00debf9f0086
:104b300084007800708057005ef907004f07780006
:104b40002f01b1000000060001017800800178000b
:104b5000008268000408a30005003200130037003b
:104b600032407800805978000004e00014003200e0
:104b7000030278000208a300f9ff3a00030078005e
:104b8000010037000318780082007800b201780035
:104b9000f5ef2f00838242000382ea000482620064
:104ba0000508280005026200f6ff320000027800c6
:104bb00031417800025878000204e000fbff3a001f
:104bc000040078000000060000c0da0000000600c3
:104bd00000c0da00000006008f1fd1007c03070030
:104be0008f87e9000000e00000000600809feb00d6
:104bf000770307008f87e9000000e000000006004f
:104c0000810378008bee07000001be006000b80051
:104c10000478a30013003a006220e10015003e0072
:104c20000d0039008301d1000281d3008180d300bf
:104c30008301d1000281d3008180d3008301d100a0
:104c40000281d3008180d3000538b000c42add0082
:104c5000f300b2008381720007f0a70003f0a00008
:104c60000000060083ff2700020020006110b90049
:104c7000f9ff370003ff2700f7ff37001400fa00a1
:104c8000889fbe008a9fbe008c9fbe000004be00ad
:104c90000205be00680047000a90be000890be00f2
:104ca000860307000070a7000bf0a100304320002e
:104cb0009e02900080825200b0fe2f000028e1008a
:104cc00011003d00b0fc2f000028e1001500340069
:104cd0001e0990008e0890007e0090000501b00033
:104ce0000201d1008180d3000080d3008502e8005a
:104cf000fbff3a000b00e000ab033b00600010003c
:104d0000e0801800a8033700f0ff2f00f1ff270014
:104d10000b00e000a4033b0001002800000020007d
:104d2000a10337006000b8009f033700020ab900f2
:104d3000001bb9000200b80081004200810043005e
:104d4000000006008c9fbe008a9fbe00889fbe00a8
:104d5000ca0107000bf0a200040037008c9fbe00c0
:104d60008a9fbe00889fbe00c40107000c48e10076
:104d70000b003a000c40e100020032008b010700fa
:104d8000400037008b066d003e0032000af0a100a3
:104d9000f3012000f2ff2f006110b9003900370045
:104da0000c40e100370032000940e100010036000c
:104db0007e0107008a856d00cf5dde000b05750062
:104dc0000006eb008804fd00890454000100320055
:104dd0007d0107000a04e00011003a000800e0002d
:104de0002800320004004000858048000601490088
:104df000878149000358a300180032008301d100c5
:104e00000281d3008180d3000080d3000c86d300c0
:104e100001003900610676000804e8001800370038
:104e20000400500085805800060159008781590010
:104e3000060031000af0a2000c06ea00600018002b
:104e4000e080180060011900e081190003003a00b9
:104e50000004eb000005eb000a0037000348a30044
:104e600007003a000c064600000048008180480018
:104e700002014900838149000804e900f7ff370077
:104e8000af013700c90137008c9fbe008a9fbe006a
:104e9000889fbe00790107000b056d000940e10005
:104ea0000a003a000800e000020032000c40e10075
:104eb00006003a000af0a1000c047800f30120007b
:104ec000f2ff2f006110b9009d0037000c40e10097
:104ed0009b0032000800e000990032000c48e1001d
:104ee00002003a000004eb00030037000900e00074
:104ef00004003a000c0478006000b8006011b800ab
:104f00008f0037000348a30006003a00000040006d
:104f10008180480002014900838149000804e900ba
:104f2000f8ff37000748a30006003a0004024200d9
:104f300085824a0006034b0087834b008904e90001
:104f4000f8ff3700fd3f20008d8454000904540011
:104f50008a1f7800881f7800000478008104780098
:104f600002057800830578006000b8006011b80081
:104f70000d042000050037000804440089844c001b
:104f80000a054d008b854d000800310004045400d3
:104f900085845c0006055d0087855d008381d20005
:104fa0008d06d300f4ff3b000700370004044400e3
:104fb00085844c0006054d0087854d008381d20015
:104fc0008d06d300ecff3b000804440089844c00ac
:104fd0000a054d008b854d00080031000404540083
:104fe00085845c0006055d0087855d000281d20036
:104ff0008d06d300f4ff3b00070037000404440093
:1050000085844c0006054d0087854d000281d20045
:105010008d06d300ecff3b000804440089844c005b
:105020000a054d008b854d00080031000404540032
:1050300085845c0006055d0087855d008180d20067
:105040008d06d300f4ff3b00070037000404440042
:1050500085844c0006054d0087854d008180d20077
:105060008d06d300ecff3b000804440089844c000b
:105070000a054d008b854d000800310004045400e2
:1050800085845c0006055d0087855d000080d20098
:105090008d06d300f4ff3b000700370004044400f2
:1050a00085844c0006054d0087854d000080d200a8
:1050b0008d06d300ecff3b000b00e00004003d0038
:1050c0000404440085844c0006054d0087854d008e
:1050d0000006eb008301d1000281d3008180d30060
:1050e0000080d3000c86d3008301d1000281d3005d
:1050f0008180d3000080d3000c86d3008904740023
:105100008b0575008b847400010032006106760007
:105110004f0478004f0578000348a30007003a00c9
:105120000c0646000000480081804800020149004a
:10513000838149000804e900f7ff370000013700c8
:105140001a0137008c9fbe008a9fbe00889fbe0058
:10515000ca0007000b056d008a0578000c40e100cd
:1051600008003a000900e00082003a000af0a100bd
:105170000c047800f3012000f2ff2f006110b90049
:105180007c0037000c48e10004003a00870007006b
:105190000900e00077003a00f4ff37000800e00063
:1051a000740032000900e00002003a007f000700ae
:1051b00070003700ed3f20008d8454000904440046
:1051c0008a1f7800881f7800871f7800861f780064
:1051d000851f7800841f7800cb19dd00c515de001f
:1051e0008b8571004b11dd00450dde000a05710055
:1051f000cb08dd00c504de00898470004b04dd00af
:105200000440b8000546b8008c80400060814e0024
:10521000044eb8008c8040000d0149008001eb0075
:105220000318ad000456b8000c0141008d814900ff
:105230000002eb000420ad000646b8000c0141005e
:105240008d81490060024a00054eb8000c01410002
:105250008d81490060024a000556b8008c814100ea
:105260000d024a008002eb000528ad000746b80099
:105270008c8141000d024a00e0824a00064eb800cf
:105280008c8141000d024a00e0824a004f067800fe
:105290000c5eb8008c8141000d024a00e0824a0099
:1052a0000656b8000c0242008d824a000003eb0053
:1052b0000630ad00074eb8000c0242008d824a0055
:1052c00060034b004f0678000c5eb8000c024200f1
:1052d0008d824a0060034b000756b8008c82420062
:1052e0000d034b008003eb000738ad004f0678003c
:1052f0000c5eb8008c8242000d034b00e0834b0033
:105300004f0678000c5eb8000c0343008d834b0001
:105310004f0478004f0578000748a3000a003a00c0
:10532000000040008180480002014900838149005b
:1053300004024a0085824a0006034b0087834b0023
:105340000804e900f4ff370003067800808070004d
:1053500082807000010032006106760087017800cb
:105360000601780085007800040078008804780041
:10537000780037008d0037008c06460002003a00a6
:105380000000a6000000060060004800e080480021
:1053900060014900e08149000350a60000000600ba
:1053a0008301d1000804e800000006000002fd00af
:1053b0008102fd000203fd008303fd008804fd005f
:1053c0008a05fd00000006007048e1001a0039005f
:1053d0007d0320000d48e1000a00390081057000be
:1053e000830671008c8575008d8575000006eb00c5
:1053f0000cd8e700610676006000b8006011b800c4
:10540000000006007048e1000b0039008c057800b0
:10541000000678000100780082007800030178001f
:105420008001eb0003d8e70061067600f0845400a9
:10543000f4ff3a00000006006160e1000c48ad0096
:10544000f08514008b06dd000966de000d0676008f
:105450008b0edd000900de000d0070008b16dd00f4
:105460008908de008d8070008b1edd000911de00d2
:105470000d0171008919de00000006000d002800f2
:10548000fc7f20000d856100441cde00ef8161007f
:105490000c046400010032000340a0008d8563000d
:1054a000c43cde00ef8363008c84640001003200a2
:1054b0000740a0000c40e10006003a00ef866100c2
:1054c0008286760081867600808676000100320032
:1054d000180037000c48e10007003a00ef8663002f
:1054e0008686760085867600848676000200320005
:1054f000aeff07000f0037000348a30005003a0085
:105500008106700082867600838676000100320074
:105510000804e8000748a30005003a008506720069
:105520008686760087867600010032008904e800ce
:1055300000000600cf047800cf0578001b0037007c
:10554000000278008102780002037800830378006b
:10555000880478000cf0a70087ff0700fd7f20007b
:105560000d40e100040035000d0478006000b80033
:105570006011b8000d0037000800e0000b003c008f
:105580000400780085007800060178008701780023
:10559000e18414008cff07000cf0a70076ff0700e1
:1055a0000004eb000340a7000804e8004444dd00c9
:1055b0006fc56100880175004f04be004f05be0035
:1055c0004f06be0000000600889fbe008a9fbe00f6
:1055d00030044200b0844a0030054b0090854b00f7
:1055e0006000b1000898be000a90be000440e100cf
:1055f00005c8e10006d0e10007d8e1000200310053
:10560000680040001008e8004f05be004f04be00cf
:1056100000000600889fbe008a9fbe003004be00c6
:105620002005be000418540005985c0006185d00b3
:1056300007985d00110020000440e10005c8e1006a
:1056400006d0e10007d8e100010039008000eb003e
:10565000108810004f05be004f04be000000060079
:105660001200fa00889fbe008a9fbe008c9fbe0079
:10567000e0b79f00f1b79f0082bf9f0093bf9f00dc
:105680000605be000404be000000eb00d0b79f007a
:10569000c0b79f00b0b79f00a0b79f0090b79f0012
:1056a000000678005fb19700cfb0970082014100fb
:1056b0003fb097000200e00004003d003700070003
:1056c0007e805700c0ff070003003700330007004b
:1056d0007e805700cfff0700dfb697000d00e00087
:1056e0000c0035006fb29700ffb297000fbb970018
:1056f0009fbb970010002000010020006011b8003f
:1057000000027200818272000203730083837300bf
:105710001b0007000c06e80001042000810f560062
:10572000e0ff3a000d00e00004003d000802be006a
:105730000a03be007e805700a3ff07005fa8970002
:105740000000e00005003a001fb29700afb29700da
:105750003fb39700cfb39700090007006fb09700e1
:10576000ffb097000fb997009fb997004f06be0092
:105770004f05be004f04be000080fa000000060086
:105780000100070000000600a4b79f00b5b79f0006
:10579000c6b79f00d7b79f00000006004f09de0084
:1057a00082817100b3b79f004f01de00818040000d
:1057b00082807000a1b79f008fb097004f09de0074
:1057c000000040000200700090b79f007fa8970083
:1057d0004f01de00818040008280700081b79f0011
:1057e0000d0007004f3ade0000004000040070008a
:1057f000f0af9f00080007000402420085824a00c3
:1058000006034b0087834b00dfff07000802be0042
:105810000a03be00000006002fb29700bfb2970037
:105820004fb39700dfb3970000000600881f780091
:1058300018002000881f780089ff07008f87e90083
:105840004f04780000000600801feb0084ff070073
:105850008f87e90000000600889fbe008a9fbe0077
:10586000e00f5000e08f5800e00f5900e08f590022
:105870000c003d006044b8006055b80000005400c2
:1058800081805c0002015d0083815d0018002000c2
:105890001500070008003d00180007000004eb0099
:1058a000050037000004eb000f00070002003d0078
:1058b0001200070018002000dcff07000800e000cd
:1058c000060032006022b8006033b80000005200c9
:1058d00081805a0002015b0083815b004f05be009e
:1058e0004f04be0000000600e00f5200e08f5a0097
:1058f000e00f5b00e08f5b00000006006044b80032
:105900006055b8000402540085825c0006035d0007
:1059100087835d0000000600889fbe008a9fbe004e
:105920008c1f7800e00f5000e08f5800e00f590006
:10593000e08f59000d003d006044b8006055b8008c
:105940000000540081805c0002015d0083815d00e5
:105950001c0020000820e10009a8e1000ab0e100d5
:105960000bb8e1000d003d00080037000006eb0019
:10597000e00f5200e08f5a00e00f5b00e08f5b0009
:1059800006003d006044b8006055b80004025400b1
:1059900085825c0006035d0087835d00aaff070027
:1059a0000c00e000060032006022b8006033b8004e
:1059b0000000520081805a0002015b0083815b007d
:1059c0004f0678004f05be004f04be0000000600e1
:1059d000889fbe008a9fbe008c9fbe000404be004c
:1059e0000605be00809fbe00829fbe00210007000a
:1059f000040678000800be000a01be001d00070072
:105a0000840678004f03be004f02be008d4f760023
:105a10007fb0970013003300f0ff2f008b8f6b00d7
:105a200006003b000d0666000c00a7000a003700c8
:105a300007f0a600100020000a003700880f52006f
:105a4000898f5a008a0f5b008b8f5b00030039003f
:105a50001000200001003e000000200007f0a70019
:105a60000000ea004f06be004f05be004f04be0016
:105a70000000060005ff27000582610007003200d4
:105a80000428e100010032002400050006000700a0
:105a900001003a0044000500040805000200070068
:105aa000f9ff3a00140005006f8261008102700066
:105ab00085027100850272000000060080007800f7
:105ac0005002be005003be004439de00f700b200b1
:105ad000f37f200003016100090032000218e10099
:105ae00016003a0085017200830173008381730000
:105af0000008200015003a00400020001300370085
:105b000085017200830173008381730005003a00f0
:105b100004a8be0006a8be00100020000b0037003d
:105b20000201e9000402420085824a0006034b009c
:105b300087834b000748a300f9ff32000740a0000d
:105b400004a8be0006a8be00200020008000980027
:105b50009200980000000600680447000294be000e
:105b60000094be00fc0447008694be008494be00ee
:105b700009007800d1ff070008007800cfff070078
:105b800099007800814f70000b003b000800be00b8
:105b90000a0007004f00b10003003700f3ff2700a1
:105ba000f2ff2f006110b9004f06be004f05be0086
:105bb0004f04be000080fa0000000600e4824000ae
:105bc0001078a30007003200640240001178a3009f
:105bd0003400be001401be00040032000330a700f0
:105be000000006003500be001501be000330a00015
:105bf000000006001800fa00889fbe008a9fbe00c1
:105c00008c1f78000004be000205be000802be0022
:105c10000a03be00443ade00f07f20000006620066
:105c200020432000800f560067003c006022b8002f
:105c30006033b8000800be00e7fb07000000e0008a
:105c4000610032000802be000a03be00b4b79f0024
:105c5000c5b79f00d6b79f00e7b79f00e00f52007f
:105c6000e08f5a00e00f5b00e08f5b000b003d000f
:105c70006022b80006002000073324000800be00a0
:105c80000a01be002ffc07006022b80006002000b9
:105c90000733240031fc07000a0037006022b800f7
:105ca00006002000073324000800be000a01be00e1
:105cb0002afc07006022b8000600200007332400f9
:105cc00020fc07000802be000a03be001dfc0700fe
:105cd0000002be000203be00f4b79f0085bf9f0014
:105ce00096bf9f00a7bf9f00e03f2000800f560097
:105cf00017003c007fb097008fb897001fb997003e
:105d0000afb99700f0af9f0081b79f0092b79f0097
:105d1000a3b79f006044b8006055b8003fb2970039
:105d2000cfb297005fb39700efb39700e00f520038
:105d3000e08f5a00e00f5b00e08f5b0022003d0027
:105d40006044b8000a0020000bff2b001e00370043
:105d50006022b8006033b8007fb097008fb897001a
:105d60001fb99700afb99700a0fb07000000e00043
:105d70000c0034007fb297008fba97001fbb9700ca
:105d8000afbb97000800be000a01be00f3fb07008e
:105d90006022b8000600200007ff2300e9fb07008f
:105da000070037007fb297008fba97001fbb97009c
:105db000afbb97000800be000a01be00e7fb07006a
:105dc0000004be000205be000800be000a01be00bd
:105dd0004f0678004f05be004f04be000080fa0059
:105de000000006000000fa00aa22ef00f01f2800c1
:105df00040158800c00020003015880000082000f1
:105e000020158800a222ef0000002800001588005d
:105e1000a022a8001000200080478800a0002000d9
:105e2000431f07000080fa00000006000200fa008d
:105e3000000f78009e0078006f80600030158800a9
:105e4000a022a80092000900000000000080fa00d3
:105e5000000006000400fa0010079800401f200010
:105e6000000f7800a002a900a022a90000000000f5
:105e700000158000610060000000e00004003a00ae
:105e80001e0fe9001e0078000000e000f8ff3a0055
:105e90001e0078000000e000070032001e009000a5
:105ea000690050000114800000014000e0cc200097
:105eb00000004100010878000080fa0000000600a0
:105ec0000000fa00804780000000e0001d00320062
:105ed000c0002000dfff0700d0002000d3ff070034
:105ee000d0002000dbff07009047800081cf2f000b
:105ef000000040000080400010007800cbff070049
:105f00009047800081cf2f000000400000804000bb
:105f100010007800cfff0700904780000000e800e5
:105f20009047880090478000e30f50000100340044
:105f3000f228ef00c000200030158800a022a80041
:105f400001003700000000000080fa000000060099
:105f50000200fa00000f78001e007800e80f5000e1
:105f6000030036001e007800ee0f500002003600dd
:105f70000000eb00060037009e00780069805000aa
:105f800080004000e0cc200000804000100078003d
:105f90000080fa00000006003200f800900188003e
:105fa0006118e100040032007018e10002003200c4
:105fb000f0ff2f00030037003119ba008301e90018
:105fc000fdff3a003200f90000000600849fbe0089
:105fd0004220a900440424006110e1000a003200bc
:105fe000540424007010e10007003200640424000f
:105ff000f5ff2f000510e10003003200f0ff2f0035
:106000004f02be00000006003200f800203b88006e
:10601000113b8800043b88000500fc00500520006f
:10602000303b8800a00a2000303b880061e7a800d0
:10603000000000000000000061e7af00feff370035
:106040000000eb003200f9004f02be000000060025
:10605000841f78004220a900440024006118e10058
:1060600006003200540024007018e10003003200e2
:106070004f027800f0ff2f00000006003200f80009
:1060800091018800821f78003019bb008301e9006c
:10609000fdff3a00213b88004f017800123b880049
:1060a000043b88000500fc0050052000303b8800c0
:1060b000a00a2000303b880061e7a8000000000033
:1060c0000000000061e7af00feff37000000eb00ba
:1060d0003200f9004f027800000006000400fa00c8
:1060e000004f7800110798009e40780061cf600053
:1060f0001e0090000000d100004078001e4f680094
:106100001e0090004300de00004078001e4f680033
:106110001e0090004500de00004078001e4f680021
:106120001e0090004e00de00004078001e4f680008
:106130001e00900000004000100798001e80fb0029
:10614000e10060001e009000008040000080fa0026
:10615000000006000600fa0020479800210798007a
:1061600070002000000f7800ae0090002e409000dc
:10617000daff0700200798002e4090008080fb0087
:106180001e0078000088de0000407800ae0090001d
:10619000d2ff0700200798001e0fe9001e007800bc
:1061a0000000e000f4ff3a002e0090000080fa00aa
:1061b000000006000400fa00000f780011079800a4
:1061c0001e007800004078009e009000e1ff07006c
:1061d000100798001e0078004800de00004078009c
:1061e0009e009000dbff07000080fa000000060020
:1061f0000200fa000000eb00000f78001e0078009b
:106200008000400060b32000008040008000eb0070
:10621000010878001e0fe8001e007800ea0f500009
:10622000f6ff340090002000605a8800007d2000b6
:10623000905a8800c0122000a05a88000000eb008d
:10624000b05a880030002000c05a8800300020007a
:10625000705a880020002000805a8800c012200058
:10626000d05a880010002000e05a88000000eb009f
:10627000f05a880060042000005b88008002200043
:10628000105b88000000eb00205b88000000eb0042
:10629000305b88000000eb00405b88000000eb00f2
:1062a000505b88000000eb00605b88000000eb00a2
:1062b000705b8800809d2000905b88002048210052
:1062c000a05b880060422000b05b880020032000b3
:1062d000c05b8800a0b7200011c0b300014878005f
:1062e000b0b7200011c0b30001487800f0032000cf
:1062f000e05b8800a0ac2000f05b880000832000f9
:10630000005c880060852000105c8800400620004a
:10631000205c880010232400f1002000305c8800fd
:10632000415c880080072000505c88006400070002
:106330001300200002852000010f2f00f00720002d
:1063400015ff0700804280000000e80080428800be
:1063500012002000010f2f00f00720001bff070094
:1063600013002000020f2f00f107200000852000fd
:1063700037ff07000080fa00000006000800fa005e
:10638000715a800011079800c00020002007980073
:106390001e009000e60f5000070032001e00900023
:1063a000e70f500002003a002000200001003700f3
:1063b0000000eb000100370010002000a05c880006
:1063c0000000eb00805b88000000eb00000f78000d
:1063d000330037001e0078008000400060b32000ca
:1063e0000080400010007800300798002e009000d8
:1063f0009e007800808f50000c003a001e00900034
:10640000e60f5000070032001e009000e70f50001a
:10641000020032001e009000010037001000200032
:106420000100370030002000300798001e0078007f
:10643000fd0f500003003a00805b80003007980099
:1064400004003700815b80003e00900059ff070088
:10645000805b88009e00780000802700008040005c
:10646000000040001200200080007800f0072000ab
:10647000d6fe07009e0078000080270000804000c4
:1064800000004000800078006600470013002000f4
:1064900001017800f1072000edfe07001e0fe80063
:1064a0001e007800fd0f5000caff3600805b8000a0
:1064b000c05c8800150007000080fa00000006009c
:1064c0000200fa000000eb00000f78001e007800c8
:1064d00080004000e0b82000008040008000eb0019
:1064e000010878001e0fe8001e007800e70f50003a
:1064f000f6ff360030a42400705c880010002000f5
:10650000805c88000080fa00000006000200fa00ab
:106510000000eb00e05c88000000eb00000f78005a
:10652000210037001e007800e60f500008003e00f2
:10653000e15c80001e00780000014000e0b820000f
:1065400000004100100078001aff0700e05c88009e
:106550009e00780000882700008040000000400076
:106560001200200080007800f007200097fe07004e
:106570009e00780000882700008040000000400056
:1065800080007800e2b820001e0078000000400083
:10659000000041001300200001017800f1072000f5
:1065a000abfe07001e0fe8001e007800e70f50004a
:1065b000dcff36000080fa00000006000400fa004c
:1065c0000000eb00100798000000eb00000f7800bf
:1065d00019003700e1b820001e00780000004000dc
:1065e000808040001e0178000088270000004100e4
:1065f00000004000130020000101780080007800b6
:10660000f007200064fe07001e007800e60f50002f
:1066100008003e001e00780080004000e0b8200026
:1066200000804000100078009e009000e1fe07000e
:10663000100798001e0fe8001e007800e70f5000ba
:10664000e4ff3600e15c80001e009000808f500067
:1066500019003a00715c800030a42400808f500043
:1066600015003a00805c8000e10f500012003a00f3
:10667000905c80000000e0000f003500905c80001e
:10668000e10f50000c003c00a05c80000000e00026
:1066900009003500a05c8000e20f500006003c00bd
:1066a000b05c80000000e00003003500b05c8000ba
:1066b000e10f50000300340081ff070010002000ac
:1066c000010037000000eb000080fa000000060027
:1066d0000000fa00c05c80000000e000060032000c
:1066e000c15c8000805b8000808f5000020032001f
:1066f0000000eb00a05c8800705a8000e30f50009f
:1067000005003a00a05c8000e10f500002003a0052
:1067100060002000705a8800705a8000e10f50001d
:1067200005003a00a05c8000e20f500002003a0031
:1067300070002000705a88000080fa0000000600f7
:106740000400fa000000eb00100798000000eb00c6
:10675000000f78001900370061b320001e00780098
:1067600000004000808040001e017800008027006b
:1067700000004100000040001300200001017800eb
:1067800080007800f007200003fe07001e0078005c
:10679000fc0f500008003e001e0078008000400002
:1067a00060b3200000804000100078009e00900040
:1067b00080fe0700100798001e0fe8001e007800fa
:1067c000fd0f5000e4ff360013002000028520007a
:1067d000010f2f00f0072000effd0700815b800014
:1067e0001e0090000080680000f0a7000000ea0092
:1067f0000000ea004f00de000080fa000000060002
:106800000200fa000000eb00605c88000000eb0072
:10681000000f7800210037001e007800ec0f5000b8
:1068200008003e00615c80001e007800000140000e
:1068300020b7200000004100100078005dfe070036
:10684000605c88009e007800008227000080400085
:10685000000040001200200080007800f0072000b7
:10686000dafd07009e0078000082270000804000cb
:10687000000040008000780022b720001e00780051
:1068800000004000000041001300200001017800da
:10689000f1072000eefd07001e0fe8001e00780043
:1068a000ed0f5000dcff360018ff07000080fa00f3
:1068b000000006000400fa000000eb00100798003a
:1068c0000000eb00000f78001900370021b720000e
:1068d0001e00780000004000808040001e0178000b
:1068e000008227000000410000004000130020004b
:1068f0000101780080007800f0072000a6fd070065
:106900001e007800ec0f500008003e001e007800ca
:106910008000400020b72000008040001000780078
:106920009e00900023fe0700100798001e0fe8004d
:106930001e007800ed0f5000e4ff3600615c80001f
:106940001e0090000080680000f0a7000000ea0030
:106950000000ea004f00de000080fa0000000600a0
:106960000000fa0000000000a01680006100600036
:106970000000e000fcff3a0070168000620060003a
:106980000000e000f8ff32000080fa00000006007e
:106990000000fa0000000000a01680006100600006
:1069a0000000e000fcff3a00800c2000601c0700a3
:1069b0000080fa00000006000400fa0010079800aa
:1069c0001e009000104078000000fb00000f7800cf
:1069d0001e0090000000e800100798000600370035
:1069e0001e009000104078009e0090008100e8009a
:1069f00011079800ab1c07001e00780000f0a700ec
:106a00000000ea000000ea004f00de0000407800cd
:106a10001e0fe9000004e000f1ff3a000080fa00d8
:106a2000000006000000fa007440800002672000a9
:106a300003002000f002120004003b008502ea007f
:106a40000598de00cf98de0004003700851add00cf
:106a50000410de00008072008498de0000007800e0
:106a600061006000004078000004e0000200320095
:106a70004006200001003700a028200000478800c1
:106a80000080fa00000006000200fa00000f780003
:106a90001e0078000000e00005003200c05b8000ae
:106aa00080007800a07f2100fb1b07000800370052
:106ab000c05b80006a00b9000000780080007800a8
:106ac000c0f62000f41b0700401f2000181c070020
:106ad0000080fa00000006000800fa002007980075
:106ae00031079800ae0090003e0090000001780051
:106af000110009008200d800000f7800ae0090005d
:106b00003e00900000017800110009008200d800ca
:106b10008000fd00100798003e0090008080d100aa
:106b20001e009000808f500001003c001e0fe80006
:106b30001e0078000080fa00000006000000fa0045
:106b40000428ef00f04180000000e0003d0032002a
:106b5000f0418000620060000000e00009003200a7
:106b6000f1418000d003200000806000f0418800e7
:106b7000caa2a90040012000ed1b0700caa2a8007c
:106b800031003700f0418000610060000040780073
:106b90000004e00005003200f1418000e003200025
:106ba00000806000f041880027003700f04180003d
:106bb000640060000000e00005003200f141800048
:106bc000b003200000806000f04188001e00370004
:106bd000f0418000680060000000e0000500320025
:106be000f14180007003200000806000f0418800c7
:106bf00015003700f0418000700060000000e000e8
:106c0000060032002628ef00f1418000f00220004b
:106c100000806000f04188000b003700f1418000e7
:106c200000022000008060000000e000060032004a
:106c3000f04180007f006000f0418800000000000b
:106c400001003700000000000080fa00000006008c
:106c50000200fa00000f780050478000e10f50005a
:106c60000b003a00805a80000000e00008003a0063
:106c70001e007800800040008099200000804000c5
:106c8000100078004cff0700ea28ef000000000029
:106c90000080fa00000006000400fa0010079800c7
:106ca0000000eb00000f78001e007800800040001c
:106cb000e0792f0000804000900078001e009000d6
:106cc000808f500005003e001e0fe8001e00780077
:106cd000e90f5000f4ff340001003700000000000d
:106ce0001e0078000080fa00000006000600fa008e
:106cf000200798002e009000cdeb0700401fb00049
:106d00000180b000823e20000300200012e6070050
:106d1000008fbe0000532700010020001e01be00ae
:106d2000800f5100818f5900030034002053270049
:106d300001002000008fbe001e007800d6ff070073
:106d40000080fa00000006000200fa001000200097
:106d5000bfff0700df1b07000004e0003b0032001c
:106d6000ee1b0700004f7800b04780000000e000f5
:106d700004003200b04380000000e00001003a004f
:106d800065100700b04780000000e00004003a00f2
:106d900060c4b3009e40780080cf50002a003a00c3
:106da000f0468000b0438800b0478000e10f5000fb
:106db00007003a0010c4b3009e40780080cf500016
:106dc000030032007628ef00531007001f00370041
:106dd000b04780001e41780001c920008270780011
:106de0000000e800b0478800b0478000ee0f500078
:106df00003003c00b04380000000e00002003a00c5
:106e00004510070011003700b0c3b3009e40780062
:106e100080cf50000d003a00805a80000000e00052
:106e20000200320010002000a047880000c92000a6
:106e30000080e800adff0700605a88007628ef0068
:106e40003510070001003700000000000080fa0044
:106e5000000006003200fa00889fbe006a0f47005b
:106e600000c9200064004000200798000040eb00ab
:106e7000204f9800605980008000eb00ebe5070090
:106e80000004be00a05b8000cf80de00e4e50700c8
:106e90000001be000800be00d8e707000240220043
:106ea00043972400f6e60700300798004107980052
:106eb00000c920009040780060c4b30080cf50002b
:106ec00005003a0010c920009040780010c4b300bb
:106ed00080cf50000a00320000c9200090407800a6
:106ee00090c4b30080cf500010003a0010c92000b9
:106ef0009040780060c4b30080cf50000b003a008f
:106f0000b0478000ec0f50001a013400d0c92000b7
:106f10008040eb000148780000c920000080e800b4
:106f200072ff0700605a88001701370000c920006f
:106f30009040780080c4b30080cf50000f013a0029
:106f400010c920009040780020c5b30080cf5000c9
:106f50000c013a0020c92000104078000080fb009e
:106f6000c800dd0030c92000104078000080fb0020
:106f70000100700041d42400810f50004d00320008
:106f800041d42400810f500011003c00e124240072
:106f9000810f50001f003200e1242400810f5000b7
:106fa00004003c0041152400810f50009c00320079
:106fb000da00370021252400810f5000a1003200a3
:106fc00081b52400810f5000b7003200d300370094
:106fd000d1442500810f5000bc003200d14425006f
:106fe000810f500004003c0081252500810f5000d6
:106ff0004b003200c900370001452500810f5000c9
:107000006800320041652500810f50007600320093
:10701000c20037002e009000104078000004e0000d
:107020000c003a00605a800080004000607e2f0013
:1070300000804000900078006a004700811f7800bf
:10704000c1822f00811f7800a3ea0700e487570060
:10705000b20037002e009000104078000000fb00c6
:107060000003b100e90f50009d003e002e0090008b
:10707000bfea0700100798001e0090000000e00023
:10708000090035001e009000ea0f500006003c0089
:107090001e00900080004000007d2f000080400016
:1070a0001000780001003700a0002000605a88001e
:1070b0009a0037002e009000104078000004e00095
:1070c00008003a00e14180006a004700811f780013
:1070d00031832f00811f78007fea0700e487570083
:1070e0008e0037002e009000104078000000fb005a
:1070f0000003b100e90f50007b003e002e0090001d
:107100009040780010c3b30000c068000080fb000e
:107110000000e9004f00de00e04188007f003700fa
:107120002e009000104078000004e00070003a004b
:10713000e05a8000b1792f00614078000003fb0025
:1071400025418000605a800080004000e09b2000c4
:107150000080400010027800e04180008000400084
:10716000409d200000804000900178006a014700a7
:107170003e009000ce009000809fbe00861f7800e9
:10718000851f7800841f7800831f7800a0832f005c
:10719000801f7800020078004fea0700ee87570052
:1071a0005e0037002e009000104078000004e000e0
:1071b00051003a00e05a8000b1792f006140780018
:1071c0000001fb00214180006a004700821f780017
:1071d000811f7800e1842f00811f78003eea0700bc
:1071e000e68757004d0037002e00900010407800d1
:1071f0000004e00042003a006a0147003e009000af
:10720000ce009000809fbe0070852f00801f780008
:107210000200780030ea0700e68757003f00370099
:107220002e009000104078000004e00036003a0084
:107230006a0047006200200011862f00b3ea0700b1
:10724000360037002e009000104078000004e00067
:107250002f003a00c05a80000080e9001007980013
:107260001e0090000000e00002003d000000eb0066
:10727000100798001e009000e30f50000200340039
:1072800030002000100798006a0047009e00900020
:10729000811f780071862f00811f78000eea070099
:1072a000e48757001d0037002e0090001040780042
:1072b0000004e00018003a006a0047006200200065
:1072c000e1862f0091ea0700140037006a004700aa
:1072d0005200200041872f008cea07000f00370082
:1072e000000000000d003700000000000b00370018
:1072f0000000000009003700000000000700370010
:107300000000000005003700000000000300370007
:107310000000000001003700000000001e0078009f
:10732000104078000004e00006003a001600370024
:107330001e007800104078001e0fe800591a070060
:1073400001003700000000001e00780010407800a7
:107350000004e000f6ff3a00b0c3b300511a070082
:10736000d0c0b3004f1a0700a0c0b3004d1a0700e9
:107370000500370000000000030037000000000097
:1073800001003700000000004f04be000080fa003a
:10739000000006000200fa00260037005f1a07000e
:1073a0000080fb0075ea0700004f7800b0478000be
:1073b0000000e00004003200b04380000000e00064
:1073c00001003a00d40e0700b0c3b3009e4078001d
:1073d00080cf500003003a009efe0700ce0e07004b
:1073e00014003700b04780000000e00006003a00bb
:1073f0001e4078000054a0000000fb001006b10001
:10740000f90f50000b003e00f0468000b0438800aa
:10741000b0478000ee0f500006003c00b0478000ef
:107420001e41780001c92000827078000000e80049
:10743000b0478800271a07000004e000d7ff3a0091
:107440000080fa00000006000400fa00100798000f
:107450001e0090004480de00000f78001e007800bf
:107460006a00b90000007800000f78001e0090004c
:107470006f0060001e0040000080fa00000006005f
:107480000600fa006000b800008fbe000000eb00ac
:10749000200798009e009000400620000088b90058
:1074a000000178001e0078006000b900000078003c
:1074b000000141009e007800400620000008b8004e
:1074c0000101410082007800008fbe00008fbe00e5
:1074d00001c920002e00900000804000104078007c
:1074e0000080fb00d8ff07006101b9001e00be004c
:1074f0000200400083804800008fbe002e009000f4
:107500000000e800200798002e009000e30f5000d4
:10751000e0ff340022032000030020001e0f410082
:107520005e9749001e00be004206200003002000b6
:1075300009e40700008fbe0000532700010020006f
:107540001e01be00800f5100818f590003003400de
:107550002053270001002000008fbe001e0078008d
:10756000cdfd07000080fa00000006000000fa00d0
:10757000881f78000000eb00b5fd0700d519070053
:107580000004e00014003200b8478000e31907004f
:1075900001c9200080707c000800e800b047880026
:1075a000800c2000b0438800b0478000e40f5000fa
:1075b00010003400805a80000000e0000200320019
:1075c00010002000a0478800adff0700605a880027
:1075d000510e070007003700b04780000000e000b0
:1075e00004003200b04380000000e00001003a00d7
:1075f000490e07004f0478000080fa0000000600e2
:107600000000fa00889fbe00204480000000e000d7
:107610001c003a006241800073418000006a28002b
:1076200011002000800f5100818f59000e0034009e
:107630006041800071418000f9e307000004be0052
:10764000305c8000415c8000f5e307000200200010
:10765000031224000ae507000001be000800be0076
:1076600007e50700010037006000b800804388008c
:10767000914388002c28ef002e28ef0040062000c0
:107680002044880080438000914380004f04be0066
:107690000080fa00000006000000fa00889fbe008b
:1076a0004143800000428000808f5000070032007c
:1076b00000428000404388006000b80050438800ca
:1076c000614388006e28ef00340037005059800075
:1076d0008000eb00d5e307000004be00905b800053
:1076e000cf80de00cee307000001be000800be0030
:1076f000c2e50700c0408800d1408800c440800037
:10770000d5408000504380006143800018c0b30022
:107710000001be000400be009ee307000000e00080
:1077200001003c000044eb000804e00007003200c8
:10773000c0408000d14080005043880061438800f1
:10774000800c2000704388000a00370070438000de
:107750000000e00004003200704380000000e900f7
:1077600070438800030037006000b8005043880071
:1077700061438800504280000000e00003003200b6
:10778000c0408000d140800002003700504380009c
:107790006143800052002000c60d07004f04be0068
:1077a0000080fa00000006000000fa008c21ef00c3
:1077b000e842a900e862a90075fc0700cfa2a90071
:1077c000ffff37000400fa00889fbe00c24180001e
:1077d000d34180002043800031438000800f51005e
:1077e000818f590007003500c0418000d1418000e1
:1077f0002043880031438800803e2000f043880009
:1078000007003700f04380000000e00004003a0069
:107810006428ef006628ef006000b800008fbe000b
:1078200020438000314380007de307000004be0058
:10783000b05b8000cf80de0079e307000001be006e
:107840000800be006de50700008fbe00705b800081
:107850000000e0001500320018c0b30062da2d000d
:1078600073c124001e00be004ae307000000e000d0
:1078700001003c000044eb000804e0000800320076
:1078800002002500337c24001e00be007ce40700bb
:10789000a8e7070062002000860d070013003700ec
:1078a000904d8000610d07001000370018c0b30034
:1078b00062da2d0073c124001e00be0035e307000c
:1078c0000000e00001003c000044eb000804e00080
:1078d00004003200220020001e00be00750d0700cb
:1078e00002003700804d8000500d07004f04be009d
:1078f0000080fa00000006000000fa004047800007
:107900000000e00003003a0030612f00470d07003f
:1079100004003700e0408000f14080003200200089
:10792000640d07000080fa00000006000000fa0065
:10793000889fbe008a9fbe008040800091408000ea
:1079400082142e00a3f723002ce507000004be00dc
:10795000605980008000eb0034e307000005be00a2
:10796000a05b8000cf80de002de307000001be0099
:107970000a00be0021e50700020020008324240045
:107980003fe407000001be000800be0057e3070007
:1079900080408800914088008040800091408000b5
:1079a00042002000430d07004f05be004f04be00fb
:1079b0000080fa00000006000000fa00881f78002e
:1079c000e85a800020418000cf80de0014e30700e9
:1079d00008017800370d07004f0478000080fa0096
:1079e000000006000000fa0005ff0700809fbe00af
:1079f00080782f00801f780060b12000d2e8070057
:107a0000e687570060b12000080d07006dff0700f2
:107a10000080fa00000006006000fa00889fbe00a7
:107a20008a9fbe008c9fbe00660f4700c041800049
:107a3000d1418000fae207000004be00b05b800084
:107a4000cf80de00f6e207000001be000800be00a5
:107a5000eae407001007980021079800f141800030
:107a6000312f980071428000412f98002141800001
:107a7000512f980018c0b30062da2d0073c12400a2
:107a80001e009000ae009000c2e207000000e0007f
:107a900001003c000044eb000804e0000700320055
:107aa00002c22b00e3cb24001e009000ae00900029
:107ab000f3e307000005be00010037006055b80081
:107ac000505980008000eb00d8e207000004be009f
:107ad000905b8000cf80de00d1e207000001be0095
:107ae0000800be00c5e4070002002500338424001e
:107af000e3e307000006be00605980008000eb0051
:107b0000cae207000004be00a05b8000cf80de0058
:107b1000c3e207000001be000800be00b7e4070092
:107b20000240220043972400d5e307000004be0072
:107b300040478000cf80de00b9e20700020020004d
:107b4000832c2400cee307000001be00605a8000b1
:107b50008000400060b320000080400010007800ea
:107b60000000e800602f9800675a8000e05a80000b
:107b7000b1792f00614078000003fb00ecc8bf0022
:107b80008002fb00315b800090792f0060c078009c
:107b90000002fb00e141800070792f0060c0780096
:107ba0000000fb00e6004700712f9800be289000ff
:107bb000811f7800ce289000811f7800de28900079
:107bc000811f78008a9fbe008c9fbe00889fbe00e8
:107bd000829fbe00ee289000811f7800871f7800ea
:107be000861f7800851f7800841f7800801f78002a
:107bf00090872f00801f78007e289000b6e707004e
:107c00004f02b100040037001e00780010407800d9
:107c10001e0fe800231807001e00780010407800af
:107c20000004e000f8ff3a004f06be004f05be001a
:107c30004f04be000080fa00000006000400fa00b5
:107c400050408000e10f5000c5003200c04380006a
:107c50000000e0000c003a00805a80000000e000c4
:107c6000090032006cff0700815a8000803e20002e
:107c70000088b90000007800c0438800c04380003d
:107c80004006b000e0438800121807000004e0003e
:107c9000b500320021180700004f78001e40780020
:107ca000ea4f5000b2003200b0478000e10f5000b0
:107cb0000f003200e10f500003003c000000e00024
:107cc000060032001e003700e20f50000e003200a6
:107cd000e30f50001500320019003700d0c3b30085
:107ce0009e40780080cf500017003200a30037007c
:107cf0001e00fb001004b100f90f50001400360004
:107d0000850c07009d0037001e407800ed4f5000a5
:107d1000110032001e00fb000003b100e90f50000b
:107d20000f0036007c0c0700940037001e407800de
:107d3000ed4f50000c003200770c07008f00370029
:107d4000750c07008d0037000000000007003700a9
:107d500000000000050037000000000003003700ad
:107d6000000000000100370000000000b047800064
:107d70001e41780001c92000827078000000e800f0
:107d8000b04788001e407800ed4f50007a003a005e
:107d9000805a80000000e00006003200815a800016
:107da000803e20000088b900000078004006b00046
:107db0000100370080382100e043880010c920000e
:107dc00010407800004f780020c920001040780053
:107dd0000080fb000003b100100798001e00fb00ac
:107de00071042000810f50002e0032007104200029
:107df000810f50000a003c0021042000810f500038
:107e00001b00320031042000810f5000230032009b
:107e100011042000810f5000120032004e00370084
:107e200001052000810f50002f00320001052000c5
:107e3000810f500004003c00f1042000810f50002d
:107e4000260032004400370021052000810f500039
:107e50003600320031052000810f5000350032001d
:107e60003d00370010002000305b88003a003700ea
:107e70001e0090000000e000300032001e00900064
:107e8000e90f50002f003e000000eb00305b88003f
:107e90001e009000605a88002f00370027fb070063
:107ea0002d0037001e0090000000e0002700320087
:107eb0001e009000e40f500026003e00605a800033
:107ec0009e0090008100e9000001400060b32000a6
:107ed00000004100010878001f003700100020005a
:107ee000e04188001c0037001e0090000000e00008
:107ef0000100320021f907001e0090000000e000a0
:107f000002003200404c2f0001003700308b2f0060
:107f100080007800304b2f00db0b0700c05d200095
:107f20000317070020fe07000b003700bafe07000a
:107f3000090037003c28ef00070037000000000070
:107f400005003700000000000300370000000000bb
:107f50000100370000000000ef0b070007003700aa
:107f6000000000000500370000000000030037009b
:107f70000000000001003700000000000080fa004f
:107f8000000006000000fa00705a80000000e000c7
:107f90001b003200705a8000e10f500016003200c2
:107fa000705a8000e20f500011003200705a8000b9
:107fb000e70f50000c003200b05a8000e10f500073
:107fc00007003200b05a8000e20f500002003a0071
:107fd000e0ae25000100370020e826000100370050
:107fe000e0e1230001003700a09c230001003700de
:107ff000a07a250001003700406a23000100370005
:1080000060ab2300004088000080fa0000000600fa
:108010000c00fa00889fbe002007980031079800e6
:1080200042079800530798002e019000be0190006f
:10803000b012200001002000800f5100818f5900f4
:1080400002003c006000b800270037004e0090009e
:10805000de00900072e107000004be002e009000d8
:10806000be0090006ee107000001be000800be00e7
:1080700083e20700008fbe0018c0b3000271200029
:1080800013f523001e00be0042e107000000e000df
:1080900001003c000044eb000804e0000300320053
:1080a0000071200011f52300008fbe0002002000a7
:1080b00003f823001e00be008ce107000004be0090
:1080c0001e01be000000200001f823007ee1070031
:1080d0000001be000800be0069e2070002002000a7
:1080e000832c240045e307004f04be000080fa0003
:1080f000000006000000fa00204080000000e000c0
:1081000008003a000019200020408800304080001c
:108110000000a20030408800e10120003073200000
:108120005d160700304080000000e00026003200ad
:10813000f0418000620060000000e00002003200b8
:10814000004e2f0021003700f041800061006000e8
:10815000004078000004e00002003200a04d2f0033
:108160001a003700f0418000640060000000e00069
:1081700002003200604e2f0014003700f0418000f2
:10818000680060000000e00002003200c04e2f00d6
:108190000e003700f0418000700060000000e00039
:1081a00002003200204f2f0008003700f14180000c
:1081b00000022000008060000000e00002003200a9
:1081c000804f2f000100370010792f000080fa0047
:1081d000000006000000fa00505b80000000e00094
:1081e0004a00320060408000e10f500012003a0067
:1081f0004147800030062000808f500002003c0084
:108200000000eb004a003700d05a8000d2f92f005e
:108210000001410041478000000320000088b900b0
:108220008000780000d72e00008040008200780097
:1082300029fa07003e00370060408000e20f50003e
:108240000d003a00a0408000b1408000d3e007005c
:108250000001780061598000005c8000808050003f
:10826000000320000088b900000078008200780038
:1082700019fa07002e00370060408000e30f50001d
:1082800008003a00c0408000d140800002a02500d4
:10829000337c2400fae10700c0e00700000078000a
:1082a0002300370060408000e40f500017003a00c0
:1082b000e05a80000000e00008003200025b80000d
:1082c00021418000000320000088b90000007800f0
:1082d0008200780000fa070015003700005b80007c
:1082e00002fe2f0000014100214180000003200018
:1082f0000088b9008000780000a02f0000804000b6
:1083000082007800f4f907000900370080418000fe
:10831000914180000002be00404180005141800038
:108320000001be000400be00d7e007000000780096
:108330000080fa00000006000000fa006159800089
:10834000f05b8000808f500003003600f041800019
:108350000030a000f0418800615980003041800069
:10836000808f500003003100f04180000040a000e9
:10837000f041880061598000005c8000808f5000cf
:1083800003003100f04180000050a000f04188005f
:108390003117800000002800008060000000e0002d
:1083a00003003200f04180000010a000f04188007e
:1083b000015b800020418000808f500003003d0061
:1083c000f04180000020a000f0418800d25a8000d7
:1083d0004147800010002000810f5100010035004e
:1083e0000000eb00e1418000010060000000e000bf
:1083f00003003200f04180000000a000f04188003e
:10840000004580000000e00004003200f0418000e0
:108410000000a000f0418800a028ef00e05b800091
:1084200080007800f041800000806000f04188000a
:10843000f1418000f0022000008060000000e000b8
:1084400005003200ca82a90020c5b300ece8b700dd
:108450003c28ef000a28ef000080fa000000060028
:108460000600fa001007980021079800100020006d
:10847000000f78001e0090008000400080962000d1
:108480000080400010007800a13e2f007e0a070007
:1084900033f90700800c2000a5150700000000003c
:1084a00070168000620060000000e00004003200ee
:1084b000a0168000610060000000e000f8ff3200bc
:1084c00000ccb300c5080700701680006200600091
:1084d0000000e00018003a002e00900064006000e8
:1084e0000000e0000100320041f707002e0090007c
:1084f00061006000004078000004e00001003200ec
:10850000bff807002e009000620060000000e0004d
:108510000200320099f707004628ef00c05b800098
:108520006500b9000000780080007800f0a4200009
:1085300059150700140037002e00900061006000fc
:10854000004078000004e00002003200d9f8070083
:108550001af807002e009000620060000000e000a2
:108560000300320076f8070014f8070058f80700f7
:108570000000eb00000f7800c05b800080007800f6
:10858000a07f2100441507001e00780080004000f5
:10859000809a20000080400010007800230a070025
:1085a000803e200062150700edf80700605b800048
:1085b000c50807000080fa00000006000000fa006d
:1085c000401f2000d0438800f04180000000e00000
:1085d0000400320059f907000628ef00ecf8070004
:1085e00021003700d04380000000e0000e003a0078
:1085f000c05b80000000400080007800e025210082
:1086000025150700304280000000e0000300320022
:10861000210020000000eb0091ff070010c0b30014
:108620006e08070060fc0700a01680006100600073
:108630000000e000ebff3a00800c20003c15070032
:10864000604080000000e9006040880060408000d9
:108650000000e00002003d001047800060408800fc
:108660006040800008f907000080fa000000060062
:108670000200fa00f1502f00e04f2f00020a07001d
:1086800000522f00801f7800a7e507008f87e900c0
:1086900000192000261507009a1507008d15070000
:1086a0000004e000130032009c150700004f780022
:1086b0002103200090392000f71407001e407800a5
:1086c000781507009e80fb001e80fb00811f78004c
:1086d000801f7800d0542f00801f780060b12000e8
:1086e00099e50700e687570061b12000000c2000e3
:1086f000db090700a0168000610060000000e000b8
:10870000e6ff3200c05b800080007800c0f62000e9
:10871000e114070020562f00801f780082e5070033
:108720008f87e9007715070099f807000080fa00a5
:10873000000006000200fa0090002000000f780000
:108740001e00780080004000c0c72000008040006c
:108750008000eb00010878001e00780000f0a70000
:108760000000ea000000ea004f00de000040780050
:108770001e0fe9000004e000f1ff3a000080eb006a
:10878000e04788008228ef00400120000044880074
:108790000080fa00000006000600fa000042800097
:1087a0000000e00001003a006228ef000044800071
:1087b0000000e00088003a0011448000e04780009b
:1087c000808f50000900390011448000e04780008c
:1087d00080805000104480004500de00808f5000f3
:1087e00002003e0010002000010037000000eb00f6
:1087f0001007980011448000e0478000808f5000ef
:108800000e003900605a80001f1307008000eb0043
:10881000000040008180480032002000030020005a
:1088200099df07008000780010448000808f50009e
:108830000200360010002000010037000000eb00ad
:1088400020079800604280000000e0002b0032000a
:108850000000eb00000f78001e0078008000400050
:10886000c0c720000080400010007800801f780002
:10887000d0572f00801f78002be50700e4875700b2
:108880001e0fe8001e007800e90f5000f2ff3400d0
:10889000104480000000e000140032001e00900030
:1088a0000000e00007003a002e0090000000e00009
:1088b00002003200408b2f0001003700808b2f0018
:1088c00001003700c08b2f0012448000e147800078
:1088d000801f7800821f7800811f7800208c2f0075
:1088e000801f780010e50700e887570030582f00f8
:1088f000801f78000ce507008f87e90090002000ba
:10890000000f7800e0638000e40f500031003c006d
:108910001e00780080004000c0c72000008040009a
:10892000100078000000e00005003a001e0fe9008a
:108930001e0078000000e000f5ff3a00010037005b
:1089400000000000104380009e0f500013003d0007
:10895000605a80009e0f50000c0035001e009000f1
:108960000000e00009003a002e0090000000e00046
:1089700006003a00605a8000ea0f500003003200ff
:10898000605a80000000e00004003a009e00780079
:10899000114388009e007800615a880000428000e0
:1089a0000000e00002003200100020009042880029
:1089b000004280000000e0000200320010002000b1
:1089c00020458800004280000000e00001003200e5
:1089d000a228ef0057ff07000080fa000000060001
:1089e0000400fa0010079800a0002000000f780093
:1089f0009e0090001e00780000014000207b2f00a8
:108a00000000410010007800808f500005003e00fb
:108a10001e0fe9001e0078000000e000f4ff3a009d
:108a200001003700000000001e0078000080fa00fe
:108a3000000006000000fa0070598000e8ff0700ff
:108a4000605a88000080fa00000006000400fa0066
:108a5000100798000000eb00000f780001003700bd
:108a60001e0fe8001e007800ea0f500009003c00cd
:108a70001e00780080004000e08c2f000080400045
:108a800010007800800078001e009000808f500059
:108a9000f3ff35001e00780080004000408e2f005c
:108aa00000804000100078000080fa0000000600fe
:108ab0000000fa0070598000e4ff0700605a880047
:108ac0000080fa00000006000000fa00615a8000f1
:108ad00070478000808f50001e00320050168000ca
:108ae000700060000000e00008003200ca82a900a7
:108af00020c5b300ece8b7004001200040458800e5
:108b0000100020000043880055003700004380001b
:108b10000000e00003003200404580000000e0005b
:108b20004e003a0030458000f30f500003003e0035
:108b30004001200040458800490037006028ef00d0
:108b4000605a80007047880040012000404588003e
:108b5000a228ef00605a80008000400060b320002f
:108b60000080400010007800610060000040780044
:108b70000004e00002003200cae2a9000100370050
:108b8000cae2a800605a80008000400060b3200064
:108b90000080400010007800620060000000e000eb
:108ba00002003200cac2a90001003700cac2a800f0
:108bb000605a8000e10f500002003a00e9a2a800cc
:108bc00001003700e9a2a900605a8000e20f5000be
:108bd00002003a00e982a80001003700e982a900fa
:108be000605a8000e30f500002003a00e9c2a8007a
:108bf00001003700e9c2a900605a8000e40f50006c
:108c000002003a00c4e2a80001003700c4e2a90053
:108c1000605a8000e50f500003003200605a800067
:108c2000e60f500002003a00c4c2a800010037005d
:108c3000c4c2a900605a80000000e00003003200b6
:108c4000605a8000e60f500002003400e802a800dd
:108c500003003700e802a90001003700000000000f
:108c60000080fa00000006000000fa00805a800030
:108c70000000e00014003200c04380000000e0006b
:108c800011003a00815a8000803e20000088b9001f
:108c900000007800c0438800a04780000000e0008a
:108ca00002003a00a0002000605a8800705a80003c
:108cb0008000400080992000008040001000780073
:108cc0003df70700f428ef000080fa0000000600de
:108cd0000000fa000000eb00305b88000080fa0022
:108ce000000006000000fa000080fa000000060004
:108cf0000400fa00008fbe00e05a8000c200dd00d0
:108d0000807c2f00008040001000be000001be00eb
:108d10001e00be005adf0700008fbe00e05a800030
:108d20000000e00005003a000200200003202400bb
:108d30001e00be006dde0700008fbe000200200096
:108d400003f023001e00be0068de07003be20700c0
:108d500012de0700000078000080fa000000060024
:108d60000200fa00889fbe000000eb00000f7800b0
:108d70008ce0a9001e00780080004000e0cc2000bc
:108d800000804000900078001e0078000001400044
:108d9000a0b2200000004100010878001e0fe8008a
:108da0001e007800e50f5000f2ff34008ce0a800b0
:108db0000041800011418000420a2700d3f72300c0
:108dc0000ee007000004be00a05980008000eb0008
:108dd00016de0700a2702d0033c2230007e0070053
:108de0000001be000800be0040de07000041880010
:108df000114188000041800011418000bcff070044
:108e000020418800304780000000e000160032005a
:108e1000304780000000e900304788009159800009
:108e2000505c8000008040006101b800c0428000ba
:108e3000d14280000200400083804800c042880088
:108e4000d1428800805980006101b800e042800072
:108e5000f14280000200400083804800e042880028
:108e6000f142880052003700c4428000d5428000a1
:108e7000a0b72000104078000080fb008000eb00cd
:108e80000001be000400be00b3dd0700c042880040
:108e9000d1428800e4428000f5428000a0b7200063
:108ea000104078000080fb008000eb000001be0055
:108eb0000400be00a8dd0700e0428800f1428800ff
:108ec000c2428000d3428000c0428000d142800074
:108ed000009ab90004027800028bb900860278007b
:108ee000050242000010b800010242008400780030
:108ef0008041880091418800e2428000f342800076
:108f0000e0428000f1428000009ab900040278003b
:108f1000028bb90086027800050242000010b800fa
:108f20000102420084007800a0418800b14188001d
:108f30008241800093418000a0418000b1418000c7
:108f40000000510081805900c0418800d141880053
:108f5000e0428000f1428000c4428000d54280009f
:108f60000001be000400be0029fc0700e0408800ac
:108f7000f1408800e0408000f140800087dd07007c
:108f800000007800404788005c28ef005e28ef0072
:108f9000e0428000f1428000c0428800d142880057
:108fa000a0b72000104078000080fb003047880008
:108fb0004f04be000080fa00000006000600fa0020
:108fc000000f780011079800220798001e00780013
:108fd000900078001e009000808f50000300340045
:108fe0001e0078009e009000010878001e007800a6
:108ff000900078002e009000808f500003003d000c
:109000001e007800ae009000010878000080fa0091
:10901000000006000400fa00e05a80000000e000b2
:1090200006003200105b8000650f4000105b80007e
:109030006a0040001007980005003700105b8000b0
:109040006a0f4000105b8000740040001007980019
:109050004e28ef00115b800020418000808f50007f
:1090600002003c0010002000704288002041800077
:109070009e0f500002003500200020007042880042
:10908000214180001e009000808f500002003500ba
:109090003000200070428800f15a80007042800049
:1090a00000804000704288000001eb003100200089
:1090b000e0842000c1ff0700704280006200600071
:1090c00000f0a7000000ea000000ea004f00de0008
:1090d000004078000080fb00610060004200dd007d
:1090e000411780000120a100010070004017880096
:1090f0007042800000407800614060006140600084
:10910000614060000080fb00610060004300dd0002
:10911000411780000130a100010070004017880055
:109120000080fa00000006000000fa00c08f2f0047
:10913000801f780080902f00801f7800006c2f0027
:10914000801f7800b03f2f00801f7800f6e20700f4
:10915000e887570090412f00801f7800f2e2070057
:109160008f87e90070452f00801f7800eee207002e
:109170008f87e90080492f00801f7800eae207000e
:109180008f87e900c0cc210001002000809fbe0035
:1091900060712f00801f7800e3e20700e687570028
:1091a0000080fa00000006000800fa00881f78001e
:1091b000000f7800110798002207980033079800e5
:1091c000204780000000e000090032001e009000ef
:1091d00010047800d31107009e0078000180b900c8
:1091e00000007800800044001e0090000108780014
:1091f0003e019000ae0090001e0090006fff07003f
:109200004f0478000080fa00000006000200fa0017
:10921000000f78008001eb00120020009e00780013
:1092200010002000e0ff07000080fa0000000600a8
:109230000200fa000000eb00000f7800705a800076
:10924000b0428800030037001e0078000000e800ec
:10925000000f78001e007800e60f500008003c0068
:109260001e00780080004000e0902f000080400049
:1092700090007800705a8000808f5000f2ff3a0012
:109280008001eb00720020008e00780010002000aa
:10929000c5ff07001e00780080004000e0902f000e
:1092a0000080400010007800705a8800715a8000d9
:1092b000b0428000808f500017003200705a80004a
:1092c000e10f500005003c00805a80000000e000e3
:1092d00002003a0020002000805a8800705a800066
:1092e000e20f500002003a000000eb00805a8800b4
:1092f000705a8000e70f500002003a000000eb00b7
:10930000805a8800705a8000e50f500002003a0031
:1093100090002000605a88001afb0700705a8000f5
:10932000e30f500002003a00500020000100370017
:109330004000200010478800705a800080004000e4
:10934000009120000080400010007800801f78000d
:1093500060582f00801f780060b120007ae207007b
:10936000e48757000080fa00000006000000fa00c1
:109370008001eb007200200081b520001000200069
:1093800089ff0700c05a800037120700c05a8000ca
:1093900080004000000f2f00008040001000780087
:1093a000801f780010592f00801f780060b12000c6
:1093b00065e20700e48757000080fa00000006001d
:1093c0000000fa008001eb002200200061b52000bf
:1093d0001000200074ff0700eafa0700b05a80006e
:1093e00080004000809b200000804000100078003a
:1093f000801f7800105a2f00801f780060b1200075
:1094000051e20700e48757000080fa0000000600e0
:109410000000fa008001eb00a200200001b520004e
:109420001000200060ff0700805a80000000e0006c
:1094300008003200805a8000801f7800b05a2f0048
:10944000801f780060b120003fe20700e4875700ea
:1094500007003700905b2f00801f780060742f009a
:10946000801f780060b1200037e20700e4875700d2
:109470000080fa00000006000000fa00230320002c
:10948000823e200041b52000a000200046ff0700da
:10949000a05a8000600c8800a05a8000801f7800cd
:1094a000a05c2f00801f780060b1200026e207003a
:1094b000e48757000080fa00000006000000fa0070
:1094c0008001eb0082bb200021b52000200320009a
:1094d00035ff0700905a8000900c8800905a800059
:1094e000801f7800805d2f00801f780060b1200011
:1094f00015e20700e48757000080fa00000006002c
:109500000000fa004306200042382000a1b52000e8
:10951000a000200024ff0700d05a8000cf80de008a
:109520003fdc070002002000832c240054dd0700ec
:10953000809fbe00505e2f00801f780060b1200029
:1095400001e20700e68757000080fa0000000600ed
:109550000000fa008001eb0032002000e1b520009d
:109560001000200010ff0700f05a8000800040002b
:10957000409020000080400010007800801f78009c
:10958000105a2f00801f780060b12000eee1070024
:10959000e48757000080fa00000006000000fa008f
:1095a000c0b5200019ff0700e15a8000404280004a
:1095b000808f50000e003200e05a80004042880048
:1095c000e05a80000000e000050032006004200046
:1095d000005b880080022000105b880004003700d8
:1095e000e0092000005b880080062000105b8800f6
:1095f000e05a800080004000c090200000804000c1
:1096000010007800801f7800f03d2f00801f780048
:1096100060b12000cce10700e48757000080fa0029
:10962000000006000000fa00e05a80000000e000a0
:1096300006003200230320004206200001b620006d
:1096400010002000d8fe0700050037008307200027
:10965000420d200001b6200010002000d2fe0700bd
:10966000e05a8000b1792f00614078008000fb0053
:10967000005b8000811f7800801f7800303d2f0044
:10968000801f7800803c2f00801f780060b1200090
:10969000ade10700e88757000080fa0000000600ef
:1096a0000000fa00e05a80000000e0000b003200e9
:1096b000005b8000740050008001eb000001780026
:1096c00021b6200010002000b7fe0700105b8000cc
:1096d0000080e900204288000a003700005b80001b
:1096e0008002b100030220000001780021b62000b2
:1096f00010002000acfe0700105b800064005000ea
:1097000020428800e05a8000b1792f006140780043
:109710008000fb00105b8000811f7800801f7800b4
:10972000903d2f00801f7800803c2f00801f780024
:1097300060b1200084e10700e88757000080fa004c
:10974000000006000000fa0080b62000affe07000f
:10975000405b800080004000c092200000804000fc
:1097600010007800801f7800f03d2f00801f7800e7
:1097700060b1200074e10700e48757000080fa0020
:10978000000006000000fa00a0b620009ffe0700bf
:10979000505b80008000400000932000008040006b
:1097a00010007800801f7800305f2f00801f780045
:1097b00060b1200064e10700e48757000080fa00f0
:1097c000000006000000fa008001eb0022002000eb
:1097d000c1b620001000200073fe0700605b80000f
:1097e00080004000209a2000008040001000780097
:1097f000801f7800f05f2f00801f780060b120008c
:1098000051e10700e48757000080fa0000000600dd
:109810000000fa00e0b620007cfe0700705b8000cc
:1098200080004000c09a20000080400010007800b6
:10983000801f7800f05f2f00801f780060b120004b
:1098400041e10700e48757000080fa0000000600ad
:109850000000fa008001eb004200200041b6200029
:109860001000200050fe0700205b800080004000b8
:10987000c09620000080400010007800801f780013
:1098800090602f00801f780060b120002ee107005b
:10989000e48757000080fa00000006000000fa008c
:1098a00020b9200059fe0700905c80008000400035
:1098b000009320000080400010007800801f780096
:1098c000105a2f00801f780060b120001ee10700b1
:1098d000e48757000080fa00000006000000fa004c
:1098e00070408000800040006097200000804000b1
:1098f00010007800801f780060742f00801f7800af
:1099000060b1200010e10700e487570061b120003a
:1099100000082000520507007040800080004000d1
:10992000409f2000008040001000780000000100ef
:1099300061b12000000c2000490507000080fa00fa
:10994000000006000200fa00000f7800704080005e
:109950001e0040007040880070408000f00f5000f2
:10996000010034000e28ef00704080000000e0008d
:1099700002003d000001200070408800705a800005
:10998000e30f50000600320070408000f00f5000de
:1099900003003a00704080001e00400070408800c4
:1099a00070408000f00f5000010034000e28ef00de
:1099b000704080000000e00002003d000001200037
:1099c00070408800705a8000e20f50000900340097
:1099d000b05a8000e10f5000060032007040800055
:1099e000e30f500003003a00704080001e0040006a
:1099f00070408800705a8000e20f5000030034006d
:109a0000705a8000e70f50000b003a007040800051
:109a1000e20f50000a003a00704080001e00400033
:109a20007040880007003700704080001e00400032
:109a3000704088000300370000000000010037007c
:109a400000000000705a8000e70f500006003a0046
:109a500070408000e20f5000f3ff32007040800041
:109a6000e30f5000f0ff320070408000f00f500014
:109a7000010034000e28ef00704080000000e0007c
:109a800002003d000001200070408800e5f307005f
:109a900070408000fcf307000080fa000000060020
:109aa0000200fa00000f78001e007800a5ff0700f2
:109ab000e428ef0089ff07001000200020478800fd
:109ac000a02820001a1007009c28ef000080fa0050
:109ad000000006000600fa00000f78001107980049
:109ae000220798001e0090009e007800808f500092
:109af00004003a00e1152000f0a42000e60f070062
:109b00000c0037002e0090009e007800808f5000df
:109b100004003a00e1152000c0f62000de0f070027
:109b200004003700c05b800080007800a07f210027
:109b3000d90f07000080fa00000006000600fa00b6
:109b4000889fbe00f0f32f0000168800c222ef00ad
:109b500080e0270030168800c822ef00e0012400d2
:109b600060168800ce22ef001000200090168800ba
:109b7000d422ef00c0c72f00f0168800e022ef00cb
:109b80000000280020178800e622ef00cfa2a800de
:109b9000e862a80040442500a0048800b1048000c9
:109ba000f08f2f00808060000050200001007000c6
:109bb000b0048800c1048000f0f82f0080806000ad
:109bc0000006200001007000c00488005c0f070040
:109bd0000b0307001910070082f0070035f3070098
:109be000000f7800d6f207001007980073f2070004
:109bf0000000e0000100320044f20700b4f2070068
:109c0000b05a8000e20f500018003a00705a8000ed
:109c1000e20f500015003400705a8000e70f50002a
:109c200012003200824280001e009000800040003e
:109c3000409b200000804000900078001e007800cb
:109c400080014000409b200000804100100078000f
:109c5000821f7800811f7800801f7800b0612f007c
:109c6000801f780030e00700e88757001e0078006a
:109c70000000e00003003a001e0090000000e00039
:109c80000d0032000b05070090662f00801f780042
:109c900025e007008f87e900f16a2f00e0692f00b7
:109ca0007904070052f10700d5f20700b3f107006d
:109cb000c05d20009e0f0700e05b80007000b300d5
:109cc000e05b880070168000620060000000e00029
:109cd00003003a007100200010002000e0f90700a6
:109ce000905a8000900c8800a05a8000600c880078
:109cf000605b8000f402070070168000680060005e
:109d00000000e0000a003a0080382100f046880098
:109d1000d1752f00c0742f005b0407000000000005
:109d200070168000680060000000e000fcff320058
:109d3000b0b72000104078000004e0000e003200b0
:109d400080902f00801f7800006c2f00801f78000b
:109d5000204d2f00801f780060b12000fadf07003f
:109d6000e6875700b16c2f0060b120004604070061
:109d7000007d2000000f7800004b2000d0438800b9
:109d80001e003700d04380000000e0001b003a00b6
:109d9000e1152000e02521003f0f070080902f00f3
:109da000801f7800a06e2f00801f780060b1200017
:109db000e5df0700e487570061b12000c06d2f0088
:109dc00031040700f2f2070051702f00406f2f009e
:109dd0002d040700007d2000550f07001000200013
:109de0005042880090002000605a88005042800055
:109df000fe0c07000000eb00000f7800a0168000aa
:109e0000610060000000e000deff3a00605a800060
:109e1000e90f50000200340090002000605a8800d2
:109e2000504280000000e00003003a00410620009c
:109e3000f0a42000180f07004a28ef00e842a8000d
:109e4000e862a900caa2a9001e007800380f070026
:109e5000caa2a800e842a900e862a900c05a80008e
:109e6000810f0700b05a8000e20f500007003a004f
:109e7000705a8000e20f500004003400705a8000d5
:109e8000e70f500001003200a7fc07001116800008
:109e900000002200008060000000e00001003a00a5
:109ea000f3f90700e05a800040428800e15b80003f
:109eb00000022000008060000000e000020032008c
:109ec000105c8000010037000000eb00304188008a
:109ed000305b80000000e00002003a00605a800021
:109ee000010037009000200010428800105b8000c5
:109ef000e4005000e05a8000000040000080400074
:109f000020428800705a8000e30f500002003a009f
:109f10005000200010478800ff030700a000200029
:109f20000bf00700cf80de00bdd907000004be00a3
:109f3000a05b8000cf80de00b9d907000001be0021
:109f40000800be00addb070080408800914088001b
:109f5000e0002000feef0700cf80de00b0d9070050
:109f60000041880011418800205c8000cf80de0025
:109f700082cf25000289b900020178007d02b90074
:109f8000840178000301410083cf25000300b8005d
:109f90000101410082007800b25b8000cf91de00b9
:109fa000b9d907004041880051418800f15b800029
:109fb000005c800000805000cf80de0098d9070050
:109fc000a0408800b1408800eef70700a0282000dc
:109fd000004788007e28ef003428ef003628ef0085
:109fe000a0418000b14180008041880091418800fb
:109ff000205b800060408800010037000000000006
:10a00000ca22aa009e28ef00401680004300de000e
:10a01000614060000080fb00004288000042800038
:10a020000000e00001003a00a228ef00705a800012
:10a03000e30f50000c003a00905c80000000e0004c
:10a0400009003a00004280000000e00002003a00ef
:10a050005228ef0004003700a04280000000e0001a
:10a0600001003a00b3f9070000428000a0428800d6
:10a07000705a800080004000409e20000080400018
:10a08000100078000000010035fb0700aaf8070067
:10a09000a0282000d0438800111680000000220074
:10a0a000008060000000e0003b003a00f0418000ca
:10a0b0000000e00038003a00d04380000000e000db
:10a0c00017003a00504080000000e00012003a0003
:10a0d000e1152000c0f620006f0e070010002000e0
:10a0e0005040880091772f00e0762f00660307002c
:10a0f0004cf2070000000000111680000000220052
:10a10000008060000000e000fbff3200800c2000b7
:10a11000870e0700020037001000200060fe0700d5
:10a120001116800000002200008060000000e000a6
:10a13000e1ff3200800c20007d0e0700d04380003c
:10a140000000e00013003200504080000000e000fa
:10a150000e003a00604080000000e8006040880087
:10a1600061408000104780000000e8000001780096
:10a17000110009008200d8008000fd0060408800c6
:10a180006040800040f2070002003700100020000d
:10a19000ecfd0700e30d0700504080000000e000e8
:10a1a0002e013a00f04180000000e0008a003a00f1
:10a1b00070168000700060000000e00012003a009d
:10a1c000e04180000000a200e0418800c15b800007
:10a1d000e04180000000e00002003200a07f21008a
:10a1e00001003700c0f620002b0e07000000000021
:10a1f00070168000700060000000e000fcff32007c
:10a20000800c20004a0e070011168000000021007b
:10a21000008060000000e00025003a00705a8000d5
:10a22000e50f500022003200305b80000000a200e9
:10a23000305b88001000200050478800100020008c
:10a2400030428800305b80000000e00006003200f1
:10a2500038f90700605a800010428800a0002000f2
:10a26000605a88000200370010428000605a88005f
:10a27000c15b8000305b80000000e0000200320023
:10a28000c0f6200001003700a07f2100020e070069
:10a290000000000011168000000021000080600016
:10a2a0000000e000fbff3200800c2000200e0700c1
:10a2b00070168000620060000000e00004003200c0
:10a2c00070168000680060000000e00042003a0064
:10a2d000004280000000e0003f003a001000200033
:10a2e00030428800305b80000000e000090032004e
:10a2f0000000eb00305b880010428000605a88004c
:10a30000c05b800080007800a07f2100e20d070084
:10a310002f003700615a80007016800062006000d4
:10a320000000e00002003a001000200001003700a9
:10a330000080eb0000804000605a8800120020007e
:10a3400091002000c0b420001cfb0700605a800070
:10a350001200200091002000defd0700405b80001d
:10a360000000e00006003200605a800080004000db
:10a37000c0932000008040001000780005003700e6
:10a38000605a80008000400020952000008040003e
:10a390001000780080007800a00c2000b0020700b8
:10a3a000a0282000e20d0700701680006200600007
:10a3b0000000e000d7ff32007016800068006000e7
:10a3c0000000e000d3ff3200605a80001042880095
:10a3d000100020005047880000c8b300ff000700ad
:10a3e00060408000e40f500002003c0079f7070055
:10a3f0005f0207006040800080004000809d2000d8
:10a40000008040001000780000000100605a8000c9
:10a410008000400060b32000008040001000780001
:10a420008000400040922000008040001000780032
:10a4300080007800000c200089020700f0418000b5
:10a440000000e000030032002af7070010408800f7
:10a4500017003700e04180000000e00012003200e9
:10a46000004280000000e0000c003200605a8000d2
:10a47000ea0f500006003200605a80000000e00041
:10a480000300320040732f0010408800080037009e
:10a49000a0732f00104088000500370000742f00c3
:10a4a0001040880002003700e0722f001040880042
:10a4b000104080005d020700305b8000800040009b
:10a4c0000092200000804000100078005702070032
:10a4d000405b80000000e00006003200605a80000f
:10a4e00080004000c09320000080400010007800f1
:10a4f00005003700605a8000800040002095200051
:10a50000008040001000780048020700050d070099
:10a51000200798002e0090000000e0002800320084
:10a520001000200030428800605a8000615a80008c
:10a530000181400061b320008100410011017800d9
:10a54000ae0090000100e00007003c00ae0090006b
:10a550000100e00002003d008080eb0001003700b8
:10a560008000eb0001003700110020008100410055
:10a570000001400060b320000000410001087800a5
:10a58000605a8000000040008000780060b3200026
:10a59000008040000001eb003100200087fa070036
:10a5a000605a80008000400060b3200000804000be
:10a5b000100078000001eb003100200045fd07008d
:10a5c00041f90700004280000000e0001f00320057
:10a5d000e04180000000e0001c003200f0418000fb
:10a5e0000000e00019003a00605a8000ea0f5000b5
:10a5f00016003200605a80000000e00013003200b4
:10a60000404580000000e00010003a001045800046
:10a610000000e0000d003a00705a8000e30f500087
:10a6200006003a00905c80000000e00003003a0061
:10a63000904280000000e00004003200ca82a800be
:10a6400040c5b300ece8b70020003700ca82a9007b
:10a6500020c5b300ece8b7001c0037003c28ef0031
:10a66000ca82a90020c5b300ece8b7009bfc070034
:10a6700070168000700060000000e00013003a00d7
:10a68000c05b800080007800a07f2100020d0700e1
:10a69000210020000000eb0071f707000a28ef00fe
:10a6a000a0282000004788009e0c07001a0207001f
:10a6b000705a8000e30f50000400320060408000b8
:10a6c000e50f500001003a000c28ef0051fa070096
:10a6d0000040800000000100a016800061006000c2
:10a6e0000000e00045fe320050408000e10f5000c5
:10a6f00007003a000080eb00e9fc0700a01680008c
:10a70000610060000000e000faff3a003cfe370004
:10a71000aaf707003afe37000200fa00004f78005f
:10a720000900fc00b1168000f00f2000808060005e
:10a730001e80fb004800dd0001007000b01688009c
:10a7400010002000e90c0700d6a2a800100020008d
:10a75000e60c0700d6a2a90010002000e30c0700b9
:10a760000080fa00000006000200fa000400fc006d
:10a770009116800000f02f000100700090168800f4
:10a78000d6c2a800d6e2a90010002000d70c07000e
:10a79000d6a2a80010002000d40c0700a11680004b
:10a7a00000002800008f6000d6a2a9001e007800db
:10a7b0000000e000f4ff3a00d6c2a900d6e2a800eb
:10a7c0000400fc0091168000f00f20000080600063
:10a7d000901688000080fa00000006000200fa00cf
:10a7e000004f7800e0ff0700d6e2a9001e40780085
:10a7f000c9ff0700d6e2a8000080fa0000000600aa
:10a800000200fa000000eb00000f7800d6e2a90079
:10a81000d6c2a900f0002000c50c0700e0c82f0038
:10a820001e00400010407800bbff070050002000d1
:10a83000bf0c07001e0fe8001e007800e50f500057
:10a84000f6ff3400d6e2a800007d2000900c8800be
:10a85000c0122000600c88000080fa000000060092
:10a860000200fa00004f7800bfff07001e4078008a
:10a87000a9ff07000080fa00000006000400fa00ab
:10a88000004f780011079800020037001e40780042
:10a89000f3ff07001e00900000f0a7000000ea0090
:10a8a0000000ea004f00de00004078009e009000ab
:10a8b0008100e900110798000004e000f3ff3a006e
:10a8c0000080fa00000006000200fa00000f780085
:10a8d00000c4b300c1ff07001e007800e20f500063
:10a8e00058003a00210020000040eb00e3ff070081
:10a8f0001100200000c1b300e0ff0700210020008c
:10a9000050c1b300ddff07001100200000c1b300fb
:10a91000daff0700210020000040eb00d7ff07000e
:10a92000210020000040eb00d4ff070011002000b0
:10a9300080c1b300d1ff070021002000d0c1b300c7
:10a94000ceff07001100200080c1b300cbff07003d
:10a95000210020000040eb00c8ff0700210020007c
:10a960000040eb00c5ff070011002000c0c1b3008c
:10a97000c2ff070021002000d0c1b300bfff0700c5
:10a9800011002000c0c1b300bcff0700210020005f
:10a990000040eb00b9ff0700210020000040eb0061
:10a9a000b6ff070011002000e0c1b300b3ff0700ad
:10a9b00021002000f0c1b300b0ff0700110020000b
:10a9c000e0c1b300adff0700210020000040eb0014
:10a9d000aaff0700210020000040eb00a7ff0700ae
:10a9e00041002000f0c1b300a4ff070021002000b7
:10a9f0000040eb00a1ff0700210020000040eb0019
:10aa00009eff070041002000f0c1b3009bff07003c
:10aa1000210020000040eb0098ff070021002000eb
:10aa20000040eb0095ff07004100200000c1b3008b
:10aa300092ff0700210020000040eb008fff07007d
:10aa4000b80037001e007800e10f500076003a0091
:10aa5000110020000040eb0088ff070021002000cb
:10aa600000c1b30085ff07002100200050c1b300e2
:10aa700082ff07002100200000c1b3007fff070014
:10aa8000110020000040eb007cff070011002000b7
:10aa90000040eb0079ff07001100200000c1b30067
:10aaa00076ff07001100200080c1b30073ff07008c
:10aab00021002000d0c1b30070ff0700110020006a
:10aac00080c1b3006dff07001100200000c1b3007a
:10aad0006aff0700110020000040eb0067ff07003d
:10aae000110020000040eb0064ff0700110020006f
:10aaf00000c1b30061ff070011002000c0c1b30016
:10ab00005eff070021002000d0c1b3005bff0700fb
:10ab100011002000c0c1b30058ff07001100200041
:10ab200000c1b30055ff0700110020000040eb00fa
:10ab300052ff0700110020000040eb004fff07000c
:10ab40001100200000c1b3004cff070011002000dd
:10ab5000e0c1b30049ff070021002000f0c1b300ad
:10ab600046ff070011002000e0c1b30043ff0700cb
:10ab70001100200000c1b30040ff070011002000b9
:10ab80000040eb003dff0700110020000040eb00fb
:10ab90003aff07001100200000c1b30037ff070093
:10aba00041002000f0c1b30034ff07001100200075
:10abb00000c1b30031ff0700110020000040eb008e
:10abc0002eff0700110020000040eb002bff0700c4
:10abd0001100200000c1b30028ff07004100200041
:10abe000f0c1b30025ff07001100200000c1b30031
:10abf00022ff0700110020000040eb001fff0700ac
:10ac0000110020000040eb001cff07006100200045
:10ac100000c1b30019ff0700110020000040eb0045
:10ac200016ff07003f003700210020000040eb0026
:10ac300012ff07003100200000c1b3000fff070022
:10ac4000310020000040eb000cff07001100200045
:10ac50000040eb0009ff07005100200000c1b300d5
:10ac600006ff0700210020000040eb0003ff070063
:10ac7000110020000040eb0000ff07005100200001
:10ac800000c1b300fdfe0700210020000040eb00e2
:10ac9000fafe0700110020000040eb00f7fe07005d
:10aca0005100200040c1b300f4fe07002100200045
:10acb0000040eb00f1fe0700110020000040eb0017
:10acc000eefe07005100200040c1b300ebfe07007c
:10acd000210020000040eb00e8fe070011002000ea
:10ace0000040eb00e5fe07005100200050c1b3001a
:10acf000e2fe0700210020000040eb00dffe07001d
:10ad0000210020000040eb00dcfe070031002000a5
:10ad100000c1b300d9fe0700310020000040eb0065
:10ad2000d6fe0700110020000040eb00d3fe070014
:10ad300011002000c0c1b300d0fe070011002000a8
:10ad400040c1b300cdfe070011002000c0c1b30018
:10ad5000cafe0700410020000040eb00c7fe0700cc
:10ad600010c0b3009dfe07000080fa00000006003e
:10ad70000800fa00300798000000eb001007980068
:10ad8000be00900000032000808f500002003400bd
:10ad900000032000300798003e019000b0aa220076
:10ada0000090b9004f91de0002805000200798000b
:10adb0003e009000b1aa22000181b900cf80de00e0
:10adc000818051006609b9008200780001005000be
:10add000000f78009e0090002e009000808f5000a1
:10ade00003003d0050c0b3009dfe07000500370082
:10adf0001e0078000040780099fe07000000eb007c
:10ae0000000f78001e0090000000e8001007980076
:10ae10001e009000e70f5000eeff340060c0b3004a
:10ae20008ffe07000080fa00000006000000fa0014
:10ae3000881f78000004780003003700184078006d
:10ae40000804e80086fe0700184078000004e000cf
:10ae5000faff3a004f0478000080fa000000060074
:10ae60000400fa00000f7800110798001e00780017
:10ae70000040780059fe07001e009000ebff07001d
:10ae80000080fa00000006000400fa00000f7800bd
:10ae9000110798009e00780010002000f0ff0700c6
:10aea0009e009000000c2000edff07000080fa00db
:10aeb000000006000600fa00008fbe00220798007e
:10aec0002e009000c200dd00c0cc2f0000804000aa
:10aed0001000be000001be001e00be00e8d6070044
:10aee0002e0190008201410002cc2000028141002d
:10aef00012017800809fbe00821f780060b12000a0
:10af000091db0700e687570060b12000c7ff07000c
:10af10000080fa00000006000000fa000001200096
:10af2000b0478800b04780000000e900b0478800c3
:10af3000b047800001c920000041eb00827078001a
:10af4000b04780000000e000f6ff3a000080fa0001
:10af5000000006000200fa00200020003cef07007d
:10af60005c0b07000004e000410032006b0b07009f
:10af7000004f78001e407800ea4f50003b0032003e
:10af8000b0478000e10f500009003200e20f50008e
:10af90000d0032000000e00011003a00d0c3b30001
:10afa0009e40780080cf50002400320030003700ef
:10afb00020c4b3009e40780080cf500021003200b2
:10afc000f628ef002a0037001e00fb000003b10046
:10afd000e90f50001d003600f628ef00240037006e
:10afe0001e407800ed4f500012003a00b04780003c
:10aff0001e41780001c920008270780000c920003d
:10b000000080e800dada0700605a8800605a8000a1
:10b010000000e00003003400605a8000e90f500097
:10b0200002003400a0002000605a880010002000b8
:10b03000a0478800b8ff07000d003700000000009f
:10b04000030037000000000001003700000000008e
:10b05000b04780001e41780001c92000827078004e
:10b060000000e800b0478800010037000000000041
:10b070000080fa00000006000a00fa00008fbe00ff
:10b080002207980034079800450798002e0090008a
:10b09000cf80de0062d507001e01be0057d7070033
:10b0a0003e019000ce01900075d607000080fa00a6
:10b0b000000006000400fa00c06a2e00801f78001d
:10b0c000c06a2e00801f780080882e00801f7800c4
:10b0d000d0882e00801f780020892e00801f7800e5
:10b0e0005fda0700ea8757000000eb00000f7800e6
:10b0f000190037008e80e8001e01780000002f0044
:10b100000000410013002000010178008000780059
:10b11000f0072000a0eb07001e0078006f00600021
:10b120000000e00005003a009e1f7800e08b2e0032
:10b13000801f78004ada0700e48757001e0090005d
:10b14000801f7800708c2e00801f780044da070082
:10b15000e48757001e8fe800f01020009e00780062
:10b16000808f5000e3ff3400c06a2e00801f7800fb
:10b17000c06a2e00801f7800d08c2e00801f7800bf
:10b1800037da0700e68757000080fa000000060063
:10b190000600fa00008fbe00220798001e01be00c4
:10b1a0001e00be0015d70700008fbe00b05b8000f8
:10b1b00004c22b00e5cb2400000178001e00be0075
:10b1c000adff07002e019000821f7800809fbe0017
:10b1d000e0652e00801f7800d3da0700e88757006b
:10b1e0000080fa00000006000400fa00008fbe0094
:10b1f000905b800004002500358424000001780065
:10b200001e00be009cff0700c28d2e00821f78002a
:10b21000809fbe0050652e00801f7800c2da0700b4
:10b22000e88757000080fa00000006000400fa00da
:10b23000008fbe00a05b80000440220045972400e0
:10b24000000178001e00be008bff0700128e2e004a
:10b25000821f7800809fbe0050652e00801f7800fe
:10b26000b1da0700e88757000080fa000000060006
:10b270000600fa001007980021079800705a800015
:10b28000e60f500006003a001e009000ae0090004d
:10b29000c2d4070000007800ecf507000500370075
:10b2a0001e009000ae009000bcd4070000007800a3
:10b2b000cbf50700000f78001e00780080004000ea
:10b2c000c0c220000080400010007800801f78007d
:10b2d0009e1f7800708e2e00801f7800e0d9070036
:10b2e000e68757000080fa00000006000400fa001c
:10b2f000008fbe00028f2e001e00be00a4ff0700bc
:10b300000080fa00000006000400fa00008fbe0072
:10b31000505c8000cf80de00c1d407000001be0079
:10b320001e00be00f1d40700008fbe00828f2e00e9
:10b330001e00be0096ff07000080fa000000060015
:10b340000400fa00008fbe00e05a80000000e00018
:10b350000a003200d2a32000331824001e00be00d1
:10b36000c7d50700809fbe00f0662e00801f7800c2
:10b370006dda0700e68757000c003700a299290014
:10b38000131124001e00be00bdd5070002002000de
:10b3900003202400d5d40700809fbe00f0662e0055
:10b3a000801f780060da0700e6875700e05a8000c7
:10b3b00080004000c0902000008040001000780015
:10b3c000801f780000902e00801f780056da07005a
:10b3d000e48757000080fa00000006000000fa0031
:10b3e00030902e00801f78009dd907008f87e900dc
:10b3f0003e28ef000080fa00000006000000fa007e
:10b4000080912e00801f780095d907008f87e90072
:10b41000f04180000010a000f04188000080fa0098
:10b42000000006000000fa00b0922e00801f780095
:10b430008bd907008f87e900f04180000000a00051
:10b44000f04188000080fa00000006000000fa00c9
:10b45000a0932e00801f780081d907008f87e90014
:10b46000f04180000020a000f04188000080fa0038
:10b47000000006000000fa00e05b80006800600049
:10b480000000e0000a00320090612e00801f78006a
:10b4900010952e00801f780071d90700e4875700af
:10b4a000f04180000030a000f04188000800370023
:10b4b000f0632e00801f780090612e00801f7800be
:10b4c000a0952e00801f780065d90700e6875700f9
:10b4d0000080fa00000006000000fa00e15b800036
:10b4e00000022000008060000000e0000c0032003c
:10b4f00020632e00801f780060622e00801f78007d
:10b5000030962e00801f780055d90700e687570037
:10b51000f04180000040a000f04188000a003700a0
:10b52000f0632e00801f780020632e00801f7800bb
:10b5300060622e00801f7800e0962e00801f780049
:10b5400047d90700e88757000080fa00000006008e
:10b550000000fa00e15b8000000220000080600033
:10b560000000e0000a00320060622e00801f7800b8
:10b5700090972e00801f780039d90700e487570084
:10b58000f04180000050a000f04188000800370022
:10b59000f0632e00801f780060622e00801f78000c
:10b5a00080982e00801f78002dd90700e68757006d
:10b5b0000080fa00000006000000fa0010992e003a
:10b5c000801f780026d907008f87e900f00320004c
:10b5d000f04188000080fa00000006001200fa0026
:10b5e000881f7800bb0907000004e00060043200f7
:10b5f000ca0907000080fb00e0d9070060479800f7
:10b600006e4090000080fb006101b90010fc2f002b
:10b61000f1ff2f000200400083804800b2012000ab
:10b6200003002000820f5000838f580045043e0025
:10b63000006001001b003700420437006d00370036
:10b64000aa003700ba003700100137002001370088
:10b65000c0023700c102370012003700eb0237008a
:10b66000130337005d033700a9033700e9033700f0
:10b670003404370033043700320437003104370014
:10b68000300437002f0437002e0437002d04370014
:10b690002c0437002b0437002a0437002904370014
:10b6a00017043700a0f60700c06a2e00801f78003c
:10b6b000c06a2e00801f7800509a2e00801f7800ec
:10b6c00099d90700e6875700309c2e00801f78002c
:10b6d00095d907008f87e900e09d2e00801f780034
:10b6e00091d907008f87e900f0742e00801f780041
:10b6f000509f2e00801f78008bd90700e4875700e9
:10b70000705b2e00801f7800c09f2e00801f780085
:10b7100085d90700e487570050a02e00801f7800cd
:10b7200081d907008f87e900f0a22e00801f7800e2
:10b730007dd907008f87e90010a52e00801f7800b3
:10b7400079d907008f87e900c0a62e00801f7800f6
:10b7500075d907008f87e900d0702e00801f780010
:10b7600050a92e00801f78006fd90700e48757008a
:10b77000c06e2e00801f7800c0a92e00801f7800a8
:10b7800069d90700e487570030aa2e00801f78008f
:10b7900065d907008f87e900605d2e00801f780063
:10b7a000b0ab2e00801f78005fd90700e4875700f8
:10b7b000905f2e00801f780020ac2e00801f780044
:10b7c00059d90700e4875700c06a2e00801f78000f
:10b7d000c06a2e00801f780070722e00801f7800d3
:10b7e00090ac2e00801f78004fd90700e8875700e3
:10b7f000df033700c06a2e00801f7800c06a2e0069
:10b80000801f780070ad2e00801f7800f0ad2e00f4
:10b81000801f780050ae2e00801f7800b0ae2e0042
:10b82000801f780030af2e00801f78003ed90700bf
:10b83000ee87570090002000200798002e0090000f
:10b84000c3e90700000f98000e089000cf80de00cb
:10b8500073d3070004002000055824005200200084
:10b8600005fe07000e099000809fbe00821f780031
:10b87000ae009000811f7800f0b02e00801f78008d
:10b8800029d90700ea8757002e0090006900500070
:10b890008000400020c42000008040001004780098
:10b8a0000e089000cf80de005dd307000800010085
:10b8b0002e0090000000e800200798002e00900065
:10b8c000ee0f5000ddff3400c06a2e00801f7800ac
:10b8d000c06a2e00801f780030b22e00801f7800d2
:10b8e00011d90700e6875700a1033700f0742e0036
:10b8f000801f7800c0b22e00801f78000ad9070090
:10b90000e48757000509070067406000604798001a
:10b910006e4090000080fb0080004000e0c42000ea
:10b920000080400010007800000001009003370004
:10b93000f0b42e00801f7800fbd807008f87e90045
:10b94000706d2e00801f7800705b2e00801f7800c5
:10b9500020b52e00801f7800f3d80700e687570037
:10b96000ee0807000081fb00b0aa2a000010b80012
:10b970000100d1006300b900000078000000510010
:10b98000604798006e4090000080fb0080004000ff
:10b99000209a200000804000900078006e409000c7
:10b9a0000080fb00811f7800801f7800c0b62e0049
:10b9b000801f7800dcd80700e68757006e409000b3
:10b9c0000080fb00c0fb07000040eb0060479800d0
:10b9d0000000eb002007980040ccb3007ffb07007d
:10b9e000b0c5b3009efb07006e4090009cfb0700b3
:10b9f0006e4090000080fb00801f780060b72e0032
:10ba0000801f780060b1200042d80700e48757000b
:10ba100060b1200005fd070040c8b3006ffb0700c0
:10ba20002e009000d2fc0700a00020004008070074
:10ba30002e0090000000e80020079800ae00900063
:10ba400000032000808f5000f3ff34006e40900010
:10ba50000040e80060479800401f200034080700bd
:10ba60009c0807000004e000d9ff3200ab08070083
:10ba7000605b800094fb0700d0732e00801f78006d
:10ba8000a9d807008f87e90039033700f0b72e00e7
:10ba9000801f7800a4d807008f87e9000000eb0022
:10baa000000f980012002000010f2f00f007200067
:10bab00046e907007000470013002000020f2f0026
:10bac000f107200062e907007afd0700280337002c
:10bad000c06a2e00801f7800f0b92e00801f780009
:10bae00050ba2e00801f780070ba2e00801f780098
:10baf00030bc2e00801f78008bd80700ea875700e3
:10bb0000a05b8000801f780090be2e00801f780010
:10bb100085d80700e4875700905b8000801f78007d
:10bb200090c02e00801f78007fd80700e487570060
:10bb3000b05b8000801f780090c22e00801f7800cc
:10bb400079d80700e4875700505c8000801f780098
:10bb500090c42e00801f780073d80700e487570038
:10bb600090c62e00801f78006fd807008f87e900ed
:10bb7000c05b80000000e00007003200c05b800076
:10bb8000801f780030c82e00801f780066d807001c
:10bb9000e487570004003700c0c82e00801f7800db
:10bba00061d807008f87e90020c92e00801f780028
:10bbb0005dd807008f87e900a0b72000104078000b
:10bbc000e14f500005003a00c0ca2e00801f7800e7
:10bbd00055d807008f87e90008003700a0b720007c
:10bbe000104078000080fb00801f780060cb2e00a2
:10bbf000801f78004cd80700e4875700b0cb2e0098
:10bc0000801f780048d807008f87e900e05b80003c
:10bc1000680060000000e00010003200a85b8000b7
:10bc2000f05b8000cf80de007dd207000440220060
:10bc300045972400080178000ffd0700f25b8000a3
:10bc4000809fbe00821f780000682e00801f780051
:10bc500035d80700e8875700060037008049800084
:10bc6000801f780050cd2e00801f78002ed807004e
:10bc7000e4875700a0cd2e00801f78002ad8070047
:10bc80008f87e900e15b80000002200000806000f7
:10bc90000000e00010003200a85b8000005c800023
:10bca000cf80de005ed207000440220045972400ca
:10bcb00008017800f0fc0700025c8000809fbe0055
:10bcc000821f780000682e00801f780016d80700b9
:10bcd000e88757000600370080498000801f780001
:10bce00050cd2e00801f78000fd80700e487570042
:10bcf00040cf2e00801f78000bd807008f87e90007
:10bd0000e15b800000022000008060000000e00095
:10bd100010003200a85b8000105c8000cf80de0045
:10bd20003fd2070004402200459724000801780014
:10bd3000d1fc0700125c8000809fbe00821f78004b
:10bd400000682e00801f7800f7d70700e8875700ab
:10bd50000600370080498000801f780050cd2e00fb
:10bd6000801f7800f0d70700e4875700205c800030
:10bd7000801f7800e0d02e00801f7800ead70700ef
:10bd8000e4875700305c8000415c8000809fbe00eb
:10bd9000e0d22e00801f7800e3d70700e687570027
:10bda000b0b72000104078000080fb008000400009
:10bdb000009320000080400010007800801f780071
:10bdc000f0d42e00801f7800d7d70700e4875700f3
:10bdd000c06a2e00801f7800d0d62e00801f780009
:10bde00090d82e00801f7800cfd70700e687570035
:10bdf000705a8000800040000091200000804000c8
:10be000010007800801f780040d92e00801f780035
:10be1000c5d70700e487570020db2e00801f78007d
:10be2000c1d707008f87e900805a80000000e0003a
:10be300007003200805a8000801f7800c0dc2e008e
:10be4000801f7800b8d70700e48757000400370048
:10be500080dd2e00801f7800b3d707008f87e900b0
:10be6000c0dd2e00801f7800afd707008f87e90064
:10be7000c05a800080004000000f2f00008040006a
:10be800010007800801f780030e02e00801f7800be
:10be9000a5d70700e4875700a05a8000801f7800cc
:10bea00090e22e00801f78009fd70700e48757009c
:10beb000905a8000801f780090e42e00801f780048
:10bec00099d70700e4875700d05a8000cf80de0062
:10bed000d3d1070002002000832c2400e8d2070001
:10bee000809fbe0090e62e00801f78008ed707004e
:10bef000e6875700f05a80008000400040c22000d2
:10bf00000080400010007800801f780090e82e002c
:10bf1000801f780084d70700e4875700e05a80002c
:10bf200080004000c0902000008040001000780099
:10bf3000801f780070ea2e00801f78007ad70700f3
:10bf4000e4875700e05a8000b1792f006140780003
:10bf50008000fb00005b8000811f7800801f78005c
:10bf600050ec2e00801f780060672e00801f780044
:10bf70006dd70700e8875700e05a8000b1792f009d
:10bf8000614078008000fb00105b8000811f78001a
:10bf9000801f7800f0ed2e00801f780060672e0073
:10bfa000801f780060d70700e8875700405b80005b
:10bfb00080004000c0922000008040001000780007
:10bfc000801f780090ef2e00801f780056d7070062
:10bfd000e4875700505b8000800040000093200001
:10bfe0000080400010007800801f780070f12e0063
:10bff000801f78004cd70700e4875700905c8000d2
:10c000008000400000932000008040001000780075
:10c01000801f780050f32e00801f780042d7070061
:10c02000e4875700605b800080004000209a200079
:10c030000080400010007800801f780030f52e004e
:10c04000801f780038d70700e4875700705b8000b6
:10c0500080004000c09a200000804000100078005e
:10c06000801f780010f72e00801f78002ed7070061
:10c07000e4875700205b800080004000c0962000cd
:10c080000080400010007800801f7800f0f82e003b
:10c09000801f780024d70700e4875700e041800024
:10c0a0008000400040932000008040001000780095
:10c0b000801f7800d0fa2e00801f78001ad7070062
:10c0c000e4875700305b80008000400080932000b0
:10c0d0000080400010007800801f7800b0fc2e0027
:10c0e000801f780010d70700e4875700405b80006e
:10c0f0000000e00006003200104280008000400096
:10c10000c093200000804000100078000500370038
:10c1100010428000800040002095200000804000f8
:10c1200010007800801f7800f0682e00801f7800d3
:10c13000fdd60700e4875700c06a2e00801f7800f4
:10c1400000902e00801f7800f7d60700e487570084
:10c1500087013700d7fb0700850137006042800068
:10c160000000a20060428800604280000000e00001
:10c1700015003200604280008000400000932000e3
:10c180000080400010007800801f780030762e007c
:10c19000801f7800e4d60700e487570080772e00e0
:10c1a000801f7800e0d607008f87e900c06a2e0064
:10c1b000801f780090fe2e00801f7800dad60700de
:10c1c000e48757006a013700c06a2e00801f78009c
:10c1d00010ff2e00801f7800d3d60700e487570099
:10c1e00060428000800040000093200000804000fa
:10c1f00010007800801f780030762e00801f7800b5
:10c20000c9d60700e487570059013700d0702e00c7
:10c21000801f780070ff2e00801f7800c2d60700b4
:10c22000e487570010002000200798002e0090009f
:10c230008000400060b320000080400010007800c3
:10c240006300500000004000000178002e009000c4
:10c250008000400060b320000080400010007800a3
:10c260008000e8002e009000800140002095200012
:10c270000080410010007800821f7800811f780044
:10c28000801f7800c0ff2e00801f7800a6d6070010
:10c29000e88757002e0090000000e8002007980073
:10c2a0002e009000e90f5000e0ff3400300137000d
:10c2b000706d2e00801f7800c06e2e00801f7800e9
:10c2c00050012f00801f780097d60700e68757009f
:10c2d00092060700e05a8000b1792f006140780093
:10c2e000604798006000b800008fbe000000eb00bf
:10c2f00020079800e000200015e70700cf80de004f
:10c30000c7d007000001be001e00be00f7d0070026
:10c31000008fbe002e0090000000e800200798006b
:10c320002e009000e90f5000f2ff3400e05a800028
:10c330000000e00006003200c2cc2c0033322400a2
:10c340001e00be00ced10700008fbe000a003700dd
:10c3500002002000632b24001e00be00c8d107008d
:10c36000008fbe0002002000032024001e00be003b
:10c37000ded00700008fbe006e4090000080fb0002
:10c38000ee4090000181fb00801f78001e00be007f
:10c39000809fbe00821f78001e00be00809fbe00ee
:10c3a00040592e00801f78005fd60700ee875700a7
:10c3b00020032000de050700460607000004e00019
:10c3c000c8ff320055060700d0732e00801f78008a
:10c3d00055d607008f87e900e500370040032f009e
:10c3e000801f780050d607008f87e900610607009c
:10c3f00040079800510798004e019000de01900020
:10c400003006200001002000800f5100818f59006c
:10c41000070034004e019000de01900000fa200079
:10c4200001002000800f5100818f59000500340069
:10c43000207b2e00801f78003bd607008f87e90005
:10c44000cb0037004e009000de009000000040005e
:10c45000818048000001be00000028000107200084
:10c4600089d0070060079800710798004e0090007f
:10c47000de009000809fbe0030062f00801f7800f5
:10c4800029d60700e687570070072f00801f780025
:10c4900025d607008f87e900360607004007980079
:10c4a000510798004e019000de019000900020009e
:10c4b00001002000800f5100818f590007003400d7
:10c4c0004e019000de01900000d027000100200006
:10c4d000800f5100818f590005003400207b2e0011
:10c4e000801f780010d607008f87e900a000370072
:10c4f000ce0090006e00900067050700f0b42e009b
:10c50000801f780008d607008f87e9009800370061
:10c51000605d2e00801f780070ff2e00801f780065
:10c5200001d60700e487570010c0b300abf807003e
:10c530000000eb0020079800f8050700604798000e
:10c540002e009000f00f500002003a0000ccb30023
:10c55000a2f807006e409000ed4f5000040032003a
:10c56000ae00900000022000808f500004003a00ce
:10c5700010c0b30099f807000000eb0020079800f6
:10c580006e4090000080fb0001fe2f008080400084
:10c59000e0052000808f50000d003e006e409000ae
:10c5a0000080fb00801f780080092f00801f78002a
:10c5b000ddd50700e48757006e409000a8f807001b
:10c5c0002e0090000000e8002007980009003700c6
:10c5d0006e4090000080fb00517c2e00811f78008f
:10c5e000801f7800800a2f00801f7800ced50700ba
:10c5f000e68757006e409000fb4f5000ceff3a0098
:10c60000d0732e00801f7800c7d507008f87e90000
:10c6100057003700905f2e00801f780070ff2e00bb
:10c62000801f7800c0d50700e487570010c0b30012
:10c630006af807000000eb00200798000c060700ce
:10c64000604798002e009000f00f500002003a0062
:10c6500000ccb30061f80700ae009000000220009b
:10c66000808f500004003a0010c0b3005bf8070050
:10c670000000eb00200798006e40900078f807005b
:10c680006e4090000080fb0001fe2f008080400083
:10c69000e0052000808f50000b003e002e0090002f
:10c6a0000000e800200798006e4090000080fb002a
:10c6b000801f7800d00b2f00801f78009ad50700cc
:10c6c000e487570006003700507c2e00801f78005a
:10c6d000500c2f00801f780093d50700e487570087
:10c6e0006e409000fb4f5000d4ff3a00d0732e00f4
:10c6f000801f78008cd507008f87e9001c00370069
:10c7000010002000200798000000eb00000f9800a8
:10c7100070722e00801f780070ff2e00801f78003e
:10c7200081d50700e48757000e089000ae00900006
:10c7300000017800110009008200d800200798004d
:10c740000b0037006e4090008080fb006e40900030
:10c750000080fb00811f7800801f7800d00c2f0024
:10c76000801f780070d50700e68757006505070031
:10c770004f0478000080fa00000006000600fa006e
:10c7800010079800210798000000eb00000f7800c8
:10c79000204780000000e000020032006104070032
:10c7a000000f78001e0078000000e0000400340054
:10c7b000e15b80001e00900001007000e05b8800db
:10c7c0001e0078000000e00004003d00e15b8000f6
:10c7d0002e00900000806000e05b88000080fa007e
:10c7e000000006001000fa00008fbe00220798002b
:10c7f000330798004407980055079800660798008b
:10c80000770798009e0090002e0090000088b900e5
:10c8100000017800be0090001e0078000088b9007a
:10c8200000007800000141009e0078002e0090007a
:10c830000008b8000101410082007800008fbe00ae
:10c84000008fbe001e01be004e009000de00900072
:10c85000800f5100818f5900030036004e01900077
:10c86000de019000028fbe001e01be006e0090002f
:10c87000fe009000800f5100818f590003003100ad
:10c880006e019000fe019000028fbe002e0190000c
:10c89000be0190001e00be002fcf070000007800f0
:10c8a0000080fa00000006000000fa00305b800003
:10c8b00080004000009220000080400010007800be
:10c8c0005af90700605a800080004000209520003f
:10c8d000008040001000780054f907000080fa0042
:10c8e000000006000000fa00c000200098e50700e4
:10c8f00080598800d000200095e5070090598800f5
:10c900000080fa00000006000000fa00889fbe00c8
:10c91000e32821006267210041b7200010002000b9
:10c9200021f20700a000200089e50700cf80de008b
:10c930003bcf07000004be00a05b8000cf80de007c
:10c9400037cf07000001be000800be002bd1070052
:10c950004200200057f90700a05b8000801f78008c
:10c96000f0942f00801f780050932f00801f7800d4
:10c9700060b12000f4d40700e68757004f04be00e2
:10c980000080fa00000006000000fa00900020007d
:10c990006fe5070050598800c35d200002fa2000af
:10c9a00021b7200010002000fff10700beff0700a4
:10c9b00039eb0700905b8000801f7800f0942f0017
:10c9c000801f780050932f00801f780060b12000f6
:10c9d000ddd40700e68757000080fa00000006005b
:10c9e0000000fa00bfff0700e32e2000c25d200018
:10c9f00061b7200010002000ebf10700aaff07003c
:10ca000070eb0700b05b8000801f7800f0942f006f
:10ca1000801f780050932f00801f780060b12000a5
:10ca2000c9d40700e68757000080fa00000006001e
:10ca30000000fa00abff07008001eb006209200054
:10ca4000a1b8200010002000d7f1070096ff0700d2
:10ca50005ceb0700505c8000801f780060952f0021
:10ca6000801f780050932f00801f780060b1200055
:10ca7000b5d40700e68757000080fa0000000600e2
:10ca80000000fa008001eb004206200081b7200080
:10ca900010002000c4f10700c05b80000000e0002f
:10caa00008003200c05b8000801f780080a12f004a
:10cab000801f780060b12000a3d40700e4875700ee
:10cac0000700370080498000801f780030a22f00c7
:10cad000801f780060b120009bd40700e4875700d6
:10cae0000080fa00000006000200fa00b15c80003d
:10caf000010f780060b92000c4f10700b05c80002d
:10cb00009e0f50000300320041062000c0f62000b6
:10cb1000e1030700b05c80008000400000bc200002
:10cb20000080400010007800801f7800c0a32f0014
:10cb3000801f780060b1200083d40700e48757008d
:10cb40000080fa00000006000200fa00a0b72000f2
:10cb5000104078000080fb00000f780013002000d8
:10cb6000020120008e007800100020008ef10700e6
:10cb70001e00780080407800a0b7200001487800af
:10cb8000a0b72000104078008080fb00a0b72000f4
:10cb9000104078000004a2000080fb000000e900c3
:10cba0004f00de0000014000c0bb2000000041003b
:10cbb00010007800811f7800801f7800d0a22f001d
:10cbc000801f780060b120005fd40700e68757001f
:10cbd0000080fa00000006000000fa007103200047
:10cbe000f0002000e5fe0700e05b800068006000c8
:10cbf0000000e00002003200904980000100370090
:10cc000080498000801f7800e0912f00801f78000d
:10cc100060b120004cd40700e48757000080fa0080
:10cc2000000006000000fa00889fbe002047800038
:10cc30000000e00004003200f85b800039030700c8
:10cc400000004400f05b8800a05b8000cf80de0025
:10cc5000f25b80006114b90006f82900570d20002e
:10cc6000041c2e00450e20000001be000800be007e
:10cc7000dcfe0700f05b8800f05b8000cf80de0008
:10cc800067ce07000004be00a05b8000cf80de00fe
:10cc900063ce07000001be000800be0057d00700a9
:10cca000024022004397240075cf0700809fbe00fa
:10ccb00080922f00801f780060b1200022d40700ee
:10ccc000e68757004f04be000080fa00000006000f
:10ccd0000000fa00f100200070032000a7fe07000a
:10cce000e15b800000022000008060000000e000a6
:10ccf0000200320090498000010037008049800026
:10cd0000801f7800e0912f00801f780060b1200024
:10cd10000dd40700e48757000080fa0000000600e9
:10cd20000000fa00889fbe00204780000000e0005d
:10cd300004003200085c8000fa0207000000440092
:10cd4000005c8800a05b8000cf80de00025c800079
:10cd50006114b900067a2300070a2000049e270008
:10cd6000f50a20000001be000800be009dfe07007d
:10cd7000005c8800005c8000cf80de0028ce0700c9
:10cd80000004be00a05b8000cf80de0024ce070040
:10cd90000001be000800be0018d0070002402200bb
:10cda0004397240036cf0700809fbe0080922f005b
:10cdb000801f780060b12000e3d30700e6875700aa
:10cdc0004f04be000080fa00000006000800fa00d0
:10cdd000889fbe00015c8000d0478000808f50009b
:10cde00008003200115c8000025c8000d0478000a7
:10cdf0000000510000804000105c8800005c800052
:10ce0000d0478800005c80006101b900a05b800011
:10ce1000cf80de00009ab90004027800028bb900ce
:10ce200086027800050242000010b80001024200ac
:10ce30008400780002502300c3002000021f40003d
:10ce400003974800001a250051ff2f003e014000c3
:10ce5000ae8148000200be0020079800310798000c
:10ce6000204780000000e00004003200185c8000d1
:10ce7000ac02070000004400105c88002e02900005
:10ce8000be0290001e01be00a05b8000cf80de00cd
:10ce9000165c80006134b9000403be000202be00cb
:10cea0000001be000800be004efe0700105c8800b6
:10ceb000105c8000cf80de00d9cd07000004be00ea
:10cec000a05b8000cf80de00d5cd07000001be0052
:10ced0000800be00c9cf070002402200439724008b
:10cee000e7ce0700809fbe0080922f00801f780051
:10cef00060b1200094d30700e68757004f04be00be
:10cf00000080fa00000006000000fa00881f780088
:10cf1000204780000000e00004003200285c800010
:10cf20008002070000004400205c8800205c800034
:10cf3000cf80de008602200007002000040a2000c7
:10cf400005002000120020000300200025fe07003d
:10cf5000205c8800205c8000801f780020a52f00c6
:10cf6000801f780060b1200077d30700e487570066
:10cf70004f0478000080fa00000006000000fa006c
:10cf8000889fbe009ee90700809fbe0000942f008e
:10cf9000801f780060b120006bd30700e687570040
:10cfa00060b12000a1f70700204780000000e000ea
:10cfb00008003200385c8000495c8000590207009c
:10cfc000cf80de000800400089804800305c880087
:10cfd000415c8800325c8000435c80009039240012
:10cfe000f1002000800f5100818f590004003400af
:10cff00090392400f1002000305c8800415c8800fa
:10d00000325c8000435c8000800c2400f100200032
:10d01000800f5100818f590004003c00900c2400c7
:10d02000f1002000305c8800415c8800305c8000aa
:10d03000415c8000809fbe0010a62f00801f7800fa
:10d0400060b1200040d30700e68757004f04be00c0
:10d050000080fa00000006000200fa00b0b72000cd
:10d06000104078000080fb00000f78000e00780070
:10d0700066f007001e00780080407800b0b72000fe
:10d08000014878001e0078008000400000932000d6
:10d090000080400010007800801f7800d0a62f008c
:10d0a000801f780060b1200027d30700e487570075
:10d0b0000080fa00000006000000fa00c04780006f
:10d0c00080004000e0b9200000804000100078009f
:10d0d000800078000008200061f70700c04780004a
:10d0e0008000400040bc200000804000100078001c
:10d0f0000000010061b12000000c200058f707007b
:10d10000c0478000ea0f500002003200005c80003f
:10d11000d04788000080fa00000006000200fa00f4
:10d12000000f7800c04780001e004000c047880004
:10d13000e05b8000680060000000e00006003a004c
:10d14000c0478000e80f500003003a00c04780004d
:10d150001e004000c0478800e15b80000002200004
:10d16000008060000000e0000c003a00c047800032
:10d17000ea0f500003003200c0478000eb0f500060
:10d1800006003a001e007800000040008000780091
:10d19000c047800000804000c0478800c047800032
:10d1a000ee0f500001003400f828ef00c047800067
:10d1b0000000e00002003d00e0002000c0478800c1
:10d1c000c0478000e60f500002003a00a02820006f
:10d1d000010037004006200000478800c04780005b
:10d1e00029e607000080fa00000006001a00fa0095
:10d1f000400f98000000eb00000f78000000eb00eb
:10d20000705b88001e0078008000400060b3200042
:10d2100000804000900078001e0078000000400070
:10d22000000047000080e800010878001e00780038
:10d230008000400060b32000008040008000eb00d0
:10d24000010878001e0fe8001e007800ea0f500069
:10d25000ecff34009e28ef00401680004300de0003
:10d26000614060000080fb000042880000428000b6
:10d270000000e00001003a00a228ef00b8ee07002d
:10d280002dec0700f04180000000e00004003200b7
:10d290004a28ef0051428000410f98004c003700af
:10d2a000305b8000e10f500002003a003aed0700c9
:10d2b00005003700605a8000e90f5000020032007c
:10d2c00090002000605a8800ffed070000428000b7
:10d2d0000000e00013003200605a8000ea0f5000a6
:10d2e00010003200c0478000e10f50000300320000
:10d2f000c0478000e20f50000a003a00404580001d
:10d300000000e00007003a00104580000000e00047
:10d3100004003a0010002000e0418800ca82a80002
:10d3200002003700ca82a9003c28ef0039ef07004d
:10d330000f003700e428ef00a016800061006000b5
:10d340000000e000020032000080eb000100370026
:10d350001000200071ff070057ff0700a0282000e1
:10d36000f30107009c28ef001000200020478800f0
:10d370001116800000002200008060000000e00024
:10d38000ecff3200a0168000610060000000e000a9
:10d39000e8ff3a0048ff0700701680007000600048
:10d3a0000000e0000a003a00c05b800080007800c6
:10d3b000a07f2100b8010700110020000000eb0051
:10d3c00027ec0700f828ef000000eb00400f980062
:10d3d0004e0890000000e0009eff3a000000eb00c5
:10d3e000000f78001e007800000040000000470099
:10d3f000900090001e0078000001400060b3200003
:10d4000000004100010878001e0fe8001e007800af
:10d41000ea0f5000f3ff34003c28ef000080fa00d0
:10d42000000006000200fa00000f78001e007800dd
:10d430000000e000090034001e007800e40f5000f6
:10d4400006003c001e00780080004000e0792f00bc
:10d450000080400010007800090037001e007800ae
:10d46000e50f5000030032001e007800e60f500068
:10d4700002003a0050bd8700010037000080eb0039
:10d480000080fa00000006000200fa00000f780099
:10d490001e0078000000e000090034001e00780043
:10d4a000e40f500006003c001e00e9008000400030
:10d4b000e0792f0000804000100078001100370054
:10d4c0001e007800e50f5000030032001e007800b7
:10d4d000e60f500002003a0030bd87000900370017
:10d4e0001e007800e60f5000050034001e00780092
:10d4f000e90f500002003c0050bd870001003700da
:10d500000000eb000080fa00000006000400fa00b2
:10d51000889fbe00d05a800010079800a0b7200056
:10d52000104078000080fb00000f78001e0078009b
:10d530000000e000030034001e007800f00f5000ef
:10d540000200340010002000000f78001e00780058
:10d550004200dd00000f78001e007800e70f500049
:10d5600002003c0080002000000f78005016800070
:10d57000700060000000e00003003a00400120005d
:10d58000e045880006003700e04580000000e0002c
:10d5900003003200e04580000000e900e04588001b
:10d5a000e04580000000e00008003200b428ef00f1
:10d5b000b628ef00a0458000b14580008045880076
:10d5c00091458800b828ef0015003700b16680004b
:10d5d000505c8000008040006101b8008045800000
:10d5e000914580000200400083804800804588000b
:10d5f00091458800a06680006101b800a0458000c8
:10d60000b14580000200400083804800a0458800aa
:10d61000b1458800c04580000000e800c045880092
:10d62000c04580009e0f50003a003500e041800068
:10d630000000e00030003200c0458000cf80de00f6
:10d64000c21220000289b900020178006002b9000c
:10d650008401780003014100c31220000300b800d8
:10d6600001014100820078008245800093458000de
:10d67000820f5000838f58001f003e001e00900054
:10d680004006b0006101b800a0458000b1458000af
:10d69000009ab90004027800028bb9008602780073
:10d6a000050242000011b800030242008401780024
:10d6b0001e0090004006b1006102b8008045800065
:10d6c0009145800000abb90006037800048cb900d6
:10d6d00088037800070343000020b80001034300db
:10d6e00086007800800f5100818f590002003600bb
:10d6f0001000200000458800b428ef00b628ef0095
:10d70000a0458000b1458000804588009145880093
:10d71000b828ef0040168000680060000000e000bc
:10d7200010003200f1bc8700a0438000808f5000c1
:10d730000c003100605a80003aff0700a1438000ce
:10d74000810f50000700310050458000e10f50006c
:10d7500005003c00504580000000e800504588006e
:10d7600001003700aa28ef0050458000e10f50006b
:10d770000200340010002000104588004016800090
:10d78000680060000000e000070032007045800083
:10d79000e10f400005003200704580000000e80005
:10d7a0007045880001003700ae28ef004016800069
:10d7b000680060000000e00001003a00a428ef00cb
:10d7c000705a8000e30f50001b003a0040168000a2
:10d7d000680060000000e000170032007145800022
:10d7e000800c2000808f500013003e0020458000f8
:10d7f0000000e00010003a00f1bc8700a043800068
:10d80000808f50000c003100605a80001eff07001e
:10d81000a1438000810f5000070036006045800062
:10d82000e20f500005003c00604580000000e80069
:10d830006045880001003700ac28ef00604580009b
:10d84000e20f500002003400100020001045880054
:10d8500040168000680060000000e0000200320016
:10d86000ba28ef0006003700d0458000e10f5000d5
:10d8700003003c00d04580000000e800d04588004f
:10d88000f1448000f07c2000808f500003003e00b7
:10d89000f04480000000e800f0448800d04580009b
:10d8a000e10f50000f003c00004580000000e00048
:10d8b0000c003a00104580000000e00009003a002a
:10d8c000f1418000f0022000008060000000e000d4
:10d8d00004003a00f1448000f07c2000808f50006a
:10d8e00001003600ca82a900501680007000600056
:10d8f0000000e00002003200a628ef00060037001a
:10d9000030458000e10f40000300320030458000c8
:10d910000000e800304588004f04be000080fa0097
:10d92000000006000200fa00e1448000010f7800c8
:10d930009c28ef001e0078000080fa00000006001e
:10d940000000fa004001200000448800400620004a
:10d95000204488009021ef009621ef00c0122000a3
:10d96000600c8800c0122000700c8800e0002000cd
:10d97000800c8800007d2000900c8800007d200035
:10d98000a00c8800e0002000b00c880020cd210011
:10d990007008880013e1a8008ce0a8008c60a90042
:10d9a00020002000200888007628ef000080fa0080
:10d9b000000006000200fa00000f78001e00780048
:10d9c000f1a42000810f50001c003200f1a42000bf
:10d9d000810f500007003c0091392000810f50005a
:10d9e0001800320031732000810f50001100320006
:10d9f00016003700e1252100810f50000900320098
:10da0000a17f2100810f500004003200c1f62000e8
:10da1000810f5000050032000c00370030642000f8
:10da20000b003700105e200009003700a0582000ce
:10da3000070037005055200005003700c053200074
:10da40000300370050522000010037001e0078000c
:10da50000080fa00000006000200fa00000f7800c3
:10da600030002000504488001e00e9006008880053
:10da7000600880000000d10030088800d622a9008c
:10da8000d222a90011e1a80084c0a9008cc0a8007e
:10da90000080fa00000006000400fa00000f780081
:10daa00011079800404480000000e0000d003a009b
:10dab0001e0090000000e0000a0034001e009000ec
:10dac00030448800b05c8000e10f500003003a0051
:10dad0001e007800b7ff0700010037001e00780025
:10dae000ddff07000080fa00000006000200fa00d7
:10daf000000f78001821ef001e0078004300dd00c1
:10db0000e008880086c0a90021e1a800000000000c
:10db10003104800000042000008060000000e0006c
:10db2000fbff320021e1a9000080fa00000006009e
:10db30000200fa00000f780002003700803e20004b
:10db4000eaff07001e00780000f0a7000000ea00ce
:10db50000000ea004f00de00004078001e0fe900e0
:10db60000004e000f5ff3a000080fa000000060023
:10db70000000fa00ca82a900e842a800e862a800f2
:10db80000080fa00000006000200fa00000f780092
:10db900010c0b30011f307001e007800e20f500020
:10dba00012003200e20f500005003c000000e000cf
:10dbb00008003200e10f5000090032001400370065
:10dbc000e30f50000c003200e40f50000d00320053
:10dbd0000f00370020af2f0094f40700110037002a
:10dbe00030b02f0091f407000e00370040b12f0035
:10dbf0008ef407000b00370050b22f008bf40700a3
:10dc00000800370060b32f0088f4070005003700d4
:10dc100070b42f0085f407000000000001003700f9
:10dc200000000000a0168000610060000000e0001d
:10dc3000fbff3200cfa2a900faff37000000fa0074
:10dc400070e78700a01088000c22ef000e22ef0082
:10dc50008520a9008d20a8000de2a8000f42a80091
:10dc60000080fa00000006000200fa00000f7800b1
:10dc70001e007800e70f5000020034007000200002
:10dc8000000f78001e0078008000400080ce2f003a
:10dc90000080400010007800a01088000080fa008a
:10dca000000006000200fa00004f780000000000ab
:10dcb0007110800000202000008060000000e00063
:10dcc000fbff3a001e80fb00801088000080fa00f5
:10dcd000000006000000fa00701080006200600082
:10dce0000000e000010032000e22a900fec8bf00c3
:10dcf00080c0ea0000c9bf0000c040000080fa00f8
:10dd0000000006000000fa00fe68ef0010c0b3003b
:10dd100000e9b7000080fa00000006000000fa00e9
:10dd200000000000ebff07000004e000fdff3200f0
:10dd3000fec8bf000040e800fee8b700fec8bf0014
:10dd40000080fb0061a12000614078000080fa00a3
:10dd5000000006000200fa00f0ff0700004f780004
:10dd60001e407800cfff07001e4078000080fa00b8
:10dd7000000006000600fa006000b800008fbe0038
:10dd80000040eb0040479800e4ff07000074a1004a
:10dd9000404798004e4090000080fb000003b10017
:10dda000e90f500014003e004e409000bdff0700f8
:10ddb0001e0090006a00b900000178001e00780083
:10ddc0006000b90000007800000141009e0078006a
:10ddd000a00020000008b800010141008200780086
:10dde0004e4190000281fb000203b100cf91de00a2
:10ddf000021f4000039748004e409000ed4f500036
:10de0000e1ff3a001e00be000080fa00000006009c
:10de10000200fa00c1ff0700004f78001e80fb00df
:10de2000adcf07000000e000faff32001e80fb00cb
:10de3000d2cf0700004f78001e40780099ff0700fe
:10de400090c3b3009e40780080cf500002003e0097
:10de500000c3b3000100370070c3b3009e407800d8
:10de600000cf50001e4078000080fa00000006003d
:10de70000200fa00e6ff07004400dd00004f7800d2
:10de8000e3ff07001e4f40001e4078000080fa00ac
:04de90000000060088
:020000040000fa
:10000800c2750000287400006c7400006e75000052
:10001800a0750000c2750000c2750000c27500001e
:10002800c2750000c2750000c2750000c2750000ec
:10003800c2750000c27500004a6f0000e26f000040
:10004800c2750000b0760000c2750000c2750000dd
:10005800c2750000c2750000c2750000c2750000bc
:10006800c2750000c2750000c2750000c2750000ac
:10007800c2750000c2750000c2750000c27500009c
:10008800c2750000c2750000c2750000c27500008c
:10009800c2750000c2750000c2750000c27500007c
:1000a800c2750000c2750000c2750000c27500006c
:1000b800c2750000c2750000c2750000c27500005c
:1000c800c2750000c2750000c2750000c27500004c
:1000d800c2750000c2750000c2750000c27500003c
:1000e800c2750000c2750000c2750000c27500002c
:0800f800c2750000c275000092
:020000040000fa
:10010800c2750000287400006c7400006e75000051
:10011800a0750000c2750000c2750000c27500001d
:10012800c2750000c2750000c2750000c2750000eb
:10013800c2750000c27500004a6f0000e26f00003f
:10014800c2750000b0760000c2750000c2750000dc
:10015800c2750000c2750000c2750000c2750000bb
:10016800c2750000c2750000c2750000c2750000ab
:10017800c2750000c2750000c2750000c27500009b
:10018800c2750000c2750000c2750000c27500008b
:10019800c2750000c2750000c2750000c27500007b
:1001a800c2750000c2750000c2750000c27500006b
:1001b800c2750000c2750000c2750000c27500005b
:1001c800c2750000c2750000c2750000c27500004b
:1001d800c2750000c2750000c2750000c27500003b
:1001e800c2750000c2750000c2750000c27500002b
:0801f800c2750000c275000091
:020000040000fa
:0200000401f009
:04000800ffff0000f6
:020000040000fa
:0200000401f009
:04000400ff7f00007a
:020000040000fa
:0200000401f009
:04000000e5ff000018
:020000040000fa
:020000040002f8
:10cb2800536500006e7300006f7200003a25000024
:10cb3800352e000031660000256300002044000007
:10cb480069730000706c0000617900006564000082
:10cb58003a250000342e00003066000025630000ee
:10cb68000a0d0000004c0000434400002042000071
:10cb780061720000204700007261000070680000c8
:10cb88002026000020430000686100007261000058
:10cb98006374000065720000205400006573000093
:10cba80074000000577200006974000065200000de
:10cbb800415300004349000049200000746f000001
:10cbc800204c0000434400002c2000004553000086
:10cbd80043200000746f00002065000078690000a1
:10cbe800742e00000a0d0000005700007269000052
:10cbf80074650000204800004558000020740000bb
:10cc08006f2000004c430000442c0000203100003d
:10cc180042200000746f0000206500007869000061
:10cc2800742e00000a0d000000480000696700002b
:10cc3800682d0000566f00006c74000061670000ea
:10cc4800650000004c6f0000772d0000566f000053
:10cc58006c74000061670000650000002028000077
:10cc680050720000652d00004c6900006d690000dd
:10cc78007429000000200000616c0000617200004f
:10cc88006d200000697300002064000069730000d3
:10cc9800616200006c650000642e00000a0d00004f
:10cca80000250000372e0000336600002025000014
:10ccb80073000000253500002e31000066200000ba
:10ccc80057610000747400007320000028250000dc
:10ccd8007329000000250000352e00003066000092
:10cce8002000000025730000252d000064250000a9
:10ccf800630a00000d0000002534000069200000d0
:10cd08003d200000253500002e3200006656000048
:10cd18000a0d0000004c0000617300007420000040
:10cd2800566100006c690000642000004261000048
:10cd38006e64000020530000656c0000656300000d
:10cd4800742000003a250000730a00000d0000005e
:10cd58002d2d00002d2d00002d2d00002d2d000063
:10cd68002d2d00002d2d00002d2d00002d2d000053
:10cd78002d2d00002d2d00002d2d00002d2d000043
:10cd88002d2d00002d2d00002d2d00002d2d000033
:10cd98002d2d00002d2d00002d2d00002d2d000023
:10cda8000a0d0000002c0000206100006e790000d0
:10cdb800206b00006579000020650000786900009c
:10cdc800747300002e2e00002e0a00000d000000d3
:10cdd800546500006d700000657200006174000009
:10cde8007572000065200000536500006e73000036
:10cdf8006f72000020430000616c0000696200004f
:10ce080072610000746900006f6e00000a0d000076
:10ce1800004900006e700000757400002041000099
:10ce280074740000656e000075610000746f000086
:10ce380072200000537400006174000075730000d4
:10ce48000a0d0000004400006976000069640000d3
:10ce5800652d0000427900002d5a0000657200001f
:10ce68006f20000054720000617000000a0d00007d
:10ce78000054000065730000742000005465000031
:10ce8800726d0000696e0000617400006564000046
:10ce98000a0d0000004100006c610000726d000086
:10cea8002053000079730000746500006d200000b5
:10ceb80054650000737400000a0d0000000a0000a9
:10cec8000d4600002d530000656e000073650000dc
:10ced8002054000065730000743a0000202500000b
:10cee800730a00000d00000020200000203100001f
:10cef800363000006d200000383000006d20000042
:10cf0800343000006d200000333000006d20000038
:10cf1800323000006d200000313700006d20000025
:10cf2800313500006d200000313200006d20000016
:10cf3800313000006d200000202000004d69000005
:10cf48006e200000202000004d61000078200000c5
:10cf58006b4800007a0a00000d0000000a0d00006e
:10cf6800496c00006c650000676100006c200000df
:10cf7800566100006c750000652100000a0d000074
:10cf8800004e00006f6e00002d5000007269000016
:10cf98006e740000616200006c65000020430000b0
:10cfa800686100007261000063740000657200002f
:10cfb800004e00006f7200006d6100006c00000000
:10cfc8004c6f00007720000053700000656500007a
:10cfd800642000004f4e0000004d00006564000012
:10cfe800697500006d200000537000006565000041
:10cff800642000004f4e00000048000069670000f0
:10d00800682000005370000065650000642000007f
:10d018004f4e0000004f0000757400002d4f0000b7
:10d02800662d0000426100006e64000021000000cf
:10d03800312e0000384d0000487a00002f310000e2
:10d04800363000006d000000332e0000354d000022
:10d05800487a00002f380000306d000000370000cb
:10d068002e3000004d4800007a2f000034300000b8
:10d078006d000000313000004d4800007a2f00009c
:10d08800333000006d000000313400004d480000ce
:10d098007a2f0000323000006d00000031380000a7
:10d0a8004d4800007a2f0000313700006d00000065
:10d0b800323100004d4800007a2f00003135000061
:10d0c8006d000000323400004d4800007a2f000047
:10d0d800313200006d000000323800004d48000079
:10d0e8007a2f0000313000006d000000556e0000fe
:10d0f8006b6e00006f7700006e2000004261000038
:10d108006e6400002100000044410000544100000a
:10d118000041000044440000520000000a0d0000d5
:10d12800447500006d700000204500004550000067
:10d13800524f00004d200000636f00006e74000025
:10d14800656e0000747300000a0d000025340000ad
:10d158007325000032330000730a00000d2500001b
:10d168002e32000033730000252e000032320000fa
:10d17800730000000a0d0000253400002e34000062
:10d18800583a000000250000352e000034580000f1
:10d19800000a00000d2500002e3200003373000045
:10d1a800252e000032320000730a00000d00000036
:10d1b800416d000070730000005600006f6c0000a5
:10d1c800747300000025000033690000202d000062
:10d1d80020250000730000005265000076650000fd
:10d1e8007273000065000000466f0000727700004f
:10d1f8006172000064000000257300000030000028
:10d20800202d0000204100006c6c0000204100002f
:10d218006c610000726d0000732000004f66000012
:10d22800660a00000d000000312000002d200000db
:10d238004f760000657200002d43000075720000f3
:10d24800726500006e7400000a0d000000320000d4
:10d25800202d0000204800006967000068200000b9
:10d2680053570000520a00000d0000003320000050
:10d278002d2000004f760000657200002d5400003c
:10d28800656d000070650000726100007475000033
:10d29800726500000a0d000000340000202d000017
:10d2a80020250000730a00000d0000003420000053
:10d2b8002d200000257300002573000000350000b4
:10d2c800202d00002025000073250000730a0000af
:10d2d8000d000000352000002d20000025730000ff
:10d2e800257300002573000000360000202d000083
:10d2f80020250000732000004c6900006d690000c3
:10d30800740a00000d000000362000002d200000e7
:10d31800257300002573000000370000202d000051
:10d32800204100006c6c0000204100006c6100008e
:10d33800726d0000732000004f6e00000a0d00009f
:10d34800000a00000d2500002e3200003073000096
:10d358005b4300004f4d00004d4100004e4400006b
:10d3680020540000414200004c4500005d250000ab
:10d378002e320000307300000a0d00000048000043
:10d388002f3f000020480000656c0000702000005e
:10d398002d20000028540000686900007320000058
:10d3a8005363000072650000656e0000290a0000e2
:10d3b8000d00000041200000202000004144000032
:10d3c8004320000043680000616e00006e650000a5
:10d3d8006c200000447500006d7000000a0d00000c
:10d3e80000420000202000002025000073000000fb
:10d3f8004320000020200000257300000a0d0000d3
:10d408000044000020200000204300006c6500005c
:10d41800617200002046000061630000746f000024
:10d428007279000020440000656600006175000004
:10d438006c740000205200006573000065740000e1
:10d44800204300006f7500006e74000065720000d4
:10d458000a0d0000004500002020000020440000c4
:10d46800756d00007020000053790000737400008f
:10d47800656d00002026000020550000736500003f
:10d48800722000005365000074740000696e00008b
:10d49800677300000a0d000000460000202000000d
:10d4a80020440000756d0000702000004545000014
:10d4b800505200004f4d0000206300006f6e0000c6
:10d4c800746500006e740000730a00000d0000000f
:10d4d8004720000020200000546f0000676700000c
:10d4e8006c65000020460000726500007175000040
:10d4f800656e00006379000020530000656e00002f
:10d50800736500002054000065730000742000005b
:10d518004f6e00002f4f0000666600000a0d0000e5
:10d5280000490000202000002025000073000000b2
:10d538004a2000002020000025730000004b000056
:10d548002020000020420000757a00007a65000063
:10d5580072200000536f0000756e00006420000008
:10d5680054650000737400000a0d0000004c0000b0
:10d578002020000020250000730000004d2000003e
:10d588002020000025730000005a00002020000021
:10d5980020250000732500002e310000357300009f
:10d5a800257300000044000049530000504c00005f
:10d5b80041590000004900004e5000005554000039
:10d5c80000560000414c0000554500000043000093
:10d5d800484100004e4e0000454c0000000a000083
:10d5e8000d25000037730000253600007325000064
:10d5f8003873000025310000357300000a0d000063
:10d60800252e000032320000732500002e32000063
:10d6180032730000000a00000d410000444300007e
:10d6280025330000693a000025360000692500000e
:10d63800372e00003366000056200000000a000064
:10d648000d2500002e340000732500007300000033
:10d658000a0d000025730000456e00007465000087
:10d6680072200000302c0000312c0000322c000009
:10d67800332c0000342c0000352c0000362000002c
:10d688006f72000020370000202e00002e2e0000b0
:10d698000a0d0000000a00000d00000025730000bc
:10d6a80025730000536500006c650000637400007a
:10d6b80020530000636100006c6500003a20000000
:10d6c800302c0000312c0000323a0000200000000d
:10d6d80025640000202d000020250000730a0000aa
:10d6e8000d000000203d0000253300002e32000010
:10d6f800585d0000000a00000d450000455000007c
:10d70800524f00004d200000526500007365000074
:10d7180074200000436f0000756e000074650000ff
:10d7280072200000636c00006561000072650000f3
:10d73800642e000000760000342e00003035000012
:10d748000020000000530000595300005445000019
:10d758004d200000434100004c49000042520000a7
:10d7680041540000494f00004e200000534500007e
:10d7780054540000494e000047530000000a0000be
:10d788000d25000033330000730a00000d2500004a
:10d798003773000046690000726d00007761000071
:10d7a800726500003a20000025730000202d00005b
:10d7b800204400004c3400004a4300000a0d0000d9
:10d7c800253300003373000000420000617400003c
:10d7d8007465000072790000205600006f6c00002c
:10d7e8007461000067650000204600006163000066
:10d7f800746f0000722000003a200000252d000000
:10d80800346400000a0d00000050000041200000b0
:10d818004375000072720000656e000074200000fd
:10d8280046610000637400006f7200002020000051
:10d8380020200000202000003a200000252d0000b4
:10d84800346400000a0d0000005200004620000069
:10d85800506f000077650000722000004d650000e1
:10d8680074650000722000004661000063740000c7
:10d878006f720000202000003a200000252d0000d3
:10d88800346400000a0d0000005200004620000029
:10d89800506f000077650000722000004d650000a1
:10d8a80074650000722000004f6600006673000077
:10d8b80065740000202000003a200000252d00009b
:10d8c800346400000a0d0000004200006565000095
:10d8d800702000004c6500006e670000746800004e
:10d8e80020540000696d0000652000002020000021
:10d8f80020200000202000003a2000000025000021
:10d908002d640000206d0000530a00000d00000087
:10d918004f460000460a00000d0000005057000066
:10d92800522000004d650000617300007572000010
:10d93800656d0000656e00007420000053610000f2
:10d948006d7000006c650000733a00002000000054
:10d9580031200000284f000066660000290a0000f8
:10d968000d000000256400000a0d0000004f0000b3
:10d9780076650000722d0000566f00006c74000080
:10d9880061670000652000005472000069700000a3
:10d998002020000020200000202000003a20000065
:10d9a80000250000730a00000d000000556e0000fd
:10d9b80064650000722d0000566f00006c74000052
:10d9c8006167000065200000547200006970000063
:10d9d8002020000020200000203a00002000000045
:10d9e80050720000652d00004c6900006d69000050
:10d9f80074200000547200006970000020200000ac
:10da0800202000002020000020200000203a0000f4
:10da180020000000506f00007765000072200000b1
:10da28004d65000074650000722000004675000016
:10da38006c6c00002d530000636100006c650000f1
:10da4800203a0000202500002d640000570a00003d
:10da58000d0000004672000065710000204d0000b6
:10da6800657400006572000020430000616c0000ce
:10da78006962000072610000746900006f6e000046
:10da8800203a0000202500002d3700006c640000bb
:10da98000a0d000000530000706c00006173000064
:10daa800682000005363000072650000656e000086
:10dab8002044000069730000706c00006179000068
:10dac800202000003a200000257300000a0d000005
:10dad800005500005345000052200000434f00004d
:10dae8004e460000494700005552000041540000ce
:10daf800494f00004e2000005345000054540000d8
:10db0800494e000047530000000a00000d250000a0
:10db180033330000730a00000d2500007300000075
:10db28004672000065710000756500006e630000b4
:10db380079200000536500006e7300006520000026
:10db48004d6f00006465000020200000203a0000ae
:10db580020250000730a00000d0000005365000036
:10db680072690000616c0000204c0000696e0000c2
:10db78006b200000506f00006c6c0000696e0000a4
:10db88006720000020200000203a0000200000004c
:10db9800252d00006420000053650000636f00001d
:10dba8006e640000730000004f660000660000000d
:10dbb8000a0d0000525300002d32000033320000dd
:10dbc800205000006f720000742000004d6f0000ac
:10dbd80064650000202000002020000020200000b4
:10dbe800203a0000205400006573000074200000f3
:10dbf8004d6f0000646500000a0d0000005200002f
:10dc0800532d00003233000032200000506f000016
:10dc18007274000020530000706500006564000005
:10dc28002020000020200000202000003a200000d2
:10dc3800252d000064300000302000004261000003
:10dc4800756400000a0d0000004c00004344000009
:10dc580020420000616300006b6c000069670000ef
:10dc680068740000696e0000672000002020000032
:10dc780020200000202000003a200000252d000070
:10dc8800346400000a0d0000004c0000434400000a
:10dc9800204300006f6e0000747200006173000082
:10dca8007420000020200000202000002020000018
:10dcb80020200000202000003a200000252d000030
:10dcc800346400000a0d00000053000057520000a1
:10dcd8002054000072690000702000004c690000a8
:10dce8006d69000074200000202000002020000042
:10dcf80020200000202000003a200000252e0000ef
:10dd0800326600000a0d000000460000616e000047
:10dd18002053000070650000656400002043000087
:10dd28006f6e0000747200006f6c0000202000000d
:10dd380020200000202000003a2000002573000069
:10dd48000a0d000000540000656d000070650000b9
:10dd580072610000747500007265000020550000b3
:10dd68006e6900007473000020200000202000006d
:10dd7800202000003a200000257300000a0d000052
:10dd880000540000656d00007065000072610000bd
:10dd98007475000072650000204100006c6100008d
:10dda800726d0000204c0000696d0000697400006d
:10ddb8003a20000000460000616e00002053000079
:10ddc800746100007274000020540000656d00004a
:10ddd80070650000726100007475000072650000d3
:10dde800202000003a20000000420000616e000080
:10ddf8006420000044690000737000006c6100003a
:10de080079200000556e000069740000732000003e
:10de180020200000202000003a2000002573000088
:10de28000a0d0000004700007261000070680000e1
:10de380069630000204c0000696d000069740000ef
:10de48007320000044690000737000006c610000da
:10de5800792000003a200000257300000a0d000018
:10de6800004600002d530000656e00007365000039
:10de780020510000534b000020200000202000000b
:10de8800202000002020000020200000202000008a
:10de98003a200000257300000a0d0000004700002a
:10dea800726100007068000069630000204400008f
:10deb80069730000706c0000617900002054000054
:10dec8007970000065200000202000003a20000042
:10ded800257300000a0d0000005000006f77000055
:10dee80065720000204d0000657400006572000036
:10def80020540000797000006520000020200000f8
:10df080020200000202000003a2000002573000097
:10df18000a0d0000005300007461000072740000d4
:10df28002d5500007020000050610000676500005a
:10df380020200000202000002020000020200000d9
:10df4800202000003a200000257300000a0d000080
:10df58000043000075720000726500006e740000d6
:10df6800204100006d7000006c69000066690000c7
:10df780065720000205300007461000074650000a1
:10df88003a200000257300000a0d0000004200003e
:10df9800616e000064200000536500006c6500009d
:10dfa80063740000204d00006f64000065200000cd
:10dfb8002020000020200000202000003a2000003f
:10dfc800257300000a0d0000002500002e33000014
:10dfd800397300000a0d0000002500002e330000f0
:10dfe80039730000000a00000d25000073000000ce
:10dff800426100006e6400003a20000025730000b2
:10e008002047000025310000693a0000203d00004b
:10e018002025000032690000644200000a0d00005b
:10e02800000a00000d250000735000007265000012
:10e0380073730000206100006e790000206b0000ff
:10e0480065790000207400006f20000073740000e0
:10e058006172000074250000730a00000d000000c2
:10e068000a0d0000536f0000756e00006420000068
:10e0780054650000737400000a0d0000456e00002e
:10e08800746500007220000046720000657100008f
:10e09800756500006e6300007920000028310000db
:10e0a80030300000202d0000203400003030000007
:10e0b800304800007a2900003a200000000a0000d9
:10e0c8000d440000617400006120000056610000ea
:10e0d8006c750000653a0000202500006c6900009e
:10e0e8000a0d0000004500006e7400006572000013
:10e0f800206400007572000061740000696f000000
:10e108006e20000028310000302000002d20000083
:10e11800333200002c300000303000006d53000016
:10e12800293a0000200000004368000061720000e6
:10e13800203d000020300000782500002e3200002d
:10e14800580a00000d0000004368000061720000da
:10e15800203d000020300000782500002e3200000d
:10e16800582000002d200000257300000a0d000033
:10e17800002000003d200000256300000a0d00007b
:10e18800002000003d200000257300000a0d00005b
:10e19800000a00000d4900006e760000616c000066
:10e1a80069640000204300006f6d00006d6100008d
:10e1b8006e6400003a20000025630000205600002d
:10e1c800616c0000756500003a20000025640000bd
:10e1d8000a0d0000000000000c00000018000000fc
:10e1e8003000000060000000c00000008001000056
:10e1f80040020000800400004e6f0000726d0000b5
:10e20800616c0000004c00006f770000004d0000ba
:10e2180065640000697500006d0000004869000031
:10e228006768000000460000616800007265000031
:10e238006e68000065690000740000004365000016
:10e248006c730000697500007300000059610000dc
:10e258006573000075200000434100005400000071
:10e268004b580000322f00004b58000033000000cc
:10e278004a7500006d6100002d54000052580000de
:10e2880032000000462d0000536500006e73000048
:10e29800650000004654000038310000372f0000a8
:10e2a80038310000380000004d6100006e75000034
:10e2b800616c000000580000696500006775000087
:10e2c800004800005235000030000000204d0000da
:10e2d800200000002041000020000000473100001d
:10e2e80000470000320000004733000000470000ec
:10e2f800340000004d4800007a0000004d65000021
:10e308007472000065730000004f0000666600002c
:10e31800004f00006e00000053740000616e0000a2
:10e3280064620000790000004f7000006572000010
:10e33800617400006500000041750000746f000002
:10e3480000200000203f00002120000020000000e5
:10e358002020000031360000306d00000020000051
:10e3680020200000383000006d0000002020000050
:10e3780020340000306d0000002000002020000044
:10e38800333000006d000000202000002032000023
:10e39800306d000000200000202000003137000010
:10e3a8006d0000002020000020310000356d0000c5
:10e3b8000020000020200000313200006d00000025
:10e3c8002020000020310000306d000000200000f7
:10e3d800202000003f20000020000000312e000017
:10e3e800384d0000487a0000003300002e35000048
:10e3f8004d4800007a00000020200000374d000042
:10e40800487a000000200000313000004d4800002c
:10e418007a00000020310000344d0000487a0000e6
:10e4280000200000313800004d4800007a0000004c
:10e4380020320000314d0000487a00000020000022
:10e44800323400004d4800007a00000020320000fd
:10e45800384d0000487a0000002000005361000099
:10e4680076650000205300006574000074690000a0
:10e478006e670000733f000020000000205200007b
:10e4880065730000657400002044000065660000a4
:10e49800617500006c740000733f0000004f0000bd
:10e4a8002f500000205000006f77000065720000b8
:10e4b8000053000057520000005600006f6c000027
:10e4c8007461000067650000004300007572000079
:10e4d800726500006e74000000540000656d000055
:10e4e80070650000726100007475000072650000bc
:10e4f80000410000757400006f20000042610000b8
:10e508006e6400002044000065740000656300002c
:10e51800740000005365000072690000616c00001f
:10e52800205300007065000065640000005300007f
:10e5380065720000696100006c200000506f0000e7
:10e5480072740000005000006f6c00006c690000dd
:10e558006e670000204900006e74000065720000bc
:10e56800766100006c0000004c430000442000006d
:10e5780044690000737000006c61000079000000bd
:10e5880053570000522000005472000069700000c8
:10e5980000460000616e0000204300006f6e00001e
:10e5a800747200006f6c0000004f00007665000078
:10e5b80072740000656d0000700000004661000084
:10e5c8006e20000043750000742d0000496e0000a5
:10e5d80020540000656d00007000000042610000da
:10e5e8006e6400002044000069730000706c000035
:10e5f8006179000000470000726100007068000047
:10e6080069630000616c0000204c0000696d000027
:10e618006974000073000000477200006170000018
:10e6280068690000632000004469000073700000fe
:10e638006c61000079000000524600002050000084
:10e648006f77000065720000204d000065740000bf
:10e6580065720000005300007461000072740000cd
:10e668002d55000070200000446900007370000000
:10e678006c61000079000000462d00005365000021
:10e688006e73000065200000515300004b0000002d
:10e698000500000000000000000300000003000067
:10e6a800464100003b000000053d00003f420000dd
:10e6b8000a0d000000000000004f00007269000011
:10e6c800676900006e6100006c0000004c6100008a
:10e6d8007267000065000000536d0000616c000067
:10e6e8006c0000002020000020430000616e000044
:10e6f800636500006c6c0000656400002120000068
:10e708002020000000200000202000002020000021
:10e71800536100007665000064210000202000009d
:10e7280020200000200000005761000074740000e1
:10e7380073000000644200006d000000202d0000fe
:10e748002d2d00002e2d0000570000002d2d00005b
:10e758002e2d0000644200006d0000004f4b0000a9
:10e7680000450000727200006f7200002100000076
:10e77800526500006d6f00007465000000540000d1
:10e78800657300007400000025350000733a00002e
:10e798002538000069df000025630000004c0000f8
:10e7a800696d000069740000005300007461000086
:10e7b80072740000005500006e6900007473000058
:10e7c8003a25000031300000730000005057000067
:10e7d800523a00004e6f000020420000414e0000f7
:10e7e800442b00003a59000065730000000a00003d
:10e7f8000d250000734400002046000069720000e7
:10e808006d77000061720000653a00002025000065
:10e818007320000044610000746500003a20000085
:10e82800257300000a0d0000004300006f7000000f
:10e838007972000069670000687400003a200000df
:10e848004a75000068610000204e000069690000f8
:10e858006e6900006b6f0000736b00006920000098
:10e868002d2000004f480000324e00004c5400009c
:10e8780020260000204d000061740000746900002b
:10e88800204800006f680000746f00006c61000091
:10e89800202d0000204f000048370000535600008c
:10e8a8000a0d0000002800004164000064690000af
:10e8b800746900006f6e0000616c00002066000043
:10e8c8006561000074750000726500007320000027
:10e8d800616e0000642000006d6f00006469000034
:10e8e8006669000063610000746900006f6e0000d3
:10e8f800732000002d2000004164000072690000b0
:10e90800616e000020520000796100006e20000056
:10e918002d20000035420000344100004959000014
:10e92800290a00000d000000284d00006f64000057
:10e9380069660000696500006420000062750000d7
:10e94800696c0000642000002d200000444c000089
:10e95800344a0000432900000a0d0000005200005c
:10e96800656d00006f74000065200000506f0000a6
:10e9780077650000722000004f6600006600000006
:10e988002020000020440000617400006120000085
:10e998005361000076650000640000002531000026
:10e9a800307300002536000073000000205300007b
:10e9b8005752000020000000204f00002f430000a5
:10e9c8002000000020540000454d000050000000c9
:10e9d80020480000692d0000560000002042000079
:10e9e8006174000074000000204c00006f2d0000ce
:10e9f80056000000525300002d3200003332000050
:10ea080020450000636800006f2000005465000086
:10ea18007374000000410000776100006974000011
:10ea2800696e0000672000006461000074610000e6
:10ea38002e2e00002e0000000a0d00005253000088
:10ea48002d320000333200002054000065730000ae
:10ea5800740a00000d500000726500007373000016
:10ea6800205000005752000020620000757400001a
:10ea7800746f00006e200000746f000020650000b5
:10ea880078690000742e00002e2e00000a0d000088
:10ea9800005200005820000044610000746100002a
:10eaa8003a20000025630000202000003078000094
:10eab800253200002e320000580000000a0d000028
:10eac800525300002d320000333200002074000041
:10ead800657300007420000074650000726d00000a
:10eae800696e000061740000656400000a0d000092
:10eaf800002500003269000020200000000a000004
:10eb08000d000000536500006c6500006374000090
:10eb18003a250000397300000042000061750000ca
:10eb28006420000052610000746500003a2500006e
:10eb38003469000030300000004d00006f640000b0
:10eb4800653a0000253100003173000000540000d0
:10eb5800696d0000657200003a2500003669000002
:10eb6800205300006563000000540000696d000038
:10eb7800657200003a20000020440000697300001c
:10eb8800616200006c6500006400000042610000e2
:10eb9800636b00006c69000067680000743a00004d
:10eba8002536000069000000436f00006e74000005
:10ebb80072610000737400003a2500003769000094
:10ebc800004c0000696d0000697400003a250000df
:10ebd800382e0000316600003a3100000044000081
:10ebe80069730000706c0000617900003a2500002c
:10ebf800387300000054000079700000653a000086
:10ec080025310000317300000050000061670000ea
:10ec1800653a000025310000317300000053000000
:10ec2800575200002d2d00002e2d0000000a000074
:10ec38000d45000045500000524f00004d200000d7
:10ec480043680000656300006b730000756d000089
:10ec5800730a00000d430000616c00006962000047
:10ec680072610000746900006f6e000020200000cf
:10ec78003a200000257300000a0d0000436f0000d1
:10ec88006e6600006967000075720000617400001c
:10ec9800696f00006e3a000020250000730a00002a
:10eca8000d520000657300006574000020430000e9
:10ecb8006f7500006e740000657200003a20000055
:10ecc800256400000a0d0000000a00000d45000040
:10ecd80045500000524f00004d20000043680000de
:10ece800656300006b730000756d0000204500002f
:10ecf800727200006f72000021200000526500004f
:10ed08002d6c00006f610000646900006e670000f0
:10ed18002046000061630000746f000072790000f3
:10ed28002044000065660000617500006c740000f6
:10ed3800730000002043000068650000636b00005a
:10ed4800737500006d20000045720000726f0000ae
:10ed580072200000004c00006f6100006469000030
:10ed68006e670000204400006566000061750000c1
:10ed78006c740000730000004a5500004d4100000b
:10ed8800205000004131000030300000004f0000ea
:10ed9800483200004e4c0000542f0000375300004a
:10eda80056200000444c0000344a00004300000094
:10edb80020200000436100006c69000062720000be
:10edc80061740000696f00006e00000020200000e0
:10edd8004d6f0000646500002537000073000000d7
:10ede8002044000049530000504c000041590000e5
:10edf800203d0000205000006167000065200000f1
:10ee0800004f000050450000522000003d20000047
:10ee180053610000766500002f4500007869000006
:10ee2800740000005379000073740000656d0000e1
:10ee3800204300006c6f0000636b00003a20000064
:10ee4800256c0000692000006b4800007a0a000069
:10ee58000d0000002053000054420000590000003b
:10ee68002020000054580000200000002045000029
:10ee78007272000020000000204f00005045000082
:10ee880052000000252d00003136000073000000fc
:10ee98004b580000332000004d730000672000002d
:10eea800546900006d6500002d4f00007574000066
:10eeb8000053000065740000207400006f3a0000e1
:10eec800202000002035000020530000656300006a
:10eed80073000000202000002020000020200000f7
:10eee800557300006572000000200000436f0000a9
:10eef8006e660000696700007572000061740000aa
:10ef0800696f00006e00000020250000362e00000a
:10ef180033660000202000000020000020200000b0
:10ef280020200000005300004f4d00004146000023
:10ef380043000000dc050000d1070000a10f00001d
:10ef4800401f0000e02e0000983a0000384a0000f8
:10ef5800d859000090650000317500000a000000d3
:10ef68008700000099010000ab020000ba0300000e
:10ef7800cc040000df050000ed060000ff070000dc
:10ef880012090000200a00009a99000011410000af
:10ef98003d0a0000834100000a000000090000004b
:10efa800080000000700000006000000050000003f
:10efb800040000000300000003000000020000003d
:10efc80001000000630000000a00000009000000c2
:10efd8000700000006000000050000000400000013
:10efe80003000000020000000100000063000000b0
:10eff800554e00004b000000313600003000000084
:10f00800383000004d000000343000004d00000092
:10f01800333000004d000000323000004d00000089
:10f02800313700004d000000313500004d00000070
:10f03800313200004d000000313000004d0000006a
:10f048004f460000460000005054000054000000e5
:10f0580048520000424e00002564000000480000ad
:10f06800524d000044250000640000005258000082
:10f078002c250000732c0000257300002c250000af
:10f0880064250000632c0000252e00003166000076
:10f09800560000004852000054500000256400004b
:10f0a8002563000000480000525600005425000067
:10f0b8002e31000066560000004800005241000052
:10f0c8005430000000480000524200005225000061
:10f0d80064000000485200004b5800003000000057
:10f0e80048520000544d000000250000633a00001b
:10f0f800256300003a250000633a000025630000fc
:10f108003a250000326400003a250000316400000e
:10f118003a250000332e0000316600003a25000031
:10f12800352e0000326600003a250000342e00001b
:10f13800316600003a250000352e000031660000d7
:10f148003a250000336400003a25000031640000cd
:10f158003a250000325800000a0d000000000000a7
:10f1680066610000720000006d6f0000640000001e
:10f17800636c0000656100006e000000253500002a
:10f18800752000002535000075200000257300005b
:10f19800000000005e0000001b010000d701000015
:10f1a80093020000500300000c040000c904000092
:10f1b8008505000042060000fe060000ba070000b0
:10f1c8000000000001000000020000000300000031
:10f1d8000300000004000000050000000600000015
:10f1e8000700000008000000090000000a000000f5
:10f1f800303400002f4f0000435400002f3200002d
:10f208003032000036000000763400002e30000056
:10f2180035000000000000000100000007000000a9
:10f2280002000000030000000400000006000000c7
:10f238000500000054720000697000003a250000c3
:10f2480031310000730000004c6900006d69000056
:10f25800743a0000253900002e320000665600007e
:10f2680000430000616c000025370000733a00007d
:10f278002535000069000000467200006571000035
:10f288003a250000372e000033660000204d0000ac
:10f29800487a00000046000061630000746f0000b7
:10f2a800720000004f66000066730000657400007d
:10f2b8000053000075700000706c0000793a00007f
:10f2c800202000000000000042650000657000007a
:10f2d800204c0000656e000020300000203d00003a
:10f2e800204f0000666600000042000065650000cf
:10f2f80070200000546f00006e65000020200000a0
:10f30800202000002020000020000000506f000096
:10f3180077650000722000004176000065720000e9
:10f3280061670000696e000067200000004f000060
:10f3380076650000727600006f6c00007461000052
:10f348006765000020200000202000002000000049
:10f358004f76000065720000766f00006c74000044
:10f3680061670000652000005472000069700000a9
:10f37800004c00006f770000205600006f6c000002
:10f388007461000067650000202000002020000054
:10f39800200000004c6f000077200000566f00002e
:10f3a8006c74000061670000652000005472000062
:10f3b8006970000000500000726500002d4c0000cc
:10f3c800696d000069740000205400007269000033
:10f3d8007020000020000000467500006c6c0000e2
:10f3e8002d530000636100006c6500002050000090
:10f3f8006f7700006572000000530000706c000019
:10f40800617300006820000053630000726500000b
:10f41800656e00002020000020000000284f00003a
:10f428006666000029000000426500006570000063
:10f438003a250000396900006d53000000420000c1
:10f4480065650000703a0000253100003173000046
:10f4580000530000616d0000706c000065730000cf
:10f468003a250000367300002532000069000000cc
:10f47800546f00006e6500003a250000313100002d
:10f48800730000004a5500004d4100000052000082
:10f49800532d000039320000380000004d61000093
:10f4a80078200000506f000077650000723a000075
:10f4b8002535000069570000004600006163000020
:10f4c800746f0000723a0000253900006c64000077
:10f4d8000044000069730000706c0000617900004e
:10f4e8003a25000038730000000a00000d530000a0
:10f4f8006572000076690000636500002026000040
:10f5080020430000616c0000696200007261000025
:10f51800746900006f6e0000204d00006f640000e9
:10f52800650000000a0d0000444900005350000027
:10f538004c410000592f0000434f00004e46000088
:10f54800494700003a200000536500006c65000040
:10f55800637400002050000061670000650a000025
:10f568000d4f000050450000523a000020530000a3
:10f578006176000065200000262000004578000024
:10f58800697400000a0d0000000a00000d43000025
:10f59800616c00006962000072610000746900001b
:10f5a8006f6e00002073000065740000746900002d
:10f5b8006e6700007320000073610000766500002c
:10f5c80064200000746f00002045000045500000d2
:10f5d800524f00004d0a00000d0000004f7300005c
:10f5e800636900006c6c0000617400006f720000b9
:10f5f800205400007261000070210000002000000b
:10f60800416400006472000065730000732000000c
:10f6180054720000617000002120000020000000ea
:10f628002020000053740000616300006b2000007c
:10f6380054720000617000002120000020200000aa
:10f6480000200000204d00006174000068200000c8
:10f6580045720000726f0000722100002020000037
:10f6680020000000496e00007465000072720000fe
:10f67800757000007420000045720000726f000071
:10f688007221000000200000556e00006b6e000023
:10f698006f7700006e20000045720000726f000056
:10f6a80072210000200000000a0d000054520000e2
:10f6b800415000003a2000004f73000063690000c9
:10f6c8006c6c0000617400006f720000204500003f
:10f6d800727200006f7200000a0d0000004f0000f7
:10f6e80053430000434f00004e20000030780000d4
:10f6f800255800000a0d0000000a00000d54000003
:10f7080052410000503a00002041000064640000ab
:10f7180072650000737300002045000072720000db
:10f728006f7200000a0d0000005700003020000032
:10f7380030780000255800000a0d0000005700002e
:10f748003120000030780000255800000a0d000024
:10f7580000570000322000003078000025580000d3
:10f768000a0d000000570000332000003078000028
:10f77800255800000a0d0000005700003420000042
:10f7880030780000255800000a0d000000570000de
:10f798003520000030780000255800000a0d0000d0
:10f7a800005700003620000030780000255800007f
:10f7b8000a0d0000005700003720000030780000d4
:10f7c800255800000a0d00000057000038200000ee
:10f7d80030780000255800000a0d0000005700008e
:10f7e8003920000030780000255800000a0d00007c
:10f7f800005700003130000020300000782500005c
:10f80800580a00000d0000005731000031200000a8
:10f8180030780000255800000a0d0000005700004d
:10f82800313200002030000078250000580a00001e
:10f838000d00000057310000332000003078000030
:10f84800255800000a0d0000005700003134000060
:10f858002030000078250000580a00000d00000044
:10f86800573100003520000030780000255800008e
:10f878000a0d0000000a00000d540000524100006b
:10f88800503a00002053000074610000636b0000d0
:10f8980020450000727200006f7200000a0d00001f
:10f8a800000a00000d54000052410000503a0000c8
:10f8b800204d0000617400006820000045720000bf
:10f8c800726f0000720a00000d0000000a0d0000af
:10f8d80054520000415000003a20000053700000cc
:10f8e80075720000696f0000757300002049000000
:10f8f8006e7400006572000072750000707400007c
:10f9080020450000727200006f7200000a0d0000ae
:10f918000000000038380000380c00000106000024
:10f92800253500002e30000066df0000460000008c
:10f93800253500002e30000066df0000430000007f
:10f94800253600002e3100006657000000530000e5
:10f9580057520000253400002e31000066000000d8
:10f96800253600002e3200006656000000250000f3
:10f97800362e0000316600004100000025340000ea
:10f988002e31000066640000426d00000000000097
:10f9980000000000803f000000000000803f0000e1
:10f9a80020bc0000be4c000000000000c84200005f
:10f9b8000024000074490000005000004348000083
:10f9c800cdcc0000cc3d00007f010000bf0000004e
:10f9d8005f0000002f000000170000000b0000006f
:10f9e8000700000003000000090000000a000000f2
:08f9f8000b0000000e000000ee
:020000040000fa
:10de9400809fbe003400f80020002000a00188000c
:10dea4000000fa0050448000e20f50001a003200d3
:10deb400e30f50002d003200e10f50000300320048
:10dec400d222a8008cc0a90038003700b016800008
:10ded4006200600000f0a7000000ea000000e90012
:10dee4004f00de00004078000080fb00610060000d
:10def40000004000b11680000110a1000100700074
:10df0400b0168800600880000000d1006008880016
:10df14008a28ef0025003700b016800062006000f8
:10df240000f0a7000000ea000000e9004f00de0056
:10df3400004078000080fb006100600000004000a9
:10df4400b11680000110a10001007000b016880015
:10df5400b0168000620060000000e0001200320091
:10df6400100020005044880010003700b0168000d4
:10df74006200600000f0a7000000ea000000e90071
:10df84004f00de00004078000080fb00610060006c
:10df940000004000b11680000110a10001007000d3
:10dfa400b0168800010037000000000084c0a900fa
:10dfb4000080fa003400f9004f00be000040060063
:10dfc4003600f800809fbe00829fbe00849fbe0082
:10dfd400869fbe003400f80020002000a0018800c5
:10dfe4000200fa000000eb00000f780084e0a900b2
:10dff40005e1a90000088000a04388000021ef008b
:10e0040005e1a800204480000000e0000d0032007b
:10e01400a04380008000eb0061014000e0814800e3
:10e02400604180007141800002004000838048000c
:10e034006041880071418800204480000000e900ac
:10e0440020448800004480000000e00031003200d9
:10e05400f1bc8700a0438000808f50000c00310089
:10e06400a1438000e0478000808f5000020031000f
:10e07400a0438000e0478800a14380001044800052
:10e08400808f500002003600a043800010448800b6
:10e094001e00780080004000e0792f0000804000de
:10e0a40090007800a0438000808f50000c0039005d
:10e0b4001e00780080004000c0c72000008040009f
:10e0c400100078008000e8001e0078000001400085
:10e0d400c0c7200000004100010878000400370098
:10e0e4001e0fe8001e007800e90f5000e8ff34001e
:10e0f4001e007800ea0f500003003a003c28ef00ad
:10e10400a0002000605a8800004480000000e9005c
:10e1140000448800304480000000e0000800320021
:10e12400304480000000e90030448800304480001e
:10e134000000e00002003a00200020005044880063
:10e14400d04380000000e00003003200d043800090
:10e154000000e900d0438800f04380000000e000a4
:10e1640003003200f04380000000e900f04388001f
:10e17400404580000000e00003003200404580007c
:10e184000000e90040458800c04380000000e00032
:10e1940003003200c04380000000e900c04388004f
:10e1a400b04380000000e00003003200b043800070
:10e1b4000000e900b0438800204080000000e00037
:10e1c40003003200204080000000e9002040880065
:10e1d400e04380000000e00007003200e0438000dc
:10e1e4000000e900e0438800e04380000000e00014
:10e1f40001003a003c28ef00f04180000000e000fc
:10e2040078003a00604480000000400060448800c8
:10e214001116800000002800008060000000e0006b
:10e2240004003a00604480000000a00060448800bc
:10e2340003003700604480000000a10060448800af
:10e244007044800000004000704488001116800073
:10e2540000002400008060000000e00004003a0098
:10e26400704480000000a000704488000300370060
:10e27400704480000000a100704488008044800045
:10e284000000e0000b003a0060448000e10f400011
:10e294000e003a001000200080448800a0282000ce
:10e2a400c0448800e04480000000e800e0448800a6
:10e2b40006003700604480000000e00003003a00dc
:10e2c4009028ef009828ef009428ef0090448000f5
:10e2d4000000e0000b003a0070448000e10f4000b1
:10e2e4000e003a001000200090448800a02820006e
:10e2f400d0448800e04480000000e900e044880045
:10e3040006003700704480000000e00003003a007b
:10e314009228ef009a28ef009628ef00c04480006e
:10e324000000e00008003200c04480000000e90062
:10e33400c0448800c04480000000e00002003a00ad
:10e3440000478000a0448800d04480000000e00022
:10e3540008003200d04480000000e900d044880066
:10e36400d04480000000e00002003a000047800032
:10e37400b0448800a04480000000e0000b0032009c
:10e38400a04480000000e900a0448800a04480006c
:10e394000000e00005003a0000478000a044880027
:10e3a400e04480000000e800e0448800b0448000bd
:10e3b4000000e0000b003200b04480000000e900df
:10e3c400b0448800b04480000000e00005003a003a
:10e3d40000478000b0448800e04480000000e90069
:10e3e400e0448800b5de070047fc07000080fa001f
:10e3f4003400f9004f03be004f02be004f01be00bf
:0ce404004f00be003600f900004006008a
:020000040000fa
:10e41000ce0c00000c00000000000000f00800001e
:10e4200004000000000000000409000012010000c8
:10e430000200000000f10700f10bf10012f11700db
:10e44000f122f1002af13400f13cf10046f14e00d6
:10e45000f158f1005ff16500f16af1006ef17200b0
:10e46000f175f10078f17b00f17ef10082f1890015
:10e47000f18df10090f19800f158f100a0f1a500a4
:10e48000f1acf100b3f1ba00f1c1f100c8f1cf0075
:10e49000f1d6f100ddf1e400f1ebf100a5f1f200bd
:10e4a000f1f9f10000f20700f20ef20015f21c0083
:10e4b000f223f2002af2eb00f131f20042f25300b3
:10e4c000f25df20061f26900f271f2007df28e00fd
:10e4d000f29bf200a7f2b800f2b8f200c4f2cd004d
:10e4e000f271f200d9f2e200f2f2f200fff2100053
:10e4f000f320f3002ff34000f34cf30053f35800e4
:10e50000f35ff3005ff36100f36af30070f37600ea
:10e51000f387f30098f39e00f3a2f300aaf3b2008e
:10e52000f3b5f30089f1bc00f3c3f300fcf700007e
:10e53000f804f80008f80c00f810f80014f81800b7
:10e54000f81cf80020f8fc00f724f80028f8e20096
:10e550003b7c3c00963c4c003bdc3c00f23c3400f5
:10e56000463446003446cc00431a450068465800fd
:10e57000457246001849b60049e04900084a3c0087
:10e580004a5e4a00804aa8004ace4a00124b500018
:10e590004ba24b00c24be2004b084c00284c4e00f3
:10e5a0004c000000160b0000880000000000000076
:10e5b000000800007400000000000000de080000f9
:10e5c0001200000002000000c80064000004000007
:10e5d00001000100006400000100520000ffff0084
:10e5e000c00c00000e0000000200000094fc9c0023
:10e5f000fca4fc00abfcb400fcbbfc00c2fc0000b3
:10e60000900c00001000000000000000f408000062
:10e610000400000000000000240c00003a0000008c
:10e6200002000000dde7e400e7f1e70001e80f0089
:10e63000e81ce80028e83300e83ee80048e852001b
:10e64000e85ce80066e87000e87ae800f458160034
:10e65000593859007659840059a05900ee59fe00e6
:10e6600059125a00265a3a005a6c5a00a85adc002d
:10e670005a0000009e0b0000440000000200000051
:10e680005df96700f967f90067f96800f979f90041
:10e690008af99b00f9acf900bdf9ce00f9dff90069
:10e6a000f0f96700f901fa0067f91200fa46fa007a
:10e6b0004bfa840064c46400f0641800654065008f
:10e6c0007465a40065ec65001266680066906600db
:10e6d000e666840067be67002c680000f80800004a
:10e6e00004000000000000007c0c0000140000008a
:10e6f00000000000740800004a0000000000000054
:10e70000fc0800000200000002000000ffff000003
:10e71000be0800002000000000000000160a0000f3
:10e720000001000000000000fe08000002000000e0
:10e7300000000000000900000200000002000000cc
:10e7400001000000020900000200000000000000bb
:10e75000da0c00000200000000000000e20b0000e4
:10e760004200000002000000e60be8000be80b008e
:10e770000100030000000000000000000000000095
:10e78000000030001e0000000000000000a418007f
:10e79000b00e0000000000000000000000000000bb
:10e7a0000000000000000000000000000000000069
:10e7b0000000000000000000000000000000000059
:10e7c000a00c00001000000002000000494e4600ae
:10e7d00000696e0066004e00414e00006e616e00e2
:10e7e000000000005e0c00001e000000020000009f
:10e7f000286e69006c29000025006800076c09007c
:10e800004c836a009074a0007ac000008068880081
:10e8100000846c0082008100b00c00001000000039
:10e8200002000000494e460000696e0066004e007e
:10e83000414e00006e616e0000000000dc0c000024
:10e8400002000000020000000100000000000000c3
:020000040000fa
:10e850003600f800809fbe00829fbe00849fbe00ed
:10e86000869fbe003400f80020002000a001880030
:10e870000200fa00befc070030032000a010880050
:10e880000000eb00000f78000200370000000000dd
:10e890001e0fe800f0cf27009e007800808f500008
:10e8a000faff340080b52f00801f78007bcc070072
:10e8b0008f87e900103a8000801f780030b72f0062
:10e8c000801f780075cc0700e48757000000eb003c
:10e8d000adfc0700ffff37003600f800809fbe0048
:10e8e000829fbe00849fbe00869fbe003400f80059
:10e8f00020002000a00188000000fa00f0458800f8
:10e900000146880012468800234688003446880065
:10e910004546880056468800674688007846880045
:10e92000894688009a468800ab468800bc46880025
:10e93000cd468800de468800ef4688008cfc070044
:10e9400010b82f00801f780054cc07008f87e90093
:10e95000f0458000801f780090b92f00801f78005c
:10e960004ecc0700e487570000468000801f7800e7
:10e9700030ba2f00801f780048cc0700e48757008a
:10e9800010468000801f7800d0ba2f00801f7800ca
:10e9900042cc0700e487570020468000801f7800a3
:10e9a00070bb2f00801f78003ccc0700e487570025
:10e9b00030468000801f780010bc2f00801f780038
:10e9c00036cc0700e487570040468000801f78005f
:10e9d000b0bc2f00801f780030cc0700e4875700c0
:10e9e00050468000801f780050bd2f00801f7800a7
:10e9f0002acc0700e487570060468000801f78001b
:10ea0000f0bd2f00801f780024cc0700e48757005a
:10ea100070468000801f780090be2f00801f780015
:10ea20001ecc0700e487570080468000801f7800d6
:10ea300030bf2f00801f780018cc0700e4875700f4
:10ea400090468000801f7800d0bf2f00801f780084
:10ea500012cc0700e4875700a0468000801f780092
:10ea600080c02f00801f78000ccc0700e48757007f
:10ea7000b0468000801f780030c12f00801f7800d2
:10ea800006cc0700e4875700c0468000801f78004e
:10ea9000e0c12f00801f780000cc0700e4875700fa
:10eaa000d0468000801f780090c22f00801f780021
:10eab000facb0700e4875700e0468000801f78000b
:10eac00040c32f00801f7800f4cb0700e487570075
:10ead000100020002cfc0700ffff37003600f80074
:10eae000809fbe00829fbe00849fbe00869fbe00a6
:10eaf0003400f80020002000a00188000000fa0087
:10eb0000ef4688000f90200019fc0700f0c32f008b
:10eb1000801f7800e1cb07008f87e900e046800086
:10eb2000801f780040c32f00801f7800dbcb0700d8
:10eb3000e48757002000200013fc0700ffff370088
:10eb40003600f800809fbe00829fbe00849fbe00fa
:10eb5000869fbe003400f80020002000a00188003d
:10eb60000000fa0002fc070050c52f00801f78004b
:10eb7000cacb07008f87e9003000200002fc0700a5
:10eb8000ffff37003600f800809fbe00829fbe0066
:10eb9000849fbe00869fbe003400f8002000200045
:10eba000a00188000000fa00f1fb070090a0a90076
:10ebb0009120a900a0c62f00801f7800b7cb0700c6
:10ebc0008f87e90040002000effb0700ffff3700c0
:020000040000fa
:10ebd0008a1f78008b1f78000000060091018800d2
:10ebe000800478000000eb001a003700e284440043
:10ebf00032a0b4009905ba00e284440032a0b40007
:10ec00009906ba00e284440032a0b4000006eb008a
:10ec1000476fde00fd07b200636ce10003003a00bd
:10ec2000ebff07000000eb000a003700606ce1001a
:10ec300004003a00005deb008b05e900fdff3e009b
:10ec4000040037006168e100010032000086eb003b
:10ec50000b00070019c7ba001905ba000e04e0003e
:10ec600003003a000a00e000e0ff3a00000006005e
:10ec7000fe07b2009e0188008a047800f5ff370085
:10ec8000395dba008b05e9000c003200295dba003d
:10ec90008b05e900080032000c00e00003003a0098
:10eca000e284440032a0b400f5ff370019ddba0059
:10ecb0008b05e900faff3a008904e800e18444008a
:08ecc00032a0b40000000600c0
:020000040000fa
:10ecc8002fed20000e7922000e01880000000000c0
:10ecd800000020000000e0000200320000012000d7
:10ece800200288001400070018c607000000e00092
:10ecf80003003a00802027000100200002003700ae
:10ed08000000200001002000810f70000100320087
:10ed1800b0ff0700000020000000e0000200320001
:10ed280000000200000000009e4d020000000000ec
:10ed38000040da000000fe004440a900c07621002f
:10ed48000000e0000300320020002000a00188003d
:08ed58004440a8000000060081
:020000040000fa
:10ed6000809fbe00829fbe003400f800200020007b
:10ed7000a00188000200fa008520a9000e003700db
:10ed800090108000004f780000c9bf008040e8006c
:10ed9000fec8bf0080cf50000700320000c9bf008e
:10eda0008080fb0062a120009e41780003f1780082
:10edb0000040e80000e9b7007010800061006000ca
:10edc0000000e000eeff3a0070108000620060007a
:10edd0000000e000010032000e22a9000080fa00cd
:10ede0003400f9004f01be004f00be000040060095
:00000001FF
