:020000040000fa
:080000004a7504000000000035
:020000040000fa
:100200004a75040000000000245a040000000000a9
:10021000906d040000000000ea3d040000000000b2
:100220009639040000000000e056040000000000c1
:100230007e36040000000000823a04000000000046
:10024000ae3b040000000000483c04000000000039
:10025000623c040000000000183b040000000000a5
:10026000a83c040000000000be3c040000000000a8
:10027000504504000000000090430400000000000e
:100280004244040000000000844504000000000017
:1002900080440400000000008e45040000000000bf
:1002a0003448040000000000d248040000000000b0
:1002b000fc48040000000000244904000000000085
:1002c00058490400000000007a49040000000000c2
:1002d0009c49040000000000c44904000000000024
:1002e000ea490400000000002e4a0400000000005b
:1002f0006c4a040000000000be4a04000000000038
:10030000de4a040000000000fe4a04000000000075
:10031000244b040000000000444b040000000000d7
:100320006a4b0400000000002a580400000000008e
:100330004c580400000000006e580400000000004b
:10034000ac58040000000000ba580400000000008f
:10035000d6580400000000002459040000000000ea
:100360003459040000000000485904000000000057
:100370005c590400000000007059040000000000f7
:10038000a259040000000000de5904000000000033
:10039000125a040000000000ba63040000000000cc
:1003a000fa6304000000000026640400000000005e
:1003b0004e640400000000007664040000000000a9
:1003c000aa64040000000000da64040000000000d9
:1003d00022650400000000004865040000000000e1
:1003e0009e65040000000000c665040000000000d7
:1003f0001c66040000000000ba6604000000000053
:10040000f4660400000000006267040000000000c1
:10041000301e040000000000a418040000000000ca
:10042000b00e0400000000000a00fa0011002000d5
:10043000b1bf9f00c0bf9f006a805700e211070054
:100440004fb897000080fa00000006000a00fa008a
:10045000e20f500034003e00a0668000e10f500023
:1004600003003200e20f500011003a000c00370088
:10047000c32020000300e00001003a000040da0041
:100480000c02e200020035001422ef000de2a80089
:100490000f42ab000d003a000f42a8000b003700de
:1004a000632120000300e00001003a000040da0070
:1004b0001602e200020035001e22ef0017e2a8003b
:1004c0001942ab0001003a001942a80082017800ed
:1004d0000b0037003102fb00e10f500004003a002e
:1004e0000f22ab00feff3a008410880003003700a3
:1004f0001922ab00feff3a00d41088008301e90006
:100500000300e000f3ff3a00e10f500003003a005f
:100510000f02ab00feff32000b0037001902ab00e8
:10052000feff32000800370033002000b3bf9f00f9
:10053000c0bf9f00d1bf9f00e2bf9f006a805700ed
:10054000a31107006fb99700020078000080fa003d
:100550000000060000000500839f68000100e00025
:1005600002003d0060001000e08018000300e00081
:1005700002003d0060011100e08119004200070007
:100580004f00e00002003b0060001000e080180017
:1005900000000600f4ff2f00a00337000001be009a
:1005a000240007000470a70003f0a1006509b10052
:1005b000160032000d0035006828e1000600350005
:1005c000f0ff2f00f1ff27000300e00013003b00c5
:1005d0000100280000000500000040008180480064
:1005e0008502e900fcff3a0008003700f88f42005e
:1005f00002003c008000eb00000005008100d100fb
:100600000080d3008502e800fcff3a000300e00010
:1006100002003b0060001000e080180000000600af
:100620004f89de0082017800970337006011b8001f
:10063000a5033700c70ade00f107b200f50fb200cc
:1006400008003200e1cf4200020032000170a00039
:1006500024000500810f700001003200040805002d
:1006600044000500810f700002003a0014000500ec
:100670008502e9000000400081c04800fcff3b000b
:100680000170a000240005006022b80006022000ce
:100690000000d0008180d2000482d2008582d20086
:1006a0000000a0000202520083825a0003003100c1
:1006b0000202420083824a000000a1000603e90012
:1006c000f3ff3a000000060007f8270007836100e7
:1006d0000638e10004003a00f70720008783610034
:1006e0008703710001003a0003f0a200889fbe005a
:1006f0008a9fbe008c9fbe00470ade000480a100d6
:10070000c71ade000580a1000700280007856000e9
:1007100087856100f70f20000720e1009e0032006e
:100720000728e1009c003200010678000400e00088
:10073000b4003200f7072000878060000170a0003d
:100740000500e000c0003200f7072000878161004b
:100750000370a000050652000f003a000b50e100a4
:100760000b0032000308e10002003a000200e10041
:100770007e003200020450008384580004003100df
:100780000001fd008101fd008402fd008a05fd00dd
:100790006044b800210037000520e10005003d005d
:1007a0000001fd008101fd008402fd008a05fd00bd
:1007b000050652007a60e100050035000170a100d5
:1007c0004722dd00848070008a807000630037005b
:1007d0006044b800ef02660007ff2f0007066600be
:1007e0000500e00006003400f08312008714dd00ed
:1007f0000511de00071bdd00060171008519de0012
:100800007060e1000500350009047800820478007a
:10081000030178008001eb00700656000b50e100e8
:1008200003003a00020040008380480004003700c3
:1008300060041400e0841c0002005800838058000b
:100840000188a300060032008100d1000080d3009f
:100850008984d3000884d3000402e800270037000d
:100860000178a30025003a000100e00003003200f7
:100870008186cf00698656000a0037008c00200070
:100880000000e00004003a000900780088047800c5
:100890000004eb00700252008086cf000d06460077
:1008a0000c06e9007060e100060035008000780069
:1008b00009007800880478000004eb0070065600f8
:1008c000700252000c00e0000c0034008c08dd00c7
:1008d000f00316000703de00868070000c00dd00c8
:1008e000074bde00060070008c4cdd000743de0085
:1008f000868474000c44dd000c0252006120e1008b
:100900002000350061016000070028008781640035
:10091000f7ff270087836400070374000300e000eb
:100920000600320082037300040032000000e80079
:10093000e08048000188a3000e003a00f70f200075
:100940000720e1004a003d000170a1004722dd00c0
:10095000810072008a8070000000be004f06be0059
:100960004f05be004f04be00000006006000b80046
:10097000faff37008100d1000080d3000402e800b4
:10098000eeff37000401780089017400a10107001f
:100990008a807000f1ff3700f70107000702780036
:1009a0000001fd008101fd00f301070087027800ce
:1009b000850372000778a300040032000001fd00e7
:1009c0008101fd0006020700e4ff37008503620095
:1009d0000768a300080032000b50e100030032005a
:1009e000f0ff2f00f1ff2700dcff37000001fd00c2
:1009f0008101fd00d9ff37000468a300d7ff320052
:100a0000faff3700f8ff2700888360000b003a00e8
:100a10000000e00009003a00830364008283730051
:100a2000020032000200be00ccff37000b50e10094
:100a3000ceff3a000200be00c8ff370014002000bd
:100a4000810064003eff3700f8ff270088836100c3
:100a500004003a000200e00002003a008c00780036
:100a6000beff3700150020008301640039ff370006
:100a700001f827000000200081007500b7ff370053
:100a8000889fbe008a9fbe008c9fbe001b00200076
:100a90000202be0005866800060028000606660001
:100aa0004709de00f20fb200820032000243e80084
:100ab00080003200c729de00f30fb2007d00320053
:100ac0000343e8007b003200f107b2000170a00090
:100ad000f507b2000570a000c708dd004903de007d
:100ae000868070004700dd00c72add004923de0054
:100af000868272004722dd00030551000403500086
:100b000085835800030031000000400081804800c8
:100b10000a05e9008c1f78008a9fbe00040050007f
:100b2000858058000402420085824a00000040008f
:100b3000818048000005eb000004be006033b8006f
:100b40000406be000d48e100560031001100090006
:100b50004dccd8000c01b8000d02b80084814100d2
:100b600060824a008283530003045c0084845c003a
:100b700060055d000a00e00025003a00800578006d
:100b80000d40e1004900310088007800070078003e
:100b9000110009004d88d8000c01b8000d02b80002
:100ba0008481410060824a006003110083835b00fe
:100bb00004045c00e0845c000900e00021003a00cd
:100bc0004f01be000300e0002b003200e301600093
:100bd000070673008c817100010032006400700010
:100be0004200de004e5edd000c007000c258de00e8
:100bf00001e0a00083010700cf017800818071002f
:100c00004f06be004f05be004f04be0000000600a8
:100c10008c8343000d044c00e0844c0060054d00c3
:100c20000000e9000a00e000d4ff32008c8343009a
:100c30000d044c00e0844c0060054d000000e9000c
:100c4000ceff37000c0343008d834b0060044c0043
:100c5000e0844c000000e9000900e000d8ff320009
:100c60000c0343008d834b0060044c00e0844c0077
:100c70000000e900d2ff37004200de004e5edd00da
:100c80000c007000c258de0001e0a000cf01780027
:100c90000300e000daff320060001000e08018007e
:100ca000d7ff3700f0ff2f00aaff3700f0ff2f001b
:100cb000b9ff37000404be002f0107008706780043
:100cc0000004fd008104fd002b010700078366007e
:100cd0000678a300030032000960a7000800be00e8
:100ce0002c0037000d78a300020032000800be007f
:100cf000280037000778a30026003a0001f0a10081
:100d000009f0a1000668a30003003200f1ff2700ec
:100d1000f0ff2f00baff37000d68a3000300320078
:100d20000800be008c807000b5ff37000768a30084
:100d300007003a000648a30003003200f1ff270035
:100d4000f0ff2f00aeff37000d48a3000300320074
:100d50006000b8008c807000a9ff37000748a3002e
:100d60000400320001f82700000020008c80700091
:100d7000a3ff3700760107000004fd008104fd0099
:100d800002057800720107000802be008a0178009f
:100d900059ff37000160a00012022000d2478800ee
:100da00097ff37000100e000120032000500e0006c
:100db00010003200889fbe008a9fbe008c9fbe003c
:100dc0000006eb0001f8a3000300320060001000f1
:100dd000e08018000cf0a00005f8a300030032002a
:100de00060021200e0821a000cf0a2008005eb0005
:100df00041ff37006000b80002000500038368006f
:100e00000700280007036300470ade000480a100f2
:100e1000c71ade000580a100f70f20000720e100bf
:100e2000420032000728e10040003200889fbe00e7
:100e30008a9fbe008c1f7800f107b200f307b20052
:100e40000400e000640032000170a0000500e00032
:100e5000680032000370a00085054200eb07b10076
:100e60000204b8000302b8008484440060854a008c
:100e7000020ab800848444000a854a00030ab800c4
:100e800004054500040033000804d0008984d20022
:100e90000a85d2008b05e9006158e1003d0035006c
:100ea000021020000901610003082000898161000f
:100eb000f70720008783640008867300c84cde00b3
:100ec000c853dd00878474004855de000300e0004d
:100ed0000600320082037600040032008904e80034
:100ee00060054d000a88a3000c003a00f70f2000af
:100ef0000758e10044003d000a70a100c75ddd0015
:100f00000a8575008a007300090078004f06780092
:100f10004f05be004f04be00000006000a05d100c8
:100f20008984d3008b05e800f0ff3700881f780024
:100f30000604780090000700070278000001fd0019
:100f40008101fd008c000700870278008503720094
:100f50000778a300050032000001fd008101fd00bb
:100f60009f0007004f047800000006008503720010
:100f70000748a30003003200f0ff2f00f1ff270015
:100f8000f8ff37000000200001f82700888070007b
:100f9000f4ff3700880178004848dd008081710047
:100fa0004848de00c850dd0001007000c850de0077
:100fb000060478000b017800160007008880700096
:100fc000d2ff37000500e0000500320017002000c6
:100fd0003a0007009dff370081037000f9ff3a00d7
:100fe000860078004f0678004f05be004f04be0013
:100ff0000000050083037100f9ff32002700200084
:101000002e00070094ff370001f82700868070004b
:10101000f4ff37000100e0002600320061011100fa
:101020007810e10023003c006022b8007010e1005d
:101030000400350080027800010078008000eb0099
:10104000700151000200e00009003400700311003b
:10105000062add00822ade008603dd008782720018
:101060000200de00860bdd00070070008208de0053
:1010700084817100f4ff2700048262008481710082
:1010800004002800848262006102600005f0a6006e
:101090000000060004827100070032000000e80032
:1010a000e0804800000006000002be006000b800ba
:1010b000efff37006000b80000000600889fbe0008
:1010c0000004eb006138e10016003a000100e00086
:1010d00008003a00c800de004800dd00880020005b
:1010e0000100e00003003a00c800de004800dd0017
:1010f000680444008184cf00e98454000600340071
:101100008908dd00f08314008703de00878070000b
:101110000900dd0009044400610214004f04be0010
:10112000000006000300e00008003a00c811de00dd
:101130004811dd00880020000300e00003003a00b1
:10114000c811de004811dd00680444008384cf002c
:10115000e9845400060034008919dd00f08314008e
:101160008713de00878171000911dd000904440046
:10117000e1021400e9ff37002700200001f0a7007a
:1011800017002000470bde00f60fb200040032000b
:101190000643e8000a0032004702b30000000600e0
:1011a00001037800f607b2000603700002003a005f
:1011b0000703b300000006008702b300000006002a
:1011c00001037800f607b200060370000200320047
:1011d0000770a000000006000760a00000000600e5
:1011e0000478a300040032000578a3000300320055
:1011f0000168a30001003a000200be000160a000e7
:101200000000060081017000270032008002eb0020
:1012100001f8a3000300320060001000e080180015
:1012200015002000f40720000202420020003400d4
:10123000f70320008703600006042000000363001a
:1012400002082000000161004700de00c909dd003e
:1012500000807100c708de000600e00008003200d0
:1012600087037100060032001000b0000180b0005a
:101270000188a30002003200c108de000402e80079
:10128000f107b200f30f20000320e10003003d004e
:101290004722dd00810072002900370001f8270095
:1012a0000000eb00260037006000b80000000600d8
:1012b000680212007f20e100020034006000b800e4
:1012c0001f0037006011b8007020e10004003500f5
:1012d00080017800010078008000eb00700252006d
:1012e0000400e00009003400f00312000719dd00db
:1012f0008419de000703dd00868171000400de0032
:10130000070bdd00060070008408de00f7ff2700f1
:1013100083836300870371000600280003036300d2
:10132000070032000700e00003003a00610160009e
:1013300002817300020032001000b0000180b00092
:101340000500a6000000060001f0a0000000060055
:101350004f0ade004709de00f107b200f20fb200cb
:101360000b003200f207b1000170a000c708dd00d9
:10137000c901de00838070004700dd000400a60084
:101380000000060060001000e08018000000060069
:10139000810f700001003a00000006008182cf003a
:1013a0000500e00010003e008082cf00ee82420087
:1013b0007028e1000400390007003e00800078003a
:1013c0000000eb000e003700708312008600de0084
:1013d0000500dd000a003700708352008600dd0042
:1013e0000000eb0006003700e28252008508dd00b5
:1013f000708312000603de00868070000500dd00a9
:101400007507b0000501ea000400a6000000060010
:1014100060001000e080180000000600889fbe00f9
:101420008a9fbe00841f78007c0007004f00780070
:1014300011003300f0ff2f00838f6c0006003b008b
:10144000040565000a00a7000800370009f0a6009f
:101450001000200008003700820f5400838f5c00ca
:10146000030039001000200001003e0000002000b1
:1014700009f0a7000000ea004f05be004f04be00bf
:101480000000e00000000600881f780003047800d8
:101490000300e00007003d0060001000e08018003d
:1014a00060011900e081190002003b0001f02d00ed
:1014b000030037000400070008f0a70001f0a000b7
:1014c0004f04780000000600889fbe008a9fbe007f
:1014d0000082700004027100048271002600320054
:1014e0000004be000200be006011b8006b092000bd
:1014f000950220000182cf000a0039000541b100a9
:101500000082cf00070039000541b1000982cf00f9
:10151000040039000541b1000882cf000100390004
:101520000541b10005425200120032000a003b00a2
:1015300082817100610164008100d1000080d300cc
:101540008984d3000884d3008b05e8000442e800b6
:10155000f7ff3a00070037000804440089844c0074
:1015600000004800818048008b05e9000442e90042
:10157000f9ff3a00030007004f05be004f04be000c
:101580000000060081002000618055000b003d0036
:101590000b00200061fe2f000100e1001d0034005f
:1015a00082817100610164008904d1000884d30044
:1015b0000000e800faff3a007100200061006400ba
:1015c0000300700002006000090032006104440062
:1015d000e0844c000988a500050032008b05e80076
:1015e0006808e10002003a008904d1000884d300b1
:1015f000f20f20000258e10005003d00c75ddd004c
:10160000f907b20089807500080078000000060024
:101610000bf827008b007800000005000004be00d6
:1016200004fc07000003be000405be000200be006b
:1016300000fc0700844f7500000006000400fa005b
:10164000889fbe008a9fbe000004be004709de00de
:1016500003002000f20fb200f207b100f60f5100b4
:1016600030003c000200e0001c003500faff2f00b3
:10167000fb0720000201e900030033008b85d10045
:101680000a85d300fbff37008b8164000a016000ec
:10169000e00f5100e08f59002200320002002000cc
:1016a00003b8270011fc0700a0bf9f00b1bf9f0037
:1016b000e00f5400e08f5c0002003d000a0444008b
:1016c0008b844c000a85ea008b85ea008b806400dd
:1016d0000a0064000004be00110037000200200070
:1016e00003b8270001fc0700a0bf9f00b1bf9f0007
:1016f000e00f5400e08f5c00020035006044b80049
:10170000070037000800440089804c00e00f5000bb
:10171000e08f5800020032000800200009f82b007a
:101720000800be004f05be004f04be000080fa0056
:1017300000000600f6874700889fbe008a9fbe0013
:101740008c9fbe008e1f78000001be0006002000a6
:1017500007f82f000003430081834b00f4ff2f00a4
:10176000f5f72700840f5300858f5b001b003600c0
:101770000002400081824800e00f5200e08f5a00d2
:1017800006003a000001be009cfd07000001be00fb
:101790000000200001f82b0008003700e00f500087
:1017a000e08f580007003d0012022000926688007a
:1017b0000001be00c4fb07006011b800b0fc0700c8
:1017c000a10037000200200003c024008bfd0700a9
:1017d0000001be007efe2f000a003700840f50007b
:1017e000858f580098003e006000b800040020007b
:1017f00005f82300840f5100858f590092003200b4
:101800000007eb00d0b02f00a1042000020240002e
:101810008382480094b79f00a5b79f00fe07b100e0
:10182000afb09700f107b20004007800324f2000fb
:1018300053f3230000004100818049000200200092
:1018400003f82300a0fb07000004be0002002000f4
:1018500003002400a5fb07000001be000800be0035
:1018600087fc07000002be000001be00f4b79f0025
:1018700085bf9f0061fd07000006be000001be009d
:101880005efd07000005be000200200003f02300fb
:101890000800be0059fd07000801be0057fd070003
:1018a0000001be00f0af9f0081b79f000800be009e
:1018b00085fb070081017800c3b79f0002002f005d
:1018c00000016100b2b79f003fb19700cfb1970010
:1018d0000800be007cfb07007fa997008fb197002e
:1018e00079fb07000003be00e29e2e0013e92300ef
:1018f0000a00be00d6b79f00e7b79f003ffd070074
:10190000a2aa2a00a3f2230078fb07000001be0070
:101910000c00be0039fd07000004be0062e2290091
:1019200083e723000a00be0034fd070032e12c00eb
:10193000c3ec23006dfb07000001be000a00be00df
:101940002efd07000001be000800be0067fb070077
:101950000001be007fa897008fb0970063fb0700cf
:101960000001be007fb297008fba97000400be004e
:1019700022fd07000001be005fb39700efb39700a0
:101980000600be0059fb07000005be001fb297000d
:10199000afb297004728de0001002000000047009a
:1019a000cf80de001efb07000004be00b27d2200d7
:1019b0004355230011fd07000006be003fb197000c
:1019c000cfb197000a00be0048fb070092ad2e0081
:1019d00043802b0009fd07000001be000c00be0083
:1019e00042fb07000006be0002002600e3ed2300d4
:1019f0000a00be0001fd07000001be000c00be0091
:101a00003afb07000005be0002002600e3ed2300bc
:101a10003fb09700cfb09700f8fc07000001be0070
:101a20000a00be0031fb07000005be0002082200cc
:101a3000a3e923000800be00f0fc07000001be007f
:101a40000a00be0029fb07004f0778004f06be00c2
:101a50004f05be004f04be006f01b100000006003c
:101a60000000fa0068815700cfb89700d05e800070
:101a7000100078008f0507000080fa0000000600c3
:101a8000d70007000b0407003f040700bb04070052
:101a9000e304070029060700d40537000000fa0018
:101aa00068815700cfb89700d05e800010007800a2
:101ab000800507000080fa0000000600c80007004b
:101ac000fc030700ad040700d50407002e0407003f
:101ad0001a060700c50537000000fa0068815700a4
:101ae000cfb89700810507000080fa0000000600cb
:101af000bb00070014010700ee03070022040700e3
:101b00009e040700c6040700990507000b0607009e
:101b1000b60537000000fa0068815700cfb897007b
:101b2000720507000080fa0000000600ac00070004
:101b3000e003070091040700b9040700120407003e
:101b4000fe050700a905370080007800100020007e
:101b500002022000828f500004003200e980500011
:101b6000e48f5000010036000000eb00000006008a
:101b7000889fbe008a1f7800000578000a0478005c
:101b8000984478000805e8000900fb00eeff070014
:101b90000000e000f9ff3a00b0c2b30080cf54006b
:101ba00005003200d0c2b3008000eb0080cf5400ab
:101bb00005003a00020037008000eb00010037000a
:101bc000110020000804e8000000eb0003003700cb
:101bd0006a02b900020052000003b0003801fb00a5
:101be00003fd2f0082814100e98f5100f8ff36008c
:101bf0000100e00001003a000000ea004f05780013
:101c00004f04be0000000600800078001000200095
:101c100002022000828f500004003200e980500050
:101c2000e48f5000010036000000eb0000000600c9
:101c3000889fbe008a9fbe00000578008a04780055
:101c4000194478000905e8000800fb00eeff0700d2
:101c50000000e000f9ff3a00b0c2b300804f54002a
:101c600004003200d0c2b300804f540006003a0096
:101c7000020037000004eb000100370018002000cc
:101c80008904e800010037000004eb006000b800a0
:101c900006003700a200200003002000230c0700ec
:101ca000cfd5de000a0050008b8058003905fb00bc
:101cb0000a03b100e90f5500f6ff36000800e00006
:101cc00002003a0060001000e08018004f05be00de
:101cd0004f04be00000006008000780002fd2f00c7
:101ce0000101410010002000e90f510005003600fd
:101cf0000150a0001106b100e58f50000100360030
:101d00000000eb0000000600f3ff370080017800c0
:101d100002003700b15978000201e9000200e0003a
:101d2000fcff3a00000006000000fa00688157003e
:101d3000cfb89700d05e8000100078001600070032
:101d40000080fa00000006000000fa0068815700d9
:101d5000cfb897001e0007000080fa0000000600c0
:101d60000000060000be200000000600fdff070086
:101d7000f05e8800e05e880000000600f1f92f00a8
:101d800080804000f98f500001003e00f005b20055
:101d900000000600f9ff37000200fa00881f7800f3
:101da00000047800e2bf9f006481570008007800bb
:101db0006c070700980090000148a3000100320062
:101dc0000080eb004f0478000080fa00000006005d
:101dd0008201780001017800f1ff270066083700d2
:101de000ec874700889fbe008a9fbe008c9fbe0084
:101df0008e1f780000067800010478001807900014
:101e00002805900098067800cdb79f00b80590008f
:101e10003202be002203be000400be000601be0066
:101e20004f18de006011b8008000eb00d0b79f00b3
:101e3000e1b79f00f2b79f0083bf9f008004780046
:101e40000900e000060032006000b8006011b80030
:101e50000402500085825800060359008783590008
:101e60000e00e000020035000d10a100cdb79f006c
:101e70000900e00005003a004fb097000028a300d9
:101e800002003a000038a300020032008a00e90094
:101e9000010037008a007800f8815700a200200076
:101ea00008007800620307000900e00003003a0020
:101eb000cfb097000128a300080032000000e9001d
:101ec00000814500b1c2b3000900e000010032000a
:101ed000d1c2b30001497800050037000138a300e2
:101ee000030032000000e90001c2b30081757800f0
:101ef000480190000201e900000151008080450086
:101f00004fb297008a0178000c0078005605070050
:101f10009c0090000188a30004003200980090000b
:101f2000810f500001003d00010078004f0778004c
:101f30004f06be004f05be004f04be00cf00b100eb
:101f400000000600000006004200fa00889fbe0064
:101f50008a9fbe008c9fbe0020079800110f98003a
:101f6000034f980011007800400f980091009000f6
:101f7000610f98009e099000a3019000330f980014
:101f80001e0a900044029000140798009e0a9000d8
:101f9000b5029000052798003204be002205be005d
:101fa0006022b8006033b8000800be000a01be001d
:101fb000090b07000000e00003003d000bf0a20049
:101fc000d0c2b300040037004e0b90000628a300d7
:101fd00009003200b0c2b3008e239000804b78001d
:101fe0003e0890000000e900700f980011002000ea
:101ff000510f9800100037004e0990000238a300de
:102000000900320000c2b3008e21900080497800a0
:102010003e0a90000402e900740f980015002000a9
:10202000550f9800040037003e0b9000760f980083
:102030008003eb00570f98000800be000a01be00a5
:10204000c0ff0700f4ff2f00f5ff2f00f6ff2f0061
:10205000f7ff27000402600085826000060361002c
:10206000878361006000b8000200200003ff2700a2
:102070000020e10001a8e10002b0e10003b8e100a6
:1020800011003a000e4890008000fb001104b100de
:102090000e219000de09900003004100f98f5000ee
:1020a00002003e0081c9200001003700c1c92000a4
:1020b00081070700c0c92000860707005e0a90005c
:1020c00004014000150037000020e10001a8e100f4
:1020d00002b0e10003b8e100130036008e4a900020
:1020e0008500fb001104b1000e239000de0b900070
:1020f00007004300f98f500002003e0001ca200093
:102100000100370041ca20006b07070040ca2000c9
:1021100070070700de089000010140004e0a9000a1
:10212000be099000500237006022b8006033b8004a
:102130000800be000a01be00a70a07000000e00078
:102140006a0032006022b8000600200007ff23006a
:10215000441798005517980066179800771798004d
:102160008006eb000800be000a01be00001f9800b8
:10217000111f9800221f9800331f98000e26900010
:10218000070037008d06e8000802be000a03be0003
:10219000441798005517980066179800771798000d
:1021a0006022b80006002000470224004e10900074
:1021b000de1090006e119000fe119000e10b070000
:1021c0000004be000205be000002be000203be0005
:1021d0000e1890009e1890002e199000be199000c5
:1021e0007d0a07000000e000e6ff3d000c27980094
:1021f0000006eb004e149000de1490006e15900067
:10220000fe1590002500370040ed2f00808f56000e
:1022100019003d000c00e00016003a006022b800f2
:1022200006002000073524000e1890009e1890002c
:102230002e199000be199000c20b07000002be00cc
:102240000203be00041f9800151f9800261f980067
:10225000371f98006022b8000600200007352400d0
:102260000800be000a01be00b60b07000004be0055
:102270000205be001c0020006022b80006002000fd
:10228000470224000800be000a01be00fe0a070043
:102290000004be000205be008d06e9000802be0073
:1022a0000a03be000e1890009e1890002e19900090
:1022b000be199000480a07000000e000d2ff350078
:1022c0000800be000a01be00401798005117980090
:1022d00062179800731798000e1c90009e1c9000c7
:1022e0002e1d9000be1d9000080037006022b8002f
:1022f0000600200007ff2300441798005517980098
:1023000066179800771798008006eb008e4a9000b9
:102310000500fb0011070700104f98006e0b90009e
:10232000600020000600e000010035006e0890000b
:1023300071c6b3009e4b900081cf53000a003a0053
:10234000ee0890000100e000cf013200cf0137001d
:102350008d0f5000d3013c00001f980052c6b300ff
:10236000425f98001e0037009e499000435f98002e
:102370000200370064c6b300445f98000000e80024
:10238000001f980060c6b300ce5a900080cf520064
:1023900013003a000d00e00008003d006000b800a6
:1023a0000200200003ff23004017980051179800f7
:1023b00062179800731798008006eb0061c6b3009f
:1023c000415f980070c6b3001e499000804f5100d5
:1023d000030032008e1990008d814100031f980088
:1023e0004e129000de1290006e139000fe139000cb
:1023f000441f9800551f9800661f9800771f98008b
:102400000800be000a01be000017980011179800ce
:1024100022179800331798000006eb000802be0050
:102420000a03be00540798006507980076079800d5
:10243000070f9800310037004e1a9000de1a900006
:102440006e1b9000fe1b90000e1090009e109000de
:102450002e119000be1190008b0a0700e50d0700b9
:102460000004be000205be00040a070080027800d6
:10247000250f98004e1a9000de1a90006e1b9000f7
:10248000fe1b90000800be000a01be002d0b0700d5
:102490000e1290009e1290002e139000be1390001a
:1024a000280a07000002be000203be0007f0a200d7
:1024b00004179800151798002617980037179800ea
:1024c0006022b80006002000470224004e18900049
:1024d000de1890006e199000fe1990006a0a07003d
:1024e0000002be000203be00441f9800551f980062
:1024f000661f9800771f98000c06e8008e1a90005f
:10250000850f5600ccff35005e049000ee0490006d
:102510007e0590008e0d90006022b800060020001d
:10252000470124004e189000de1890006e199000ac
:10253000fe199000030b07000002be000203be005c
:10254000441f9800551f9800661f9800771f980039
:102550000e1090009e1090002e119000be11900061
:102560009d0907000000e0000f0035004e1a9000a2
:10257000de1a90006e1b9000fe1b90000e10900063
:102580009e1090002e119000be119000920907003d
:102590000000e00011003a00ae0a90000508a30018
:1025a000080032000d0037006000b8006011b8006c
:1025b000401f9800511f9800621f9800731f9800d9
:1025c000060037006022b8006033b800441f98004e
:1025d000551f9800661f9800771f98004e1a9000ac
:1025e000de1a90006e1b9000fe1b90000800be00db
:1025f0000a01be00d90907000002be000203be00a6
:102600000417980015179800261798003717980098
:102610006022b80006002000470224004e109000ff
:10262000de1090006e119000fe119000c50a0700a8
:102630000004be000205be000002be000203be0090
:102640000e1090009e1090002e119000be11900070
:10265000660907000000e000090035008d06e8006b
:1026600060c6b300ce5a900080cf520008003a00f6
:102670000e1b90000603e800061f980011003700ab
:102680004e149000de1490006e159000fe15900020
:1026900050c6b3004e599000804f510009003a00d7
:1026a0000802be000a03be00441f9800551f980090
:1026b000661f9800771f98008002eb00451798006e
:1026c000070037000800be000a01be00401f980046
:1026d000511f9800621f9800731f98004d179800b3
:1026e0005e0e90000001eb00220f98003207980068
:1026f000520798000d0f78006a0037004e1a9000bc
:10270000de1a90006e1b9000fe1b90000e109000d1
:102710009e1090002e119000be119000da09070063
:10272000340d07000004be000205be005309070077
:10273000e90f50000100340090002000ce09900005
:102740000348a3000c003a000000e0000a003a0031
:1027500071c6b3001e4a9000814f520006003a0035
:10276000ce1290000500e00003003d002e0b90000b
:102770008606e80023003700be0390000700e00053
:102780000c003a00ce1090000100e00009003d006e
:10279000e1c2b3000e21900001717e000c06e8003a
:1027a000fe0990008301e900730f980014002000d7
:1027b000340798008e2290000c814200ae0e9000eb
:1027c000850178000300370001c3b3000159780088
:1027d0008d06e9000d00e000fbff3a00032798009a
:1027e0002e0b9000060646000043b00080717e006c
:1027f0000c06e8000680ea00fe0b90008083430090
:10280000770f98004e1a9000de1a90006e1b900011
:10281000fe1b90000800be000a01be00490a070026
:102820000e1290009e1290002e139000be13900086
:10283000440907000002be000203be0007f0a20028
:102840000417980015179800261798003717980056
:102850006022b80006002000470224004e189000b5
:10286000de1890006e199000fe199000860907008e
:102870000002be000203be00441f9800551f9800ce
:10288000661f9800771f9800ce1290008502e9001d
:10289000451798005e0390000603e800560798006d
:1028a0002d0f9800de0390000e189000808f5300cb
:1028b00005003d009e08900041009000650050001a
:1028c000800f56008dff39009e0678003e01900073
:1028d0000200e00007003a00ce0990000348a30080
:1028e00004003200e0c2b3000e22900000727e00ad
:1028f0000c06e8008e2290000c8042000048eb009d
:1029000051c6b3004e5b9000814f530038003a002f
:102910009e0390008700e9000041eb0082f27800fe
:102920008001eb000d00e00002003d008d06ea0092
:10293000130020002200200001037800fe0a90000e
:102940008e239000000478000a003700010378000d
:10295000a4002000110009008406d80001027800bc
:10296000800678000443b00084737b000201e90014
:102970008502e9008600e9000d00e000f3ff3a005f
:102980000200e000f1ff3c00750f98000727980057
:102990000800780001824300b2c2b3000300e000e7
:1029a00001003200d2c2b300024a78000101e900fe
:1029b0008e219000828041008e4a90000502fb002b
:1029c0001404b10053c6b300f90f520001003e00d9
:1029d00053c4b300834878007e0b90000683e9005f
:1029e000760f9800820f560001003d003205070067
:1029f000ce0b900063806300e20f500015003a0098
:102a00007e0890000000e000120034000e209000cc
:102a1000300507008e219000040037007e099000e9
:102a200082804100e37078000000e900de0a900037
:102a3000850f5000f9ff3d000327980005804100f5
:102a40007e09900001032000b70407000003eb009b
:102a5000360f98000e2090001e0507004e0a9000c9
:102a6000be099000000178008e2090002e0090009a
:102a70007d0207004f06be004f05be004f04be009a
:102a80000080fa000000060010002000e48f4600dd
:102a90002ffe3d00001f980057c6b300475f980007
:102aa0004ffe37000d00e00032fe3500001f980099
:102ab00042fe37000200fa00889fbe008a9fbe00d7
:102ac0008005780001047800020078001801900069
:102ad0002805900098007800b1bf9f00b8049000ce
:102ae0000200e000020035000110a100b1bf9f000c
:102af000ea815700820020008a0078003002be0080
:102b00002003be0008007800490007003fb9970085
:102b1000f0006100030032000000e90001c3b300cf
:102b2000817478003fb99700e8006100030032002b
:102b30000000e90001c2b3008174780048019000f0
:102b40000201e90000015100808044003fba970073
:102b50008a0178000b007800430207009b00900078
:102b60000188a3000400320098009000810f5000fb
:102b700001003d00010078004f05be004f04be007b
:102b80000080fa0000000600ea874700889fbe0028
:102b90008a9fbe008e1f7800000478000300780032
:102ba0007287570084e2260055c72600049fbe00a6
:102bb000c3962200030f78006c875700004feb008c
:102bc00011059000a1049000910578000200e0003a
:102bd00002003200020778000100370072875700b8
:102be0000000e00002003a000e007800b90407007f
:102bf0000a00e000030035008a0f50000100360093
:102c00000a0078000b027800890178000001780042
:102c10008e00780008007800130207004f07780044
:102c20004f05be004f04be00af00b100000006001b
:102c3000f4874700889fbe008a9fbe008c9fbe001d
:102c40008e1f78000605be000404be0081bf9f00f1
:102c500082b79f00f3b79f00b0009000e1b79f00dc
:102c60001301780092b79f009006900040009000fa
:102c70000000e900000678000d00e00001003d00c2
:102c80001d0020008040eb00efb1970081717800bb
:102c90001e0020001f0037000c06e9000fb097004f
:102ca000cf80de006109b900a0b79f00b1b79f00d7
:102cb000c2b79f00d3b79f000203be000002be0050
:102cc0000800be000a01be00df0a07000007780006
:102cd0000e4078000043b000efb0970080707e0097
:102ce0008d06e9000fb997000201e90082bf9f003d
:102cf0002fb29700bfb297004fb39700dfb3970092
:102d00000800be000a01be00c80a07000205be0096
:102d10000004be000c00e0000d003400e00f540081
:102d2000e08f5c00e00f5d00e08f5d00daff3a00ad
:102d30000d00e000d8ff3c008fb997000300e000d1
:102d4000030034001fb097000018a300d2ff3a0020
:102d50000e00e00002003a00ffb097001140a10011
:102d60000c0078004f0778004f06be004f05be00ec
:102d70004f04be004f01b100000006000200fa003f
:102d8000889fbe008a9fbe0000057800010478007d
:102d90000200780018019000a804900098007800c4
:102da000b1bf9f00b80590000200e00002003500ae
:102db0000110a100b1bf9f00ea815700a2002000ce
:102dc000890078003002be002003be0008007800b1
:102dd00097ff0700480190000201e900000151003f
:102de000808045003fba9700890178000a0078008a
:102df0009d0107009a0090000188a30004003200a2
:102e000098009000810f500001003d000100780003
:102e10004f05be004f04be000080fa00000006000f
:102e2000fa874700889fbe008a9fbe008c9fbe0025
:102e30008e1f7800800478000104780082057800f5
:102e4000180190002805900018077800b80090003d
:102e50000200e000020035000e10a1000100370062
:102e60001200200070006700e0b79f0009003200e8
:102e70003b02be002b03be00e00f5200e08f5a0061
:102e8000e00f5b00e08f5b00020032008a86e90001
:102e9000010037008a067800e8026700f5b79f0056
:102ea000010032008d06e9003b02be002b03be008c
:102eb000e4af9f00f5af9f0086b79f0097b79f00d4
:102ec000480690000c06e9000040eb0080707e0090
:102ed000efb297007fb297008903780081047800f1
:102ee000d8af9f00020478008bbf9f008a0578004e
:102ef000034578002a0037000c06e9006fab970005
:102f00006f006300e90f500002003c000003b000b6
:102f1000010037007005b0000a03fb001604b10081
:102f2000f90f53000c003e00000378000650a0008b
:102f30001606b100f90f530007003e00b4b79f001a
:102f4000a5b79f00c7b79f008cfb0700cfb39700c2
:102f5000afb297003fb2970080747e000804e9008a
:102f60008d06e9006fa89700ffa897000fb19700a2
:102f70009fb19700460020008301d1000281d30059
:102f80008180d3000080d3000603e900faff3a00f5
:102f9000e0af9f00f1af9f0082b79f0093b79f0003
:102fa000e10f56000f0034006fa89700ffa89700ac
:102fb0000fb197009fb19700e00f5000e08f5800cd
:102fc000e00f5900e08f5900cbff3a000800e00005
:102fd000c9ff3c000d00e000020034000e18a30001
:102fe000c5ff3a0089007800f4b79f008704780095
:102ff0005fac97008a4178000b0578008fbd970081
:103000000500e000100032003b02be002b03be00b2
:10301000e4af9f00f5af9f0086b79f0097b79f0072
:10302000e00f5200e08f5a00e00f5b00e08f5b0082
:10303000050032000c06e90083707e000c06e900f2
:1030400000c3b30080707e00ffb297000500e0006f
:10305000030032000c06e90000c2b30080707e005d
:10306000480190000201e9000c0151008c804000f1
:103070000e0278008a01780009007800fa00070043
:10308000990090000188a30004003200980090008d
:10309000810f500001003d00010078004f077800cb
:1030a0004f06be004f05be004f04be00af01b10089
:1030b000000006000200fa00881f78000004780073
:1030c000e2bf9f006481570008007800a502070056
:1030d000980090000148a300010032000080eb003e
:1030e0004f0478000080fa0000000600820178009a
:1030f00001017800f1ff27006e063700889fbe00af
:10310000000478004800900082047800808f54000a
:103110000100360080047800090178005800900012
:10312000fafa070058009000090040005004980087
:10313000c800900089845000490498000048eb00c2
:103140004f04be000000060010007800bff43700f6
:10315000900190000388a30001003200e7ff3700d0
:103160000348a30001003a00f7ff07000000060033
:10317000881f78000004780000082000808f50002d
:103180001700350010082000808f50000b0034001d
:1031900030082000808f500011003a009200780023
:1031a00068805000000978003002be002003be0095
:1031b000049cbe000694be0007003700920278000f
:1031c00064805200000978001000be008c060700e1
:1031d000009cbe000294be001000200001003700d9
:1031e0000000eb004f047800000006008408200077
:1031f000848f50001d0032000d003c001408200098
:10320000848f50002700320002003c000408200098
:103210000400370024082000848f5000340032005e
:1032200044082000848f500043003a0036003700e5
:10323000040a2000848f50002700320004003c0064
:1032400004092000848f50003b003a00280037001a
:10325000020c2000828f50002f003200020f20004d
:10326000828f500034003a002b0037009380e90031
:103270000200e00005003200810978001102fb0025
:10328000cfa2de00612bb900280037008109780049
:10329000114278000482fb008002eb006033b8002a
:1032a0002200370013027800e40052000200e00020
:1032b00005003200810978001102be004fabde002c
:1032c0008603780019003700810978001102be00da
:1032d0006033b800150037009380e9008109780059
:1032e00011027800cfa2de00612bb9000f00370079
:1032f00093027800e8805200810978003102be0014
:103300002103be00090037009380e9000200e000bd
:1033100002003200f1ff37009380e9008109780054
:10332000110278008002eb006033b8000498be0000
:103330000690be00100005000000050044082000b3
:10334000848f50002500320008003c001408200043
:10335000848f50001400320024082000848f500015
:1033600024003200040820000c003700040920006b
:10337000848f50001f00320004003c0084082000ad
:10338000848f500024003a000e003700040a200009
:10339000848f500011003200040c2000848f5000f4
:1033a0001d003a000d0037009380e9008109780084
:1033b0009100780001087800cf91de008288be007d
:1033c000140037009380e9008109780091007800ab
:1033d00001087800824878000e0037009380e900e9
:1033e000810978009100780001087800820878004f
:1033f000080037009380e900810978009100780087
:10340000010878006112b900612bb9008498be00f0
:103410008690be001000050000000500889fbe00d9
:10342000000478004800900082047800808f5400e7
:1034300001003600800478000901780058009000ef
:1034400032fa07005800900009004000500498002c
:10345000c800900089845000490498000048eb009f
:103460004f04be0000000600f2874700889fbe00a0
:103470008a9fbe008c9fbe008e1f7800800478005b
:103480000105780002047800830578006107620076
:1034900002003a008b0f5400080039000801780040
:1034a0008a0078000900780029ff07008b0f54007c
:1034b00002003900880578001e0037000886550094
:1034c0000c017800f00f56000100360002012000c8
:1034d000010220007e805700130207008c0678004e
:1034e0000500370002012000fe8057000900780027
:1034f00017ff0700f0865600ef8f5600f9ff3e00d9
:103500004461de0000ff2f000091b9000201460077
:10351000fe805700090078000dff07000e00e00054
:1035200004003a00080178008a0078000900780059
:1035300007ff07000b0078004f0778004f06be001a
:103540004f05be004f04be002f01b1000000060071
:1035500000000500000005000000050000017800e3
:103560000040eb008080fb0081804000e3c520002c
:1035700063c278000404e00003003a00f0c52000b4
:1035800060c078000000060092017800934f52005e
:1035900004003a00f0c5200060c078000309e8008c
:1035a000010037000040e800ea4f5000edff360010
:1035b00000000600f6874700889fbe008a9fbe0075
:1035c0008c9fbe008e1f78000005780001047800f3
:1035d00083057800040678000000eb00c0b79f0068
:1035e0008080eb00d1b79f00e0b79f00f2b79f004b
:1035f0000008200080bf9f0098007800010078003c
:103600008004eb00010037008904e80030417800b5
:103610000204e0000300320053c2b300834f5100a4
:10362000f9ff3a000900e0000400320009017800c7
:103630000a007800c6fe0700188c440018077800be
:1036400050c2b3009e4f10003f013a000e07e80041
:103650000e0c780010003700cfb097000100a000da
:103660000b003700cfb097000110a0000800370012
:10367000cfb097000120a00005003700cfb0970021
:103680000130a00002003700cfb097000140a00039
:10369000c1b79f00000ce800180078009040780047
:1036a000b2c2b30082cf5000f1ff320007003c00ed
:1036b00002c2b30082cf5000f0ff320032c2b3002a
:1036c00082cf500007003a00efff3700d2c2b300ac
:1036d00082cf5000e0ff320002c3b30082cf50001f
:1036e000e0ff3200a2c2b30082cf50000d003a00ca
:1036f000000ce8001c80e900000e78001000780043
:10370000e0b79f000000e0000f003d00cfb0970041
:103710000100a200c1b79f000000ea00e0b79f00cf
:103720000900370012f90700e0b79f0001003700d9
:10373000000ce800180078009000fb000103b100c5
:10374000e98f5000faff36004fb097000008a30041
:10375000020032000010a100c0b79f0018007800de
:10376000e1c2b30090cf100016003a008000eb00d9
:10377000d1b79f000000e800000c7800a1c2b300a0
:1037800090cf100006003a00000ce8001c80e90011
:10379000000e780010007800d0b79f0009003700b5
:1037a000f3f80700d0b79f0001003700000ce800d5
:1037b000180078009000fb000103b100e98f500071
:1037c000faff36000800780064ff070080467800a2
:1037d000180078001000fb00e001070091062000af
:1037e000810f50003800320012003c0041062000da
:1037f000810f5000340032000a003c001106200006
:10380000810f50002000320031062000810f50004f
:10381000a000320051022000810f5000bc003a008d
:10382000b400370071062000810f5000b8003c0042
:103830008800370001072000810f50005c00320033
:1038400007003c00e1062000810f50007a003200a2
:10385000f1062000810f5000ad003a00390037001a
:1038600051072000810f50002700320081072000ff
:10387000810f50004200320031072000810f5000bc
:10388000a3003a008f0037008d80fb000c01780008
:1038900000fe2f000f00400035fe07000000e00092
:1038a000a800320018007800000ce8009041780071
:1038b00002fe2f000f014100f88057000a00780037
:1038c000d60107000e0037008d80fb008c017800c8
:1038d0001200200000fe2f000f00400043fe0700f2
:1038e0000000e00097003200180ce80002fe2f00f4
:1038f0000f014100f88057000a00780038f90700ee
:1039000080844400900037008d80fb008c0178009b
:103910000001eb0000fe2f000f00400033fe070007
:103920000000e00087003200180ce80002fe2f00c3
:103930000f014100f88057000a0078000ffd0700d2
:10394000efff37008d80fb008c0178000001eb0059
:1039500000fe2f000f00400024fe07000000e000e2
:1039600078003200180ce80002fe2f000f01410021
:10397000f88057000a0078004efc0700e0ff37008f
:103980008d80fb008c0178000001eb0000fe2f0011
:103990000f00400015fe07000000e0006900320043
:1039a00018007800000ce800904178001c003700f7
:1039b0008c0178000001eb00010f200000fe2f00b9
:1039c0000f00400009fe07000000e0005d0032002b
:1039d000180ce8000fb097009fb097002fb1970028
:1039e000bfb19700e00f5000e08f5800e00f590082
:1039f000e08f590009003a00cfb597006fb49700e7
:103a000060c52000330107000b02780088017800b0
:103a10000001780061c520004700370083c7b3006c
:103a200002fe2f000f014100f88057000a007800c5
:103a3000fbfc0700b2ff37000b8144008d80fb00c8
:103a40008c01780000fe2f000f0040003bfe0700b5
:103a50003c0037008d80fb000c01780000fe2f0039
:103a60000f004000c2fd07000000e00035003200fa
:103a700018007800000ce8009041780002fe2f004a
:103a80000f014100f88057000a0078002ef9070066
:103a90009bff370000c8b30080cf560029003a00d2
:103aa000180ce8001c80e900000e78001040780037
:103ab000e0df9f0013002000e2fd2f000f01410016
:103ac0000800370000c8b30080cf56001d003a0040
:103ad000180ce8001c80e900000e78008001eb0063
:103ae00010017800f88057000a00780026fc0700d3
:103af00083ff370000c8b30080cf560011003a00a2
:103b0000180ce8004fb29700efb19700080037009b
:103b10000e0c78000000eb00c0b79f00e0b79f00dc
:103b20000080eb00d0b79f000002eb00840178001a
:103b300012002000c1c520000a0078004afe0700dc
:103b40006fff3700180ce800090078004f07780075
:103b50004f06be004f05be004f04be006f01b1000e
:103b6000000006008200fa00889fbe008a1f7800cd
:103b70000005780082047800c13f9f000004eb003c
:103b8000100037000902780088017800a2f72f00a2
:103b90000f01410081f72f008f8040000a0078005c
:103ba00084fe070008004000880f500004003d001c
:103bb000b0042000906688000084eb000400370009
:103bc000000478004f3897001004e000edff3a0041
:103bd000080078004f0578004f04be000080fa000e
:103be00000000600889fbe000004be000000eb003d
:103bf0000800e00018003200180090000058a300f0
:103c00000d003200d800900068009000808f5000b6
:103c100009003600b80990000001eb00820078002e
:103c20000800780003000100d80090000080eb003d
:103c30000100e000080032000000eb00200c9800ba
:103c400060049800500498000900e000020032006f
:103c500018007800f4f107004f04be0000000600d1
:103c6000889fbe000004be000000eb000800e000da
:103c700025003200180090000058a3001100320007
:103c8000d800900068009000808f50000900360036
:103c9000b80990000001eb0082007800080078006d
:103ca00003000100d80090000080eb000100e0005c
:103cb000150032000000eb00200c98006004980012
:103cc00050049800780a900008109000800f52006d
:103cd000060031000002520011002000cfa2de00d9
:103ce000612bb90018007800090007000000eb0004
:103cf00000149800700c98000900e00002003200e7
:103d000018007800c8f107004f04be00000006004c
:103d1000a0fd2f00f1ff2f00860007004f89de0075
:103d20008201780000000600889fbe008a9fbe00c6
:103d3000800478000200e0005b003200014078005f
:103d4000814c780082814400f1f99f00e20f51001c
:103d50005500360091449800a1449800e1f99f0075
:103d6000d1f99f00e60f51004f003600b144980092
:103d7000c1f99f00e80f51004b0036000905ea0029
:103d8000630565000a8444000a055100c1ff2f0045
:103d9000010565000080fb008000eb001210200090
:103da00013102000e1030700008cbe000a0144004c
:103db00060b99f0071b99f00e80f55003a003600c6
:103dc00020049800310498004004980051049800a1
:103dd00020b99f0031b99f0040b99f0051b99f00a1
:103de000f80f550030003600600498007104980008
:103df000000c9800110c9800200c9800310c9800d1
:103e0000400c9800510c980020b19f0031b19f00e8
:103e100040b19f0051b19f0060b19f0071b19f0000
:103e200000b99f0011b99f0064016400780141004e
:103e300002044400020555006011b8000203be00f0
:103e40000002be000403be006022b8000000720041
:103e500081807200020173008381730010003700bb
:103e6000009cbe000294be004004980051049800db
:103e70006204980073049800000c9800110c9800dc
:103e8000220c9800330c9800400c9800510c9800bc
:103e9000620c9800730c98000a02b1000802b0008e
:103ea000ff0f5500eeff3e00090078004f05be00f1
:103eb0004f04be0000000600881f78000004780050
:103ec0000800780020030700080078004f047800fd
:103ed0000000060080007800040037003104e00094
:103ee00002003a00000051000000060001017800c5
:103ef0000108a300f9ff3a00810178003101780040
:103f0000f4ef2f00020242000281ea000201620087
:103f10000408280004016100f7ff320083007800e4
:103f2000010178003104e000fdff3a00000051007b
:103f30000000060002002f00f3ff2f00820f500048
:103f4000838f5800040036000000ea009066880065
:103f50000080eb008080eb0000000600f1fb2f00ea
:103f600080804000f98f500001003e000050a0000a
:103f700000000600f9ff37000f04b0008e1f780024
:103f800002027800030178000000e0000200320025
:103f900000077800020037000efc2f000f074700d3
:103fa0008002eb000100e000010032008102e90024
:103fb0000f007800e003b1001d0009000018eb00bd
:103fc0000080eb0090a79f0023102000a3a79f0074
:103fd000bea79f00c1a79f00d5a79f000100e000da
:103fe00003003d00b10420009166880007003700ff
:103ff000004feb00fea79f00eea79f008400780013
:1040000020fc2f000f00400063f707004f077800e7
:104010000f04b10000000600000006003e00fa0098
:10402000889fbe008a9fbe008c9fbe00100798002c
:104030008346780011007800400f980091019000ad
:104040004307980021029000240f9800c1029000bd
:10405000050f7800b1009000611f98003204be0087
:104060002205be00281f9800391f98004a1f98009b
:104070005b1f98006022b8006033b8000800be00e3
:104080000a01be00d40207000000e00009003d0064
:104090000800be000a01be0003f0a200201f980025
:1040a000311f9800421f9800531f9800d0c2b300e0
:1040b00004003700ce0890000128a3000900320058
:1040c000b0c2b3006e19900000497800ae099000ac
:1040d0008301e900330f980014002000540f98006a
:1040e00010003700ce0a90000538a3000900320006
:1040f00000c2b3006e1b9000004b7800ae0b900026
:104100008703e900370f980018002000580f980027
:1041100004003700ae0c9000390f98000005eb004a
:104120005a0f98002e189000be1890004e1990005b
:10413000de199000b8ff0700f4ff2f00f5ff2f00f5
:10414000f6ff2f00f7ff2700040260008582600061
:1041500006036100878361006000b8000200200050
:1041600003ff27000020e10001a8e10002b0e10008
:1041700003b8e1000c003a008d06fb001d04b100fd
:10418000ee1d9000de0890000180450081ca2000ed
:10419000f98f560001003600c1ca200046ff070013
:1041a000c0ca20002f0237000020e10001a8e10072
:1041b00002b0e10003b8e1000c0036008d06fb0000
:1041c0001d04b1006e199000de099000030041004b
:1041d00001cb2000f98f56000100360041cb2000b2
:1041e00035ff070040cb20001e02370000c3b3009c
:1041f0006e1a9000de0a900000f27a000500e800d6
:10420000000142008d00fb00f6fb2f0006834000fa
:104210002607980081c7b300f90f530001003e0044
:1042200081c5b300014978000000e800500f9800f4
:104230006022b8006033b8002e189000be189000bd
:104240004e199000de199000630207000000e000a4
:104250005e0032008003eb006044b8000a002000da
:104260000bff230068079800790798000a0f980051
:104270001b0f980007067800050037000c06e800c1
:104280006e0c9000fe0c90000e1590009e15900094
:104290000802be000a03be000800be000a01be00fc
:1042a000ae0207000002be000203be00640f9800c9
:1042b000750f980006179800171798002e18900091
:1042c000be1890004e199000de19900042020700bf
:1042d0000000e000e9ff3d006c0f98002a00370065
:1042e0006022b8000600200007fe23000800be0080
:1042f0000a01be00930307006022b8006033b800d3
:10430000350207000000e00016003a006022b80005
:1043100006002000073524000800be000a01be0088
:10432000880307000004be000205be006022b8003a
:1043300006002000073524002e189000be189000bb
:104340004e199000de1990007e0307000002be00a7
:104350000203be00241f9800351f9800461f9800d6
:10436000571f98006022b8000600200007fe2300b7
:104370000800be000a01be00720307000004be0070
:104380000205be000c06e9000802be000a03be00da
:104390002e189000be1890004e199000de19900063
:1043a0000d0207000000e000cdff35000800be0050
:1043b0000a01be006007980071079800020f98007c
:1043c000130f98006c0f9800090037008000eb0075
:1043d000610f98006022b8000600200007ff23004c
:1043e0006407980075079800060f9800170f98004b
:1043f000ce029000800120000500e00001003500a1
:104400004e0090000000e800300798006e04900015
:10441000fe0490000e0d90009e0d9000681798000d
:10442000791798000a1f98001b1f98002e1c9000f7
:10443000be1c90004e1d9000de1d90000006eb009b
:104440003a0037006e129000fe1290000e1b900092
:104450009e1b90000800be000a01be008a020700f1
:10446000e40507000002be000203be002417980006
:10447000351798004617980057179800ff01070056
:1044800080027800550798006e129000fe1290008e
:104490000e1b90009e1b90002e109000be109000ee
:1044a0004e119000de119000260307000002be00ae
:1044b0000203be000800be000a01be002102070080
:1044c0000004be000205be006022b8000600200005
:1044d00007fb23006e109000fe1090000e19900054
:1044e0009e199000170307000002be000203be00e1
:1044f0006417980075179800061f9800171f9800fa
:104500000c06e800ce0290000500e00007003d0028
:104510006022b8006033b8000800be000a01be0087
:10452000ad0107000000e000040032003e039000ef
:10453000860f5600c3ff3500010037003c07980086
:104540006022b80006002000070224006e109000d0
:10455000fe1090000e1990009e199000f9020700bd
:104560000002be000203be00641798007517980091
:10457000061f9800171f98000800be000a01be0021
:10458000950107000000e0000d0035006e1290005c
:10459000fe1290000e1b90009e1b90000800be00b3
:1045a0000a01be008c0107000000e00011003a0083
:1045b000de0290000508a300080032000d0037005d
:1045c0006044b8006055b8006817980079179800e3
:1045d0000a1f98001b1f9800060037006000b800f3
:1045e0006011b8006017980071179800021f9800ba
:1045f000131f98006e129000fe1290000e1b900088
:104600009e1b90002e189000be1890004e1990002e
:10461000de199000d10107000002be000203be00b7
:104620006417980075179800061f9800171f9800c8
:1046300079fe07000203be000002be00f0ff2f005b
:10464000f1ff2f00f2ff2f00f3ff270000046200ac
:10465000818462000205630083856300281f98003f
:10466000391f98004a1f98005b1f98006000b8002f
:104670000200200003ff27000040e10001c8e10024
:1046800002d0e10003d8e100bbfe3200be0c900076
:104690008984e900291f98005e0e90008006eb00d7
:1046a0005d0798002d1798006f0037006e0290008c
:1046b000fe0290000e0b90009e0b90006e1090007a
:1046c000fe1090000e1990009e199000ee01070058
:1046d000480507000004be000205be006701070090
:1046e000800078000100e00006003a002e109000e3
:1046f0000000e000030032008d06e8003d0f980046
:10470000330037005e0190000200e0000c003a0028
:10471000ae1190000300e00009003200e0c2b300d7
:104720006e1a900000727e000c06e800ae1a90002f
:104730008502e900251f9800160020005607980002
:10474000ee1b90000c8143000d00780007027800fa
:104750000300370003c3b300035978000000e900e9
:104760000000e000fbff3a00300f9800641f980043
:104770000d064600e98f500003003c0000032000b6
:1047800001004000020037007005200001004000d9
:10479000ae009000f98f500006003e0080007800c7
:1047a0000150a0001106b100f98f500001003e0039
:1047b00072f507006e19900000717e000c06e8008b
:1047c0008d86ea00ae1990008d814100231f98006c
:1047d0006e029000fe0290000e0b90009e0b900067
:1047e0000800be000a01be00560207000002be001b
:1047f0000203be006e109000fe1090000e19900093
:104800009e1990004f0107000002be000203be0087
:104810006417980075179800061f9800171f9800d6
:104820006022b8000600200007fb23006e00900005
:10483000fe0090000e0990009e09900041020700c2
:104840000004be000205be006807980079079800c2
:104850000a0f98001b0f9800ae1490008904e9001d
:1048600029179800be0e90002e1590000a00ea004d
:10487000be0590008b0f500004003d009e007800a4
:1048800065805000800f560088ff39005e0190005f
:104890000200e0001e003a000d00e0007d00340040
:1048a000ce0190000300e0007a0034004e0a900030
:1048b0000408a30077003a00ee1a90008c804200b2
:1048c000e0c2b300804878000d00780085017800d0
:1048d00002c3b300826878000000e900fcff3a00e0
:1048e000631f98000c8646000c06e8002e1b900003
:1048f0000600e9000d005000201f9800040037005a
:10490000e0c2b300ee1b900080737e000c06e8004e
:104910006e1c90000c0044000048eb009e047800e0
:104920008900e9000041eb0002f478008001eb000f
:104930006e0d90000a00e00003003d000a05ea0049
:104940006a0f980013002000120020006e0a9000e9
:10495000810378002e1b90006e1c9000800678006a
:104960000900370081037800a5002000110009002c
:104970000502d8000002be000543b00005f47b002c
:104980000201e9000603e9008700e9000400e000f5
:10499000f4ff3a00e10f5100f2ff3200261f9800a9
:1049a000681f98000d00780001024400b2c2b300f5
:1049b0000300e00001003200d2c2b300024a7800d6
:1049c0000101e900ee1990008280410003c7b300a5
:1049d0002e029000f90f520001003e0003c5b30003
:1049e00083487800820f560001003d0032fd070029
:1049f000ce0a900063806200e20f500018003a0077
:104a00002e1b90000684e9004240a90014003400e7
:104a10006e1890002ffd0700800044008100e80020
:104a2000ee1b900081804300870178000200370070
:104a3000e36078000000e900de0c9000890f500070
:104a4000fbff3d00631f98000980410008017800ca
:104a500001032000b4fc07000005eb002a0f9800ba
:104a60006e1890001bfd07004e0a9000ae099000e2
:104a700000017800ee1890001e0090007afa0700fe
:104a80004f06be004f05be004f04be000080fa0076
:104a900000000600ce0d90000b48a30098ff3a00de
:104aa0009bff370000000600b0f40700fdff070081
:104ab000fcff3700f28747008e1f78000202780063
:104ac000030178000000e0000200320000077800d7
:104ad00001003700728757008002eb000100e00000
:104ae000010032008102e9007080570006000900d1
:104af0000018eb000080eb0080bf9f002310200017
:104b000093bf9f00aebf9f00b1bf9f00c5bf9f0076
:104b10000100e00003003d00b10420009166880020
:104b200006003700004feb00eebf9f00debf9f0086
:104b300084007800708057005ef907004f07780006
:104b40002f01b1000000060001017800800178000b
:104b5000008268000408a30005003200130037003b
:104b600032407800805978000004e00014003200e0
:104b7000030278000208a300f9ff3a00030078005e
:104b8000010037000318780082007800b201780035
:104b9000f5ef2f00838242000382ea000482620064
:104ba0000508280005026200f6ff320000027800c6
:104bb00031417800025878000204e000fbff3a001f
:104bc000040078000000060000c0da0000000600c3
:104bd00000c0da00000006008f1fd1007c03070030
:104be0008f87e9000000e00000000600809feb00d6
:104bf000770307008f87e9000000e000000006004f
:104c0000810378008bee07000001be006000b80051
:104c10000478a30013003a006220e10015003e0072
:104c20000d0039008301d1000281d3008180d300bf
:104c30008301d1000281d3008180d3008301d100a0
:104c40000281d3008180d3000538b000c42add0082
:104c5000f300b2008381720007f0a70003f0a00008
:104c60000000060083ff2700020020006110b90049
:104c7000f9ff370003ff2700f7ff37001400fa00a1
:104c8000889fbe008a9fbe008c9fbe000004be00ad
:104c90000205be00680047000a90be000890be00f2
:104ca000860307000070a7000bf0a100304320002e
:104cb0009e02900080825200b0fe2f000028e1008a
:104cc00011003d00b0fc2f000028e1001500340069
:104cd0001e0990008e0890007e0090000501b00033
:104ce0000201d1008180d3000080d3008502e8005a
:104cf000fbff3a000b00e000ab033b00600010003c
:104d0000e0801800a8033700f0ff2f00f1ff270014
:104d10000b00e000a4033b0001002800000020007d
:104d2000a10337006000b8009f033700020ab900f2
:104d3000001bb9000200b80081004200810043005e
:104d4000000006008c9fbe008a9fbe00889fbe00a8
:104d5000ca0107000bf0a200040037008c9fbe00c0
:104d60008a9fbe00889fbe00c40107000c48e10076
:104d70000b003a000c40e100020032008b010700fa
:104d8000400037008b066d003e0032000af0a100a3
:104d9000f3012000f2ff2f006110b9003900370045
:104da0000c40e100370032000940e100010036000c
:104db0007e0107008a856d00cf5dde000b05750062
:104dc0000006eb008804fd00890454000100320055
:104dd0007d0107000a04e00011003a000800e0002d
:104de0002800320004004000858048000601490088
:104df000878149000358a300180032008301d100c5
:104e00000281d3008180d3000080d3000c86d300c0
:104e100001003900610676000804e8001800370038
:104e20000400500085805800060159008781590010
:104e3000060031000af0a2000c06ea00600018002b
:104e4000e080180060011900e081190003003a00b9
:104e50000004eb000005eb000a0037000348a30044
:104e600007003a000c064600000048008180480018
:104e700002014900838149000804e900f7ff370077
:104e8000af013700c90137008c9fbe008a9fbe006a
:104e9000889fbe00790107000b056d000940e10005
:104ea0000a003a000800e000020032000c40e10075
:104eb00006003a000af0a1000c047800f30120007b
:104ec000f2ff2f006110b9009d0037000c40e10097
:104ed0009b0032000800e000990032000c48e1001d
:104ee00002003a000004eb00030037000900e00074
:104ef00004003a000c0478006000b8006011b800ab
:104f00008f0037000348a30006003a00000040006d
:104f10008180480002014900838149000804e900ba
:104f2000f8ff37000748a30006003a0004024200d9
:104f300085824a0006034b0087834b008904e90001
:104f4000f8ff3700fd3f20008d8454000904540011
:104f50008a1f7800881f7800000478008104780098
:104f600002057800830578006000b8006011b80081
:104f70000d042000050037000804440089844c001b
:104f80000a054d008b854d000800310004045400d3
:104f900085845c0006055d0087855d008381d20005
:104fa0008d06d300f4ff3b000700370004044400e3
:104fb00085844c0006054d0087854d008381d20015
:104fc0008d06d300ecff3b000804440089844c00ac
:104fd0000a054d008b854d00080031000404540083
:104fe00085845c0006055d0087855d000281d20036
:104ff0008d06d300f4ff3b00070037000404440093
:1050000085844c0006054d0087854d000281d20045
:105010008d06d300ecff3b000804440089844c005b
:105020000a054d008b854d00080031000404540032
:1050300085845c0006055d0087855d008180d20067
:105040008d06d300f4ff3b00070037000404440042
:1050500085844c0006054d0087854d008180d20077
:105060008d06d300ecff3b000804440089844c000b
:105070000a054d008b854d000800310004045400e2
:1050800085845c0006055d0087855d000080d20098
:105090008d06d300f4ff3b000700370004044400f2
:1050a00085844c0006054d0087854d000080d200a8
:1050b0008d06d300ecff3b000b00e00004003d0038
:1050c0000404440085844c0006054d0087854d008e
:1050d0000006eb008301d1000281d3008180d30060
:1050e0000080d3000c86d3008301d1000281d3005d
:1050f0008180d3000080d3000c86d3008904740023
:105100008b0575008b847400010032006106760007
:105110004f0478004f0578000348a30007003a00c9
:105120000c0646000000480081804800020149004a
:10513000838149000804e900f7ff370000013700c8
:105140001a0137008c9fbe008a9fbe00889fbe0058
:10515000ca0007000b056d008a0578000c40e100cd
:1051600008003a000900e00082003a000af0a100bd
:105170000c047800f3012000f2ff2f006110b90049
:105180007c0037000c48e10004003a00870007006b
:105190000900e00077003a00f4ff37000800e00063
:1051a000740032000900e00002003a007f000700ae
:1051b00070003700ed3f20008d8454000904440046
:1051c0008a1f7800881f7800871f7800861f780064
:1051d000851f7800841f7800cb19dd00c515de001f
:1051e0008b8571004b11dd00450dde000a05710055
:1051f000cb08dd00c504de00898470004b04dd00af
:105200000440b8000546b8008c80400060814e0024
:10521000044eb8008c8040000d0149008001eb0075
:105220000318ad000456b8000c0141008d814900ff
:105230000002eb000420ad000646b8000c0141005e
:105240008d81490060024a00054eb8000c01410002
:105250008d81490060024a000556b8008c814100ea
:105260000d024a008002eb000528ad000746b80099
:105270008c8141000d024a00e0824a00064eb800cf
:105280008c8141000d024a00e0824a004f067800fe
:105290000c5eb8008c8141000d024a00e0824a0099
:1052a0000656b8000c0242008d824a000003eb0053
:1052b0000630ad00074eb8000c0242008d824a0055
:1052c00060034b004f0678000c5eb8000c024200f1
:1052d0008d824a0060034b000756b8008c82420062
:1052e0000d034b008003eb000738ad004f0678003c
:1052f0000c5eb8008c8242000d034b00e0834b0033
:105300004f0678000c5eb8000c0343008d834b0001
:105310004f0478004f0578000748a3000a003a00c0
:10532000000040008180480002014900838149005b
:1053300004024a0085824a0006034b0087834b0023
:105340000804e900f4ff370003067800808070004d
:1053500082807000010032006106760087017800cb
:105360000601780085007800040078008804780041
:10537000780037008d0037008c06460002003a00a6
:105380000000a6000000060060004800e080480021
:1053900060014900e08149000350a60000000600ba
:1053a0008301d1000804e800000006000002fd00af
:1053b0008102fd000203fd008303fd008804fd005f
:1053c0008a05fd00000006007048e1001a0039005f
:1053d0007d0320000d48e1000a00390081057000be
:1053e000830671008c8575008d8575000006eb00c5
:1053f0000cd8e700610676006000b8006011b800c4
:10540000000006007048e1000b0039008c057800b0
:10541000000678000100780082007800030178001f
:105420008001eb0003d8e70061067600f0845400a9
:10543000f4ff3a00000006006160e1000c48ad0096
:10544000f08514008b06dd000966de000d0676008f
:105450008b0edd000900de000d0070008b16dd00f4
:105460008908de008d8070008b1edd000911de00d2
:105470000d0171008919de00000006000d002800f2
:10548000fc7f20000d856100441cde00ef8161007f
:105490000c046400010032000340a0008d8563000d
:1054a000c43cde00ef8363008c84640001003200a2
:1054b0000740a0000c40e10006003a00ef866100c2
:1054c0008286760081867600808676000100320032
:1054d000180037000c48e10007003a00ef8663002f
:1054e0008686760085867600848676000200320005
:1054f000aeff07000f0037000348a30005003a0085
:105500008106700082867600838676000100320074
:105510000804e8000748a30005003a008506720069
:105520008686760087867600010032008904e800ce
:1055300000000600cf047800cf0578001b0037007c
:10554000000278008102780002037800830378006b
:10555000880478000cf0a70087ff0700fd7f20007b
:105560000d40e100040035000d0478006000b80033
:105570006011b8000d0037000800e0000b003c008f
:105580000400780085007800060178008701780023
:10559000e18414008cff07000cf0a70076ff0700e1
:1055a0000004eb000340a7000804e8004444dd00c9
:1055b0006fc56100880175004f04be004f05be0035
:1055c0004f06be0000000600889fbe008a9fbe00f6
:1055d00030044200b0844a0030054b0090854b00f7
:1055e0006000b1000898be000a90be000440e100cf
:1055f00005c8e10006d0e10007d8e1000200310053
:10560000680040001008e8004f05be004f04be00cf
:1056100000000600889fbe008a9fbe003004be00c6
:105620002005be000418540005985c0006185d00b3
:1056300007985d00110020000440e10005c8e1006a
:1056400006d0e10007d8e100010039008000eb003e
:10565000108810004f05be004f04be000000060079
:105660001200fa00889fbe008a9fbe008c9fbe0079
:10567000e0b79f00f1b79f0082bf9f0093bf9f00dc
:105680000605be000404be000000eb00d0b79f007a
:10569000c0b79f00b0b79f00a0b79f0090b79f0012
:1056a000000678005fb19700cfb0970082014100fb
:1056b0003fb097000200e00004003d003700070003
:1056c0007e805700c0ff070003003700330007004b
:1056d0007e805700cfff0700dfb697000d00e00087
:1056e0000c0035006fb29700ffb297000fbb970018
:1056f0009fbb970010002000010020006011b8003f
:1057000000027200818272000203730083837300bf
:105710001b0007000c06e80001042000810f560062
:10572000e0ff3a000d00e00004003d000802be006a
:105730000a03be007e805700a3ff07005fa8970002
:105740000000e00005003a001fb29700afb29700da
:105750003fb39700cfb39700090007006fb09700e1
:10576000ffb097000fb997009fb997004f06be0092
:105770004f05be004f04be000080fa000000060086
:105780000100070000000600a4b79f00b5b79f0006
:10579000c6b79f00d7b79f00000006004f09de0084
:1057a00082817100b3b79f004f01de00818040000d
:1057b00082807000a1b79f008fb097004f09de0074
:1057c000000040000200700090b79f007fa8970083
:1057d0004f01de00818040008280700081b79f0011
:1057e0000d0007004f3ade0000004000040070008a
:1057f000f0af9f00080007000402420085824a00c3
:1058000006034b0087834b00dfff07000802be0042
:105810000a03be00000006002fb29700bfb2970037
:105820004fb39700dfb3970000000600881f780091
:1058300018002000881f780089ff07008f87e90083
:105840004f04780000000600801feb0084ff070073
:105850008f87e90000000600889fbe008a9fbe0077
:10586000e00f5000e08f5800e00f5900e08f590022
:105870000c003d006044b8006055b80000005400c2
:1058800081805c0002015d0083815d0018002000c2
:105890001500070008003d00180007000004eb0099
:1058a000050037000004eb000f00070002003d0078
:1058b0001200070018002000dcff07000800e000cd
:1058c000060032006022b8006033b80000005200c9
:1058d00081805a0002015b0083815b004f05be009e
:1058e0004f04be0000000600e00f5200e08f5a0097
:1058f000e00f5b00e08f5b00000006006044b80032
:105900006055b8000402540085825c0006035d0007
:1059100087835d0000000600889fbe008a9fbe004e
:105920008c1f7800e00f5000e08f5800e00f590006
:10593000e08f59000d003d006044b8006055b8008c
:105940000000540081805c0002015d0083815d00e5
:105950001c0020000820e10009a8e1000ab0e100d5
:105960000bb8e1000d003d00080037000006eb0019
:10597000e00f5200e08f5a00e00f5b00e08f5b0009
:1059800006003d006044b8006055b80004025400b1
:1059900085825c0006035d0087835d00aaff070027
:1059a0000c00e000060032006022b8006033b8004e
:1059b0000000520081805a0002015b0083815b007d
:1059c0004f0678004f05be004f04be0000000600e1
:1059d000889fbe008a9fbe008c9fbe000404be004c
:1059e0000605be00809fbe00829fbe00210007000a
:1059f000040678000800be000a01be001d00070072
:105a0000840678004f03be004f02be008d4f760023
:105a10007fb0970013003300f0ff2f008b8f6b00d7
:105a200006003b000d0666000c00a7000a003700c8
:105a300007f0a600100020000a003700880f52006f
:105a4000898f5a008a0f5b008b8f5b00030039003f
:105a50001000200001003e000000200007f0a70019
:105a60000000ea004f06be004f05be004f04be0016
:105a70000000060005ff27000582610007003200d4
:105a80000428e100010032002400050006000700a0
:105a900001003a0044000500040805000200070068
:105aa000f9ff3a00140005006f8261008102700066
:105ab00085027100850272000000060080007800f7
:105ac0005002be005003be004439de00f700b200b1
:105ad000f37f200003016100090032000218e10099
:105ae00016003a0085017200830173008381730000
:105af0000008200015003a00400020001300370085
:105b000085017200830173008381730005003a00f0
:105b100004a8be0006a8be00100020000b0037003d
:105b20000201e9000402420085824a0006034b009c
:105b300087834b000748a300f9ff32000740a0000d
:105b400004a8be0006a8be00200020008000980027
:105b50009200980000000600680447000294be000e
:105b60000094be00fc0447008694be008494be00ee
:105b700009007800d1ff070008007800cfff070078
:105b800099007800814f70000b003b000800be00b8
:105b90000a0007004f00b10003003700f3ff2700a1
:105ba000f2ff2f006110b9004f06be004f05be0086
:105bb0004f04be000080fa0000000600e4824000ae
:105bc0001078a30007003200640240001178a3009f
:105bd0003400be001401be00040032000330a700f0
:105be000000006003500be001501be000330a00015
:105bf000000006001800fa00889fbe008a9fbe00c1
:105c00008c1f78000004be000205be000802be0022
:105c10000a03be00443ade00f07f20000006620066
:105c200020432000800f560067003c006022b8002f
:105c30006033b8000800be00e7fb07000000e0008a
:105c4000610032000802be000a03be00b4b79f0024
:105c5000c5b79f00d6b79f00e7b79f00e00f52007f
:105c6000e08f5a00e00f5b00e08f5b000b003d000f
:105c70006022b80006002000073324000800be00a0
:105c80000a01be002ffc07006022b80006002000b9
:105c90000733240031fc07000a0037006022b800f7
:105ca00006002000073324000800be000a01be00e1
:105cb0002afc07006022b8000600200007332400f9
:105cc00020fc07000802be000a03be001dfc0700fe
:105cd0000002be000203be00f4b79f0085bf9f0014
:105ce00096bf9f00a7bf9f00e03f2000800f560097
:105cf00017003c007fb097008fb897001fb997003e
:105d0000afb99700f0af9f0081b79f0092b79f0097
:105d1000a3b79f006044b8006055b8003fb2970039
:105d2000cfb297005fb39700efb39700e00f520038
:105d3000e08f5a00e00f5b00e08f5b0022003d0027
:105d40006044b8000a0020000bff2b001e00370043
:105d50006022b8006033b8007fb097008fb897001a
:105d60001fb99700afb99700a0fb07000000e00043
:105d70000c0034007fb297008fba97001fbb9700ca
:105d8000afbb97000800be000a01be00f3fb07008e
:105d90006022b8000600200007ff2300e9fb07008f
:105da000070037007fb297008fba97001fbb97009c
:105db000afbb97000800be000a01be00e7fb07006a
:105dc0000004be000205be000800be000a01be00bd
:105dd0004f0678004f05be004f04be000080fa0059
:105de000000006000000fa00aa22ef00f01f2800c1
:105df00040158800c00020003015880000082000f1
:105e000020158800a222ef0000002800001588005d
:105e1000a022a8001000200050478800a000200009
:105e2000ca1e07000080fa00000006000200fa0007
:105e3000000f78009e0078006f80600030158800a9
:105e4000a022a80092000900000000000080fa00d3
:105e5000000006000400fa0010079800401f200010
:105e6000000f7800a002a900a022a90000000000f5
:105e700000158000610060000000e00004003a00ae
:105e80001e0fe9001e0078000000e000f8ff3a0055
:105e90001e0078000000e000070032001e009000a5
:105ea00069005000011480000001400060cc200017
:105eb00000004100010878000080fa0000000600a0
:105ec0000000fa00504780000000e0001d00320092
:105ed000c0002000dfff0700d0002000d3ff070034
:105ee000d0002000dbff07006047800081cf2f003b
:105ef000000040000080400010007800cbff070049
:105f00006047800081cf2f000000400000804000eb
:105f100010007800cfff0700604780000000e80015
:105f20006047880060478000e30f500001003400a4
:105f3000ec28ef00c000200030158800a022a80047
:105f400001003700000000000080fa000000060099
:105f50000200fa00000f78001e007800e80f5000e1
:105f6000030036001e007800ee0f500002003600dd
:105f70000000eb00060037009e00780069805000aa
:105f80008000400060cc20000080400010007800bd
:105f90000080fa00000006003200f800900188003e
:105fa0006118e100040032007018e10002003200c4
:105fb000f0ff2f00030037003119ba008301e90018
:105fc000fdff3a003200f90000000600849fbe0089
:105fd0004220a900440424006110e1000a003200bc
:105fe000540424007010e10007003200640424000f
:105ff000f5ff2f000510e10003003200f0ff2f0035
:106000004f02be00000006003200f800203b88006e
:10601000113b8800043b88000500fc00500520006f
:10602000303b8800a00a2000303b880061e7a800d0
:10603000000000000000000061e7af00feff370035
:106040000000eb003200f9004f02be000000060025
:10605000841f78004220a900440024006118e10058
:1060600006003200540024007018e10003003200e2
:106070004f027800f0ff2f00000006003200f80009
:1060800091018800821f78003019bb008301e9006c
:10609000fdff3a00213b88004f017800123b880049
:1060a000043b88000500fc0050052000303b8800c0
:1060b000a00a2000303b880061e7a8000000000033
:1060c0000000000061e7af00feff37000000eb00ba
:1060d0003200f9004f027800000006000400fa00c8
:1060e000004f7800110798009e40780061cf600053
:1060f0001e0090000000d100004078001e4f680094
:106100001e0090004300de00004078001e4f680033
:106110001e0090004500de00004078001e4f680021
:106120001e0090004e00de00004078001e4f680008
:106130001e00900000004000100798001e80fb0029
:10614000e10060001e009000008040000080fa0026
:10615000000006000600fa0020479800210798007a
:1061600070002000000f7800ae0090002e409000dc
:10617000daff0700200798002e4090008080fb0087
:106180001e0078000088de0000407800ae0090001d
:10619000d2ff0700200798001e0fe9001e007800bc
:1061a0000000e000f4ff3a002e0090000080fa00aa
:1061b000000006000400fa00000f780011079800a4
:1061c0001e007800004078009e009000e1ff07006c
:1061d000100798001e0078004800de00004078009c
:1061e0009e009000dbff07000080fa000000060020
:1061f0000200fa000000eb00000f78001e0078009b
:1062000080004000e0b22000008040008000eb00f1
:10621000010878001e0fe8001e007800ea0f500009
:10622000f6ff340090002000205a8800007d2000f6
:10623000505a8800c0122000605a88000000eb000d
:10624000705a880030002000805a880030002000fa
:10625000305a880020002000405a8800c0122000d8
:10626000905a880010002000a05a88000000eb001f
:10627000b05a880060042000c05a880080022000c4
:10628000d05a88000000eb00e05a88000000eb00c4
:10629000f05a88000000eb00005b88000000eb0073
:1062a000105b88000000eb00205b88000000eb0022
:1062b000305b8800809d2000505b880020482100d2
:1062c000605b880060422000705b88002003200033
:1062d000805b880020b7200011c0b300014878001f
:1062e00030b7200011c0b30001487800f00320004f
:1062f000a05b8800a0ac2000b05b88000083200079
:10630000c05b880060852000d05b880040062000cc
:10631000e05b880010232400f1002000f05b88007f
:10632000015c880080072000105c88005a0007008c
:106330001300200002852000010f2f00f00720002d
:1063400015ff0700804280000000e80080428800be
:1063500012002000010f2f00f00720001bff070094
:1063600013002000020f2f00f107200000852000fd
:1063700037ff07000080fa00000006000400fa0062
:10638000315a8000110798001e009000e60f50005f
:10639000070032001e009000e70f500002003a0094
:1063a00020002000010037000000eb000100370052
:1063b00010002000605c88001e009000e60f500076
:1063c00002003a0030002000305a88001e00900081
:1063d000e70f500002003a0010002000305a8800f9
:1063e0000000eb00405b88000000eb00000f78002d
:1063f000210037001e007800fc0f500008003e000e
:10640000415b80001e00780000014000e0b22000e7
:10641000000041001000780066ff0700405b880024
:106420009e007800008027000080400000004000af
:106430001200200080007800f0072000e3fe070033
:106440009e0078000080270000804000000040008f
:1064500080007800e2b220001e00780000004000ba
:10646000000041001300200001017800f107200026
:10647000f7fe07001e0fe8001e007800fd0f500019
:10648000dcff36009e009000315a8800150007009e
:106490000080fa00000006000200fa000000eb0095
:1064a000000f78001e0078008000400060b82000d7
:1064b000008040008000eb00010878001e0fe8001b
:1064c0001e007800e70f5000f6ff360030a42400cd
:1064d000305c880010002000405c88000080fa00da
:1064e000000006000200fa000000eb00a05c88003b
:1064f0000000eb00000f7800210037001e0078003c
:10650000e60f500008003e00a15c80001e007800ed
:106510000001400060b82000000041001000780039
:1065200024ff0700a05c88009e00780000882700f8
:106530000080400000004000120020008000780031
:10654000f0072000a1fe07009e00780000882700c9
:1065500000804000000040008000780062b8200009
:106560001e007800000040000000410013002000e1
:1065700001017800f1072000b5fe07001e0fe800ba
:106580001e007800e70f5000dcff36000080fa00a4
:10659000000006000400fa000000eb00100798005d
:1065a0000000eb00000f78001900370061b82000f0
:1065b0001e00780000004000808040001e0178002e
:1065c0000088270000004100000040001300200068
:1065d0000101780080007800f00720006efe0700bf
:1065e0001e007800e60f500008003e001e007800f4
:1065f0008000400060b8200000804000100078005b
:106600009e009000ebfe0700100798001e0fe800a8
:106610001e007800e70f5000e4ff3600a15c800008
:106620001e009000808f500019003a00315c8000fd
:1066300030a42400808f500015003a00405c800098
:10664000e10f500012003a00505c80000000e000b2
:106650000f003500505c8000e10f50000c003c0042
:10666000605c80000000e00009003500605c800094
:10667000e20f500006003c00705c80000000e0006b
:1066800003003500705c8000e10f5000030034000f
:1066900081ff070010002000010037000000eb0020
:1066a0000080fa00000006000000fa00305a800066
:1066b000e30f500005003a00605c8000e10f5000dd
:1066c00002003a0060002000305a8800305a8000f2
:1066d000e10f500005003a00605c8000e20f5000be
:1066e00002003a0070002000305a88000080fa0052
:1066f000000006000400fa000000eb0010079800fc
:106700000000eb00000f780019003700e1b2200014
:106710001e00780000004000808040001e017800cc
:10672000008027000000410000004000130020000e
:106730000101780080007800f007200016fe0700b5
:106740001e007800fc0f500008003e001e0078007c
:1067500080004000e0b2200000804000100078007f
:106760009e00900093fe0700100798001e0fe8009f
:106770001e007800fd0f5000e4ff360013002000db
:1067800002852000010f2f00f007200002fe070005
:10679000415b80001e0090000080680000f0a700b0
:1067a0000000ea000000ea004f00de000080fa006e
:1067b000000006000200fa000000eb00205c8800e8
:1067c0000000eb00000f7800210037001e00780069
:1067d000ec0f500008003e00215c80001e00780095
:1067e00000014000a0b62000000041001000780029
:1067f00070fe0700205c88009e0078000082270061
:10680000008040000000400012002000800078005e
:10681000f0072000edfd07009e00780000822700b1
:10682000008040000000400080007800a2b62000f8
:106830001e0078000000400000004100130020000e
:1068400001017800f107200001fe07001e0fe8009b
:106850001e007800ed0f5000dcff360021ff07001e
:106860000080fa00000006000400fa000000eb00bf
:10687000100798000000eb00000f780019003700a7
:10688000a1b620001e00780000004000808040007b
:106890001e01780000822700000041000000400037
:1068a000130020000101780080007800f00720002c
:1068b000b9fd07001e007800ec0f500008003e00f4
:1068c0001e00780080004000a0b62000008040003c
:1068d000100078009e00900036fe07001007980018
:1068e0001e0fe8001e007800ed0f5000e4ff360098
:1068f000215c80001e0090000080680000f0a7006e
:106900000000ea000000ea004f00de000080fa000c
:10691000000006000000fa0000000000a016800041
:10692000610060000000e000fcff3a00701680008b
:10693000620060000000e000f8ff32000080fa0012
:10694000000006000000fa0000000000a016800011
:10695000610060000000e000fcff3a00800c2000b5
:10696000fa1b07000080fa00000006000400fa008d
:10697000100798001e009000104078000000fb00f7
:10698000000f78001e0090000000e800100798003b
:10699000060037001e009000104078009e00900016
:1069a0008100e80011079800451c07001e007800d0
:1069b00000f0a7000000ea000000ea004f00de003f
:1069c000004078001e0fe9000004e000f1ff3a00eb
:1069d0000080fa00000006000000fa007440800009
:1069e0000267200003002000f002120004003b00b8
:1069f0008502ea000598de00cf98de00040037002b
:106a0000851add000410de00008072008498de002c
:106a10000000780061006000004078000004e000a1
:106a2000020032004006200001003700a0282000ac
:106a3000d04688000080fa00000006000200fa003c
:106a4000000f78001e0078000000e0000500320012
:106a5000805b800080007800a07f2100951b0700ec
:106a600008003700805b80006a00b90000007800f1
:106a700080007800c0f620008e1b0700401f200019
:106a8000b21b07000080fa00000006000800fa00b0
:106a90002007980031079800ae0090003e0090005b
:106aa00000017800110009008200d800000f780072
:106ab000ae0090003e009000000178001100090037
:106ac0008200d8008000fd00100798003e00900072
:106ad0008080d1001e009000808f500001003c009b
:106ae0001e0fe8001e0078000080fa00000006007b
:106af0000000fa000428ef00f04180000000e000f0
:106b00003d003200f0418000620060000000e000c3
:106b100009003200f1418000d003200000806000b5
:106b2000f0418800caa2a90040012000871b07008d
:106b3000caa2a80031003700f04180006100600067
:106b4000004078000004e00005003200f1418000c0
:106b5000e003200000806000f0418800270037003b
:106b6000f0418000640060000000e0000500320099
:106b7000f1418000b003200000806000f0418800f7
:106b80001e003700f0418000680060000000e00057
:106b900005003200f1418000700320000080600099
:106ba000f041880015003700f0418000700060005f
:106bb0000000e000060032002628ef00f1418000ce
:106bc000f002200000806000f04188000b003700d8
:106bd000f141800000022000008060000000e00021
:106be00006003200f04180007f006000f041880024
:106bf0000000000001003700000000000080fa00e3
:106c0000000006000200fa00000f78002047800014
:106c1000e10f50000b003a00405a80000000e000f5
:106c200008003a001e007800800040000099200013
:106c300000804000100078004cff0700e428ef00bf
:106c4000000000000080fa00000006000400fa00c6
:106c5000100798000000eb00000f78001e0078007d
:106c600080004000807b2f00008040009000780072
:106c70001e009000808f500005003e001e0fe800af
:106c80001e007800e90f5000f4ff340001003700c7
:106c9000000000001e0078000080fa0000000600de
:106ca0000600fa00200798002e009000e0eb070095
:106cb000401fb0000180b000823e20000300200091
:106cc00025e60700008fbe000053270001002000ca
:106cd0001e01be00800f5100818f59000300340057
:106ce0002053270001002000008fbe001e00780006
:106cf000d6ff07000080fa00000006000200fa003c
:106d000010002000bfff0700791b07000004e0000f
:106d100034003200881b0700004f78008047800055
:106d20000000e00004003a0060c4b3009e40780018
:106d300080cf50002a003a00c0468000b04388004f
:106d400080478000e10f500007003a0010c4b300f4
:106d50009e40780080cf5000030032007628ef007c
:106d6000081007001f003700804780001e41780090
:106d700081c82000827078000000e8008047880009
:106d800080478000ee0f500003003c00b0438000bd
:106d90000000e00002003a00fa0f0700110037007f
:106da000b0c3b3009e40780080cf50000d003a0081
:106db000405a80000000e000020032001000200075
:106dc0007047880080c820000080e800b4ff0700fa
:106dd000205a88007628ef00ea0f070001003700ec
:106de000000000000080fa00000006003200fa00f7
:106df000889fbe006a0f470080c8200064004000e2
:106e0000200798000040eb00204f98002059800098
:106e10008000eb0005e607000004be00605b800018
:106e2000cf80de00fee507000001be000800be00c6
:106e3000f2e70700024022004397240010e7070012
:106e4000300798004107980080c8200090407800e3
:106e500060c4b30080cf500005003a0090c8200005
:106e60009040780010c4b30080cf50000a00320078
:106e700080c820009040780090c4b30080cf5000bc
:106e800010003a0090c820009040780060c4b30021
:106e900080cf50000b003a0080478000ec0f50007c
:106ea0001a01340050c920008040eb0001487800ee
:106eb00080c820000080e80079ff0700205a880081
:106ec0001701370080c820009040780080c4b300cc
:106ed00080cf50000f013a0090c820009040780009
:106ee00020c5b30080cf50000c013a00a0c820009c
:106ef000104078000080fb00c800dd00b0c8200012
:106f0000104078000080fb000100700041d4240094
:106f1000810f50004d00320041d42400810f5000f9
:106f200011003c00e1242400810f50001f003200ba
:106f3000e1242400810f500004003c00411524008e
:106f4000810f50009c003200da0037002125240018
:106f5000810f5000a100320081b52400810f500044
:106f6000b7003200d3003700d1442500810f500014
:106f7000bc003200d1442500810f500004003c00c9
:106f800081252500810f50004b003200c9003700d9
:106f900001452500810f5000680032004165250041
:106fa000810f500076003200c20037002e009000a2
:106fb000104078000004e0000c003a00205a8000e5
:106fc0008000400000802f0000804000900078008a
:106fd0006a004700811f780061842f00811f7800bc
:106fe000bdea0700e4875700b20037002e0090008a
:106ff000104078000000fb000003b100e90f5000d2
:107000009d003e002e009000d9ea0700100798006e
:107010001e0090000000e000090035001e009000f6
:10702000ea0f500006003c001e0090008000400067
:10703000a07e2f0000804000100078000100370083
:10704000a0002000205a88009a0037002e009000ef
:10705000104078000004e00008003a00e1418000a0
:107060006a004700811f7800d1842f00811f7800bb
:1070700099ea0700e48757008e0037002e00900041
:10708000104078000000fb000003b100e90f500041
:107090007b003e002e0090009040780010c3b300ab
:1070a00000c068000080fb000000e9004f00de0027
:1070b000e04188007f0037002e00900010407800eb
:1070c0000004e00070003a00a05a8000517b2f00bd
:1070d000614078000003fb0025418000205a8000b9
:1070e00080004000609b200000804000100278007b
:1070f000e041800080004000c09c200000804000f3
:10710000900178006a0147003e009000ce00900098
:10711000809fbe00861f7800851f7800841f78003e
:10712000831f780040852f00801f780002007800c0
:1071300069ea0700ee8757005e0037002e009000d6
:10714000104078000004e00051003a00a05a80008e
:10715000517b2f00614078000001fb00214180003d
:107160006a004700821f7800811f780081862f0007
:10717000811f780058ea0700e68757004d00370066
:107180002e009000104078000004e00042003a0019
:107190006a0147003e009000ce009000809fbe0034
:1071a00010872f00801f7800020078004aea07004d
:1071b000e68757003f0037002e009000104078000f
:1071c0000004e00036003a006a0047006200200038
:1071d000b1872f00cdea0700360037002e0090005f
:1071e000104078000004e0002f003a00805a800030
:1071f0000080e900100798001e0090000000e000e9
:1072000002003d000000eb00100798001e009000f7
:10721000e30f5000020034003000200010079800f7
:107220006a0047009e009000811f780011882f009f
:10723000811f780028ea0700e48757001d00370007
:107240002e009000104078000004e00018003a0082
:107250006a0047006200200081882f00abea070027
:10726000140037006a00470052002000e1882f0018
:10727000a6ea07000f003700000000000d003700ed
:10728000000000000b00370000000000090037007c
:107290000000000007003700000000000500370074
:1072a000000000000300370000000000010037006c
:1072b000000000001e007800104078000004e0008c
:1072c00006003a00160037001e00780010407800d3
:1072d0001e0fe800fa190700010037000000000047
:1072e0001e007800104078000004e000f6ff3a002d
:1072f000b0c3b300f2190700d0c0b300f019070003
:10730000a0c0b300ee190700050037000000000020
:1073100003003700000000000100370000000000fb
:107320004f04be000080fa00000006000200fa00d0
:1073300026003700001a07000080fb008fea0700d4
:10734000004f7800804780000000e0000400320019
:10735000b04380000000e00001003a00890e070001
:10736000b0c3b3009e40780080cf500003003a00c5
:107370009efe0700830e0700140037008047800040
:107380000000e00006003a001e4078000054a00013
:107390000000fb001006b100f90f50000b003e008a
:1073a000c0468000b043880080478000ee0f500048
:1073b00006003c00804780001e41780081c8200004
:1073c000827078000000e80080478800c819070034
:1073d0000004e000d7ff3a000080fa000000060039
:1073e0000400fa00100798001e0090004480de00a0
:1073f000000f78001e0078006a00b90000007800d5
:10740000000f78001e0090006f0060001e0040001a
:107410000080fa00000006000600fa006000b800d4
:10742000008fbe000000eb00200798009e00900037
:10743000400620000088b900000178001e00780096
:107440006000b90000007800000141009e00780053
:10745000400620000008b8000101410082007800c9
:10746000008fbe00008fbe0081c820002e0090005b
:1074700000804000104078000080fb00d8ff07002b
:107480006101b9001e00be00020040008380480078
:10749000008fbe002e0090000000e800200798003a
:1074a0002e009000e30f5000e0ff34002203200084
:1074b000030020001e0f41005e9749001e00be0021
:1074c000420620000300200023e40700008fbe00d6
:1074d00000532700010020001e01be00800f510054
:1074e000818f590003003400205327000100200041
:1074f000008fbe001e007800d4fd07000080fa0057
:10750000000006000000fa00881f78000000eb0071
:10751000bcfd0700761907000004e00014003200eb
:10752000884780008419070081c8200080707c0093
:107530000800e80080478800800c2000b0438800e5
:1075400080478000e40f500010003400405a800053
:107550000000e000020032001000200070478800a8
:10756000adff0700205a8800060e0700070037000d
:10757000804780000000e00004003200b04380003b
:107580000000e00001003a00fe0d07004f04780003
:107590000080fa00000006000000fa00889fbe008c
:1075a000104480000000e0001c003a0062418000ae
:1075b00073418000006a280011002000800f5100f4
:1075c000818f59000e0034006041800071418000bd
:1075d00013e407000004be00f05b8000015c800043
:1075e0000fe40700020020000312240024e5070036
:1075f0000001be000800be0021e5070001003700c1
:107600006000b80080438800914388002c28ef0078
:107610002e28ef00400620001044880080438000a0
:10762000914380004f04be000080fa000000060075
:107630000000fa00889fbe004143800000428000a5
:10764000808f5000070032000042800040438800d5
:107650006000b80050438800614388006e28ef0046
:1076600034003700105980008000eb00efe3070082
:107670000004be00505b8000cf80de00e8e307001e
:107680000001be000800be00dce50700c040880025
:10769000d1408800c4408000d54080005043800025
:1076a0006143800018c0b3000001be000400be00aa
:1076b000b8e307000000e00001003c000044eb00dc
:1076c0000804e00007003200c0408000d140800084
:1076d0005043880061438800800c2000704388007c
:1076e0000a003700704380000000e0000400320010
:1076f000704380000000e9007043880003003700f9
:107700006000b80050438800614388005042800008
:107710000000e00003003200c0408000d140800043
:107720000200370050438000614380005200200077
:107730007b0d07004f04be000080fa000000060029
:107740000000fa008c21ef00e842a900e862a900dd
:107750007cfc0700cfa2a900ffff37000400fa005d
:10776000889fbe00c2418000d3418000204380003a
:1077700031438000800f5100818f59000700350090
:10778000c0418000d14180002043880031438800ff
:10779000803e2000f043880007003700f04380005f
:1077a0000000e00004003a006428ef006628ef00c3
:1077b0006000b800008fbe0020438000314380008d
:1077c00097e307000004be00705b8000cf80de00fe
:1077d00093e307000001be000800be0087e5070034
:1077e000008fbe00305b80000000e000150032001a
:1077f00018c0b30062da2d0073c124001e00be0061
:1078000064e307000000e00001003c000044eb00de
:107810000804e0000800320002002500337c240048
:107820001e00be0096e40700c2e7070062002000c9
:107830003b0d070013003700504d8000160d070068
:107840001000370018c0b30062da2d0073c12400a5
:107850001e00be004fe307000000e00001003c00f6
:107860000044eb000804e000040032002200200085
:107870001e00be002a0d070002003700404d8000a8
:10788000050d07004f04be000080fa00000006004e
:107890000000fa00104780000000e00003003a00fa
:1078a000d0622f00fc0c070004003700e04080008d
:1078b000f140800032002000190d07000080fa001e
:1078c000000006000000fa00889fbe008a9fbe00ec
:1078d000804080009140800082142e00a3f7230096
:1078e00046e507000004be00205980008000eb0040
:1078f0004ee307000005be00605b8000cf80de0025
:1079000047e307000001be000a00be003be5070098
:10791000020020008324240059e407000001be0077
:107920000800be0071e30700804088009140880095
:10793000804080009140800042002000f80c070049
:107940004f05be004f04be000080fa000000060094
:107950000000fa00881f7800a85a800020418000ab
:10796000cf80de002ee3070008017800ec0c070052
:107970004f0478000080fa00000006000000fa00c2
:1079800005ff0700809fbe00207a2f00801f78002f
:10799000e0b02000ece80700e6875700e0b02000e8
:1079a000bd0c07006dff07000080fa000000060014
:1079b0006000fa00889fbe008a9fbe008c9fbe00b8
:1079c000660f4700c0418000d141800014e30700ea
:1079d0000004be00705b8000cf80de0010e3070073
:1079e0000001be000800be0004e507001007980073
:1079f00021079800f1418000312f980071428000ea
:107a0000412f980021418000512f980018c0b300e9
:107a100062da2d0073c124001e009000ae009000b9
:107a2000dce207000000e00001003c000044eb0045
:107a30000804e0000700320002c22b00e3cb240060
:107a40001e009000ae0090000de407000005be008f
:107a5000010037006055b800105980008000eb002d
:107a6000f2e207000004be00505b8000cf80de0021
:107a7000ebe207000001be000800be00dfe40700e3
:107a80000200250033842400fde307000006be0049
:107a9000205980008000eb00e4e207000004be00f3
:107aa000605b8000cf80de00dde207000001be00e9
:107ab0000800be00d1e407000240220043972400e2
:107ac000efe307000004be0010478000cf80de0017
:107ad000d3e2070002002000832c2400e8e3070023
:107ae0000001be00205a800080004000e0b220006b
:107af00000804000100078000000e800602f98002f
:107b0000275a8000a05a8000517b2f0061407800e6
:107b10000003fb00e6c8bf008002fb00f15a8000b2
:107b2000307b2f0060c078000002fb00e141800044
:107b3000107b2f0060c078000000fb00e6004700cb
:107b4000712f9800be289000811f7800ce289000e9
:107b5000811f7800de289000811f78008a9fbe0078
:107b60008c9fbe00889fbe00829fbe00ee289000c2
:107b7000811f7800871f7800861f7800851f780096
:107b8000841f7800801f780030892f00801f7800c4
:107b90007e289000d0e707004f02b10004003700b4
:107ba0001e007800104078001e0fe800c417070080
:107bb0001e007800104078000004e000f8ff3a0052
:107bc0004f06be004f05be004f04be000080fa0005
:107bd000000006000400fa0050408000e10f500051
:107be000c5003200c04380000000e0000c003a00f5
:107bf000405a80000000e000090032006cff0700de
:107c0000415a8000803e20000088b90000007800c2
:107c1000c0438800c04380004006b000e0438800b5
:107c2000b31707000004e000b5003200c2170700d8
:107c3000004f78001e407800ea4f5000b20032003a
:107c400080478000e10f50000f003200e10f50002c
:107c500003003c000000e000060032001e00370078
:107c6000e20f50000e003200e30f5000150032000a
:107c700019003700d0c3b3009e40780080cf500079
:107c800017003200a30037001e00fb001004b100f3
:107c9000f90f5000140036003a0c07009d00370021
:107ca0001e407800ed4f5000110032001e00fb0016
:107cb0000003b100e90f50000f003600310c07003f
:107cc000940037001e407800ed4f50000c00320049
:107cd0002c0c07008f0037002a0c07008d0037009e
:107ce000000000000700370000000000050037001a
:107cf0000000000003003700000000000100370012
:107d000000000000804780001e41780081c82000ec
:107d1000827078000000e800804788001e407800ec
:107d2000ed4f50007a003a00405a80000000e00019
:107d300006003200415a8000803e20000088b900d1
:107d4000000078004006b0000100370080382100b4
:107d5000e043880090c8200010407800004f780071
:107d6000a0c82000104078000080fb000003b10094
:107d7000100798001e00fb0071042000810f5000c6
:107d80002e00320071042000810f50000a003c00d8
:107d900021042000810f50001b003200310420001c
:107da000810f50002300320011042000810f500089
:107db000120032004e00370001052000810f5000f4
:107dc0002f00320001052000810f500004003c000c
:107dd000f1042000810f50002600320044003700db
:107de00021052000810f50003600320031052000af
:107df000810f5000350032003d0037001000200098
:107e0000f05a88003a0037001e0090000000e000a1
:107e1000300032001e009000e90f50002f003e009d
:107e20000000eb00f05a88001e009000205a8800e5
:107e30002f0037002efb07002d0037001e0090009a
:107e40000000e000270032001e009000e40f500008
:107e500026003e00205a80009e0090008100e9002c
:107e600000014000e0b2200000004100010878005d
:107e70001f00370010002000e04188001c00370080
:107e80001e0090000000e000010032003bf90700f6
:107e90001e0090000000e00002003200e04d2f00c4
:107ea00001003700d08c2f0080007800d04c2f00cc
:107eb000900b0700c05d2000a416070020fe0700fd
:107ec0000b003700bafe0700090037003c28ef001e
:107ed0000700370000000000050037000000000028
:107ee0000300370000000000010037000000000020
:107ef000a40b070007003700000000000500370052
:107f000000000000030037000000000001003700ff
:107f1000000000000080fa00000006000000fa00e7
:107f2000305a80000000e0001b003200305a800010
:107f3000e10f500016003200305a8000e20f50006e
:107f400011003200305a8000e70f50000c00320060
:107f5000705a8000e10f500007003200705a800014
:107f6000e20f500002003a0040a225000100370055
:107f700000d9260001003700a0de230001003700f1
:107f80006099230001003700006e250001003700d2
:107f9000e06723000100370020a82300004088008c
:107fa0000080fa00000006000c00fa00889fbe0066
:107fb000200798003107980042079800530798005f
:107fc0002e019000be019000b012200001002000a0
:107fd000800f5100818f590002003c006000b80002
:107fe000270037004e009000de0090008ce1070073
:107ff0000004be002e009000be00900088e1070043
:108000000001be000800be009de20700008fbe0018
:1080100018c0b3000271200013f523001e00be003b
:108020005ce107000000e00001003c000044eb00c0
:108030000804e000030032000071200011f5230065
:10804000008fbe000200200003f823001e00be00c7
:10805000a6e107000004be001e01be0000002000d3
:1080600001f8230098e107000001be000800be00ef
:1080700083e2070002002000832c24005fe3070056
:108080004f04be000080fa00000006000000fa0065
:10809000204080000000e00008003a0000192000a5
:1080a00020408800304080000000a200304088005e
:1080b000e101200030732000fe15070030408000f1
:1080c0000000e00026003200f04180006200600005
:1080d0000000e00002003200a04f2f002100370016
:1080e000f041800061006000004078000004e00082
:1080f00002003200404f2f001a003700f04180008c
:10810000640060000000e0000200320000502f0018
:1081100014003700f0418000680060000000e000bb
:108120000200320060502f000e003700f041800046
:10813000700060000000e00002003200c0502f001c
:1081400008003700f141800000022000008060003c
:108150000000e0000200320020512f000100370033
:10816000b07a2f000080fa00000006000000fa003c
:10817000105b80000000e0004a0032006040800098
:10818000e10f500012003a00114780003006200035
:10819000808f500002003c000000eb004a003700d6
:1081a000905a8000d2f92f00000141001147800051
:1081b000000320000088b9008000780000d72e005e
:1081c000008040008200780030fa07003e0037004f
:1081d00060408000e20f50000d003a00a040800097
:1081e000b1408000ede007000001780021598000d7
:1081f000c05b800080805000000320000088b90030
:10820000000078008200780020fa07002e00370076
:1082100060408000e30f500008003a00c04080003a
:10822000d140800002a02500337c240014e2070026
:10823000dae007000000780023003700604080008b
:10824000e40f500017003a00a05a80000000e00040
:1082500008003200c25a8000214180000003200043
:108260000088b900000078008200780007fa070053
:1082700015003700c05a800002fe2f0000014100a7
:1082800021418000000320000088b90080007800b0
:1082900000a02f000080400082007800fbf907005a
:1082a0000900370080418000914180000002be003b
:1082b00040418000514180000001be000400be002a
:1082c000f1e00700000078000080fa0000000600de
:1082d0000000fa0021598000b05b8000808f5000c0
:1082e00003003600f04180000030a000f04188001b
:1082f0002159800030418000808f50000300310000
:10830000f04180000040a000f04188002159800029
:10831000c05b8000808f500003003100f04180007e
:108320000050a000f04188003117800000002800b4
:10833000008060000000e00003003200f041800097
:108340000010a000f0418800c15a80002041800048
:10835000808f500003003d00f04180000020a0000d
:10836000f0418800925a80001147800010002000e0
:10837000810f5100010035000000eb00e141800059
:10838000010060000000e00003003200f0418000c6
:108390000000a000f0418800f04480000000e000f0
:1083a00004003200f04180000000a000f04188008d
:1083b0009e28ef00a05b800080007800f0418000e4
:1083c00000806000f0418800f1418000f002200050
:1083d000008060000000e00005003200ca82a900b1
:1083e00020c5b300e6e8b7003c28ef000a28ef00fc
:1083f0000080fa00000006000600fa00100798004e
:108400002107980010002000000f78001e00900047
:10841000800040000096200000804000100078009e
:1084200041402f00330a07003af90700800c200072
:108430004615070000000000701680006200600012
:108440000000e00004003200a0168000610060001f
:108450000000e000f8ff320000ccb3007a0807000b
:1084600070168000620060000000e00018003a0012
:108470002e009000640060000000e0000100320067
:108480005bf707002e00900061006000004078005c
:108490000004e00001003200c6f807002e00900042
:1084a000620060000000e00002003200b3f7070045
:1084b0004628ef00805b80006500b900000078006e
:1084c00080007800f0a42000fa14070013003700a1
:1084d0002e00900061006000004078000004e00081
:1084e00001003200e0f807002e00900062006000fa
:1084f0000000e000030032007ef8070025f80700c6
:1085000069f807000000eb00000f7800805b800036
:1085100080007800a07f2100e61407001e0078008c
:1085200080004000009a2000008040001000780089
:10853000d9090700803e200004150700f5f8070060
:10854000205b80007b0807000080fa000000060026
:108550000000fa00401f2000d0438800f041800056
:108560000000e0000400320061f907000628ef0077
:10857000f4f8070021003700d04380000000e0003d
:108580000e003a00805b8000000040008000780010
:10859000e0252100c7140700304280000000e00001
:1085a00003003200210020000000eb0092ff0700d2
:1085b00010c0b3002408070061fc0700a01680006b
:1085c000610060000000e000ebff3a00800c20003a
:1085d000de140700604080000000e9006040880071
:1085e000604080000000e00002003d00e0468000a6
:1085f000604088006040800010f907000080fa00a9
:10860000000006000200fa0091522f0080512f0056
:10861000b8090700a0532f00801f7800c2e50700ab
:108620008f87e90000192000c81407003c150700d7
:108630002f1507000004e000130032003e1507006c
:10864000004f780021032000903920009914070082
:108650001e4078001a1507009e80fb001e80fb005c
:10866000811f7800801f780070562f00801f7800cf
:10867000e0b02000b4e50700e6875700e1b0200035
:10868000000c200091090700a01680006100600026
:108690000000e000e6ff3200805b80008000780090
:1086a000c0f6200083140700c0572f00801f7800f9
:1086b0009de507008f87e90019150700a1f807005d
:1086c0000080fa00000006000200fa00900020007e
:1086d000000f78001e0078008000400040c7200096
:1086e000008040008000eb00010878001e00780048
:1086f00000f0a7000000ea000000ea004f00de00e2
:10870000004078001e0fe9000004e000f1ff3a008d
:1087100040012000004488000080fa0000000600ac
:108720000200fa00004280000000e00001003a0070
:108730006228ef00004480000000e0003a003a00a8
:10874000604280000000e000140032000000eb00f6
:10875000000f78001e0078008000400040c7200015
:108760000080400010007800801f780070592f00b2
:10877000801f78006ce50700e48757001e0fe800b3
:108780001e007800e90f5000f2ff3400d0592f008e
:10879000801f780064e507008f87e90090002000c3
:1087a000000f7800a0638000e40f50001d003c0023
:1087b0001e0078008000400040c72000008040007c
:1087c000100078000000e00005003a001e0fe900ec
:1087d0001e0078000000e000f5ff3a0001003700bd
:1087e00000000000104380009e0f500004003d0078
:1087f0009e007800114388009e007800215a88006e
:10880000004280000000e000020032001000200062
:1088100090428800004280000000e0000100320029
:10882000a028ef00a8ff07000080fa000000060063
:108830000400fa0010079800a0002000000f780044
:108840009e0090001e00780000014000c07c2f00b8
:108850000000410010007800808f500005003e00ad
:108860001e0fe9001e0078000000e000f4ff3a004f
:1088700001003700000000001e0078000080fa00b0
:10888000000006000000fa0030598000e8ff0700f1
:10889000205a88000080fa00000006000400fa0058
:1088a000100798000000eb00000f7800010037006f
:1088b0001e0fe8001e007800ea0f500009003c007f
:1088c0001e00780080004000e08c2f0000804000f7
:1088d00010007800800078001e009000808f50000b
:1088e000f3ff35001e00780080004000408e2f000e
:1088f00000804000100078000080fa0000000600b0
:108900000000fa0030598000e4ff0700205a880078
:108910000080fa00000006000000fa00215a8000e2
:1089200040478000808f50001800320050168000b1
:10893000700060000000e00008003200ca82a90058
:1089400020c5b300e6e8b7004001200010458800cc
:1089500010002000004388004f00370000438000d3
:108960000000e00003003200104580000000e0003d
:1089700048003a006028ef00205a800040478800f5
:108980004001200010458800a028ef00205a8000f8
:1089900080004000e0b2200000804000100078001d
:1089a00061006000004078000004e0000200320036
:1089b000cae2a90001003700cae2a800205a8000dc
:1089c00080004000e0b220000080400010007800ed
:1089d000620060000000e00002003200cac2a9008c
:1089e00001003700cac2a800205a8000e10f5000e1
:1089f00002003a00e9a2a80001003700e9a2a9009c
:108a0000205a8000e20f500002003a00e982a800dc
:108a100001003700e982a900205a8000e30f5000ce
:108a200002003a00e9c2a80001003700e9c2a9002b
:108a3000205a8000e40f500002003a00c4e2a8006f
:108a400001003700c4e2a900205a8000e50f500061
:108a500003003200205a8000e60f500002003a0066
:108a6000c4c2a80001003700c4c2a900205a800077
:108a70000000e00003003200205a8000e60f5000a2
:108a800002003400e802a80003003700e802a90051
:108a900001003700000000000080fa00000006001e
:108aa0000000fa00405a80000000e000140032008c
:108ab000c04380000000e00011003a00415a8000ed
:108ac000803e20000088b90000007800c043880084
:108ad000704780000000e00002003a00a000200083
:108ae000205a8800305a8000800040000099200001
:108af00000804000100078009cf70700ee28ef008f
:108b00000080fa00000006000000fa000000eb0000
:108b1000f05a88000080fa00000006000000fa0009
:108b20000080fa00000006000400fa00008fbe007a
:108b3000a05a8000c200dd00207e2f00008040008f
:108b40001000be000001be001e00be00ccdf07000a
:108b5000008fbe00a05a80000000e00005003a002f
:108b600002002000032024001e00be00dfde0700fc
:108b7000008fbe000200200003f023001e00be0094
:108b8000dade0700ade2070084de070000007800af
:108b90000080fa00000006000200fa00889fbe0074
:108ba0000000eb00000f78008ce0a9001e007800a8
:108bb0008000400060cc20000080400090007800e1
:108bc0001e0078000001400020b22000000041009b
:108bd000010878001e0fe8001e007800e50f500025
:108be000f2ff34008ce0a8000041800011418000b9
:108bf000420a2700d3f7230080e007000004be00ec
:108c0000605980008000eb0088de0700a2702d0014
:108c100033c2230079e007000001be000800be0057
:108c2000b2de070000418800114188000041800049
:108c300011418000bcff07002041880000478000f0
:108c40000000e00016003200004780000000e9004c
:108c50000047880051598000105c8000008040006f
:108c60006101b800c0428000d14280000200400093
:108c700083804800c0428800d1428800405980006b
:108c80006101b800e0428000f14280000200400033
:108c900083804800e0428800f1428800520037009b
:108ca000c4428000d542800020b7200010407800e8
:108cb0000080fb008000eb000001be000400be004d
:108cc00025de0700c0428800d1428800e4428000cf
:108cd000f542800020b72000104078000080fb00a3
:108ce0008000eb000001be000400be001ade070099
:108cf000e0428800f1428800c2428000d3428000f6
:108d0000c0428000d1428000009ab900040278007d
:108d1000028bb90086027800050242000010b800fc
:108d2000010242008400780080418800914188005f
:108d3000e2428000f3428000e0428000f142800085
:108d4000009ab90004027800028bb900860278000c
:108d5000050242000010b8000102420084007800c1
:108d6000a0418800b1418800824180009341800089
:108d7000a0418000b1418000000051008180590075
:108d8000c0418800d1418800e0428000f14280006b
:108d9000c4428000d54280000001be000400be0035
:108da00081fc0700e0408800f1408800e04080003e
:108db000f1408000f9dd07000000780010478800ce
:108dc0005c28ef005e28ef00e0428000f142800066
:108dd000c0428800d142880020b7200010407800af
:108de0000080fb00004788004f04be000080fa00ae
:108df000000006000600fa00000f78001107980036
:108e0000220798001e007800900078001e00900055
:108e1000808f5000030034001e0078009e009000f8
:108e2000010878001e007800900078002e00900065
:108e3000808f500003003d001e007800ae009000bf
:108e4000010878000080fa00000006000400fa0023
:108e5000a05a80000000e00006003200d05a8000d6
:108e6000650f4000d05a80006a004000100798004b
:108e700005003700d05a80006a0f4000d05a8000a9
:108e800074004000100798004e28ef00d15a80006f
:108e900020418000808f500002003c001000200024
:108ea00070428800204180009e0f50000200350073
:108eb0002000200070428800214180001e009000a8
:108ec000808f500002003500300020007042880082
:108ed000b15a8000704280000080400070428800db
:108ee0000001eb0031002000e0842000c1ff0700fa
:108ef000704280006200600000f0a7000000ea00fd
:108f00000000ea004f00de00004078000080fb0017
:108f1000610060004200dd00411780000120a100d7
:108f20000100700040178800704280000040780007
:108f30006140600061406000614060000080fb00b3
:108f4000610060004300dd00411780000130a10096
:108f500001007000401788000080fa000000060041
:108f60000000fa00c08f2f00801f780080902f0033
:108f7000801f7800a06d2f00801f780050412f00c7
:108f8000801f780068e30700e887570030432f0010
:108f9000801f780064e307008f87e90010472f00e7
:108fa000801f780060e307008f87e900204b2f00c7
:108fb000801f78005ce307008f87e900c0cc2100a8
:108fc00001002000809fbe0000732f00801f7800ea
:108fd00055e30700e68757000080fa00000006000e
:108fe0000800fa00881f7800000f78001107980029
:108ff0002207980033079800f04680000000e00048
:10900000090032001e00900010047800cc11070007
:109010009e0078000180b9000000780080004400c4
:109020001e009000010878003e019000ae00900004
:109030001e0090006fff07004f0478000080fa00c8
:10904000000006000200fa00000f78008001eb002b
:10905000120020009e00780010002000e0ff0700b2
:109060000080fa00000006000200fa000000eb0099
:10907000000f7800305a8000b042880003003700ab
:109080001e0078000000e800000f78001e00780045
:10909000e60f500008003c001e00780080004000f1
:1090a000e0902f000080400090007800305a80004f
:1090b000808f5000f2ff3a008001eb007200200028
:1090c0008e00780010002000c5ff07001e00780009
:1090d00080004000e0902f000080400010007800e9
:1090e000305a8800315a8000b0428000808f500092
:1090f00017003200305a8000e10f500005003c009c
:10910000405a80000000e00002003a0020002000e9
:10911000405a8800305a8000e20f500002003a00a6
:109120000000eb00405a8800305a8000e70f5000e2
:1091300002003a000000eb00405a8800305a8000dc
:10914000e50f500002003a0090002000205a8800ed
:1091500072fb0700305a8000e30f500002003a0013
:10916000500020000100370040002000e046880049
:10917000305a800080004000809020000080400035
:1091800010007800801f7800005a2f00801f7800a0
:10919000e0b02000ece20700e48757000080fa000e
:1091a000000006000000fa008001eb0072002000c1
:1091b00001b520001000200089ff0700805a8000c0
:1091c00030120700805a800080004000a0102f005d
:1091d0000080400010007800801f7800b05a2f00f7
:1091e000801f7800e0b02000d7e20700e487570036
:1091f0000080fa00000006000000fa008001eb0089
:1092000022002000e1b420001000200074ff0700bd
:1092100042fb0700705a800080004000009b200045
:109220000080400010007800801f7800b05b2f00a5
:10923000801f7800e0b02000c3e20700e4875700f9
:109240000080fa00000006000000fa008001eb0038
:10925000a200200081b420001000200060ff070061
:10926000405a80000000e00008003200405a8000b0
:10927000801f7800505c2f00801f7800e0b0200035
:10928000b1e20700e487570007003700305d2f0088
:10929000801f780000762f00801f7800e0b020004b
:1092a000a9e20700e48757000080fa0000000600ea
:1092b0000000fa0023032000823e2000c1b42000f9
:1092c000a000200046ff0700605a8000600c880064
:1092d000605a8000801f7800405e2f00801f780059
:1092e000e0b0200098e20700e48757000080fa0011
:1092f000000006000000fa008001eb0082bb2000a5
:10930000a1b420002003200035ff0700505a800040
:10931000900c8800505a8000801f7800205f2f003a
:10932000801f7800e0b0200087e20700e487570044
:109330000080fa00000006000000fa00430620004a
:109340004238200021b52000a000200024ff0700a3
:10935000905a8000cf80de00b1dc070002002000c0
:10936000832c2400c6dd0700809fbe00f05f2f0025
:10937000801f7800e0b0200073e20700e687570006
:109380000080fa00000006000000fa008001eb00f7
:109390003200200061b520001000200010ff0700ff
:1093a000b05a800080004000c08f20000080400044
:1093b00010007800801f7800b05b2f00801f7800bd
:1093c000e0b0200060e20700e48757000080fa0068
:1093d000000006000000fa0040b5200019ff070059
:1093e000a15a800040428000808f50000e00320061
:1093f000a05a800040428800a05a80000000e0008f
:109400000500320060042000c05a8800800220005d
:10941000d05a880004003700e0092000c05a8800b4
:1094200080062000d05a8800a05a800080004000aa
:10943000409020000080400010007800801f7800dd
:10944000903f2f00801f7800e0b020003ee2070030
:10945000e48757000080fa00000006000000fa00d0
:10946000a05a80000000e000060032002303200024
:109470004206200081b5200010002000d8fe070021
:109480000500370083072000420d200081b5200031
:1094900010002000d2fe0700a05a8000517b2f0050
:1094a000614078008000fb00c05a8000811f780076
:1094b000801f7800d03e2f00801f7800203e2f00b4
:1094c000801f7800e0b020001fe20700e887570007
:1094d0000080fa00000006000000fa00a05a800098
:1094e0000000e0000b003200c05a80007400500001
:1094f0008001eb0000017800a1b5200010002000e1
:10950000b7fe0700d05a80000080e90020428800a2
:109510000a003700c05a80008002b1000302200018
:1095200000017800a1b5200010002000acfe07006b
:10953000d05a80006400500020428800a05a800069
:10954000517b2f00614078008000fb00d05a8000e2
:10955000811f7800801f7800303f2f00801f780027
:10956000203e2f00801f7800e0b02000f6e10700c9
:10957000e88757000080fa00000006000000fa00ab
:1095800000b62000affe0700005b800080004000b6
:10959000409220000080400010007800801f78007a
:1095a000903f2f00801f7800e0b02000e6e1070028
:1095b000e48757000080fa00000006000000fa006f
:1095c00020b620009ffe0700105b80008000400056
:1095d000809220000080400010007800801f7800fa
:1095e000d0602f00801f7800e0b02000d6e1070097
:1095f000e48757000080fa00000006000000fa002f
:109600008001eb002200200041b620001000200065
:1096100073fe0700205b800080004000a0992000be
:109620000080400010007800801f780090612f00bb
:10963000801f7800e0b02000c3e10700e4875700f6
:109640000080fa00000006000000fa0060b620006a
:109650007cfe0700305b800080004000409a2000c4
:109660000080400010007800801f780090612f007b
:10967000801f7800e0b02000b3e10700e4875700c6
:109680000080fa00000006000000fa008001eb00f4
:1096900042002000c1b520001000200050fe07004d
:1096a000e05a80008000400040962000008040008a
:1096b00010007800801f780030622f00801f780033
:1096c000e0b02000a0e10700e48757000080fa0026
:1096d000000006000000fa00a0b8200059fe0700b4
:1096e000505c80008000400080922000008040009c
:1096f00010007800801f7800b05b2f00801f78007a
:10970000e0b0200090e10700e48757000080fa00f5
:10971000000006000000fa00704080008000400059
:10972000e09620000080400010007800801f780044
:1097300000762f00801f7800e0b0200082e1070053
:10974000e4875700e1b02000000820005f05070013
:109750007040800080004000c09e200000804000db
:109760001000780000000100e1b02000000c200093
:10977000560507000080fa00000006000200fa000b
:10978000000f7800704080001e004000704088008c
:1097900070408000f00f5000010034000e28ef00f0
:1097a000704080000000e00002003d000001200049
:1097b00070408800305a8000e30f500006003200ed
:1097c00070408000f00f500003003a0070408000ad
:1097d0001e0040007040880070408000f00f500074
:1097e000010034000e28ef00704080000000e0000f
:1097f00002003d000001200070408800305a8000c7
:10980000e20f500009003400705a8000e10f500050
:109810000600320070408000e30f500003003a0061
:10982000704080001e00400070408800305a800068
:10983000e20f500003003400305a8000e70f500060
:109840000b003a0070408000e20f50000a003a001e
:10985000704080001e004000704088000700370004
:10986000704080001e0040007040880003003700f8
:10987000000000000100370000000000305a8000a6
:10988000e70f500006003a0070408000e20f5000e1
:10989000f3ff320070408000e30f5000f0ff320011
:1098a00070408000f00f5000010034000e28ef00df
:1098b000704080000000e00002003d000001200038
:1098c0007040880044f40700704080005bf407009b
:1098d0000080fa00000006000200fa00000f780085
:1098e0001e007800a5ff0700de28ef0089ff0700b3
:1098f00010002000f0468800a02820001310070068
:109900009a28ef000080fa00000006000600fa0026
:10991000000f780011079800220798001e009000a1
:109920009e007800808f500004003a00e11520006e
:10993000f0a42000df0f07000c0037002e0090007d
:109940009e007800808f500004003a00e11520004e
:10995000c0f62000d70f070004003700805b8000ae
:1099600080007800a07f2100d20f07000080fa005d
:10997000000006000600fa00889fbe00f0f32f00ea
:1099800000168800c222ef0080e027003016880011
:10999000c822ef00e001240060168800ce22ef000c
:1099a0001000200090168800d422ef00c0c72f00be
:1099b000f0168800e022ef00000028002017880041
:1099c000e622ef00cfa2a800e862a80040442500ec
:1099d000a0048800b1048000f08f2f008080600018
:1099e0000050200001007000b0048800c104800015
:1099f000f0f82f0080806000000620000100700059
:109a0000c0048800550f0700180307001210070054
:109a1000f4f0070094f30700000f780035f3070017
:109a200010079800dbf207000000e00001003200a0
:109a3000acf207001cf30700705a8000e20f5000e0
:109a400018003a00305a8000e20f50001500340030
:109a5000305a8000e70f500012003200824280002e
:109a60001e00900080004000c09a2000008040004e
:109a7000900078001e00780080014000c09a20000d
:109a80000080410010007800821f7800811f78005c
:109a9000801f780050632f00801f7800a2e007002d
:109aa000e88757001e0078000000e00003003a003d
:109ab0001e0090000000e0000d00320018050700b5
:109ac00030682f00801f780097e007008f87e9003b
:109ad000916c2f00806b2f0086040700c4f10700f3
:109ae00034f3070025f20700c05d2000970f070040
:109af000a05b80007000b300a05b8800701680003f
:109b0000620060000000e00003003a0071002000e5
:109b10001000200038fa0700505a8000900c88008e
:109b2000605a8000600c8800205b80000103070001
:109b300070168000680060000000e0000a003a0033
:109b400080382100c046880071772f0060762f0092
:109b500068040700000000007016800068006000c4
:109b60000000e000fcff320030b720001040780019
:109b70000004e0000e00320080902f00801f78006b
:109b8000a06d2f00801f7800c04e2f00801f78002e
:109b9000e0b020006ce00700e6875700516e2f0010
:109ba000e0b0200053040700007d2000000f780083
:109bb000004b2000d04388001e003700d0438000b7
:109bc0000000e0001b003a00e1152000e025210024
:109bd000380f070080902f00801f780040702f0002
:109be000801f7800e0b0200057e00700e4875700ae
:109bf000e1b02000606f2f003e04070051f3070022
:109c0000f1712f00e0702f003a040700007d200062
:109c10004e0f0700100020005042880090002000e6
:109c2000205a8800504280000b0d07000000eb0016
:109c3000000f7800a0168000610060000000e000c6
:109c4000deff3a00205a8000e90f50000200340085
:109c500090002000205a8800504280000000e00060
:109c600003003a0041062000f0a42000110f070075
:109c70004a28ef00e842a800e862a900caa2a900a9
:109c80001e007800310f0700caa2a800e842a90010
:109c9000e862a900805a80007a0f0700705a80009d
:109ca000e20f500007003a00305a8000e20f5000e7
:109cb00004003400305a8000e70f500001003200e9
:109cc000a7fc070011168000000022000080600041
:109cd0000000e00001003a004afa0700a05a8000a4
:109ce00040428800a15b80000002200000806000ec
:109cf0000000e00002003200d05b8000010037006d
:109d00000000eb0030418800f05a80000000e000c5
:109d100002003a00205a8000010037009000200025
:109d200010428800d05a8000e4005000a05a800001
:109d3000000040000080400020428800305a80002f
:109d4000e30f500002003a0050002000e046880077
:109d50000c040700a00020007df00700cf80de008b
:109d60002fda07000004be00605b8000cf80de00b9
:109d70002bda07000001be000800be001fdc070050
:109d80008040880091408800e000200070f00700cb
:109d9000cf80de0022da07000041880011418800f0
:109da000e05b8000cf80de0082cf25000289b90011
:109db000020178007d02b9008401780003014100ae
:109dc00083cf25000300b800010141008200780024
:109dd000725b8000cf91de002bda070040418800e3
:109de00051418800b15b8000c05b80000080500062
:109df000cf80de000ada0700a0408800b14088006a
:109e000046f80700a0282000d04688007e28ef00f2
:109e10003428ef003628ef00a0418000b1418000d7
:109e20008041880091418800e05a800060408800ad
:109e30000100370000000000501680006200600042
:109e400000f0a7000000ea000000e9004f00de007b
:109e5000004078000080fb006100600000004000ce
:109e6000511680000110a1000100700050168800fa
:109e70009c28ef00401680004300de006140600037
:109e80000080fb0000428800004280000000e000eb
:109e900001003a00a028ef00305a8000e30f500084
:109ea0000c003a00505c80000000e00009003a001d
:109eb000004280000000e00002003a005228ef005b
:109ec00004003700a04280000000e00001003a00da
:109ed000fdf9070000428000a0428800305a80004f
:109ee00080004000c09d20000080400010007800ed
:109ef0000000010028fb0700f5f80700a02820005b
:109f0000d04388001116800000002200008060000d
:109f10000000e0003b003a00f04180000000e0005b
:109f200038003a00d04380000000e00017003a00fb
:109f3000504080000000e00012003a00e1152000cf
:109f4000c0f620005b0e0700100020005040880083
:109f500031792f0080782f00660307009ef20700fa
:109f60000000000011168000000022000080600048
:109f70000000e000fbff3200800c2000730e0700a1
:109f8000020037001000200053fe07001116800069
:109f900000002200008060000000e000e1ff3200cd
:109fa000800c2000690e0700d04380000000e00014
:109fb00013003200504080000000e0000e003a0024
:109fc000604080000000e800604088006140800040
:109fd000e04680000000e800000178001100090060
:109fe0008200d8008000fd00604088006040800052
:109ff00092f207000200370010002000dffd07008a
:10a00000cf0d0700504080000000e0002e013a0014
:10a01000f04180000000e0008a003a0070168000e5
:10a02000700060000000e00012003a00e041800093
:10a030000000a200e0418800815b8000e0418000d8
:10a040000000e00002003200a07f21000100370084
:10a05000c0f62000170e07000000000070168000f8
:10a06000700060000000e000fcff3200800c200067
:10a07000360e0700111680000000210000806000ed
:10a080000000e00025003a00305a8000e50f500043
:10a0900022003200f05a80000000a200f05a88002e
:10a0a0001000200020478800100020003042880067
:10a0b000f05a80000000e0000600320082f907003c
:10a0c000205a800010428800a0002000205a8800fa
:10a0d0000200370010428000205a8800815b800017
:10a0e000f05a80000000e00002003200c0f62000bc
:10a0f00001003700a07f2100ee0d070000000000e6
:10a100001116800000002100008060000000e000c7
:10a11000fbff3200800c20000c0e07007016800040
:10a12000620060000000e000040032007016800051
:10a13000680060000000e00042003a000042800039
:10a140000000e0003f003a0010002000304288008c
:10a15000f05a80000000e000090032000000eb002f
:10a16000f05a880010428000205a8800805b8000ee
:10a1700080007800a07f2100ce0d07002f0037005f
:10a18000215a800070168000620060000000e0002c
:10a1900002003a0010002000010037000080eb00b0
:10a1a00000804000205a880012002000910020000a
:10a1b00040b420000ffb0700205a8000120020004e
:10a1c00091002000d1fd0700005b80000000e0004e
:10a1d00006003200205a800080004000409320009a
:10a1e000008040001000780005003700205a8000f1
:10a1f00080004000a0942000008040001000780003
:10a2000080007800a00c2000b0020700a0282000e9
:10a21000ce0d070070168000620060000000e000b4
:10a22000d7ff320070168000680060000000e00078
:10a23000d3ff3200205a8000104288001000200016
:10a240002047880000c8b300ff000700604080007e
:10a25000e40f500002003c00c4f707005f02070053
:10a260006040800080004000009d20000080400091
:10a270001000780000000100205a8000800040009b
:10a28000e0b2200000804000100078008000400014
:10a29000c09120000080400010007800800078000d
:10a2a000000c200089020700f04180000000e0005f
:10a2b0000300320075f707001040880017003700d0
:10a2c000e04180000000e000120032000042800007
:10a2d0000000e0000c003200205a8000ea0f50001d
:10a2e00006003200205a80000000e0000300320027
:10a2f000e0742f00104088000800370040752f00e0
:10a300001040880005003700a0752f00104088001d
:10a310000200370080742f00104088001040800039
:10a320005d020700f05a800080004000809120000c
:10a33000008040001000780057020700005b80009a
:10a340000000e00006003200205a8000800040003b
:10a350004093200000804000100078000500370086
:10a36000205a800080004000a0942000008040001f
:10a370001000780048020700f10c07002007980041
:10a380002e0090000000e0002800320010002000a5
:10a3900030428800205a8000215a8000018140000c
:10a3a000e1b220008100410011017800ae00900070
:10a3b0000100e00007003c00ae0090000100e0005a
:10a3c00002003d008080eb00010037008000eb00c0
:10a3d0000100370011002000810041000001400011
:10a3e000e0b220000000410001087800205a8000ff
:10a3f0000000400080007800e0b2200000804000b3
:10a400000001eb00310020007afa0700205a80009a
:10a4100080004000e0b22000008040001000780082
:10a420000001eb003100200038fd07003af9070079
:10a43000004280000000e0001f003200e041800088
:10a440000000e0001c003200f04180000000e0004d
:10a4500019003a00205a8000ea0f5000160032001e
:10a46000205a80000000e0001300320010458000f8
:10a470000000e00010003a00004580000000e0000d
:10a480000d003a00305a8000e30f500006003a00f9
:10a49000505c80000000e00003003a009042800021
:10a4a0000000e00004003200ca82a80040c5b300ea
:10a4b000e6e8b70020003700ca82a90020c5b30033
:10a4c000e6e8b7001c0037003c28ef00ca82a9006c
:10a4d00020c5b300e6e8b7008efc070070168000c8
:10a4e000700060000000e00013003a00805b800014
:10a4f00080007800a07f2100ee0c070021002000e2
:10a500000000eb00bcf707000a28ef00a02820009d
:10a51000d04688008a0c07001a020700305a8000d3
:10a52000e30f50000400320060408000e50f50004f
:10a5300001003a000c28ef0044fa070000408000b8
:10a5400000000100a0168000610060000000e00033
:10a5500038fe320050408000e10f500007003a0002
:10a560000080eb00dcfc0700a016800061006000aa
:10a570000000e000faff3a002ffe3700f4f7070072
:10a580002dfe37000200fa00004f78000900fc00a1
:10a59000b1168000f00f2000808060001e80fb005c
:10a5a0004800dd0001007000b01688001000200097
:10a5b000d50c0700d6a2a80010002000d20c07007e
:10a5c000d6a2a90010002000cf0c07000080fa00de
:10a5d000000006000200fa000400fc009116800052
:10a5e00000f02f000100700090168800d6c2a8006d
:10a5f000d6e2a90010002000c30c0700d6a2a800d4
:10a6000010002000c00c0700a116800000002800e8
:10a61000008f6000d6a2a9001e0078000000e000b4
:10a62000f4ff3a00d6c2a900d6e2a8000400fc005c
:10a6300091168000f00f20000080600090168800c6
:10a640000080fa00000006000200fa00004f7800c7
:10a65000e0ff0700d6e2a9001e407800c9ff07000e
:10a66000d6e2a8000080fa00000006000200fa000e
:10a670000000eb00000f7800d6e2a900d6c2a900c6
:10a68000f0002000b10c0700e0c82f001e004000c1
:10a6900010407800bbff070050002000ab0c070003
:10a6a0001e0fe8001e007800e50f5000f6ff340092
:10a6b000d6e2a800007d2000900c8800c012200087
:10a6c000600c88000080fa00000006000200fa001a
:10a6d000004f7800bfff07001e407800a9ff070069
:10a6e0000080fa00000006000400fa00004f780025
:10a6f00011079800020037001e407800f3ff0700a2
:10a700001e00900000f0a7000000ea000000ea0030
:10a710004f00de00004078009e0090008100e900bc
:10a72000110798000004e000f3ff3a000080fa00ef
:10a73000000006000200fa00000f780000c4b30019
:10a74000c1ff07001e007800e20f500058003a00d9
:10a75000210020000040eb00e3ff07001100200073
:10a7600000c1b300e0ff07002100200050c1b3008a
:10a77000ddff07001100200000c1b300daff070071
:10a78000210020000040eb00d7ff0700210020003f
:10a790000040eb00d4ff07001100200080c1b3008f
:10a7a000d1ff070021002000d0c1b300ceff070079
:10a7b0001100200080c1b300cbff07002100200062
:10a7c0000040eb00c8ff0700210020000040eb0024
:10a7d000c5ff070011002000c0c1b300c2ff070081
:10a7e00021002000d0c1b300bfff070011002000ee
:10a7f000c0c1b300bcff0700210020000040eb00f7
:10a80000b9ff0700210020000040eb00b6ff070061
:10a8100011002000e0c1b300b3ff070021002000b9
:10a82000f0c1b300b0ff070011002000e0c1b30089
:10a83000adff0700210020000040eb00aaff070049
:10a84000210020000040eb00a7ff0700410020008e
:10a85000f0c1b300a4ff0700210020000040eb007e
:10a86000a1ff0700210020000040eb009eff070031
:10a8700041002000f0c1b3009bff07002100200031
:10a880000040eb0098ff0700210020000040eb0093
:10a8900095ff07004100200000c1b30092ff0700b0
:10a8a000210020000040eb008fff0700b8003700b8
:10a8b0001e007800e10f500076003a0011002000e1
:10a8c0000040eb0088ff07002100200000c1b3001a
:10a8d00085ff07002100200050c1b30082ff070060
:10a8e0002100200000c1b3007fff070011002000fd
:10a8f0000040eb007cff0700110020000040eb004f
:10a9000079ff07001100200000c1b30076ff0700a7
:10a910001100200080c1b30073ff07002100200058
:10a92000d0c1b30070ff07001100200080c1b30048
:10a930006dff07001100200000c1b3006aff07008f
:10a94000110020000040eb0067ff0700110020000d
:10a950000040eb0064ff07001100200000c1b300bd
:10a9600061ff070011002000c0c1b3005eff0700b7
:10a9700021002000d0c1b3005bff070011002000c0
:10a98000c0c1b30058ff07001100200000c1b30090
:10a9900055ff0700110020000040eb0052ff0700a8
:10a9a000110020000040eb004fff070011002000c5
:10a9b00000c1b3004cff070011002000e0c1b3004c
:10a9c00049ff070021002000f0c1b30046ff070047
:10a9d00011002000e0c1b30043ff07001100200078
:10a9e00000c1b30040ff0700110020000040eb0051
:10a9f0003dff0700110020000040eb003aff070078
:10aa00001100200000c1b30037ff07004100200003
:10aa1000f0c1b30034ff07001100200000c1b300f3
:10aa200031ff0700110020000040eb002eff07005f
:10aa3000110020000040eb002bff07001100200058
:10aa400000c1b30028ff070041002000f0c1b3009f
:10aa500025ff07001100200000c1b30022ff0700fe
:10aa6000110020000040eb001fff07001100200034
:10aa70000040eb001cff07006100200000c1b30094
:10aa800019ff0700110020000040eb0016ff07002f
:10aa90003f003700210020000040eb0012ff0700bc
:10aaa0003100200000c1b3000fff0700310020007b
:10aab0000040eb000cff0700110020000040eb00fd
:10aac00009ff07005100200000c1b30006ff070086
:10aad000210020000040eb0003ff070011002000d0
:10aae0000040eb0000ff07005100200000c1b30050
:10aaf000fdfe0700210020000040eb00fafe0700e9
:10ab0000110020000040eb00f7fe0700510020007c
:10ab100040c1b300f4fe0700210020000040eb001c
:10ab2000f1fe0700110020000040eb00eefe0700e0
:10ab30005100200040c1b300ebfe070021002000bf
:10ab40000040eb00e8fe0700110020000040eb0091
:10ab5000e5fe07005100200050c1b300e2fe0700ef
:10ab6000210020000040eb00dffe07002100200054
:10ab70000040eb00dcfe07003100200000c1b30004
:10ab8000d9fe0700310020000040eb00d6fe070090
:10ab9000110020000040eb00d3fe07001100200050
:10aba000c0c1b300d0fe07001100200040c1b300b7
:10abb000cdfe070011002000c0c1b300cafe07008f
:10abc000410020000040eb00c7fe070010c0b300aa
:10abd0009dfe07000080fa00000006000800fa0051
:10abe000300798000000eb0010079800be009000ae
:10abf00000032000808f500002003400000320007a
:10ac0000300798003e019000b0aa22000090b900e1
:10ac10004f91de0002805000200798003e00900017
:10ac2000b1aa22000181b900cf80de0081805100ed
:10ac30006609b9008200780001005000000f78001a
:10ac40009e0090002e009000808f500003003d0079
:10ac500050c0b3009dfe0700050037001e007800bd
:10ac60000040780099fe07000000eb00000f78001c
:10ac70001e0090000000e800100798001e009000e1
:10ac8000e70f5000eeff340060c0b3008ffe0700f6
:10ac90000080fa00000006000000fa00881f78001b
:10aca0000004780003003700184078000804e8002a
:10acb00086fe0700184078000004e000faff3a0022
:10acc0004f0478000080fa00000006000400fa003b
:10acd000000f7800110798001e00780000407800ef
:10ace00059fe07001e009000ebff07000080fa00ed
:10acf000000006000400fa00000f78001107980019
:10ad00009e00780010002000f0ff07009e009000d9
:10ad1000000c2000edff07000080fa000000060094
:10ad20000600fa00008fbe00220798002e00900057
:10ad3000c200dd00c0cc2f00008040001000be002b
:10ad40000001be001e00be004dd707002e0190007e
:10ad50008201410082cb2000028141001201780073
:10ad6000809fbe00821f7800e0b02000f6db070065
:10ad7000e6875700e0b02000c7ff07000080fa0018
:10ad8000000006000000fa00000120008047880053
:10ad9000804780000000e9008047880080478000ed
:10ada00081c820000041eb0082707800804780005d
:10adb0000000e000f6ff3a000080fa000000060004
:10adc0000200fa00200020008eef0700480b070069
:10add0000004e00041003200570b0700004f7800ec
:10ade0001e407800ea4f50003b0032008047800050
:10adf000e10f500009003200e20f50000d00320058
:10ae00000000e00011003a00d0c3b3009e4078007b
:10ae100080cf5000240032003000370020c4b3003f
:10ae20009e40780080cf500021003200f028ef00d3
:10ae30002a0037001e00fb000003b100e90f50009c
:10ae40001d003600f028ef00240037001e40780077
:10ae5000ed4f500012003a00804780001e417800fc
:10ae600081c820008270780080c820000080e8003f
:10ae70003fdb0700205a8800205a80000000e000d5
:10ae800003003400205a8000e90f50000200340013
:10ae9000a0002000205a8800100020007047880081
:10aea000b8ff07000d003700000000000300370066
:10aeb0000000000001003700000000008047800013
:10aec0001e41780081c82000827078000000e800f0
:10aed0008047880001003700000000000080fa0071
:10aee000000006000a00fa00008fbe00220798004a
:10aef00034079800450798002e009000cf80de00b0
:10af0000c7d507001e01be00bcd707003e01900058
:10af1000ce019000dad607000080fa00000006009b
:10af20000400fa00606d2e00801f7800606d2e0016
:10af3000801f7800208a2e00801f7800708a2e00e3
:10af4000801f7800c08a2e00801f7800c4da0700b6
:10af5000ea8757000000eb00000f78001900370067
:10af60008e80e8001e01780000002f0000004100e4
:10af7000130020000101780080007800f007200015
:10af800005ec07001e0078006f0060000000e00084
:10af900005003a009e1f7800808d2e00801f7800eb
:10afa000afda0700e48757001e009000801f78008a
:10afb000108e2e00801f7800a9da0700e487570062
:10afc0001e8fe800f01020009e007800808f500057
:10afd000e3ff3400606d2e00801f7800606d2e004e
:10afe000801f7800708e2e00801f78009cda07008a
:10aff000e68757000080fa00000006000600fa000d
:10b00000008fbe00220798001e01be001e00be0079
:10b010007ad70700008fbe00705b800004c22b004f
:10b02000e5cb2400000178001e00be00adff070044
:10b030002e019000821f7800809fbe0080682e0045
:10b04000801f780038db0700e88757000080fa008f
:10b05000000006000400fa00008fbe00505b800074
:10b060000400250035842400000178001e00be0085
:10b070009cff0700628f2e00821f7800809fbe0019
:10b08000f0672e00801f780027db0700e887570055
:10b090000080fa00000006000400fa00008fbe00e5
:10b0a000605b800004402200459724000001780086
:10b0b0001e00be008bff0700b28f2e00821f78009b
:10b0c000809fbe00f0672e00801f780016db07000f
:10b0d000e88757000080fa00000006000600fa002a
:10b0e0001007980021079800305a8000e60f5000a2
:10b0f00006003a001e009000ae00900027d5070021
:10b1000000007800e5f50700050037001e009000fc
:10b11000ae00900021d5070000007800c4f50700bc
:10b12000000f78001e0078008000400040c2200020
:10b130000080400010007800801f78009e1f78007b
:10b1400010902e00801f780045da0700e687570030
:10b150000080fa00000006000400fa00008fbe0024
:10b16000a2902e001e00be00a4ff07000080fa007f
:10b17000000006000400fa00008fbe00105c800092
:10b18000cf80de0026d507000001be001e00be00f5
:10b1900056d50700008fbe0022912e001e00be0073
:10b1a00096ff07000080fa00000006000400fa0085
:10b1b000008fbe00a05a80000000e0000a003200ac
:10b1c000d2a32000331824001e00be002cd6070096
:10b1d000809fbe0090692e00801f7800d2da0700a1
:10b1e000e68757000c003700a299290013112400ac
:10b1f0001e00be0022d6070002002000032024000b
:10b200003ad50700809fbe0090692e00801f78000d
:10b21000c5da0700e6875700a05a8000800040008a
:10b22000409020000080400010007800801f7800cf
:10b23000a0912e00801f7800bbda0700e48757003a
:10b240000080fa00000006000000fa00d0912e00f5
:10b25000801f780002da07008f87e9003e28ef00a0
:10b260000080fa00000006000000fa0020932e0083
:10b27000801f7800fad907008f87e900f04180002d
:10b280000010a000f04188000080fa0000000600d5
:10b290000000fa0050942e00801f7800f0d90700bb
:10b2a0008f87e900f04180000000a000f041880095
:10b2b0000080fa00000006000000fa0040952e0011
:10b2c000801f7800e6d907008f87e900f0418000f1
:10b2d0000020a000f04188000080fa000000060075
:10b2e0000000fa00a05b8000680060000000e00041
:10b2f0000a00320030642e00801f7800b0962e00c5
:10b30000801f7800d6d90700e4875700f0418000fd
:10b310000030a000f04188000800370090662e0041
:10b32000801f780030642e00801f780040972e0028
:10b33000801f7800cad90700e68757000080fa000e
:10b34000000006000000fa00a15b8000000220005f
:10b35000008060000000e0000c003200c0652e009c
:10b36000801f780000652e00801f7800d0972e0087
:10b37000801f7800bad90700e6875700f0418000a7
:10b380000040a000f04188000a00370090662e00bf
:10b39000801f7800c0652e00801f780000652e0099
:10b3a000801f780080982e00801f7800acd907009d
:10b3b000e88757000080fa00000006000000fa004d
:10b3c000a15b800000022000008060000000e0001f
:10b3d0000a00320000652e00801f780030992e0090
:10b3e000801f78009ed90700e4875700f041800055
:10b3f0000050a000f04188000800370090662e0041
:10b40000801f780000652e00801f7800209a2e0093
:10b41000801f780092d90700e68757000080fa0065
:10b42000000006000000fa00b09a2e00801f78008d
:10b430008bd907008f87e900f0032000f0418800d6
:10b440000080fa00000006001200fa00881f780051
:10b45000a70907000004e00060043200b6090700f5
:10b460000080fb0045da0700604798006e409000be
:10b470000080fb006101b90010fc2f00f1ff2f00dc
:10b480000200400083804800b20120000300200039
:10b49000820f5000838f580045043e000060010079
:10b4a0001b003700420437006d003700aa00370048
:10b4b000ba0037001001370020013700c002370002
:10b4c000c102370012003700eb02370013033700c8
:10b4d0005d033700a9033700e90337003404370060
:10b4e00033043700320437003104370030043700aa
:10b4f0002f0437002e0437002d0437002c043700aa
:10b500002b0437002a0437002904370017043700ba
:10b5100093f60700606d2e00801f7800606d2e008e
:10b52000801f7800f09b2e00801f7800fed9070056
:10b53000e6875700d09d2e00801f7800fad90700bb
:10b540008f87e900809f2e00801f7800f6d90700c2
:10b550008f87e90090772e00801f7800f0a02e00e2
:10b56000801f7800f0d90700e4875700105e2e0096
:10b57000801f780060a12e00801f7800ead90700a4
:10b58000e4875700f0a12e00801f7800e6d907005d
:10b590008f87e90090a42e00801f7800e2d9070071
:10b5a0008f87e900b0a62e00801f7800ded9070043
:10b5b0008f87e90060a82e00801f7800dad9070085
:10b5c0008f87e90070732e00801f7800f0aa2e008c
:10b5d000801f7800d4d90700e487570060712e00df
:10b5e000801f780060ab2e00801f7800ced9070046
:10b5f000e4875700d0ab2e00801f7800cad907001f
:10b600008f87e90000602e00801f780050ad2e006b
:10b61000801f7800c4d90700e487570030622e00ed
:10b62000801f7800c0ad2e00801f7800bed90700b3
:10b63000e4875700606d2e00801f7800606d2e003b
:10b64000801f780010752e00801f780030ae2e000d
:10b65000801f7800b4d90700e8875700df03370060
:10b66000606d2e00801f7800606d2e00801f7800b6
:10b6700010af2e00801f780090af2e00801f780042
:10b68000f0af2e00801f780050b02e00801f780091
:10b69000d0b02e00801f7800a3d90700ee87570096
:10b6a00090002000200798002e00900028ea070054
:10b6b000000f98000e089000cf80de00d8d307005e
:10b6c00004002000055824005200200005fe070059
:10b6d0000e099000809fbe00821f7800ae0090008f
:10b6e000811f780090b22e00801f78008ed907004d
:10b6f000ea8757002e00900069005000800040004b
:10b70000a0c3200000804000100478000e089000c4
:10b71000cf80de00c2d30700080001002e00900099
:10b720000000e800200798002e009000ee0f500067
:10b73000ddff3400606d2e00801f7800606d2e00ec
:10b74000801f7800d0b32e00801f780076d90700c4
:10b75000e6875700a103370090772e00801f7800fe
:10b7600060b42e00801f78006fd90700e48757006f
:10b77000f108070067406000604798006e40900045
:10b780000080fb008000400060c42000008040007a
:10b7900010007800000001009003370090b62e00e2
:10b7a000801f780060d907008f87e90010702e0095
:10b7b000801f7800105e2e00801f7800c0b62e001b
:10b7c000801f780058d90700e6875700da0807007d
:10b7d0000081fb00b0aa2a000010b8000100d100cf
:10b7e0006300b90000007800000051006047980035
:10b7f0006e4090000080fb0080004000a099200077
:10b8000000804000900078006e4090000080fb00b7
:10b81000811f7800801f780060b82e00801f78009c
:10b8200041d90700e68757006e4090000080fb007a
:10b83000c0fb07000040eb00604798000000eb00f1
:10b840002007980040ccb3007ffb0700b0c5b300d1
:10b850009efb07006e4090009cfb07006e4090002e
:10b860000080fb00801f780000b92e00801f780048
:10b87000e0b02000a7d80700e4875700e0b0200020
:10b8800005fd070040c8b3006ffb07002e009000c5
:10b89000d2fc0700a00020002c0807002e0090001a
:10b8a0000000e80020079800ae0090000003200090
:10b8b000808f5000f3ff34006e4090000040e8009d
:10b8c00060479800401f20002008070088080700f4
:10b8d0000004e000d9ff320097080700205b8000d9
:10b8e00094fb070070762e00801f78000ed90700a9
:10b8f0008f87e9003903370090b92e00801f780048
:10b9000009d907008f87e9000000eb00000f9800bd
:10b9100012002000010f2f00f0072000abe9070004
:10b920007000470013002000020f2f00f1072000d5
:10b93000c7e907007afd070028033700606d2e0075
:10b94000801f780090bb2e00801f7800f0bb2e0077
:10b95000801f780010bc2e00801f7800d0bd2e0004
:10b96000801f7800f0d80700ea875700605b8000ee
:10b97000801f780030c02e00801f7800ead80700b2
:10b98000e4875700505b8000801f780030c22e0093
:10b99000801f7800e4d80700e4875700705b8000c0
:10b9a000801f780030c42e00801f7800ded807008a
:10b9b000e4875700105c8000801f780030c62e009e
:10b9c000801f7800d8d80700e487570030c82e00c1
:10b9d000801f7800d4d807008f87e900805b800043
:10b9e0000000e00007003200805b8000801f7800cc
:10b9f000d0c92e00801f7800cbd80700e4875700fd
:10ba00000400370060ca2e00801f7800c6d80700e7
:10ba10008f87e900c0ca2e00801f7800c2d80700b7
:10ba20008f87e90020b7200010407800e14f5000d8
:10ba300005003a0060cc2e00801f7800bad80700bd
:10ba40008f87e9000800370020b7200010407800f9
:10ba50000080fb00801f780000cd2e00801f780042
:10ba6000b1d80700e487570050cd2e00801f780022
:10ba7000add807008f87e900a05b800068006000f8
:10ba80000000e00010003200685b8000b05b8000c6
:10ba9000cf80de00e2d20700044022004597240058
:10baa000080178000ffd0700b25b8000809fbe0098
:10bab000821f7800a06a2e00801f78009ad80700a5
:10bac000e88757000600370040498000801f780053
:10bad000f0ce2e00801f780093d80700e48757002f
:10bae00040cf2e00801f78008fd807008f87e90095
:10baf000a15b800000022000008060000000e000e8
:10bb000010003200685b8000c05b8000cf80de00e8
:10bb1000c3d20700044022004597240008017800a2
:10bb2000f0fc0700c25b8000809fbe00821f78008f
:10bb3000a06a2e00801f78007bd80700e887570096
:10bb40000600370040498000801f7800f0ce2e00ac
:10bb5000801f780074d80700e4875700e0d02e00db
:10bb6000801f780070d807008f87e900a15b8000f4
:10bb700000022000008060000000e00010003200a1
:10bb8000685b8000d05b8000cf80de00a4d207001d
:10bb9000044022004597240008017800d1fc0700ea
:10bba000d25b8000809fbe00821f7800a06a2e00ba
:10bbb000801f78005cd80700e88757000600370030
:10bbc00040498000801f7800f0ce2e00801f780052
:10bbd00055d80700e4875700e05b8000801f78009d
:10bbe00080d22e00801f78004fd80700e4875700ce
:10bbf000f05b8000015c8000809fbe0080d42e003e
:10bc0000801f780048d80700e687570030b720002b
:10bc1000104078000080fb008000400080922000ef
:10bc20000080400010007800801f780090d62e0021
:10bc3000801f78003cd80700e4875700606d2e0015
:10bc4000801f780070d82e00801f780030da2e0018
:10bc5000801f780034d80700e6875700305a8000ec
:10bc6000800040008090200000804000100078009c
:10bc7000801f7800e0da2e00801f78002ad80700a5
:10bc8000e4875700c0dc2e00801f780026d807000c
:10bc90008f87e900405a80000000e0000700320072
:10bca000405a8000801f780060de2e00801f7800e0
:10bcb0001dd80700e48757000400370020df2e005e
:10bcc000801f780018d807008f87e90060df2e00fa
:10bcd000801f780014d807008f87e900805a800001
:10bce00080004000a0102f0000804000100078006d
:10bcf000801f7800d0e12e00801f78000ad807004e
:10bd0000e4875700605a8000801f780030e42e00de
:10bd1000801f780004d80700e4875700505a80003d
:10bd2000801f780030e62e00801f7800fed70700c5
:10bd3000e4875700905a8000cf80de0038d2070099
:10bd400002002000832c24004dd30700809fbe00fa
:10bd500030e82e00801f7800f3d70700e6875700f1
:10bd6000b05a800080004000c0c120000080400028
:10bd700010007800801f780030ea2e00801f7800c5
:10bd8000e9d70700e4875700a05a800080004000f0
:10bd9000409020000080400010007800801f780054
:10bda00010ec2e00801f7800dfd70700e4875700d3
:10bdb000a05a8000517b2f00614078008000fb007a
:10bdc000c05a8000811f7800801f7800f0ed2e009f
:10bdd000801f7800006a2e00801f7800d2d70700ed
:10bde000e8875700a05a8000517b2f0061407800ff
:10bdf0008000fb00d05a8000811f7800801f7800ef
:10be000090ef2e00801f7800006a2e00801f7800bf
:10be1000c5d70700e8875700005b8000800040001e
:10be2000409220000080400010007800801f7800c1
:10be300030f12e00801f7800bbd70700e487570041
:10be4000105b800080004000809220000080400055
:10be500010007800801f780010f32e00801f7800fb
:10be6000b1d70700e4875700505c80008000400095
:10be7000809220000080400010007800801f780031
:10be8000f0f42e00801f7800a7d70700e487570042
:10be9000205b800080004000a099200000804000ce
:10bea00010007800801f7800d0f62e00801f7800e8
:10beb0009dd70700e4875700305b8000800040007a
:10bec000409a20000080400010007800801f780019
:10bed000b0f82e00801f780093d70700e487570042
:10bee000e05a800080004000409620000080400022
:10bef00010007800801f780090fa2e00801f7800d4
:10bf000089d70700e4875700e041800080004000a7
:10bf1000c09220000080400010007800801f780050
:10bf200070fc2e00801f78007fd70700e487570041
:10bf3000f05a800080004000009320000080400004
:10bf400010007800801f780050fe2e00801f7800bf
:10bf500075d70700e4875700005b80000000e00011
:10bf60000600320010428000800040004093200014
:10bf7000008040001000780005003700104280006b
:10bf800080004000a0942000008040001000780055
:10bf9000801f7800906b2e00801f780062d707000a
:10bfa000e4875700606d2e00801f7800a0912e005e
:10bfb000801f78005cd70700e487570087013700af
:10bfc000d7fb070085013700604280000000a20017
:10bfd00060428800604280000000e00015003200ee
:10bfe000604280008000400080922000008040007d
:10bff00010007800801f7800d0782e00801f780015
:10c0000049d70700e4875700207a2e00801f780068
:10c0100045d707008f87e900606d2e00801f7800ec
:10c0200030002f00801f78003fd70700e4875700bb
:10c030006a013700606d2e00801f7800b0002f006d
:10c04000801f780038d70700e487570060428000df
:10c0500080004000809220000080400010007800a6
:10c06000801f7800d0782e00801f78002ed7070020
:10c07000e48757005901370070732e00801f780045
:10c0800010012f00801f780027d70700e487570092
:10c0900010002000200798002e0090008000400033
:10c0a000e0b22000008040001000780063005000e3
:10c0b00000004000000178002e0090008000400049
:10c0c000e0b2200000804000100078008000e8000e
:10c0d0002e00900080014000a094200000804100cc
:10c0e00010007800821f7800811f7800801f780080
:10c0f00060012f00801f78000bd70700e8875700ea
:10c100002e0090000000e800200798002e0090000c
:10c11000e90f5000e0ff34003001370010702e00ae
:10c12000801f780060712e00801f7800f0022f00c1
:10c13000801f7800fcd60700e68757007e060700c0
:10c14000a05a8000517b2f00614078006047980022
:10c150006000b800008fbe000000eb0020079800d0
:10c16000e00020007ae70700cf80de002cd1070036
:10c170000001be001e00be005cd10700008fbe00a3
:10c180002e0090000000e800200798002e0090008c
:10c19000e90f5000f2ff3400a05a80000000e000d8
:10c1a00006003200c2cc2c00333224001e00be0038
:10c1b00033d20700008fbe000a00370002002000c3
:10c1c000632b24001e00be002dd20700008fbe008e
:10c1d00002002000032024001e00be0043d10700ff
:10c1e000008fbe006e4090000080fb00ee4090008b
:10c1f0000181fb00801f78001e00be00809fbe00f2
:10c20000821f78001e00be00809fbe00e05b2e00f3
:10c21000801f7800c4d60700ee8757002003200057
:10c22000ca050700320607000004e000c8ff32001c
:10c230004106070070762e00801f7800bad60700ee
:10c240008f87e900e5003700e0042f00801f7800a9
:10c25000b5d607008f87e9004d0607004007980014
:10c26000510798004e019000de019000300620003a
:10c2700001002000800f5100818f59000700340019
:10c280004e019000de01900000fa20000100200025
:10c29000800f5100818f590005003400c07c2e00b2
:10c2a000801f7800a0d607008f87e900cb003700f9
:10c2b0004e009000de0090000000400081804800a9
:10c2c0000001be000000280001072000eed007009a
:10c2d00060079800710798004e009000de00900003
:10c2e000809fbe00d0072f00801f78008ed60700e9
:10c2f000e687570010092f00801f78008ad60700b4
:10c300008f87e90022060700400798005107980030
:10c310004e019000de0190009000200001002000fe
:10c32000800f5100818f5900070034004e019000aa
:10c33000de01900000d0270001002000800f510096
:10c34000818f590005003400c07c2e00801f7800ca
:10c3500075d607008f87e900a0003700ce00900057
:10c360006e0090005305070090b62e00801f7800e5
:10c370006dd607008f87e9009800370000602e0017
:10c38000801f780010012f00801f780066d60700fc
:10c39000e487570010c0b300abf807000000eb00c3
:10c3a00020079800e4050700604798002e009000e1
:10c3b000f00f500002003a0000ccb300a2f80700d2
:10c3c0006e409000ed4f500004003200ae0090002f
:10c3d00000022000808f500004003a0010c0b3001b
:10c3e00099f807000000eb00200798006e409000cd
:10c3f0000080fb0001fe2f0080804000e00520004f
:10c40000808f50000d003e006e4090000080fb00c9
:10c41000801f7800200b2f00801f780042d6070075
:10c42000e48757006e409000a8f807002e009000a7
:10c430000000e80020079800090037006e409000d7
:10c440000080fb00f17d2e00811f7800801f7800a6
:10c45000200c2f00801f780033d60700e687570096
:10c460006e409000fb4f5000ceff3a0070762e00d9
:10c47000801f78002cd607008f87e900570037000f
:10c4800030622e00801f780010012f00801f78007e
:10c4900025d60700e487570010c0b3006af80700ec
:10c4a0000000eb0020079800f8050700604798009f
:10c4b0002e009000f00f500002003a0000ccb300b4
:10c4c00061f80700ae00900000022000808f50004d
:10c4d00004003a0010c0b3005bf807000000eb0056
:10c4e000200798006e40900078f807006e4090009a
:10c4f0000080fb0001fe2f0080804000e00520004e
:10c50000808f50000b003e002e0090000000e800dd
:10c51000200798006e4090000080fb00801f78008c
:10c52000700d2f00801f7800ffd50700e4875700ab
:10c5300006003700f07d2e00801f7800f00d2f00e0
:10c54000801f7800f8d50700e48757006e40900000
:10c55000fb4f5000d4ff3a0070762e00801f780009
:10c56000f1d507008f87e9001c003700100020007c
:10c57000200798000000eb00000f980010752e00b7
:10c58000801f780010012f00801f7800e6d507007b
:10c59000e48757000e089000ae009000000178007c
:10c5a000110009008200d800200798000b00370016
:10c5b0006e4090008080fb006e4090000080fb0089
:10c5c000811f7800801f7800700e2f00801f780078
:10c5d000d5d50700e6875700510507004f047800be
:10c5e0000080fa00000006000600fa00100798001c
:10c5f000210798000000eb00000f7800f046800053
:10c600000000e000020032004d040700000f780037
:10c610001e0078000000e00004003400a15b8000f0
:10c620001e00900001007000a05b88001e007800d2
:10c630000000e00004003d00a15b80002e0090009f
:10c6400000806000a05b88000080fa000000060007
:10c650001000fa00008fbe002207980033079800f0
:10c6600044079800550798006607980077079800d8
:10c670009e0090002e0090000088b9000001780014
:10c68000be0090001e0078000088b900000078000d
:10c69000000141009e0078002e0090000008b800c4
:10c6a0000101410082007800008fbe00008fbe00b3
:10c6b0001e01be004e009000de009000800f510071
:10c6c000818f5900030036004e019000de0190007a
:10c6d000028fbe001e01be006e009000fe009000a2
:10c6e000800f5100818f5900030031006e019000ce
:10c6f000fe019000028fbe002e019000be0190004e
:10c700001e00be0094cf0700000078000080fa00f1
:10c71000000006000000fa00f05a8000800040008f
:10c720008091200000804000100078005af9070036
:10c73000205a800080004000a0942000008040002b
:10c740001000780054f907000080fa00000006008d
:10c750000000fa00c0002000fde5070040598800f5
:10c76000d0002000fae50700505988000080fa0048
:10c77000000006000000fa00889fbe00e3282100a8
:10c7800062672100c1b620001000200014f20700eb
:10c79000a0002000eee50700cf80de00a0cf07005c
:10c7a0000004be00605b8000cf80de009ccf0700ed
:10c7b0000001be000800be0090d10700420020002a
:10c7c00057f90700605b8000801f7800f0942f000d
:10c7d000801f780050932f00801f7800e0b0200069
:10c7e00059d50700e68757004f04be000080fa00c5
:10c7f000000006000000fa0090002000d4e50700c9
:10c8000010598800c35d200002fa2000a1b6200064
:10c8100010002000f2f10700beff070084eb0700c4
:10c82000505b8000801f7800f0942f00801f7800fc
:10c8300050932f00801f7800e0b0200042d5070001
:10c84000e68757000080fa00000006000000fa00aa
:10c85000bfff0700e32e2000c25d2000e1b62000ec
:10c8600010002000def10700aaff0700bbeb070065
:10c87000705b8000801f7800f0942f00801f78008c
:10c8800050932f00801f7800e0b020002ed50700c5
:10c89000e68757000080fa00000006000000fa005a
:10c8a000abff07008001eb006209200021b82000e7
:10c8b00010002000caf1070096ff0700a7eb070051
:10c8c000105c8000801f780060952f00801f78002a
:10c8d00050932f00801f7800e0b020001ad5070089
:10c8e000e68757000080fa00000006000000fa000a
:10c8f0008001eb004206200001b72000100020005c
:10c90000b7f10700805b80000000e0000800320003
:10c91000805b8000801f780080a12f00801f78003e
:10c92000e0b0200008d50700e48757000700370073
:10c9300040498000801f780030a22f00801f7800bf
:10c94000e0b0200000d50700e48757000080fa001f
:10c95000000006000200fa00715c8000010f780000
:10c96000e0b82000b7f10700705c80009e0f500017
:10c970000300320041062000c0f62000cd0307006e
:10c98000705c80008000400080bb20000080400080
:10c9900010007800801f7800c0a32f00801f78004f
:10c9a000e0b02000e8d40700e48757000080fa00d8
:10c9b000000006000200fa0020b7200010407800b6
:10c9c0000080fb00000f780013002000020120000f
:10c9d0008e0078001000200081f107001e00780012
:10c9e0008040780020b720000148780020b7200060
:10c9f000104078008080fb0020b7200010407800b5
:10ca00000004a2000080fb000000e9004f00de00ef
:10ca10000001400040bb20000000410010007800f1
:10ca2000811f7800801f7800d0a22f00801f78001f
:10ca3000e0b02000c4d40700e68757000080fa0069
:10ca4000000006000000fa0071032000f000200042
:10ca5000e5fe0700a05b8000680060000000e000c9
:10ca60000200320050498000010037004049800038
:10ca7000801f7800e0912f00801f7800e0b0200038
:10ca8000b1d40700e48757000080fa0000000600d8
:10ca90000000fa00889fbe00f04680000000e00021
:10caa00004003200b85b800025030700000044004a
:10cab000b05b8800605b8000cf80de00b25b8000ee
:10cac0006114b90006f82900570d2000041c2e003f
:10cad000450e20000001be000800be00dcfe07007d
:10cae000b05b8800b05b8000cf80de00ccce07005a
:10caf0000004be00605b8000cf80de00c8ce07006f
:10cb00000001be000800be00bcd0070002402200a9
:10cb100043972400dacf0700809fbe0080922f0049
:10cb2000801f7800e0b0200087d40700e687570018
:10cb30004f04be000080fa00000006000000fa006a
:10cb4000f100200070032000a7fe0700a15b800019
:10cb500000022000008060000000e00002003200bf
:10cb6000504980000100370040498000801f780054
:10cb7000e0912f00801f7800e0b0200072d4070001
:10cb8000e48757000080fa00000006000000fa0069
:10cb9000889fbe00f04680000000e00004003200e4
:10cba000c85b8000e602070000004400c05b88000c
:10cbb000605b8000cf80de00c25b80006114b90042
:10cbc000067a2300070a2000049e2700f50a2000a9
:10cbd0000001be000800be009dfe0700c05b88008b
:10cbe000c05b8000cf80de008dce07000004be0059
:10cbf000605b8000cf80de0089ce07000001be00b0
:10cc00000800be007dd007000240220043972400a8
:10cc10009bcf0700809fbe0080922f00801f78006e
:10cc2000e0b0200048d40700e68757004f04be005c
:10cc30000080fa00000006000800fa00889fbe008d
:10cc4000c15b8000a0478000808f50000800320048
:10cc5000d15b8000c25b8000a047800000005100d3
:10cc600000804000d05b8800c05b8000a047880047
:10cc7000c05b80006101b900605b8000cf80de0096
:10cc8000009ab90004027800028bb900860278008d
:10cc9000050242000010b800010242008400780042
:10cca00002502300c3002000021f400003974800e9
:10ccb000001a250051ff2f003e014000ae814800c0
:10ccc0000200be002007980031079800f04680005f
:10ccd0000000e00004003200d85b800098020700ea
:10cce00000004400d05b88002e029000be0290003d
:10ccf0001e01be00605b8000cf80de00d65b80003e
:10cd00006134b9000403be000202be000001be008f
:10cd10000800be004efe0700d05b8800d05b80009c
:10cd2000cf80de003ece07000004be00605b8000c6
:10cd3000cf80de003ace07000001be000800be0032
:10cd40002ed0070002402200439724004ccf07005a
:10cd5000809fbe0080922f00801f7800e0b02000ee
:10cd6000f9d30700e68757004f04be000080fa00a1
:10cd7000000006000000fa00881f7800f0468000de
:10cd80000000e00004003200e85b80006c02070055
:10cd900000004400e05b8800e05b8000cf80de00a4
:10cda0008602200007002000040a20000500200061
:10cdb000120020000300200025fe0700e05b880031
:10cdc000e05b8000801f780020a52f00801f780086
:10cdd000e0b02000dcd30700e48757004f04780060
:10cde0000080fa00000006000000fa00889fbe00e4
:10cdf000e9e90700809fbe0000942f00801f7800a3
:10ce0000e0b02000d0d30700e6875700e0b0200054
:10ce1000a1f70700f04680000000e00008003200a3
:10ce2000f85b8000095c800045020700cf80de00cf
:10ce30000800400089804800f05b8800015c8800a1
:10ce4000f25b8000035c800090392400f100200038
:10ce5000800f5100818f5900040034009039240064
:10ce6000f1002000f05b8800015c8800f25b80002c
:10ce7000035c8000800c2400f1002000800f510032
:10ce8000818f590004003c00900c2400f100200028
:10ce9000f05b8800015c8800f05b8000015c800032
:10cea000809fbe0010a62f00801f7800e0b02000f9
:10ceb000a5d30700e68757004f04be000080fa00a4
:10cec000000006000200fa0030b720001040780091
:10ced0000080fb00000f78000e00780059f007007a
:10cee0001e0078008040780030b7200001487800ac
:10cef0001e007800800040008092200000804000ea
:10cf000010007800801f7800d0a62f00801f7800c6
:10cf1000e0b020008cd30700e48757000080fa00bf
:10cf2000000006000000fa009047800080004000ea
:10cf300060b9200000804000100078008000780078
:10cf40000008200061f70700904780008000400043
:10cf5000c0bb2000008040001000780000000100ed
:10cf6000e1b02000000c200058f707009047800037
:10cf7000ea0f500002003200c05b8000a04788002a
:10cf80000080fa00000006000200fa00000f78009e
:10cf9000904780001e00400090478800a05b800002
:10cfa000680060000000e00006003a009047800042
:10cfb000e80f500003003a00904780001e00400038
:10cfc00090478800a15b8000000220000080600084
:10cfd0000000e0000c003a0090478000ea0f50008b
:10cfe0000300320090478000eb0f500006003a002b
:10cff0001e0078000000400080007800904780000c
:10d00000008040009047880090478000ee0f50005d
:10d0100001003400f228ef00904780000000e0009b
:10d0200002003d00e000200090478800904780000b
:10d03000e60f500002003a00a0282000010037004f
:10d0400040062000d0468800904780007be607001d
:10d050000080fa00000006001a00fa00400f980055
:10d060000000eb00000f78000000eb00305b880050
:10d070001e00780080004000e0b2200000804000e8
:10d08000900078001e00780000004000000047007b
:10d090000080e800010878001e0078008000400051
:10d0a000e0b22000008040008000eb000108780022
:10d0b0001e0fe8001e007800ea0f5000ecff34005d
:10d0c0009c28ef00401680004300de0061406000b5
:10d0d0000080fb0000428800004280000000e00069
:10d0e00001003a00a028ef00abee070078ec070043
:10d0f000f04180000000e000040032004a28ef0008
:10d1000051428000410f98004c003700f05a8000d7
:10d11000e10f500002003a0081ed070005003700e2
:10d12000205a8000e90f50000200320090002000d9
:10d13000205a8800f8ed0700004280000000e0005f
:10d1400013003200205a8000ea0f50001000320015
:10d1500090478000e10f50000300320090478000ac
:10d16000e20f50000a003a00104580000000e00085
:10d1700007003a00004580000000e00004003a008b
:10d1800010002000e0418800ca82a8000200370099
:10d19000ca82a9003c28ef002cef07000f003700df
:10d1a000de28ef00a0168000610060000000e000b3
:10d1b000020032000080eb00010037001000200068
:10d1c00071ff070057ff0700a0282000df010700bc
:10d1d0009a28ef0010002000f04688001116800009
:10d1e00000002200008060000000e000ecff320040
:10d1f000a0168000610060000000e000e8ff3a0037
:10d2000048ff070070168000700060000000e0001a
:10d210000a003a00805b800080007800a07f210037
:10d22000a4010700110020000000eb0072ec0700d1
:10d23000f228ef000000eb00400f98004e0890002d
:10d240000000e0009eff3a000000eb00000f7800b5
:10d250001e00780000004000000047009000900091
:10d260001e00780000014000e0b2200000004100f4
:10d27000010878001e0fe8001e007800ea0f500039
:10d28000f3ff34003c28ef000080fa0000000600a5
:10d290000200fa00000f78001e0078000000e00095
:10d2a000090034001e007800e40f500006003c0026
:10d2b0001e00780080004000807b2f00008040002e
:10d2c00010007800090037001e007800e50f5000bc
:10d2d000030032001e007800e60f500002003a0002
:10d2e00020be8700010037000080eb000080fa00bc
:10d2f000000006000200fa00000f78001e0078000f
:10d300000000e000090034001e007800e40f500027
:10d3100006003c001e00e90080004000807b2f00da
:10d320000080400010007800110037001e007800d7
:10d33000e50f5000030032001e007800e60f500099
:10d3400002003a0000be8700090037001e00780086
:10d35000e60f5000050034001e007800e90f500071
:10d3600002003c0020be8700010037000000eb00f7
:10d370000080fa00000006000400fa00889fbe004a
:10d38000905a80001007980020b7200010407800c5
:10d390000080fb00000f78001e0078000000e00015
:10d3a000030034001e007800f00f5000020034002b
:10d3b00010002000000f78001e0078004200dd0001
:10d3c000000f78001e007800e70f500002003c00bc
:10d3d00080002000000f7800501680007000600070
:10d3e0000000e00003003a0040012000b045880042
:10d3f00006003700b04580000000e0000300320066
:10d40000b04580000000e900b0458800b0458000cc
:10d410000000e00008003200ae28ef00b028ef0066
:10d420007045800081458000504588006145880036
:10d43000b228ef001500370071668000105c800094
:10d44000008040006101b8005045800061458000c7
:10d4500002004000838048005045880061458800f4
:10d46000606680006101b8007045800081458000e1
:10d470000200400083804800704588008145880094
:10d48000904580000000e8009045880090458000ad
:10d490009e0f50003a003500e04180000000e0009f
:10d4a0003000320090458000cf80de00c2122000a4
:10d4b0000289b900020178006002b9008401780095
:10d4c00003014100c31220000300b8000101410024
:10d4d000820078005245800063458000820f500032
:10d4e000838f58001f003e001e0090004006b000d1
:10d4f0006101b8007045800081458000009ab90044
:10d5000004027800028bb90086027800050242000e
:10d510000011b80003024200840178001e00900050
:10d520004006b1006102b8005045800061458000ae
:10d5300000abb90006037800048cb90088037800ba
:10d54000070343000020b800010343008600780071
:10d55000800f5100818f590002003600100020001a
:10d56000f0448800ae28ef00b028ef00704580003e
:10d57000814580005045880061458800b228ef0051
:10d5800040168000680060000000e00010003200db
:10d59000c1bd8700a0438000808f50000c00310087
:10d5a000205a80003aff0700a1438000810f5000fd
:10d5b0000700310020458000e10f500005003c00cd
:10d5c000204580000000e800204588000100370069
:10d5d000a428ef0020458000e10f50000200340035
:10d5e00010002000004588004016800068006000a0
:10d5f0000000e0000700320040458000e10f4000dd
:10d6000005003200404580000000e80040458800e9
:10d6100001003700a828ef00305a8000e30f5000c7
:10d6200018003a0040168000680060000000e0002a
:10d630001400320041458000800c2000808f500093
:10d6400010003e00c1bd8700a0438000808f5000c5
:10d650000c003100205a800026ff0700a143800003
:10d66000810f50000700360030458000e20f500067
:10d6700005003c00304580000000e800304588008f
:10d6800001003700a628ef0030458000e20f50006f
:10d690000200340010002000004588004016800081
:10d6a000680060000000e00002003200b428ef00d3
:10d6b00006003700a0458000e10f500003003c0049
:10d6c000a04580000000e800a0458800e1448000fb
:10d6d000f07c2000808f500003003e00e04480007a
:10d6e0000000e800e0448800a0458000e10f500001
:10d6f0000f003c00f04480000000e0000c003a0005
:10d70000004580000000e00009003a00f14180007f
:10d71000f0022000008060000000e00004003a00f9
:10d72000e1448000f07c2000808f50000100360032
:10d73000ca82a9004f04be000080fa000000060063
:10d740000200fa00d1448000010f78009a28ef000f
:10d750001e0078000080fa00000006000000fa00b9
:10d76000400120000044880040062000104488004a
:10d770009021ef009621ef00c0122000600c88007d
:10d78000c0122000700c8800e0002000800c88008f
:10d79000007d2000900c8800007d2000a00c8800f7
:10d7a000e0002000b00c880020cd21007008880027
:10d7b00013e1a8008ce0a8008c60a90020002000e4
:10d7c000200888007628ef000080fa00000006009c
:10d7d0000200fa00000f78001e007800f1a420007b
:10d7e000810f50001c003200f1a42000810f500076
:10d7f00007003c0091392000810f500018003200d2
:10d8000031732000810f50001100320016003700e4
:10d81000e1252100810f500009003200a17f210085
:10d82000810f500004003200c1f62000810f50002b
:10d83000050032000c003700306420000b00370078
:10d84000105e200009003700a058200007003700b4
:10d850005055200005003700c0532000030037005a
:10d8600050522000010037001e0078000080fa00ae
:10d87000000006000200fa00000f780030002000cf
:10d88000404488001e00e9006008880060088000ad
:10d890000000d10030088800d622a900d222a900b9
:10d8a00011e1a80084c0a9008cc0a8000080fa0083
:10d8b000000006000400fa00000f7800110798002d
:10d8c000304480000000e0000d003a001e0090008f
:10d8d0000000e0000a0034001e0090002044880090
:10d8e000705c8000e10f500003003a001e007800d9
:10d8f000b7ff0700010037001e007800ddff0700ba
:10d900000080fa00000006000200fa00000f780014
:10d910001821ef001e0078004300dd00e0088800b9
:10d9200086c0a90021e1a8000000000031048000a9
:10d9300000042000008060000000e000fbff3200d7
:10d9400021e1a9000080fa00000006000200fa00b0
:10d95000000f780002003700803e2000eaff070039
:10d960001e00780000f0a7000000ea000000ea00b6
:10d970004f00de00004078001e0fe9000004e000c8
:10d98000f5ff3a000080fa00000006000000fa00ef
:10d99000ca82a900e842a800e862a8000080fa0054
:10d9a000000006000200fa00000f780010c0b3006b
:10d9b00025f307001e007800e20f5000120032002d
:10d9c000e20f500005003c000000e00008003200bb
:10d9d000e10f50000900320014003700e30f50003f
:10d9e0000c003200e40f50000d0032000f00370031
:10d9f00020af2f00a8f407001100370030b02f002f
:10da0000a5f407000e00370040b12f00a2f4070074
:10da10000b00370050b22f009ff4070008003700ba
:10da200060b32f009cf407000500370070b42f008e
:10da300099f407000000000001003700000000001a
:10da4000a0168000610060000000e000fbff3200d3
:10da5000cfa2a900faff37000000fa0070e78700a4
:10da6000a01088000c22ef000e22ef008520a900f4
:10da70008d20a8000de2a8000f42a8000080fa0047
:10da8000000006000200fa00000f78001e00780077
:10da9000e70f50000200340070002000000f7800f3
:10daa0001e0078008000400080ce2f0000804000e3
:10dab00010007800a01088000080fa000000060026
:10dac0000200fa00004f7800000000007110800092
:10dad00000202000008060000000e000fbff3a0012
:10dae0001e80fb00801088000080fa000000060005
:10daf0000000fa0070108000620060000000e0008a
:10db0000010032000e22a900f6c8bf0080c0ea0062
:10db1000f8c8bf0000c040000080fa000000060006
:10db20000000fa00f668ef0010c0b300f8e8b70094
:10db30000080fa00000006000000fa00000000006b
:10db4000ebff07000004e000fdff3200f6c8bf0055
:10db50000040e800f6e8b700f6c8bf000080fb0010
:10db6000e1a02000614078000080fa00000006007b
:10db70000200fa00f0ff0700004f78001e40780016
:10db8000cfff07001e4078000080fa00000006006a
:10db90000600fa006000b800008fbe000040eb00f5
:10dba00040479800e4ff07000074a1004047980038
:10dbb0004e4090000080fb000003b100e90f5000d0
:10dbc00014003e004e409000bdff07001e00900074
:10dbd0006a00b900000178001e0078006000b900fa
:10dbe00000007800000141009e007800a0002000a5
:10dbf0000008b80001014100820078004e41900009
:10dc00000281fb000203b100cf91de00021f400041
:10dc1000039748004e409000ed4f5000e1ff3a005e
:10dc20001e00be000080fa00000006000200fa009c
:10dc3000c1ff0700004f78001e80fb0026d00700c0
:10dc40000000e000faff32001e80fb004bd007000e
:10dc5000004f78001e40780099ff070090c3b30082
:10dc60009e40780080cf500002003e0000c3b30009
:10dc70000100370070c3b3009e40780000cf500011
:10dc80001e4078000080fa00000006000200fa0042
:10dc9000e6ff07004400dd00004f7800e3ff0700c7
:10dca0001e4f40001e4078000080fa000000060071
:020000040000fa
:10000800a87400000e7300005273000054740000be
:1000180086740000a8740000a8740000a87400008a
:10002800a8740000a8740000a8740000a874000058
:10003800a8740000a8740000586e0000f06e00005c
:10004800a874000096750000a8740000a874000049
:10005800a8740000a8740000a8740000a874000028
:10006800a8740000a8740000a8740000a874000018
:10007800a8740000a8740000a8740000a874000008
:10008800a8740000a8740000a8740000a8740000f8
:10009800a8740000a8740000a8740000a8740000e8
:1000a800a8740000a8740000a8740000a8740000d8
:1000b800a8740000a8740000a8740000a8740000c8
:1000c800a8740000a8740000a8740000a8740000b8
:1000d800a8740000a8740000a8740000a8740000a8
:1000e800a8740000a8740000a8740000a874000098
:0800f800a8740000a8740000c8
:020000040000fa
:10010800a87400000e7300005273000054740000bd
:1001180086740000a8740000a8740000a874000089
:10012800a8740000a8740000a8740000a874000057
:10013800a8740000a8740000586e0000f06e00005b
:10014800a874000096750000a8740000a874000048
:10015800a8740000a8740000a8740000a874000027
:10016800a8740000a8740000a8740000a874000017
:10017800a8740000a8740000a8740000a874000007
:10018800a8740000a8740000a8740000a8740000f7
:10019800a8740000a8740000a8740000a8740000e7
:1001a800a8740000a8740000a8740000a8740000d7
:1001b800a8740000a8740000a8740000a8740000c7
:1001c800a8740000a8740000a8740000a8740000b7
:1001d800a8740000a8740000a8740000a8740000a7
:1001e800a8740000a8740000a8740000a874000097
:0801f800a8740000a8740000c7
:020000040000fa
:0200000401f009
:04000800ffff0000f6
:020000040000fa
:0200000401f009
:04000400ff7f00007a
:020000040000fa
:0200000401f009
:04000000e5ff000018
:020000040000fa
:020000040002f8
:10cb7c00536500006e7300006f7200003a250000d0
:10cb8c00352e0000316600002563000020440000b3
:10cb9c0069730000706c000061790000656400002e
:10cbac003a250000342e000030660000256300009a
:10cbbc000a0d0000004c000043440000204200001d
:10cbcc006172000020470000726100007068000074
:10cbdc002026000020430000686100007261000004
:10cbec00637400006572000020540000657300003f
:10cbfc00740000005772000069740000652000008a
:10cc0c00415300004349000049200000746f0000ac
:10cc1c00204c0000434400002c2000004553000031
:10cc2c0043200000746f000020650000786900004c
:10cc3c00742e00000a0d00000057000072690000fd
:10cc4c007465000020480000455800002074000066
:10cc5c006f2000004c430000442c000020310000e9
:10cc6c0042200000746f000020650000786900000d
:10cc7c00742e00000a0d00000048000069670000d7
:10cc8c00682d0000566f00006c7400006167000096
:10cc9c00650000004c6f0000772d0000566f0000ff
:10ccac006c74000061670000650000002028000023
:10ccbc0050720000652d00004c6900006d69000089
:10cccc007429000000200000616c000061720000fb
:10ccdc006d2000006973000020640000697300007f
:10ccec00616200006c650000642e00000a0d0000fb
:10ccfc0000250000372e00003366000020250000c0
:10cd0c0073000000253500002e3100006620000065
:10cd1c005761000074740000732000002825000087
:10cd2c007329000000250000352e0000306600003d
:10cd3c002000000025730000252d00006425000054
:10cd4c00630a00000d00000025340000692000007b
:10cd5c003d200000253500002e32000066560000f4
:10cd6c000a0d0000004c00006173000074200000ec
:10cd7c00566100006c6900006420000042610000f4
:10cd8c006e64000020530000656c000065630000b9
:10cd9c00742000003a250000730a00000d0000000a
:10cdac002d2d00002d2d00002d2d00002d2d00000f
:10cdbc002d2d00002d2d00002d2d00002d2d0000ff
:10cdcc002d2d00002d2d00002d2d00002d2d0000ef
:10cddc002d2d00002d2d00002d2d00002d2d0000df
:10cdec002d2d00002d2d00002d2d00002d2d0000cf
:10cdfc000a0d0000002c0000206100006e7900007c
:10ce0c00206b000065790000206500007869000047
:10ce1c00747300002e2e00002e0a00000d0000007e
:10ce2c00546500006d7000006572000061740000b4
:10ce3c007572000065200000536500006e730000e1
:10ce4c006f72000020430000616c000069620000fa
:10ce5c0072610000746900006f6e00000a0d000022
:10ce6c00004900006e700000757400002041000045
:10ce7c0074740000656e000075610000746f000032
:10ce8c007220000053740000617400007573000080
:10ce9c000a0d00000044000069760000696400007f
:10ceac00652d0000427900002d5a000065720000cb
:10cebc006f20000054720000617000000a0d000029
:10cecc0000540000657300007420000054650000dd
:10cedc00726d0000696e00006174000065640000f2
:10ceec000a0d0000004100006c610000726d000032
:10cefc002053000079730000746500006d20000061
:10cf0c0054650000737400000a0d0000000a000054
:10cf1c000d4600002d530000656e00007365000087
:10cf2c002054000065730000743a000020250000b6
:10cf3c00730a00000d0000002020000020310000ca
:10cf4c00363000006d200000383000006d200000ed
:10cf5c00343000006d200000333000006d200000e4
:10cf6c00323000006d200000313700006d200000d1
:10cf7c00313500006d200000313200006d200000c2
:10cf8c00313000006d0a00000d0000000a0d000099
:10cf9c00496c00006c650000676100006c200000ab
:10cfac00566100006c750000652100000a0d000040
:10cfbc00004e00006f6e00002d50000072690000e2
:10cfcc006e740000616200006c650000204300007c
:10cfdc0068610000726100006374000065720000fb
:10cfec00004e00006f7200006d6100006c000000cc
:10cffc004c6f000077200000537000006565000046
:10d00c00642000004f4e0000004d000065640000dd
:10d01c00697500006d20000053700000656500000c
:10d02c00642000004f4e00000048000069670000bb
:10d03c00682000005370000065650000642000004b
:10d04c004f4e0000004f0000757400002d4f000083
:10d05c00662d0000426100006e640000210000009b
:10d06c00312e0000384d0000487a00002f310000ae
:10d07c00363000006d000000332e0000354d0000ee
:10d08c00487a00002f380000306d00000037000097
:10d09c002e3000004d4800007a2f00003430000084
:10d0ac006d000000313000004d4800007a2f000068
:10d0bc00333000006d000000313400004d4800009a
:10d0cc007a2f0000323000006d0000003138000073
:10d0dc004d4800007a2f0000313700006d00000031
:10d0ec00323100004d4800007a2f0000313500002d
:10d0fc006d000000323400004d4800007a2f000013
:10d10c00313200006d000000323800004d48000044
:10d11c007a2f0000313000006d000000556e0000c9
:10d12c006b6e00006f7700006e2000004261000003
:10d13c006e640000210000004441000054410000d6
:10d14c000041000044440000520000000a0d0000a1
:10d15c00447500006d700000204500004550000033
:10d16c00524f00004d200000636f00006e740000f1
:10d17c00656e0000747300000a0d00002534000079
:10d18c007325000032330000730a00000d250000e7
:10d19c002e32000033730000252e000032320000c6
:10d1ac00730000000a0d0000253400002e3400002e
:10d1bc00583a000000250000352e000034580000bd
:10d1cc00000a00000d2500002e3200003373000011
:10d1dc00252e000032320000730a00000d00000002
:10d1ec00416d000070730000005600006f6c000071
:10d1fc00747300000025000033690000202d00002e
:10d20c0020250000730000005265000076650000c8
:10d21c007273000065000000466f0000727700001a
:10d22c0061720000640000002573000000300000f3
:10d23c00202d0000204100006c6c000020410000fb
:10d24c006c610000726d0000732000004f660000de
:10d25c00660a00000d000000312000002d200000a7
:10d26c004f760000657200002d43000075720000bf
:10d27c00726500006e7400000a0d000000320000a0
:10d28c00202d000020480000696700006820000085
:10d29c0053570000520a00000d000000332000001c
:10d2ac002d2000004f760000657200002d54000008
:10d2bc00656d0000706500007261000074750000ff
:10d2cc00726500000a0d000000340000202d0000e3
:10d2dc0020250000730a00000d000000342000001f
:10d2ec002d20000025730000257300000035000080
:10d2fc00202d00002025000073250000730a00007b
:10d30c000d000000352000002d20000025730000ca
:10d31c00257300002573000000360000202d00004e
:10d32c0020250000732000004c6900006d6900008e
:10d33c00740a00000d000000362000002d200000b3
:10d34c00257300002573000000370000202d00001d
:10d35c00204100006c6c0000204100006c6100005a
:10d36c00726d0000732000004f6e00000a0d00006b
:10d37c00000a00000d2500002e3200003073000062
:10d38c005b4300004f4d00004d4100004e44000037
:10d39c0020540000414200004c4500005d25000077
:10d3ac002e320000307300000a0d0000004800000f
:10d3bc002f3f000020480000656c0000702000002a
:10d3cc002d20000028540000686900007320000024
:10d3dc005363000072650000656e0000290a0000ae
:10d3ec000d000000412000002020000041440000fe
:10d3fc004320000043680000616e00006e65000071
:10d40c006c200000447500006d7000000a0d0000d7
:10d41c0000420000202000002025000073000000c6
:10d42c004320000020200000257300000a0d00009e
:10d43c000044000020200000204300006c65000028
:10d44c00617200002046000061630000746f0000f0
:10d45c0072790000204400006566000061750000d0
:10d46c006c740000205200006573000065740000ad
:10d47c00204300006f7500006e74000065720000a0
:10d48c000a0d000000450000202000002044000090
:10d49c00756d00007020000053790000737400005b
:10d4ac00656d00002026000020550000736500000b
:10d4bc00722000005365000074740000696e000057
:10d4cc00677300000a0d00000046000020200000d9
:10d4dc0020440000756d00007020000045450000e0
:10d4ec00505200004f4d0000206300006f6e000092
:10d4fc00746500006e740000730a00000d000000db
:10d50c004720000020200000546f000067670000d7
:10d51c006c6500002046000072650000717500000b
:10d52c00656e00006379000020530000656e0000fa
:10d53c007365000020540000657300007420000027
:10d54c004f6e00002f4f0000666600000a0d0000b1
:10d55c00004900002020000020250000730000007e
:10d56c004a2000002020000025730000004b000022
:10d57c002020000020420000757a00007a6500002f
:10d58c0072200000536f0000756e000064200000d4
:10d59c0054650000737400000a0d0000004c00007c
:10d5ac002020000020250000730000004d2000000a
:10d5bc002020000025730000005a000020200000ed
:10d5cc0020250000732500002e310000357300006b
:10d5dc00257300000044000049530000504c00002b
:10d5ec0041590000004900004e5000005554000005
:10d5fc0000560000414c000055450000004300005f
:10d60c00484100004e4e0000454c0000000a00004e
:10d61c000d2500003773000025360000732500002f
:10d62c003873000025310000357300000a0d00002e
:10d63c00252e000032320000732500002e3200002f
:10d64c0032730000000a00000d410000444300004a
:10d65c0025330000693a00002536000069250000da
:10d66c00372e00003366000056200000000a000030
:10d67c000d2500002e3400007325000073000000ff
:10d68c000a0d000025730000456e00007465000053
:10d69c0072200000302c0000312c0000322c0000d5
:10d6ac00332c0000342c0000352c000036200000f8
:10d6bc006f72000020370000202e00002e2e00007c
:10d6cc000a0d0000000a00000d0000002573000088
:10d6dc0025730000536500006c6500006374000046
:10d6ec0020530000636100006c6500003a200000cc
:10d6fc00302c0000312c0000323a000020000000d9
:10d70c0025640000202d000020250000730a000075
:10d71c000d000000203d0000253300002e320000db
:10d72c00585d0000000a00000d4500004550000047
:10d73c00524f00004d200000526500007365000040
:10d74c0074200000436f0000756e000074650000cb
:10d75c0072200000636c00006561000072650000bf
:10d76c00642e000000760000342e000030330000e0
:10d77c0000200000005300005953000054450000e5
:10d78c004d200000434100004c4900004252000073
:10d79c0041540000494f00004e200000534500004a
:10d7ac0054540000494e000047530000000a00008a
:10d7bc000d25000033330000730a00000d25000016
:10d7cc003773000046690000726d0000776100003d
:10d7dc00726500003a20000025730000202d000027
:10d7ec00204400004c3400004a4300000a0d0000a5
:10d7fc002533000033730000004200006174000008
:10d80c007465000072790000205600006f6c0000f7
:10d81c007461000067650000204600006163000031
:10d82c00746f0000722000003a200000252d0000cb
:10d83c00346400000a0d000000500000412000007c
:10d84c004375000072720000656e000074200000c9
:10d85c0046610000637400006f720000202000001d
:10d86c0020200000202000003a200000252d000080
:10d87c00346400000a0d0000005200004620000035
:10d88c00506f000077650000722000004d650000ad
:10d89c007465000072200000466100006374000093
:10d8ac006f720000202000003a200000252d00009f
:10d8bc00346400000a0d00000052000046200000f5
:10d8cc00506f000077650000722000004d6500006d
:10d8dc0074650000722000004f6600006673000043
:10d8ec0065740000202000003a200000252d000067
:10d8fc00346400000a0d0000004200006565000061
:10d90c00702000004c6500006e6700007468000019
:10d91c0020540000696d00006520000020200000ec
:10d92c0020200000202000003a20000000250000ec
:10d93c002d640000206d0000530a00000d00000053
:10d94c004f460000460a00000d0000005057000032
:10d95c00522000004d6500006173000075720000dc
:10d96c00656d0000656e00007420000053610000be
:10d97c006d7000006c650000733a00002000000020
:10d98c0031200000284f000066660000290a0000c4
:10d99c000d000000256400000a0d0000004f00007f
:10d9ac0076650000722d0000566f00006c7400004c
:10d9bc00616700006520000054720000697000006f
:10d9cc002020000020200000202000003a20000031
:10d9dc0000250000730a00000d000000556e0000c9
:10d9ec0064650000722d0000566f00006c7400001e
:10d9fc00616700006520000054720000697000002f
:10da0c002020000020200000203a00002000000010
:10da1c0050720000652d00004c6900006d6900001b
:10da2c007420000054720000697000002020000077
:10da3c00202000002020000020200000203a0000c0
:10da4c0020000000506f000077650000722000007d
:10da5c004d650000746500007220000046750000e2
:10da6c006c6c00002d530000636100006c650000bd
:10da7c00203a0000202500002d640000570a000009
:10da8c000d0000004672000065710000204d000082
:10da9c00657400006572000020430000616c00009a
:10daac006962000072610000746900006f6e000012
:10dabc00203a0000202500002d3700006c64000087
:10dacc000a0d000000530000706c00006173000030
:10dadc00682000005363000072650000656e000052
:10daec002044000069730000706c00006179000034
:10dafc00202000003a200000257300000a0d0000d1
:10db0c00005500005345000052200000434f000018
:10db1c004e46000049470000555200004154000099
:10db2c00494f00004e2000005345000054540000a3
:10db3c00494e000047530000000a00000d2500006c
:10db4c0033330000730a00000d2500007300000041
:10db5c004672000065710000756500006e63000080
:10db6c0079200000536500006e73000065200000f2
:10db7c004d6f00006465000020200000203a00007a
:10db8c0020250000730a00000d0000005365000002
:10db9c0072690000616c0000204c0000696e00008e
:10dbac006b200000506f00006c6c0000696e000070
:10dbbc006720000020200000203a00002000000018
:10dbcc00252d00006420000053650000636f0000e9
:10dbdc006e640000730000004f66000066000000d9
:10dbec000a0d0000525300002d32000033320000a9
:10dbfc00205000006f720000742000004d6f000078
:10dc0c00646500002020000020200000202000007f
:10dc1c00203a0000205400006573000074200000be
:10dc2c004d6f0000646500000a0d000000520000fa
:10dc3c00532d00003233000032200000506f0000e2
:10dc4c0072740000205300007065000065640000d1
:10dc5c002020000020200000202000003a2000009e
:10dc6c00252d0000643000003020000042610000cf
:10dc7c00756400000a0d0000004c000043440000d5
:10dc8c0020420000616300006b6c000069670000bb
:10dc9c0068740000696e00006720000020200000fe
:10dcac0020200000202000003a200000252d00003c
:10dcbc00346400000a0d0000004c000043440000d6
:10dccc00204300006f6e000074720000617300004e
:10dcdc0074200000202000002020000020200000e4
:10dcec0020200000202000003a200000252d0000fc
:10dcfc00346400000a0d000000530000575200006d
:10dd0c002054000072690000702000004c69000073
:10dd1c006d6900007420000020200000202000000d
:10dd2c0020200000202000003a200000252e0000ba
:10dd3c00326600000a0d000000460000616e000013
:10dd4c002053000070650000656400002043000053
:10dd5c006f6e0000747200006f6c000020200000d9
:10dd6c0020200000202000003a2000002573000035
:10dd7c000a0d000000540000656d00007065000085
:10dd8c00726100007475000072650000205500007f
:10dd9c006e69000074730000202000002020000039
:10ddac00202000003a200000257300000a0d00001e
:10ddbc0000540000656d0000706500007261000089
:10ddcc007475000072650000204100006c61000059
:10dddc00726d0000204c0000696d00006974000039
:10ddec003a20000000460000616e00002053000045
:10ddfc00746100007274000020540000656d000016
:10de0c00706500007261000074750000726500009e
:10de1c00202000003a20000000420000616e00004b
:10de2c006420000044690000737000006c61000005
:10de3c0079200000556e000069740000732000000a
:10de4c0020200000202000003a2000002573000054
:10de5c000a0d0000004700007261000070680000ad
:10de6c0069630000204c0000696d000069740000bb
:10de7c007320000044690000737000006c610000a6
:10de8c00792000003a200000257300000a0d0000e4
:10de9c00004600002d530000656e00007365000005
:10deac0020510000534b00002020000020200000d7
:10debc002020000020200000202000002020000056
:10decc003a200000257300000a0d000000470000f6
:10dedc00726100007068000069630000204400005b
:10deec0069730000706c0000617900002054000020
:10defc007970000065200000202000003a2000000e
:10df0c00257300000a0d0000005000006f77000020
:10df1c0065720000204d0000657400006572000001
:10df2c0020540000797000006520000020200000c3
:10df3c0020200000202000003a2000002573000063
:10df4c000a0d0000005300007461000072740000a0
:10df5c002d55000070200000506100006765000026
:10df6c0020200000202000002020000020200000a5
:10df7c00202000003a200000257300000a0d00004c
:10df8c000043000075720000726500006e740000a2
:10df9c00204100006d7000006c6900006669000093
:10dfac00657200002053000074610000746500006d
:10dfbc003a200000257300000a0d0000004200000a
:10dfcc00616e000064200000536500006c65000069
:10dfdc0063740000204d00006f6400006520000099
:10dfec002020000020200000202000003a2000000b
:10dffc00257300000a0d0000002500002e330000e0
:10e00c00397300000a0d0000002500002e330000bb
:10e01c0039730000000a00000d2500007300000099
:10e02c00426100006e6400003a200000257300007d
:10e03c002047000025310000693a0000203d000017
:10e04c002025000032690000644200000a0d000027
:10e05c00000a00000d2500007350000072650000de
:10e06c0073730000206100006e790000206b0000cb
:10e07c0065790000207400006f20000073740000ac
:10e08c006172000074250000730a00000d0000008e
:10e09c000a0d0000536f0000756e00006420000034
:10e0ac0054650000737400000a0d0000456e0000fa
:10e0bc00746500007220000046720000657100005b
:10e0cc00756500006e6300007920000028310000a7
:10e0dc0030300000202d00002034000030300000d3
:10e0ec00304800007a2900003a200000000a0000a5
:10e0fc000d440000617400006120000056610000b6
:10e10c006c750000653a0000202500006c69000069
:10e11c000a0d0000004500006e74000065720000de
:10e12c00206400007572000061740000696f0000cb
:10e13c006e20000028310000302000002d2000004f
:10e14c00333200002c300000303000006d530000e2
:10e15c00293a0000200000004368000061720000b2
:10e16c00203d000020300000782500002e320000f9
:10e17c00580a00000d0000004368000061720000a6
:10e18c00203d000020300000782500002e320000d9
:10e19c00582000002d200000257300000a0d0000ff
:10e1ac00002000003d200000256300000a0d000047
:10e1bc00002000003d200000257300000a0d000027
:10e1cc00000a00000d4900006e760000616c000032
:10e1dc0069640000204300006f6d00006d61000059
:10e1ec006e6400003a2000002563000020560000f9
:10e1fc00616c0000756500003a2000002564000089
:10e20c000a0d0000000000000c00000018000000c7
:10e21c003000000060000000c00000008001000021
:10e22c0040020000800400004e6f0000726d000080
:10e23c00616c0000004c00006f770000004d000086
:10e24c0065640000697500006d00000048690000fd
:10e25c0067680000004600006168000072650000fd
:10e26c006e680000656900007400000043650000e2
:10e27c006c730000697500007300000059610000a8
:10e28c00657300007520000043410000540000003d
:10e29c004b580000322f00004b5800003300000098
:10e2ac004a7500006d6100002d54000052580000aa
:10e2bc0032000000462d0000536500006e73000014
:10e2cc00650000004654000038310000372f000074
:10e2dc0038310000380000004d6100006e75000000
:10e2ec00616c000000580000696500006775000053
:10e2fc00004800005235000030000000204d0000a6
:10e30c0020000000204100002000000047310000e8
:10e31c0000470000320000004733000000470000b7
:10e32c00340000004d4800007a0000004d650000ec
:10e33c007472000065730000004f000066660000f8
:10e34c00004f00006e00000053740000616e00006e
:10e35c0064620000790000004f70000065720000dc
:10e36c00617400006500000041750000746f0000ce
:10e37c0000200000203f00002120000020000000b1
:10e38c002020000031360000306d0000002000001d
:10e39c0020200000383000006d000000202000001c
:10e3ac0020340000306d0000002000002020000010
:10e3bc00333000006d0000002020000020320000ef
:10e3cc00306d0000002000002020000031370000dc
:10e3dc006d0000002020000020310000356d000091
:10e3ec000020000020200000313200006d000000f1
:10e3fc002020000020310000306d000000200000c3
:10e40c00202000003f20000020000000312e0000e2
:10e41c00384d0000487a0000003300002e35000013
:10e42c004d4800007a00000020200000374d00000d
:10e43c00487a000000200000313000004d480000f8
:10e44c007a00000020310000344d0000487a0000b2
:10e45c0000200000313800004d4800007a00000018
:10e46c0020320000314d0000487a000000200000ee
:10e47c00323400004d4800007a00000020320000c9
:10e48c00384d0000487a0000002000005361000065
:10e49c00766500002053000065740000746900006c
:10e4ac006e670000733f0000200000002052000047
:10e4bc006573000065740000204400006566000070
:10e4cc00617500006c740000733f0000004f000089
:10e4dc002f500000205000006f7700006572000084
:10e4ec000053000057520000005600006f6c0000f3
:10e4fc007461000067650000004300007572000045
:10e50c00726500006e74000000540000656d000020
:10e51c007065000072610000747500007265000087
:10e52c0000410000757400006f2000004261000083
:10e53c006e640000204400006574000065630000f8
:10e54c00740000005365000072690000616c0000eb
:10e55c00205300007065000065640000005300004b
:10e56c0065720000696100006c200000506f0000b3
:10e57c0072740000005000006f6c00006c690000a9
:10e58c006e670000204900006e7400006572000088
:10e59c00766100006c0000004c4300004420000039
:10e5ac0044690000737000006c6100007900000089
:10e5bc005357000052200000547200006970000094
:10e5cc0000460000616e0000204300006f6e0000ea
:10e5dc00747200006f6c0000004f00007665000044
:10e5ec0072740000656d0000700000004661000050
:10e5fc006e20000043750000742d0000496e000071
:10e60c0020540000656d00007000000042610000a5
:10e61c006e6400002044000069730000706c000000
:10e62c006179000000470000726100007068000012
:10e63c0069630000616c0000204c0000696d0000f3
:10e64c0069740000730000004772000061700000e4
:10e65c0068690000632000004469000073700000ca
:10e66c006c61000079000000524600002050000050
:10e67c006f77000065720000204d0000657400008b
:10e68c006572000000530000746100007274000099
:10e69c002d550000702000004469000073700000cc
:10e6ac006c61000079000000462d000053650000ed
:10e6bc006e73000065200000515300004b000000f9
:10e6cc000500000000000000000300000003000033
:10e6dc00464100003b000000053d00003f420000a9
:10e6ec000a0d000000000000004f000072690000dd
:10e6fc00676900006e6100006c0000004c61000056
:10e70c007267000065000000536d0000616c000032
:10e71c006c0000002020000020430000616e00000f
:10e72c00636500006c6c0000656400002120000033
:10e73c0020200000002000002020000020200000ed
:10e74c005361000076650000642100002020000069
:10e75c0020200000200000005761000074740000ad
:10e76c0073000000644200006d000000202d0000ca
:10e77c002d2d00002e2d0000570000002d2d000027
:10e78c002e2d0000644200006d0000004f4b000075
:10e79c0000450000727200006f7200002100000042
:10e7ac00526500006d6f000074650000005400009d
:10e7bc00657300007400000025350000733a0000fa
:10e7cc002538000069df000025630000004c0000c4
:10e7dc00696d000069740000005300007461000052
:10e7ec0072740000005500006e6900007473000024
:10e7fc003a25000031300000730000005057000033
:10e80c00523a00004e6f000020420000414e0000c2
:10e81c00442b00003a59000065730000000a000008
:10e82c000d250000734400002046000069720000b2
:10e83c006d77000061720000653a00002025000031
:10e84c007320000044610000746500003a20000051
:10e85c00257300000a0d0000004300006f700000db
:10e86c007972000069670000687400003a200000ab
:10e87c004a75000068610000204e000069690000c4
:10e88c006e6900006b6f0000736b00006920000064
:10e89c002d2000004f480000324e00004c54000068
:10e8ac0020260000204d00006174000074690000f7
:10e8bc00204800006f680000746f00006c6100005d
:10e8cc00202d0000204f0000483700005356000058
:10e8dc000a0d00000028000041640000646900007b
:10e8ec00746900006f6e0000616c0000206600000f
:10e8fc0065610000747500007265000073200000f3
:10e90c00616e0000642000006d6f000064690000ff
:10e91c006669000063610000746900006f6e00009e
:10e92c00732000002d20000041640000726900007b
:10e93c00616e000020520000796100006e20000022
:10e94c002d200000354200003441000049590000e0
:10e95c00290a00000d000000284d00006f64000023
:10e96c0069660000696500006420000062750000a3
:10e97c00696c0000642000002d200000444c000055
:10e98c00344a0000432900000a0d00000052000028
:10e99c00656d00006f74000065200000506f000072
:10e9ac0077650000722000004f66000066000000d2
:10e9bc002020000020440000617400006120000051
:10e9cc0053610000766500006400000025310000f2
:10e9dc003073000025360000730000002053000047
:10e9ec005752000020000000204f00002f43000071
:10e9fc002000000020540000454d00005000000095
:10ea0c0020480000692d0000560000002042000044
:10ea1c006174000074000000204c00006f2d000099
:10ea2c0056000000525300002d320000333200001b
:10ea3c0020450000636800006f2000005465000052
:10ea4c0073740000004100007761000069740000dd
:10ea5c00696e0000672000006461000074610000b2
:10ea6c002e2e00002e0000000a0d00005253000054
:10ea7c002d3200003332000020540000657300007a
:10ea8c00740a00000d5000007265000073730000e2
:10ea9c0020500000575200002062000075740000e6
:10eaac00746f00006e200000746f00002065000081
:10eabc0078690000742e00002e2e00000a0d000054
:10eacc0000520000582000004461000074610000f6
:10eadc003a20000025630000202000003078000060
:10eaec00253200002e320000580000000a0d0000f4
:10eafc00525300002d32000033320000207400000d
:10eb0c00657300007420000074650000726d0000d5
:10eb1c00696e000061740000656400000a0d00005d
:10eb2c00002500003269000020200000000a0000cf
:10eb3c000d000000536500006c650000637400005c
:10eb4c003a25000039730000004200006175000096
:10eb5c006420000052610000746500003a2500003a
:10eb6c003469000030300000004d00006f6400007c
:10eb7c00653a00002531000031730000005400009c
:10eb8c00696d0000657200003a25000036690000ce
:10eb9c00205300006563000000540000696d000004
:10ebac00657200003a2000002044000069730000e8
:10ebbc00616200006c6500006400000042610000ae
:10ebcc00636b00006c69000067680000743a000019
:10ebdc002536000069000000436f00006e740000d1
:10ebec0072610000737400003a2500003769000060
:10ebfc00004c0000696d0000697400003a250000ab
:10ec0c00382e0000316600003a310000004400004c
:10ec1c0069730000706c0000617900003a250000f7
:10ec2c00387300000054000079700000653a000051
:10ec3c0025310000317300000050000061670000b6
:10ec4c00653a0000253100003173000000530000cc
:10ec5c00575200002d2d00002e2d0000000a000040
:10ec6c000d45000045500000524f00004d200000a3
:10ec7c0043680000656300006b730000756d000055
:10ec8c00730a00000d430000616c00006962000013
:10ec9c0072610000746900006f6e0000202000009b
:10ecac003a200000257300000a0d0000436f00009d
:10ecbc006e660000696700007572000061740000e8
:10eccc00696f00006e3a000020250000730a0000f6
:10ecdc000d520000657300006574000020430000b5
:10ecec006f7500006e740000657200003a20000021
:10ecfc00256400000a0d0000000a00000d4500000c
:10ed0c0045500000524f00004d20000043680000a9
:10ed1c00656300006b730000756d000020450000fa
:10ed2c00727200006f72000021200000526500001a
:10ed3c002d6c00006f610000646900006e670000bc
:10ed4c002046000061630000746f000072790000bf
:10ed5c002044000065660000617500006c740000c2
:10ed6c00730000002043000068650000636b000026
:10ed7c00737500006d20000045720000726f00007a
:10ed8c0072200000004c00006f61000064690000fc
:10ed9c006e6700002044000065660000617500008d
:10edac006c740000730000004a5500004d410000d7
:10edbc00205000004131000030300000004f0000b6
:10edcc00483200004e4c0000542f00003753000016
:10eddc0056200000444c0000344a00004300000060
:10edec0020200000436100006c690000627200008a
:10edfc0061740000696f00006e00000020200000ac
:10ee0c004d6f0000646500002537000073000000a2
:10ee1c002044000049530000504c000041590000b0
:10ee2c00203d0000205000006167000065200000bc
:10ee3c00004f000050450000522000003d20000013
:10ee4c0053610000766500002f45000078690000d2
:10ee5c00740000005379000073740000656d0000ad
:10ee6c00204300006c6f0000636b00003a20000030
:10ee7c00256c0000692000006b4800007a0a000035
:10ee8c000d00000020530000544200005900000007
:10ee9c0020200000545800002000000020450000f5
:10eeac007272000020000000204f0000504500004e
:10eebc0052000000252d00003136000073000000c8
:10eecc004b580000332000004d73000067200000f9
:10eedc00546900006d6500002d4f00007574000032
:10eeec000053000065740000207400006f3a0000ad
:10eefc002020000020350000205300006563000036
:10ef0c0073000000202000002020000020200000c2
:10ef1c00557300006572000000200000436f000074
:10ef2c006e66000069670000757200006174000075
:10ef3c00696f00006e00000020250000362e0000d6
:10ef4c00336600002020000000200000202000007c
:10ef5c0020200000005300004f4d000041460000ef
:10ef6c0043000000dc050000d1070000a10f0000e9
:10ef7c00401f0000e02e0000983a0000384a0000c4
:10ef8c00d859000090650000317500000a0000009f
:10ef9c008700000099010000ab020000ba030000da
:10efac00cc040000df050000ed060000ff070000a8
:10efbc0012090000200a00009a990000114100007b
:10efcc003d0a0000834100000a0000000900000017
:10efdc00080000000700000006000000050000000b
:10efec000400000003000000030000000200000009
:10effc0001000000630000000a000000090000008e
:10f00c0007000000060000000500000004000000de
:10f01c00030000000200000001000000630000007b
:10f02c00554e00004b00000031360000300000004f
:10f03c00383000004d000000343000004d0000005e
:10f04c00333000004d000000323000004d00000055
:10f05c00313700004d000000313500004d0000003c
:10f06c00313200004d000000313000004d00000036
:10f07c004f460000460000005054000054000000b1
:10f08c0048520000424e0000256400000048000079
:10f09c00524d00004425000064000000525800004e
:10f0ac002c250000732c0000257300002c2500007b
:10f0bc0064250000632c0000252e00003166000042
:10f0cc005600000048520000545000002564000017
:10f0dc002563000000480000525600005425000033
:10f0ec002e3100006656000000480000524100001e
:10f0fc00543000000048000052420000522500002d
:10f10c0064000000485200004b5800003000000022
:10f11c0048520000544d000000250000633a0000e6
:10f12c00256300003a250000633a000025630000c7
:10f13c003a250000326400003a25000031640000da
:10f14c003a250000332e0000316600003a250000fd
:10f15c00352e0000326600003a250000342e0000e7
:10f16c00316600003a250000352e000031660000a3
:10f17c003a250000336400003a2500003164000099
:10f18c003a250000325800000a0d00000000000073
:10f19c005e0000001b010000d7010000930200007c
:10f1ac00500300000c040000c90400008505000099
:10f1bc0042060000fe060000ba0700000000000036
:10f1cc00010000000200000003000000030000002a
:10f1dc00040000000500000006000000070000000d
:10f1ec0008000000090000000a0000003034000094
:10f1fc002f4f0000435400002f320000303200002b
:10f20c0036000000763400002e3000003300000081
:10f21c0000000000010000000700000002000000d8
:10f22c0003000000040000000600000005000000c0
:10f23c0054720000697000003a2500003131000062
:10f24c00730000004c6900006d690000743a000006
:10f25c00253900002e3200006656000000430000e5
:10f26c00616c000025370000733a00002535000062
:10f27c006900000046720000657100003a2500002c
:10f28c00372e000033660000204d0000487a000045
:10f29c000046000061630000746f00007200000003
:10f2ac004f66000066730000657400000053000098
:10f2bc0075700000706c0000793a0000202000008e
:10f2cc00000000004265000065700000204c00004a
:10f2dc00656e000020300000203d0000204f000033
:10f2ec0066660000004200006565000070200000aa
:10f2fc00546f00006e6500002020000020200000ec
:10f30c002020000020000000506f000077650000f6
:10f31c0072200000417600006572000061670000f9
:10f32c00696e000067200000004f00007665000049
:10f33c00727600006f6c000074610000676500005d
:10f34c002020000020200000200000004f7600004c
:10f35c0065720000766f00006c740000616700003d
:10f36c00652000005472000069700000004c000021
:10f37c006f770000205600006f6c00007461000075
:10f38c006765000020200000202000002000000005
:10f39c004c6f000077200000566f00006c7400006a
:10f3ac006167000065200000547200006970000065
:10f3bc0000500000726500002d4c0000696d0000cb
:10f3cc006974000020540000726900007020000075
:10f3dc0020000000467500006c6c00002d530000ee
:10f3ec00636100006c650000205000006f77000026
:10f3fc006572000000530000706c00006173000027
:10f40c00682000005363000072650000656e000008
:10f41c002020000020000000284f0000666600003d
:10f42c002900000042650000657000003a250000cc
:10f43c00396900006d530000004200006565000052
:10f44c00703a0000253100003173000000530000b9
:10f45c00616d0000706c0000657300003a250000bf
:10f46c00367300002532000069000000546f000064
:10f47c006e6500003a250000313100007300000079
:10f48c004a5500004d41000000520000532d000071
:10f49c0039320000380000004d6100007820000077
:10f4ac00506f000077650000723a000025350000af
:10f4bc00695700000046000061630000746f000093
:10f4cc00723a0000253900006c6400000044000012
:10f4dc0069730000706c0000617900003a2500002f
:10f4ec0038730000000a00000d5300006572000024
:10f4fc0076690000636500002026000020430000b0
:10f50c00616c0000696200007261000074690000a7
:10f51c006f6e0000204d00006f640000650000005d
:10f52c000a0d000044490000535000004c410000fb
:10f53c00592f0000434f00004e4600004947000081
:10f54c003a200000536500006c65000063740000f5
:10f55c002050000061670000650a00000d4f00009c
:10f56c0050450000523a0000205300006176000024
:10f57c00652000002620000045780000697400001a
:10f58c000a0d0000000a00000d430000616c000031
:10f59c006962000072610000746900006f6e000007
:10f5ac002073000065740000746900006e67000031
:10f5bc007320000073610000766500006420000079
:10f5cc00746f00002045000045500000524f0000b1
:10f5dc004d0a00000d0000004f730000636900002d
:10f5ec006c6c0000617400006f720000205400000d
:10f5fc0072610000702100000020000041640000d6
:10f60c0064720000657300007320000054720000e7
:10f61c00617000002120000020000000202000006c
:10f62c0053740000616300006b20000054720000f2
:10f63c00617000002120000020200000002000004c
:10f64c00204d00006174000068200000457200002d
:10f65c00726f0000722100002020000020000000ca
:10f66c00496e000074650000727200007570000035
:10f67c007420000045720000726f000072210000bf
:10f68c0000200000556e00006b6e00006f770000cc
:10f69c006e20000045720000726f000072210000a5
:10f6ac00200000000a0d00005452000041500000e0
:10f6bc003a2000004f730000636900006c6c00007e
:10f6cc00617400006f72000020450000727200002f
:10f6dc006f7200000a0d0000004f00005343000041
:10f6ec00434f00004e2000003078000025580000e9
:10f6fc000a0d0000000a00000d54000052410000e9
:10f70c00503a000020410000646400007265000063
:10f71c007373000020450000727200006f720000cd
:10f72c000a0d000000570000302000003078000067
:10f73c00255800000a0d0000005700003120000081
:10f74c0030780000255800000a0d0000005700001a
:10f75c003220000030780000255800000a0d00000f
:10f76c0000570000332000003078000025580000be
:10f77c000a0d000000570000342000003078000013
:10f78c00255800000a0d000000570000352000002d
:10f79c0030780000255800000a0d000000570000ca
:10f7ac003620000030780000255800000a0d0000bb
:10f7bc00005700003720000030780000255800006a
:10f7cc000a0d0000005700003820000030780000bf
:10f7dc00255800000a0d00000057000039200000d9
:10f7ec0030780000255800000a0d0000005700007a
:10f7fc00313000002030000078250000580a00004d
:10f80c000d0000005731000031200000307800005e
:10f81c00255800000a0d000000570000313200008e
:10f82c002030000078250000580a00000d00000070
:10f83c0057310000332000003078000025580000bc
:10f84c000a0d000000570000313400002030000089
:10f85c0078250000580a00000d0000005731000008
:10f86c003520000030780000255800000a0d0000fb
:10f87c00000a00000d54000052410000503a0000f4
:10f88c002053000074610000636b000020450000f1
:10f89c00727200006f7200000a0d0000000a000076
:10f8ac000d54000052410000503a0000204d000061
:10f8bc00617400006820000045720000726f000047
:10f8cc00720a00000d0000000a0d000054520000e6
:10f8dc00415000003a200000537000007572000087
:10f8ec00696f000075730000204900006e74000001
:10f8fc0065720000727500007074000020450000f5
:10f90c00727200006f7200000a0d0000000000000f
:10f91c0038380000380c00000106000025350000c6
:10f92c002e30000066df0000460000002535000088
:10f93c002e30000066df000043000000253600007a
:10f94c002e31000066570000005300005752000093
:10f95c00253400002e310000660000002536000022
:10f96c002e3200006656000000250000362e0000e6
:10f97c003166000041000000253400002e310000eb
:10f98c0066640000426d00000000000000000000f2
:10f99c00803f000000000000803f000020bc000001
:10f9ac00be4c000000000000c84200000024000013
:10f9bc00744900000050000043480000cdcc00000a
:10f9cc00cc3d00007f010000bf0000005f00000084
:10f9dc002f000000170000000b00000007000000c3
:10f9ec0003000000090000000a0000000b000000ea
:04f9fc000e000000f9
:020000040000fa
:10dcb000809fbe003400f80020002000a0018800f2
:10dcc0000000fa0040448000e20f50001a003200c9
:10dcd000e30f50002d003200e10f5000030032002e
:10dce000d222a8008cc0a90038003700b0168000ee
:10dcf0006200600000f0a7000000ea000000e900f8
:10dd00004f00de00004078000080fb0061006000f2
:10dd100000004000b11680000110a1000100700059
:10dd2000b0168800600880000000d10060088800fc
:10dd30008828ef0025003700b016800062006000e0
:10dd400000f0a7000000ea000000e9004f00de003c
:10dd5000004078000080fb0061006000000040008f
:10dd6000b11680000110a10001007000b0168800fb
:10dd7000b0168000620060000000e0001200320077
:10dd8000100020004044880010003700b0168000ca
:10dd90006200600000f0a7000000ea000000e90057
:10dda0004f00de00004078000080fb006100600052
:10ddb00000004000b11680000110a10001007000b9
:10ddc000b0168800010037000000000084c0a900e0
:10ddd0000080fa003400f9004f00be000040060049
:10dde0003600f800809fbe00829fbe00849fbe0068
:10ddf000869fbe003400f80020002000a0018800ab
:10de00000200fa000000eb00000f780084e0a90097
:10de100005e1a90000088000a04388000021ef0070
:10de200005e1a800104480000000e0000d00320071
:10de3000a04380008000eb0061014000e0814800c9
:10de400060418000714180000200400083804800f2
:10de50006041880071418800104480000000e900a2
:10de600010448800004480000000e00021003200df
:10de70001e00780080004000807b2f000080400062
:10de800090007800a0438000808f50000c00390083
:10de90001e0078008000400040c720000080400045
:10dea000100078008000e8001e00780000014000ab
:10deb00040c720000000410001087800040037003e
:10dec0001e0fe8001e007800e90f5000e8ff340044
:10ded0001e007800ea0f500003003a003c28ef00d3
:10dee000a0002000205a8800004480000000e900c3
:10def00000448800204480000000e0000800320058
:10df0000204480000000e900204488002044800074
:10df10000000e00002003a00200020004044880099
:10df2000d04380000000e00003003200d0438000b6
:10df30000000e900d0438800f04380000000e000ca
:10df400003003200f04380000000e900f043880045
:10df5000104580000000e000030032001045800002
:10df60000000e90010458800c04380000000e00088
:10df700003003200c04380000000e900c043880075
:10df8000b04380000000e00003003200b043800096
:10df90000000e900b0438800204080000000e0005d
:10dfa00003003200204080000000e900204088008b
:10dfb000e04380000000e00007003200e043800002
:10dfc0000000e900e0438800e04380000000e0003a
:10dfd00001003a003c28ef00f04180000000e00022
:10dfe00078003a005044800000004000504488000f
:10dff0001116800000002800008060000000e00092
:10e0000004003a00504480000000a0005044880002
:10e0100003003700504480000000a10050448800f5
:10e0200060448000000040006044880011168000b9
:10e0300000002400008060000000e00004003a00be
:10e04000604480000000a0006044880003003700a6
:10e05000604480000000a10060448800704480009b
:10e060000000e0000b003a0050448000e10f400047
:10e070000e003a001000200070448800a028200004
:10e08000b0448800d04480000000e800d0448800fc
:10e0900006003700504480000000e00003003a0012
:10e0a0008e28ef009628ef009228ef008044800031
:10e0b0000000e0000b003a0060448000e10f4000e7
:10e0c0000e003a001000200080448800a0282000a4
:10e0d000c0448800d04480000000e900d04488009b
:10e0e00006003700604480000000e00003003a00b2
:10e0f0009028ef009828ef009428ef00b0448000ab
:10e100000000e00008003200b04480000000e90098
:10e11000b0448800b04480000000e00002003a00f3
:10e12000d046800090448800c04480000000e00099
:10e1300008003200c04480000000e900c0448800ac
:10e14000c04480000000e00002003a00d046800099
:10e15000a0448800904480000000e0000b003200e2
:10e16000904480000000e9009044880090448000c2
:10e170000000e00005003a00d0468000904488008e
:10e18000d04480000000e800d0448800a044800013
:10e190000000e0000b003200a04480000000e90015
:10e1a000a0448800a04480000000e00005003a0080
:10e1b000d0468000a0448800d04480000000e900e0
:10e1c000d04488003edf07006bfc07000080fa00a7
:10e1d0003400f9004f03be004f02be004f01be00e5
:0ce1e0004f00be003600f90000400600b1
:020000040000fa
:10e1ec00c60c00000c00000000000000ea08000053
:10e1fc000400000000000000fc08000012010000f8
:10e20c00020000001af12100f125f1002cf131007f
:10e21c00f13cf10044f14e00f156f10060f1680060
:10e22c00f172f10079f17f00f184f10088f18c003a
:10e23c00f18ff10092f19500f198f1009cf1a3009f
:10e24c00f1a7f100aaf1b200f172f100baf1bf002e
:10e25c00f1c6f100cdf1d400f1dbf100e2f1e900ff
:10e26c00f1f0f100f7f1fe00f105f200bff10c0046
:10e27c00f213f2001af22100f228f2002ff236000b
:10e28c00f23df20044f20500f24bf2005cf26d003c
:10e29c00f277f2007bf28300f28bf20097f2a80087
:10e2ac00f2b5f200c1f2d200f2d2f200def2e700d7
:10e2bc00f28bf200f3f2fc00f20cf30019f32a00db
:10e2cc00f33af30049f35a00f366f3006df372006e
:10e2dc00f379f30079f37b00f384f3008af3900075
:10e2ec00f3a1f300b2f3b800f3bcf300c4f3cc0019
:10e2fc00f3cff300a3f1d600f3ddf30016f81a0008
:10e30c00f81ef80022f82600f82af8002ef8320041
:10e31c00f836f8003af81600f83ef80042f8ae006d
:10e32c003b483c00623c18003ba83c00be3c500003
:10e33c0045504500504590004342440084458000c0
:10e34c00448e45003448d20048fc4800244958000b
:10e35c00497a49009c49c40049ea49002e4a6c009c
:10e36c004abe4a00de4afe004a244b00444b6a0077
:10e37c004b0000000e0b00008800000000000000a5
:10e38c00000800007400000000000000d808000025
:10e39c001200000002000000c8006400000400002d
:10e3ac0001000100006400000100520000ffff00aa
:10e3bc00b80c00000e0000000200000094fc9c0051
:10e3cc00fca4fc00abfcb400fcbbfc00c2fc0000d9
:10e3dc00880c00001000000000000000ee08000097
:10e3ec0004000000000000001c0c00003a000000bb
:10e3fc0002000000f7e7fe00e70be8001be829002d
:10e40c00e836e80042e84d00e858e80062e86c00a5
:10e41c00e876e80080e88a00e894e8002a584c0086
:10e42c00586e5800ac58ba0058d6580024593400cd
:10e43c00594859005c59700059a25900de59120014
:10e44c005a000000960b000044000000020000007f
:10e45c005df96700f967f90067f96800f979f90067
:10e46c008af99b00f9acf900bdf9ce00f9dff9008f
:10e47c00f0f96700f901fa0067f91200fa46fa00a0
:10e48c004bfaba0063fa630026644e0064766400ab
:10e49c00aa64da006422650048659e0065c66500c2
:10e4ac001c66ba0066f4660062670000f2080000a1
:10e4bc000400000000000000740c000014000000b8
:10e4cc000000000074080000440000000000000080
:10e4dc00b808000020000000000000000e0a000038
:10e4ec000001000000000000f6080000020000001f
:10e4fc0000000000f808000002000000020000000c
:10e50c0001000000fa0800000200000000000000fa
:10e51c00d20c00000200000000000000da0b00002a
:10e52c004200000002000000de0be0000be00b00dc
:10e53c0001000300000000000000000000000000cb
:10e54c00000030001e0000000000000000a41800b5
:10e55c00b00e0000000000000000000000000000f1
:10e56c00000000000000000000000000000000009f
:10e57c00000000000000000000000000000000008f
:10e58c00980c00001000000002000000494e4600ec
:10e59c0000696e0066004e00414e00006e616e0018
:10e5ac0000000000560c00001e00000002000000dd
:10e5bc00286e69006c29000025006800076c0900b2
:10e5cc004c836a009074a0007ac0000080688800b8
:10e5dc0000846c0082008100a80c00001000000078
:10e5ec0002000000494e460000696e0066004e00b5
:10e5fc00414e00006e616e0000000000d40c000063
:10e60c0002000000020000000100000000000000f9
:020000040000fa
:10e61c003600f800809fbe00829fbe00849fbe0023
:10e62c00869fbe003400f80020002000a001880066
:10e63c000200fa00d2fc070030032000a010880072
:10e64c000000eb00000f7800020037000000000013
:10e65c001e0fe800f0cf27009e007800808f50003e
:10e66c00faff340080b52f00801f780008cd07001a
:10e67c008f87e900103a8000801f780030b72f0098
:10e68c00801f780002cd0700e48757000000eb00e4
:10e69c00c1fc0700ffff37003600f800809fbe006a
:10e6ac00829fbe00849fbe00869fbe003400f8008f
:10e6bc0020002000a00188000000fa00c04588005e
:10e6cc00d1458800e2458800f3458800044688005f
:10e6dc00154688002646880037468800484688003c
:10e6ec00594688006a4688007b4688008c4688001c
:10e6fc009d468800ae468800bf468800a0fc0700f7
:10e70c0010b82f00801f7800e1cc07008f87e9003c
:10e71c00c0458000801f780090b92f00801f7800c2
:10e72c00dbcc0700e4875700d0458000801f7800c1
:10e73c0030ba2f00801f7800d5cc0700e487570033
:10e74c00e0458000801f7800d0ba2f00801f780031
:10e75c00cfcc0700e4875700f0458000801f78007d
:10e76c0070bb2f00801f7800c9cc0700e4875700ce
:10e77c0000468000801f780010bc2f00801f78009e
:10e78c00c3cc0700e487570010468000801f780038
:10e79c00b0bc2f00801f7800bdcc0700e487570069
:10e7ac0020468000801f780050bd2f00801f78000d
:10e7bc00b7cc0700e487570030468000801f7800f4
:10e7cc00f0bd2f00801f7800b1cc0700e487570004
:10e7dc0040468000801f780090be2f00801f78007c
:10e7ec00abcc0700e487570050468000801f7800b0
:10e7fc0030bf2f00801f7800a5cc0700e48757009e
:10e80c0060468000801f7800d0bf2f00801f7800ea
:10e81c009fcc0700e487570070468000801f78006b
:10e82c0080c02f00801f780099cc0700e487570028
:10e83c0080468000801f780030c12f00801f780038
:10e84c0093cc0700e487570090468000801f780027
:10e85c00e0c12f00801f78008dcc0700e4875700a3
:10e86c00a0468000801f780090c22f00801f780087
:10e87c0087cc0700e4875700b0468000801f7800e3
:10e88c0040c32f00801f780081cc0700e48757001d
:10e89c001000200040fc0700ffff37003600f80096
:10e8ac00809fbe00829fbe00849fbe00869fbe00dc
:10e8bc003400f80020002000a00188000000fa00bd
:10e8cc00bf4688000f9020002dfc0700f0c32f00de
:10e8dc00801f78006ecc07008f87e900b04680005f
:10e8ec00801f780040c32f00801f780068cc070081
:10e8fc00e48757002000200027fc0700ffff3700ab
:10e90c003600f800809fbe00829fbe00849fbe0030
:10e91c00869fbe003400f80020002000a001880073
:10e92c000000fa0016fc070050c52f00801f78006d
:10e93c0057cc07008f87e9003000200016fc070039
:10e94c00ffff37003600f800809fbe00829fbe009c
:10e95c00849fbe00869fbe003400f800200020007b
:10e96c00a00188000000fa0005fc070090a0a90097
:10e97c009120a900a0c62f00801f780044cc07006e
:10e98c008f87e9004000200003fc0700ffff3700e1
:020000040000fa
:10e99c008a1f78008b1f7800000006009101880008
:10e9ac00800478000000eb001a003700e284440079
:10e9bc0032a0b4009905ba00e284440032a0b4003d
:10e9cc009906ba00e284440032a0b4000006eb00c1
:10e9dc00476fde00fd07b200636ce10003003a00f4
:10e9ec00ebff07000000eb000a003700606ce10051
:10e9fc0004003a00005deb008b05e900fdff3e00d2
:10ea0c00040037006168e100010032000086eb0071
:10ea1c000b00070019c7ba001905ba000e04e00074
:10ea2c0003003a000a00e000e0ff3a000000060094
:10ea3c00fe07b2009e0188008a047800f5ff3700bb
:10ea4c00395dba008b05e9000c003200295dba0073
:10ea5c008b05e900080032000c00e00003003a00ce
:10ea6c00e284440032a0b400f5ff370019ddba008f
:10ea7c008b05e900faff3a008904e800e1844400c0
:08ea8c0032a0b40000000600f6
:020000040000fa
:10ea9400afec20000e7922000e0188000000000077
:10eaa400000020000000e00002003200000120000d
:10eab4002002880014000700a5c607000000e0003b
:10eac40003003a00600f2700010020000200370015
:10ead4000000200001002000810f700001003200be
:10eae400b0ff0700000020000000e0000200320038
:10eaf4000000020000000000ba4c02000000000008
:10eb04000040da000000fe004440a9002074210007
:10eb14000000e0000300320020002000a001880073
:08eb24004440a80000000600b7
:020000040000fa
:10eb2c00809fbe00829fbe003400f80020002000b1
:10eb3c00a00188000200fa008520a9000e00370011
:10eb4c0090108000004f7800f8c8bf008040e800ab
:10eb5c00f6c8bf0080cf500007003200f8c8bf00d5
:10eb6c008080fb00e2a020009e41780003f1780039
:10eb7c000040e800f8e8b700701080006100600009
:10eb8c000000e000eeff3a007010800062006000b0
:10eb9c000000e000010032000e22a9000080fa0003
:10ebac003400f9004f01be004f00be0000400600cb
:00000001FF
