:020000040000fa
:08000000ec7504000000000093
:020000040000fa
:10020000ec750400000000008e5a0400000000009d
:100210000a6e040000000000ea3d04000000000037
:1002200096390400000000004a5704000000000056
:100230007e36040000000000823a04000000000046
:10024000ae3b040000000000483c04000000000039
:10025000623c040000000000183b040000000000a5
:10026000a83c040000000000be3c040000000000a8
:10027000ba4504000000000096430400000000009e
:10028000ac44040000000000ee4504000000000043
:10029000ea44040000000000f845040000000000eb
:1002a0009e480400000000003c49040000000000db
:1002b00066490400000000008e49040000000000b0
:1002c000c249040000000000e449040000000000ee
:1002d000064a0400000000002e4a0400000000004e
:1002e000544a040000000000984a04000000000086
:1002f000d64a040000000000284b04000000000063
:10030000484b040000000000684b0400000000009f
:100310008e4b040000000000ae4b04000000000003
:10032000d44b0400000000009458040000000000ba
:10033000b658040000000000d85804000000000077
:1003400016590400000000002459040000000000b9
:1003500040590400000000008e5904000000000015
:100360009e59040000000000b25904000000000083
:10037000c659040000000000da5904000000000023
:100380000c5a040000000000485a0400000000005d
:100390007c5a0400000000002464040000000000f7
:1003a0006464040000000000906404000000000089
:1003b000b864040000000000e064040000000000d5
:1003c0001465040000000000446504000000000003
:1003d0008c65040000000000b2650400000000000d
:1003e0000866040000000000306604000000000001
:1003f000866604000000000024670400000000007e
:100400005e67040000000000cc67040000000000ec
:10041000301e040000000000a418040000000000ca
:10042000b00e0400000000000a00fa0011002000d5
:10043000b1bf9f00c0bf9f006a805700e211070054
:100440004fb897000080fa00000006000a00fa008a
:10045000e20f500034003e00d0668000e10f5000f3
:1004600003003200e20f500011003a000c00370088
:10047000c32020000300e00001003a000040da0041
:100480000c02e200020035001422ef000de2a80089
:100490000f42ab000d003a000f42a8000b003700de
:1004a000632120000300e00001003a000040da0070
:1004b0001602e200020035001e22ef0017e2a8003b
:1004c0001942ab0001003a001942a80082017800ed
:1004d0000b0037003102fb00e10f500004003a002e
:1004e0000f22ab00feff3a008410880003003700a3
:1004f0001922ab00feff3a00d41088008301e90006
:100500000300e000f3ff3a00e10f500003003a005f
:100510000f02ab00feff32000b0037001902ab00e8
:10052000feff32000800370033002000b3bf9f00f9
:10053000c0bf9f00d1bf9f00e2bf9f006a805700ed
:10054000a31107006fb99700020078000080fa003d
:100550000000060000000500839f68000100e00025
:1005600002003d0060001000e08018000300e00081
:1005700002003d0060011100e08119004200070007
:100580004f00e00002003b0060001000e080180017
:1005900000000600f4ff2f00a00337000001be009a
:1005a000240007000470a70003f0a1006509b10052
:1005b000160032000d0035006828e1000600350005
:1005c000f0ff2f00f1ff27000300e00013003b00c5
:1005d0000100280000000500000040008180480064
:1005e0008502e900fcff3a0008003700f88f42005e
:1005f00002003c008000eb00000005008100d100fb
:100600000080d3008502e800fcff3a000300e00010
:1006100002003b0060001000e080180000000600af
:100620004f89de0082017800970337006011b8001f
:10063000a5033700c70ade00f107b200f50fb200cc
:1006400008003200e1cf4200020032000170a00039
:1006500024000500810f700001003200040805002d
:1006600044000500810f700002003a0014000500ec
:100670008502e9000000400081c04800fcff3b000b
:100680000170a000240005006022b80006022000ce
:100690000000d0008180d2000482d2008582d20086
:1006a0000000a0000202520083825a0003003100c1
:1006b0000202420083824a000000a1000603e90012
:1006c000f3ff3a000000060007f8270007836100e7
:1006d0000638e10004003a00f70720008783610034
:1006e0008703710001003a0003f0a200889fbe005a
:1006f0008a9fbe008c9fbe00470ade000480a100d6
:10070000c71ade000580a1000700280007856000e9
:1007100087856100f70f20000720e1009e0032006e
:100720000728e1009c003200010678000400e00088
:10073000b4003200f7072000878060000170a0003d
:100740000500e000c0003200f7072000878161004b
:100750000370a000050652000f003a000b50e100a4
:100760000b0032000308e10002003a000200e10041
:100770007e003200020450008384580004003100df
:100780000001fd008101fd008402fd008a05fd00dd
:100790006044b800210037000520e10005003d005d
:1007a0000001fd008101fd008402fd008a05fd00bd
:1007b000050652007a60e100050035000170a100d5
:1007c0004722dd00848070008a807000630037005b
:1007d0006044b800ef02660007ff2f0007066600be
:1007e0000500e00006003400f08312008714dd00ed
:1007f0000511de00071bdd00060171008519de0012
:100800007060e1000500350009047800820478007a
:10081000030178008001eb00700656000b50e100e8
:1008200003003a00020040008380480004003700c3
:1008300060041400e0841c0002005800838058000b
:100840000188a300060032008100d1000080d3009f
:100850008984d3000884d3000402e800270037000d
:100860000178a30025003a000100e00003003200f7
:100870008186cf00698656000a0037008c00200070
:100880000000e00004003a000900780088047800c5
:100890000004eb00700252008086cf000d06460077
:1008a0000c06e9007060e100060035008000780069
:1008b00009007800880478000004eb0070065600f8
:1008c000700252000c00e0000c0034008c08dd00c7
:1008d000f00316000703de00868070000c00dd00c8
:1008e000074bde00060070008c4cdd000743de0085
:1008f000868474000c44dd000c0252006120e1008b
:100900002000350061016000070028008781640035
:10091000f7ff270087836400070374000300e000eb
:100920000600320082037300040032000000e80079
:10093000e08048000188a3000e003a00f70f200075
:100940000720e1004a003d000170a1004722dd00c0
:10095000810072008a8070000000be004f06be0059
:100960004f05be004f04be00000006006000b80046
:10097000faff37008100d1000080d3000402e800b4
:10098000eeff37000401780089017400a10107001f
:100990008a807000f1ff3700f70107000702780036
:1009a0000001fd008101fd00f301070087027800ce
:1009b000850372000778a300040032000001fd00e7
:1009c0008101fd0006020700e4ff37008503620095
:1009d0000768a300080032000b50e100030032005a
:1009e000f0ff2f00f1ff2700dcff37000001fd00c2
:1009f0008101fd00d9ff37000468a300d7ff320052
:100a0000faff3700f8ff2700888360000b003a00e8
:100a10000000e00009003a00830364008283730051
:100a2000020032000200be00ccff37000b50e10094
:100a3000ceff3a000200be00c8ff370014002000bd
:100a4000810064003eff3700f8ff270088836100c3
:100a500004003a000200e00002003a008c00780036
:100a6000beff3700150020008301640039ff370006
:100a700001f827000000200081007500b7ff370053
:100a8000889fbe008a9fbe008c9fbe001b00200076
:100a90000202be0005866800060028000606660001
:100aa0004709de00f20fb200820032000243e80084
:100ab00080003200c729de00f30fb2007d00320053
:100ac0000343e8007b003200f107b2000170a00090
:100ad000f507b2000570a000c708dd004903de007d
:100ae000868070004700dd00c72add004923de0054
:100af000868272004722dd00030551000403500086
:100b000085835800030031000000400081804800c8
:100b10000a05e9008c1f78008a9fbe00040050007f
:100b2000858058000402420085824a00000040008f
:100b3000818048000005eb000004be006033b8006f
:100b40000406be000d48e100560031001100090006
:100b50004dccd8000c01b8000d02b80084814100d2
:100b600060824a008283530003045c0084845c003a
:100b700060055d000a00e00025003a00800578006d
:100b80000d40e1004900310088007800070078003e
:100b9000110009004d88d8000c01b8000d02b80002
:100ba0008481410060824a006003110083835b00fe
:100bb00004045c00e0845c000900e00021003a00cd
:100bc0004f01be000300e0002b003200e301600093
:100bd000070673008c817100010032006400700010
:100be0004200de004e5edd000c007000c258de00e8
:100bf00001e0a00083010700cf017800818071002f
:100c00004f06be004f05be004f04be0000000600a8
:100c10008c8343000d044c00e0844c0060054d00c3
:100c20000000e9000a00e000d4ff32008c8343009a
:100c30000d044c00e0844c0060054d000000e9000c
:100c4000ceff37000c0343008d834b0060044c0043
:100c5000e0844c000000e9000900e000d8ff320009
:100c60000c0343008d834b0060044c00e0844c0077
:100c70000000e900d2ff37004200de004e5edd00da
:100c80000c007000c258de0001e0a000cf01780027
:100c90000300e000daff320060001000e08018007e
:100ca000d7ff3700f0ff2f00aaff3700f0ff2f001b
:100cb000b9ff37000404be002f0107008706780043
:100cc0000004fd008104fd002b010700078366007e
:100cd0000678a300030032000960a7000800be00e8
:100ce0002c0037000d78a300020032000800be007f
:100cf000280037000778a30026003a0001f0a10081
:100d000009f0a1000668a30003003200f1ff2700ec
:100d1000f0ff2f00baff37000d68a3000300320078
:100d20000800be008c807000b5ff37000768a30084
:100d300007003a000648a30003003200f1ff270035
:100d4000f0ff2f00aeff37000d48a3000300320074
:100d50006000b8008c807000a9ff37000748a3002e
:100d60000400320001f82700000020008c80700091
:100d7000a3ff3700760107000004fd008104fd0099
:100d800002057800720107000802be008a0178009f
:100d900059ff37000160a0001202200002488800bd
:100da00097ff37000100e000120032000500e0006c
:100db00010003200889fbe008a9fbe008c9fbe003c
:100dc0000006eb0001f8a3000300320060001000f1
:100dd000e08018000cf0a00005f8a300030032002a
:100de00060021200e0821a000cf0a2008005eb0005
:100df00041ff37006000b80002000500038368006f
:100e00000700280007036300470ade000480a100f2
:100e1000c71ade000580a100f70f20000720e100bf
:100e2000420032000728e10040003200889fbe00e7
:100e30008a9fbe008c1f7800f107b200f307b20052
:100e40000400e000640032000170a0000500e00032
:100e5000680032000370a00085054200eb07b10076
:100e60000204b8000302b8008484440060854a008c
:100e7000020ab800848444000a854a00030ab800c4
:100e800004054500040033000804d0008984d20022
:100e90000a85d2008b05e9006158e1003d0035006c
:100ea000021020000901610003082000898161000f
:100eb000f70720008783640008867300c84cde00b3
:100ec000c853dd00878474004855de000300e0004d
:100ed0000600320082037600040032008904e80034
:100ee00060054d000a88a3000c003a00f70f2000af
:100ef0000758e10044003d000a70a100c75ddd0015
:100f00000a8575008a007300090078004f06780092
:100f10004f05be004f04be00000006000a05d100c8
:100f20008984d3008b05e800f0ff3700881f780024
:100f30000604780090000700070278000001fd0019
:100f40008101fd008c000700870278008503720094
:100f50000778a300050032000001fd008101fd00bb
:100f60009f0007004f047800000006008503720010
:100f70000748a30003003200f0ff2f00f1ff270015
:100f8000f8ff37000000200001f82700888070007b
:100f9000f4ff3700880178004848dd008081710047
:100fa0004848de00c850dd0001007000c850de0077
:100fb000060478000b017800160007008880700096
:100fc000d2ff37000500e0000500320017002000c6
:100fd0003a0007009dff370081037000f9ff3a00d7
:100fe000860078004f0678004f05be004f04be0013
:100ff0000000050083037100f9ff32002700200084
:101000002e00070094ff370001f82700868070004b
:10101000f4ff37000100e0002600320061011100fa
:101020007810e10023003c006022b8007010e1005d
:101030000400350080027800010078008000eb0099
:10104000700151000200e00009003400700311003b
:10105000062add00822ade008603dd008782720018
:101060000200de00860bdd00070070008208de0053
:1010700084817100f4ff2700048262008481710082
:1010800004002800848262006102600005f0a6006e
:101090000000060004827100070032000000e80032
:1010a000e0804800000006000002be006000b800ba
:1010b000efff37006000b80000000600889fbe0008
:1010c0000004eb006138e10016003a000100e00086
:1010d00008003a00c800de004800dd00880020005b
:1010e0000100e00003003a00c800de004800dd0017
:1010f000680444008184cf00e98454000600340071
:101100008908dd00f08314008703de00878070000b
:101110000900dd0009044400610214004f04be0010
:10112000000006000300e00008003a00c811de00dd
:101130004811dd00880020000300e00003003a00b1
:10114000c811de004811dd00680444008384cf002c
:10115000e9845400060034008919dd00f08314008e
:101160008713de00878171000911dd000904440046
:10117000e1021400e9ff37002700200001f0a7007a
:1011800017002000470bde00f60fb200040032000b
:101190000643e8000a0032004702b30000000600e0
:1011a00001037800f607b2000603700002003a005f
:1011b0000703b300000006008702b300000006002a
:1011c00001037800f607b200060370000200320047
:1011d0000770a000000006000760a00000000600e5
:1011e0000478a300040032000578a3000300320055
:1011f0000168a30001003a000200be000160a000e7
:101200000000060081017000270032008002eb0020
:1012100001f8a3000300320060001000e080180015
:1012200015002000f40720000202420020003400d4
:10123000f70320008703600006042000000363001a
:1012400002082000000161004700de00c909dd003e
:1012500000807100c708de000600e00008003200d0
:1012600087037100060032001000b0000180b0005a
:101270000188a30002003200c108de000402e80079
:10128000f107b200f30f20000320e10003003d004e
:101290004722dd00810072002900370001f8270095
:1012a0000000eb00260037006000b80000000600d8
:1012b000680212007f20e100020034006000b800e4
:1012c0001f0037006011b8007020e10004003500f5
:1012d00080017800010078008000eb00700252006d
:1012e0000400e00009003400f00312000719dd00db
:1012f0008419de000703dd00868171000400de0032
:10130000070bdd00060070008408de00f7ff2700f1
:1013100083836300870371000600280003036300d2
:10132000070032000700e00003003a00610160009e
:1013300002817300020032001000b0000180b00092
:101340000500a6000000060001f0a0000000060055
:101350004f0ade004709de00f107b200f20fb200cb
:101360000b003200f207b1000170a000c708dd00d9
:10137000c901de00838070004700dd000400a60084
:101380000000060060001000e08018000000060069
:10139000810f700001003a00000006008182cf003a
:1013a0000500e00010003e008082cf00ee82420087
:1013b0007028e1000400390007003e00800078003a
:1013c0000000eb000e003700708312008600de0084
:1013d0000500dd000a003700708352008600dd0042
:1013e0000000eb0006003700e28252008508dd00b5
:1013f000708312000603de00868070000500dd00a9
:101400007507b0000501ea000400a6000000060010
:1014100060001000e080180000000600889fbe00f9
:101420008a9fbe00841f78007c0007004f00780070
:1014300011003300f0ff2f00838f6c0006003b008b
:10144000040565000a00a7000800370009f0a6009f
:101450001000200008003700820f5400838f5c00ca
:10146000030039001000200001003e0000002000b1
:1014700009f0a7000000ea004f05be004f04be00bf
:101480000000e00000000600881f780003047800d8
:101490000300e00007003d0060001000e08018003d
:1014a00060011900e081190002003b0001f02d00ed
:1014b000030037000400070008f0a70001f0a000b7
:1014c0004f04780000000600889fbe008a9fbe007f
:1014d0000082700004027100048271002600320054
:1014e0000004be000200be006011b8006b092000bd
:1014f000950220000182cf000a0039000541b100a9
:101500000082cf00070039000541b1000982cf00f9
:10151000040039000541b1000882cf000100390004
:101520000541b10005425200120032000a003b00a2
:1015300082817100610164008100d1000080d300cc
:101540008984d3000884d3008b05e8000442e800b6
:10155000f7ff3a00070037000804440089844c0074
:1015600000004800818048008b05e9000442e90042
:10157000f9ff3a00030007004f05be004f04be000c
:101580000000060081002000618055000b003d0036
:101590000b00200061fe2f000100e1001d0034005f
:1015a00082817100610164008904d1000884d30044
:1015b0000000e800faff3a007100200061006400ba
:1015c0000300700002006000090032006104440062
:1015d000e0844c000988a500050032008b05e80076
:1015e0006808e10002003a008904d1000884d300b1
:1015f000f20f20000258e10005003d00c75ddd004c
:10160000f907b20089807500080078000000060024
:101610000bf827008b007800000005000004be00d6
:1016200004fc07000003be000405be000200be006b
:1016300000fc0700844f7500000006000400fa005b
:10164000889fbe008a9fbe000004be004709de00de
:1016500003002000f20fb200f207b100f60f5100b4
:1016600030003c000200e0001c003500faff2f00b3
:10167000fb0720000201e900030033008b85d10045
:101680000a85d300fbff37008b8164000a016000ec
:10169000e00f5100e08f59002200320002002000cc
:1016a00003b8270011fc0700a0bf9f00b1bf9f0037
:1016b000e00f5400e08f5c0002003d000a0444008b
:1016c0008b844c000a85ea008b85ea008b806400dd
:1016d0000a0064000004be00110037000200200070
:1016e00003b8270001fc0700a0bf9f00b1bf9f0007
:1016f000e00f5400e08f5c00020035006044b80049
:10170000070037000800440089804c00e00f5000bb
:10171000e08f5800020032000800200009f82b007a
:101720000800be004f05be004f04be000080fa0056
:1017300000000600f6874700889fbe008a9fbe0013
:101740008c9fbe008e1f78000001be0006002000a6
:1017500007f82f000003430081834b00f4ff2f00a4
:10176000f5f72700840f5300858f5b001b003600c0
:101770000002400081824800e00f5200e08f5a00d2
:1017800006003a000001be009cfd07000001be00fb
:101790000000200001f82b0008003700e00f500087
:1017a000e08f580007003d0012022000c26688004a
:1017b0000001be00c4fb07006011b800b0fc0700c8
:1017c000a10037000200200003c024008bfd0700a9
:1017d0000001be007efe2f000a003700840f50007b
:1017e000858f580098003e006000b800040020007b
:1017f00005f82300840f5100858f590092003200b4
:101800000007eb00d0b02f00a1042000020240002e
:101810008382480094b79f00a5b79f00fe07b100e0
:10182000afb09700f107b20004007800324f2000fb
:1018300053f3230000004100818049000200200092
:1018400003f82300a0fb07000004be0002002000f4
:1018500003002400a5fb07000001be000800be0035
:1018600087fc07000002be000001be00f4b79f0025
:1018700085bf9f0061fd07000006be000001be009d
:101880005efd07000005be000200200003f02300fb
:101890000800be0059fd07000801be0057fd070003
:1018a0000001be00f0af9f0081b79f000800be009e
:1018b00085fb070081017800c3b79f0002002f005d
:1018c00000016100b2b79f003fb19700cfb1970010
:1018d0000800be007cfb07007fa997008fb197002e
:1018e00079fb07000003be00e29e2e0013e92300ef
:1018f0000a00be00d6b79f00e7b79f003ffd070074
:10190000a2aa2a00a3f2230078fb07000001be0070
:101910000c00be0039fd07000004be0062e2290091
:1019200083e723000a00be0034fd070032e12c00eb
:10193000c3ec23006dfb07000001be000a00be00df
:101940002efd07000001be000800be0067fb070077
:101950000001be007fa897008fb0970063fb0700cf
:101960000001be007fb297008fba97000400be004e
:1019700022fd07000001be005fb39700efb39700a0
:101980000600be0059fb07000005be001fb297000d
:10199000afb297004728de0001002000000047009a
:1019a000cf80de001efb07000004be00b27d2200d7
:1019b0004355230011fd07000006be003fb197000c
:1019c000cfb197000a00be0048fb070092ad2e0081
:1019d00043802b0009fd07000001be000c00be0083
:1019e00042fb07000006be0002002600e3ed2300d4
:1019f0000a00be0001fd07000001be000c00be0091
:101a00003afb07000005be0002002600e3ed2300bc
:101a10003fb09700cfb09700f8fc07000001be0070
:101a20000a00be0031fb07000005be0002082200cc
:101a3000a3e923000800be00f0fc07000001be007f
:101a40000a00be0029fb07004f0778004f06be00c2
:101a50004f05be004f04be006f01b100000006003c
:101a60000000fa0068815700cfb89700005f80003f
:101a7000100078008f0507000080fa0000000600c3
:101a8000d70007000b0407003f040700bb04070052
:101a9000e304070029060700d40537000000fa0018
:101aa00068815700cfb89700005f80001000780071
:101ab000800507000080fa0000000600c80007004b
:101ac000fc030700ad040700d50407002e0407003f
:101ad0001a060700c50537000000fa0068815700a4
:101ae000cfb89700810507000080fa0000000600cb
:101af000bb00070014010700ee03070022040700e3
:101b00009e040700c6040700990507000b0607009e
:101b1000b60537000000fa0068815700cfb897007b
:101b2000720507000080fa0000000600ac00070004
:101b3000e003070091040700b9040700120407003e
:101b4000fe050700a905370080007800100020007e
:101b500002022000828f500004003200e980500011
:101b6000e48f5000010036000000eb00000006008a
:101b7000889fbe008a1f7800000578000a0478005c
:101b8000984478000805e8000900fb00eeff070014
:101b90000000e000f9ff3a00b0c2b30080cf54006b
:101ba00005003200d0c2b3008000eb0080cf5400ab
:101bb00005003a00020037008000eb00010037000a
:101bc000110020000804e8000000eb0003003700cb
:101bd0006a02b900020052000003b0003801fb00a5
:101be00003fd2f0082814100e98f5100f8ff36008c
:101bf0000100e00001003a000000ea004f05780013
:101c00004f04be0000000600800078001000200095
:101c100002022000828f500004003200e980500050
:101c2000e48f5000010036000000eb0000000600c9
:101c3000889fbe008a9fbe00000578008a04780055
:101c4000194478000905e8000800fb00eeff0700d2
:101c50000000e000f9ff3a00b0c2b300804f54002a
:101c600004003200d0c2b300804f540006003a0096
:101c7000020037000004eb000100370018002000cc
:101c80008904e800010037000004eb006000b800a0
:101c900006003700a200200003002000230c0700ec
:101ca000cfd5de000a0050008b8058003905fb00bc
:101cb0000a03b100e90f5500f6ff36000800e00006
:101cc00002003a0060001000e08018004f05be00de
:101cd0004f04be00000006008000780002fd2f00c7
:101ce0000101410010002000e90f510005003600fd
:101cf0000150a0001106b100e58f50000100360030
:101d00000000eb0000000600f3ff370080017800c0
:101d100002003700b15978000201e9000200e0003a
:101d2000fcff3a00000006000000fa00688157003e
:101d3000cfb89700005f8000100078001600070001
:101d40000080fa00000006000000fa0068815700d9
:101d5000cfb897001e0007000080fa0000000600c0
:101d60000000060060be200000000600fdff070026
:101d7000205f8800105f880000000600f1f92f0046
:101d800080804000f98f500001003e00f005b20055
:101d900000000600f9ff37000200fa00881f7800f3
:101da00000047800e2bf9f006481570008007800bb
:101db0006c070700980090000148a3000100320062
:101dc0000080eb004f0478000080fa00000006005d
:101dd0008201780001017800f1ff270066083700d2
:101de000ec874700889fbe008a9fbe008c9fbe0084
:101df0008e1f780000067800010478001807900014
:101e00002805900098067800cdb79f00b80590008f
:101e10003202be002203be000400be000601be0066
:101e20004f18de006011b8008000eb00d0b79f00b3
:101e3000e1b79f00f2b79f0083bf9f008004780046
:101e40000900e000060032006000b8006011b80030
:101e50000402500085825800060359008783590008
:101e60000e00e000020035000d10a100cdb79f006c
:101e70000900e00005003a004fb097000028a300d9
:101e800002003a000038a300020032008a00e90094
:101e9000010037008a007800f8815700a200200076
:101ea00008007800620307000900e00003003a0020
:101eb000cfb097000128a300080032000000e9001d
:101ec00000814500b1c2b3000900e000010032000a
:101ed000d1c2b30001497800050037000138a300e2
:101ee000030032000000e90001c2b30081757800f0
:101ef000480190000201e900000151008080450086
:101f00004fb297008a0178000c0078005605070050
:101f10009c0090000188a30004003200980090000b
:101f2000810f500001003d00010078004f0778004c
:101f30004f06be004f05be004f04be00cf00b100eb
:101f400000000600000006004200fa00889fbe0064
:101f50008a9fbe008c9fbe0020079800110f98003a
:101f6000034f980011007800400f980091009000f6
:101f7000610f98009e099000a3019000330f980014
:101f80001e0a900044029000140798009e0a9000d8
:101f9000b5029000052798003204be002205be005d
:101fa0006022b8006033b8000800be000a01be001d
:101fb000090b07000000e00003003d000bf0a20049
:101fc000d0c2b300040037004e0b90000628a300d7
:101fd00009003200b0c2b3008e239000804b78001d
:101fe0003e0890000000e900700f980011002000ea
:101ff000510f9800100037004e0990000238a300de
:102000000900320000c2b3008e21900080497800a0
:102010003e0a90000402e900740f980015002000a9
:10202000550f9800040037003e0b9000760f980083
:102030008003eb00570f98000800be000a01be00a5
:10204000c0ff0700f4ff2f00f5ff2f00f6ff2f0061
:10205000f7ff27000402600085826000060361002c
:10206000878361006000b8000200200003ff2700a2
:102070000020e10001a8e10002b0e10003b8e100a6
:1020800011003a000e4890008000fb001104b100de
:102090000e219000de09900003004100f98f5000ee
:1020a00002003e00e1c920000100370021ca2000e3
:1020b0008107070020ca2000860707005e0a9000fb
:1020c00004014000150037000020e10001a8e100f4
:1020d00002b0e10003b8e100130036008e4a900020
:1020e0008500fb001104b1000e239000de0b900070
:1020f00007004300f98f500002003e0061ca200033
:1021000001003700a1ca20006b070700a0ca200009
:1021100070070700de089000010140004e0a9000a1
:10212000be099000500237006022b8006033b8004a
:102130000800be000a01be00a70a07000000e00078
:102140006a0032006022b8000600200007ff23006a
:10215000441798005517980066179800771798004d
:102160008006eb000800be000a01be00001f9800b8
:10217000111f9800221f9800331f98000e26900010
:10218000070037008d06e8000802be000a03be0003
:10219000441798005517980066179800771798000d
:1021a0006022b80006002000470224004e10900074
:1021b000de1090006e119000fe119000e10b070000
:1021c0000004be000205be000002be000203be0005
:1021d0000e1890009e1890002e199000be199000c5
:1021e0007d0a07000000e000e6ff3d000c27980094
:1021f0000006eb004e149000de1490006e15900067
:10220000fe1590002500370040ed2f00808f56000e
:1022100019003d000c00e00016003a006022b800f2
:1022200006002000073524000e1890009e1890002c
:102230002e199000be199000c20b07000002be00cc
:102240000203be00041f9800151f9800261f980067
:10225000371f98006022b8000600200007352400d0
:102260000800be000a01be00b60b07000004be0055
:102270000205be001c0020006022b80006002000fd
:10228000470224000800be000a01be00fe0a070043
:102290000004be000205be008d06e9000802be0073
:1022a0000a03be000e1890009e1890002e19900090
:1022b000be199000480a07000000e000d2ff350078
:1022c0000800be000a01be00401798005117980090
:1022d00062179800731798000e1c90009e1c9000c7
:1022e0002e1d9000be1d9000080037006022b8002f
:1022f0000600200007ff2300441798005517980098
:1023000066179800771798008006eb008e4a9000b9
:102310000500fb0011070700104f98006e0b90009e
:10232000600020000600e000010035006e0890000b
:1023300071c6b3009e4b900081cf53000a003a0053
:10234000ee0890000100e000cf013200cf0137001d
:102350008d0f5000d3013c00001f980052c6b300ff
:10236000425f98001e0037009e499000435f98002e
:102370000200370064c6b300445f98000000e80024
:10238000001f980060c6b300ce5a900080cf520064
:1023900013003a000d00e00008003d006000b800a6
:1023a0000200200003ff23004017980051179800f7
:1023b00062179800731798008006eb0061c6b3009f
:1023c000415f980070c6b3001e499000804f5100d5
:1023d000030032008e1990008d814100031f980088
:1023e0004e129000de1290006e139000fe139000cb
:1023f000441f9800551f9800661f9800771f98008b
:102400000800be000a01be000017980011179800ce
:1024100022179800331798000006eb000802be0050
:102420000a03be00540798006507980076079800d5
:10243000070f9800310037004e1a9000de1a900006
:102440006e1b9000fe1b90000e1090009e109000de
:102450002e119000be1190008b0a0700e50d0700b9
:102460000004be000205be00040a070080027800d6
:10247000250f98004e1a9000de1a90006e1b9000f7
:10248000fe1b90000800be000a01be002d0b0700d5
:102490000e1290009e1290002e139000be1390001a
:1024a000280a07000002be000203be0007f0a200d7
:1024b00004179800151798002617980037179800ea
:1024c0006022b80006002000470224004e18900049
:1024d000de1890006e199000fe1990006a0a07003d
:1024e0000002be000203be00441f9800551f980062
:1024f000661f9800771f98000c06e8008e1a90005f
:10250000850f5600ccff35005e049000ee0490006d
:102510007e0590008e0d90006022b800060020001d
:10252000470124004e189000de1890006e199000ac
:10253000fe199000030b07000002be000203be005c
:10254000441f9800551f9800661f9800771f980039
:102550000e1090009e1090002e119000be11900061
:102560009d0907000000e0000f0035004e1a9000a2
:10257000de1a90006e1b9000fe1b90000e10900063
:102580009e1090002e119000be119000920907003d
:102590000000e00011003a00ae0a90000508a30018
:1025a000080032000d0037006000b8006011b8006c
:1025b000401f9800511f9800621f9800731f9800d9
:1025c000060037006022b8006033b800441f98004e
:1025d000551f9800661f9800771f98004e1a9000ac
:1025e000de1a90006e1b9000fe1b90000800be00db
:1025f0000a01be00d90907000002be000203be00a6
:102600000417980015179800261798003717980098
:102610006022b80006002000470224004e109000ff
:10262000de1090006e119000fe119000c50a0700a8
:102630000004be000205be000002be000203be0090
:102640000e1090009e1090002e119000be11900070
:10265000660907000000e000090035008d06e8006b
:1026600060c6b300ce5a900080cf520008003a00f6
:102670000e1b90000603e800061f980011003700ab
:102680004e149000de1490006e159000fe15900020
:1026900050c6b3004e599000804f510009003a00d7
:1026a0000802be000a03be00441f9800551f980090
:1026b000661f9800771f98008002eb00451798006e
:1026c000070037000800be000a01be00401f980046
:1026d000511f9800621f9800731f98004d179800b3
:1026e0005e0e90000001eb00220f98003207980068
:1026f000520798000d0f78006a0037004e1a9000bc
:10270000de1a90006e1b9000fe1b90000e109000d1
:102710009e1090002e119000be119000da09070063
:10272000340d07000004be000205be005309070077
:10273000e90f50000100340090002000ce09900005
:102740000348a3000c003a000000e0000a003a0031
:1027500071c6b3001e4a9000814f520006003a0035
:10276000ce1290000500e00003003d002e0b90000b
:102770008606e80023003700be0390000700e00053
:102780000c003a00ce1090000100e00009003d006e
:10279000e1c2b3000e21900001717e000c06e8003a
:1027a000fe0990008301e900730f980014002000d7
:1027b000340798008e2290000c814200ae0e9000eb
:1027c000850178000300370001c3b3000159780088
:1027d0008d06e9000d00e000fbff3a00032798009a
:1027e0002e0b9000060646000043b00080717e006c
:1027f0000c06e8000680ea00fe0b90008083430090
:10280000770f98004e1a9000de1a90006e1b900011
:10281000fe1b90000800be000a01be00490a070026
:102820000e1290009e1290002e139000be13900086
:10283000440907000002be000203be0007f0a20028
:102840000417980015179800261798003717980056
:102850006022b80006002000470224004e189000b5
:10286000de1890006e199000fe199000860907008e
:102870000002be000203be00441f9800551f9800ce
:10288000661f9800771f9800ce1290008502e9001d
:10289000451798005e0390000603e800560798006d
:1028a0002d0f9800de0390000e189000808f5300cb
:1028b00005003d009e08900041009000650050001a
:1028c000800f56008dff39009e0678003e01900073
:1028d0000200e00007003a00ce0990000348a30080
:1028e00004003200e0c2b3000e22900000727e00ad
:1028f0000c06e8008e2290000c8042000048eb009d
:1029000051c6b3004e5b9000814f530038003a002f
:102910009e0390008700e9000041eb0082f27800fe
:102920008001eb000d00e00002003d008d06ea0092
:10293000130020002200200001037800fe0a90000e
:102940008e239000000478000a003700010378000d
:10295000a4002000110009008406d80001027800bc
:10296000800678000443b00084737b000201e90014
:102970008502e9008600e9000d00e000f3ff3a005f
:102980000200e000f1ff3c00750f98000727980057
:102990000800780001824300b2c2b3000300e000e7
:1029a00001003200d2c2b300024a78000101e900fe
:1029b0008e219000828041008e4a90000502fb002b
:1029c0001404b10053c6b300f90f520001003e00d9
:1029d00053c4b300834878007e0b90000683e9005f
:1029e000760f9800820f560001003d003205070067
:1029f000ce0b900063806300e20f500015003a0098
:102a00007e0890000000e000120034000e209000cc
:102a1000300507008e219000040037007e099000e9
:102a200082804100e37078000000e900de0a900037
:102a3000850f5000f9ff3d000327980005804100f5
:102a40007e09900001032000b70407000003eb009b
:102a5000360f98000e2090001e0507004e0a9000c9
:102a6000be099000000178008e2090002e0090009a
:102a70007d0207004f06be004f05be004f04be009a
:102a80000080fa000000060010002000e48f4600dd
:102a90002ffe3d00001f980057c6b300475f980007
:102aa0004ffe37000d00e00032fe3500001f980099
:102ab00042fe37000200fa00889fbe008a9fbe00d7
:102ac0008005780001047800020078001801900069
:102ad0002805900098007800b1bf9f00b8049000ce
:102ae0000200e000020035000110a100b1bf9f000c
:102af000ea815700820020008a0078003002be0080
:102b00002003be0008007800490007003fb9970085
:102b1000f0006100030032000000e90001c3b300cf
:102b2000817478003fb99700e8006100030032002b
:102b30000000e90001c2b3008174780048019000f0
:102b40000201e90000015100808044003fba970073
:102b50008a0178000b007800430207009b00900078
:102b60000188a3000400320098009000810f5000fb
:102b700001003d00010078004f05be004f04be007b
:102b80000080fa0000000600ea874700889fbe0028
:102b90008a9fbe008e1f7800000478000300780032
:102ba0007287570084e2260055c72600049fbe00a6
:102bb000c3962200030f78006c875700004feb008c
:102bc00011059000a1049000910578000200e0003a
:102bd00002003200020778000100370072875700b8
:102be0000000e00002003a000e007800b90407007f
:102bf0000a00e000030035008a0f50000100360093
:102c00000a0078000b027800890178000001780042
:102c10008e00780008007800130207004f07780044
:102c20004f05be004f04be00af00b100000006001b
:102c3000f4874700889fbe008a9fbe008c9fbe001d
:102c40008e1f78000605be000404be0081bf9f00f1
:102c500082b79f00f3b79f00b0009000e1b79f00dc
:102c60001301780092b79f009006900040009000fa
:102c70000000e900000678000d00e00001003d00c2
:102c80001d0020008040eb00efb1970081717800bb
:102c90001e0020001f0037000c06e9000fb097004f
:102ca000cf80de006109b900a0b79f00b1b79f00d7
:102cb000c2b79f00d3b79f000203be000002be0050
:102cc0000800be000a01be00df0a07000007780006
:102cd0000e4078000043b000efb0970080707e0097
:102ce0008d06e9000fb997000201e90082bf9f003d
:102cf0002fb29700bfb297004fb39700dfb3970092
:102d00000800be000a01be00c80a07000205be0096
:102d10000004be000c00e0000d003400e00f540081
:102d2000e08f5c00e00f5d00e08f5d00daff3a00ad
:102d30000d00e000d8ff3c008fb997000300e000d1
:102d4000030034001fb097000018a300d2ff3a0020
:102d50000e00e00002003a00ffb097001140a10011
:102d60000c0078004f0778004f06be004f05be00ec
:102d70004f04be004f01b100000006000200fa003f
:102d8000889fbe008a9fbe0000057800010478007d
:102d90000200780018019000a804900098007800c4
:102da000b1bf9f00b80590000200e00002003500ae
:102db0000110a100b1bf9f00ea815700a2002000ce
:102dc000890078003002be002003be0008007800b1
:102dd00097ff0700480190000201e900000151003f
:102de000808045003fba9700890178000a0078008a
:102df0009d0107009a0090000188a30004003200a2
:102e000098009000810f500001003d000100780003
:102e10004f05be004f04be000080fa00000006000f
:102e2000fa874700889fbe008a9fbe008c9fbe0025
:102e30008e1f7800800478000104780082057800f5
:102e4000180190002805900018077800b80090003d
:102e50000200e000020035000e10a1000100370062
:102e60001200200070006700e0b79f0009003200e8
:102e70003b02be002b03be00e00f5200e08f5a0061
:102e8000e00f5b00e08f5b00020032008a86e90001
:102e9000010037008a067800e8026700f5b79f0056
:102ea000010032008d06e9003b02be002b03be008c
:102eb000e4af9f00f5af9f0086b79f0097b79f00d4
:102ec000480690000c06e9000040eb0080707e0090
:102ed000efb297007fb297008903780081047800f1
:102ee000d8af9f00020478008bbf9f008a0578004e
:102ef000034578002a0037000c06e9006fab970005
:102f00006f006300e90f500002003c000003b000b6
:102f1000010037007005b0000a03fb001604b10081
:102f2000f90f53000c003e00000378000650a0008b
:102f30001606b100f90f530007003e00b4b79f001a
:102f4000a5b79f00c7b79f008cfb0700cfb39700c2
:102f5000afb297003fb2970080747e000804e9008a
:102f60008d06e9006fa89700ffa897000fb19700a2
:102f70009fb19700460020008301d1000281d30059
:102f80008180d3000080d3000603e900faff3a00f5
:102f9000e0af9f00f1af9f0082b79f0093b79f0003
:102fa000e10f56000f0034006fa89700ffa89700ac
:102fb0000fb197009fb19700e00f5000e08f5800cd
:102fc000e00f5900e08f5900cbff3a000800e00005
:102fd000c9ff3c000d00e000020034000e18a30001
:102fe000c5ff3a0089007800f4b79f008704780095
:102ff0005fac97008a4178000b0578008fbd970081
:103000000500e000100032003b02be002b03be00b2
:10301000e4af9f00f5af9f0086b79f0097b79f0072
:10302000e00f5200e08f5a00e00f5b00e08f5b0082
:10303000050032000c06e90083707e000c06e900f2
:1030400000c3b30080707e00ffb297000500e0006f
:10305000030032000c06e90000c2b30080707e005d
:10306000480190000201e9000c0151008c804000f1
:103070000e0278008a01780009007800fa00070043
:10308000990090000188a30004003200980090008d
:10309000810f500001003d00010078004f077800cb
:1030a0004f06be004f05be004f04be00af01b10089
:1030b000000006000200fa00881f78000004780073
:1030c000e2bf9f006481570008007800a502070056
:1030d000980090000148a300010032000080eb003e
:1030e0004f0478000080fa0000000600820178009a
:1030f00001017800f1ff27006e063700889fbe00af
:10310000000478004800900082047800808f54000a
:103110000100360080047800090178005800900012
:10312000fafa070058009000090040005004980087
:10313000c800900089845000490498000048eb00c2
:103140004f04be000000060010007800bff43700f6
:10315000900190000388a30001003200e7ff3700d0
:103160000348a30001003a00f7ff07000000060033
:10317000881f78000004780000082000808f50002d
:103180001700350010082000808f50000b0034001d
:1031900030082000808f500011003a009200780023
:1031a00068805000000978003002be002003be0095
:1031b000049cbe000694be0007003700920278000f
:1031c00064805200000978001000be008c060700e1
:1031d000009cbe000294be001000200001003700d9
:1031e0000000eb004f047800000006008408200077
:1031f000848f50001d0032000d003c001408200098
:10320000848f50002700320002003c000408200098
:103210000400370024082000848f5000340032005e
:1032200044082000848f500043003a0036003700e5
:10323000040a2000848f50002700320004003c0064
:1032400004092000848f50003b003a00280037001a
:10325000020c2000828f50002f003200020f20004d
:10326000828f500034003a002b0037009380e90031
:103270000200e00005003200810978001102fb0025
:10328000cfa2de00612bb900280037008109780049
:10329000114278000482fb008002eb006033b8002a
:1032a0002200370013027800e40052000200e00020
:1032b00005003200810978001102be004fabde002c
:1032c0008603780019003700810978001102be00da
:1032d0006033b800150037009380e9008109780059
:1032e00011027800cfa2de00612bb9000f00370079
:1032f00093027800e8805200810978003102be0014
:103300002103be00090037009380e9000200e000bd
:1033100002003200f1ff37009380e9008109780054
:10332000110278008002eb006033b8000498be0000
:103330000690be00100005000000050044082000b3
:10334000848f50002500320008003c001408200043
:10335000848f50001400320024082000848f500015
:1033600024003200040820000c003700040920006b
:10337000848f50001f00320004003c0084082000ad
:10338000848f500024003a000e003700040a200009
:10339000848f500011003200040c2000848f5000f4
:1033a0001d003a000d0037009380e9008109780084
:1033b0009100780001087800cf91de008288be007d
:1033c000140037009380e9008109780091007800ab
:1033d00001087800824878000e0037009380e900e9
:1033e000810978009100780001087800820878004f
:1033f000080037009380e900810978009100780087
:10340000010878006112b900612bb9008498be00f0
:103410008690be001000050000000500889fbe00d9
:10342000000478004800900082047800808f5400e7
:1034300001003600800478000901780058009000ef
:1034400032fa07005800900009004000500498002c
:10345000c800900089845000490498000048eb009f
:103460004f04be0000000600f2874700889fbe00a0
:103470008a9fbe008c9fbe008e1f7800800478005b
:103480000105780002047800830578006107620076
:1034900002003a008b0f5400080039000801780040
:1034a0008a0078000900780029ff07008b0f54007c
:1034b00002003900880578001e0037000886550094
:1034c0000c017800f00f56000100360002012000c8
:1034d000010220007e805700130207008c0678004e
:1034e0000500370002012000fe8057000900780027
:1034f00017ff0700f0865600ef8f5600f9ff3e00d9
:103500004461de0000ff2f000091b9000201460077
:10351000fe805700090078000dff07000e00e00054
:1035200004003a00080178008a0078000900780059
:1035300007ff07000b0078004f0778004f06be001a
:103540004f05be004f04be002f01b1000000060071
:1035500000000500000005000000050000017800e3
:103560000040eb008080fb008180400043c62000cb
:1035700063c278000404e00003003a0050c6200053
:1035800060c078000000060092017800934f52005e
:1035900004003a0050c6200060c078000309e8002b
:1035a000010037000040e800ea4f5000edff360010
:1035b00000000600f6874700889fbe008a9fbe0075
:1035c0008c9fbe008e1f78000005780001047800f3
:1035d00083057800040678000000eb00c0b79f0068
:1035e0008080eb00d1b79f00e0b79f00f2b79f004b
:1035f0000008200080bf9f0098007800010078003c
:103600008004eb00010037008904e80030417800b5
:103610000204e0000300320053c2b300834f5100a4
:10362000f9ff3a000900e0000400320009017800c7
:103630000a007800c6fe0700188c440018077800be
:1036400050c2b3009e4f10003f013a000e07e80041
:103650000e0c780010003700cfb097000100a000da
:103660000b003700cfb097000110a0000800370012
:10367000cfb097000120a00005003700cfb0970021
:103680000130a00002003700cfb097000140a00039
:10369000c1b79f00000ce800180078009040780047
:1036a000b2c2b30082cf5000f1ff320007003c00ed
:1036b00002c2b30082cf5000f0ff320032c2b3002a
:1036c00082cf500007003a00efff3700d2c2b300ac
:1036d00082cf5000e0ff320002c3b30082cf50001f
:1036e000e0ff3200a2c2b30082cf50000d003a00ca
:1036f000000ce8001c80e900000e78001000780043
:10370000e0b79f000000e0000f003d00cfb0970041
:103710000100a200c1b79f000000ea00e0b79f00cf
:103720000900370012f90700e0b79f0001003700d9
:10373000000ce800180078009000fb000103b100c5
:10374000e98f5000faff36004fb097000008a30041
:10375000020032000010a100c0b79f0018007800de
:10376000e1c2b30090cf100016003a008000eb00d9
:10377000d1b79f000000e800000c7800a1c2b300a0
:1037800090cf100006003a00000ce8001c80e90011
:10379000000e780010007800d0b79f0009003700b5
:1037a000f3f80700d0b79f0001003700000ce800d5
:1037b000180078009000fb000103b100e98f500071
:1037c000faff36000800780064ff070080467800a2
:1037d000180078001000fb00e001070091062000af
:1037e000810f50003800320012003c0041062000da
:1037f000810f5000340032000a003c001106200006
:10380000810f50002000320031062000810f50004f
:10381000a000320051022000810f5000bc003a008d
:10382000b400370071062000810f5000b8003c0042
:103830008800370001072000810f50005c00320033
:1038400007003c00e1062000810f50007a003200a2
:10385000f1062000810f5000ad003a00390037001a
:1038600051072000810f50002700320081072000ff
:10387000810f50004200320031072000810f5000bc
:10388000a3003a008f0037008d80fb000c01780008
:1038900000fe2f000f00400035fe07000000e00092
:1038a000a800320018007800000ce8009041780071
:1038b00002fe2f000f014100f88057000a00780037
:1038c000d60107000e0037008d80fb008c017800c8
:1038d0001200200000fe2f000f00400043fe0700f2
:1038e0000000e00097003200180ce80002fe2f00f4
:1038f0000f014100f88057000a00780038f90700ee
:1039000080844400900037008d80fb008c0178009b
:103910000001eb0000fe2f000f00400033fe070007
:103920000000e00087003200180ce80002fe2f00c3
:103930000f014100f88057000a0078000ffd0700d2
:10394000efff37008d80fb008c0178000001eb0059
:1039500000fe2f000f00400024fe07000000e000e2
:1039600078003200180ce80002fe2f000f01410021
:10397000f88057000a0078004efc0700e0ff37008f
:103980008d80fb008c0178000001eb0000fe2f0011
:103990000f00400015fe07000000e0006900320043
:1039a00018007800000ce800904178001c003700f7
:1039b0008c0178000001eb00010f200000fe2f00b9
:1039c0000f00400009fe07000000e0005d0032002b
:1039d000180ce8000fb097009fb097002fb1970028
:1039e000bfb19700e00f5000e08f5800e00f590082
:1039f000e08f590009003a00cfb597006fb49700e7
:103a0000c0c52000330107000b0278008801780050
:103a100000017800c1c520004700370083c7b3000c
:103a200002fe2f000f014100f88057000a007800c5
:103a3000fbfc0700b2ff37000b8144008d80fb00c8
:103a40008c01780000fe2f000f0040003bfe0700b5
:103a50003c0037008d80fb000c01780000fe2f0039
:103a60000f004000c2fd07000000e00035003200fa
:103a700018007800000ce8009041780002fe2f004a
:103a80000f014100f88057000a0078002ef9070066
:103a90009bff370000c8b30080cf560029003a00d2
:103aa000180ce8001c80e900000e78001040780037
:103ab000e0df9f0013002000e2fd2f000f01410016
:103ac0000800370000c8b30080cf56001d003a0040
:103ad000180ce8001c80e900000e78008001eb0063
:103ae00010017800f88057000a00780026fc0700d3
:103af00083ff370000c8b30080cf560011003a00a2
:103b0000180ce8004fb29700efb19700080037009b
:103b10000e0c78000000eb00c0b79f00e0b79f00dc
:103b20000080eb00d0b79f000002eb00840178001a
:103b30001200200021c620000a0078004afe07007b
:103b40006fff3700180ce800090078004f07780075
:103b50004f06be004f05be004f04be006f01b1000e
:103b6000000006008200fa00889fbe008a1f7800cd
:103b70000005780082047800c13f9f000004eb003c
:103b8000100037000902780088017800a2f72f00a2
:103b90000f01410081f72f008f8040000a0078005c
:103ba00084fe070008004000880f500004003d001c
:103bb000b0042000c06688000084eb0004003700d9
:103bc000000478004f3897001004e000edff3a0041
:103bd000080078004f0578004f04be000080fa000e
:103be00000000600889fbe000004be000000eb003d
:103bf0000800e00018003200180090000058a300f0
:103c00000d003200d800900068009000808f5000b6
:103c100009003600b80990000001eb00820078002e
:103c20000800780003000100d80090000080eb003d
:103c30000100e000080032000000eb00200c9800ba
:103c400060049800500498000900e000020032006f
:103c500018007800f4f107004f04be0000000600d1
:103c6000889fbe000004be000000eb000800e000da
:103c700025003200180090000058a3001100320007
:103c8000d800900068009000808f50000900360036
:103c9000b80990000001eb0082007800080078006d
:103ca00003000100d80090000080eb000100e0005c
:103cb000150032000000eb00200c98006004980012
:103cc00050049800780a900008109000800f52006d
:103cd000060031000002520011002000cfa2de00d9
:103ce000612bb90018007800090007000000eb0004
:103cf00000149800700c98000900e00002003200e7
:103d000018007800c8f107004f04be00000006004c
:103d1000a0fd2f00f1ff2f00860007004f89de0075
:103d20008201780000000600889fbe008a9fbe00c6
:103d3000800478000200e0005b003200014078005f
:103d4000814c780082814400f1f99f00e20f51001c
:103d50005500360091449800a1449800e1f99f0075
:103d6000d1f99f00e60f51004f003600b144980092
:103d7000c1f99f00e80f51004b0036000905ea0029
:103d8000630565000a8444000a055100c1ff2f0045
:103d9000010565000080fb008000eb001210200090
:103da00013102000e1030700008cbe000a0144004c
:103db00060b99f0071b99f00e80f55003a003600c6
:103dc00020049800310498004004980051049800a1
:103dd00020b99f0031b99f0040b99f0051b99f00a1
:103de000f80f550030003600600498007104980008
:103df000000c9800110c9800200c9800310c9800d1
:103e0000400c9800510c980020b19f0031b19f00e8
:103e100040b19f0051b19f0060b19f0071b19f0000
:103e200000b99f0011b99f0064016400780141004e
:103e300002044400020555006011b8000203be00f0
:103e40000002be000403be006022b8000000720041
:103e500081807200020173008381730010003700bb
:103e6000009cbe000294be004004980051049800db
:103e70006204980073049800000c9800110c9800dc
:103e8000220c9800330c9800400c9800510c9800bc
:103e9000620c9800730c98000a02b1000802b0008e
:103ea000ff0f5500eeff3e00090078004f05be00f1
:103eb0004f04be0000000600881f78000004780050
:103ec0000800780020030700080078004f047800fd
:103ed0000000060080007800040037003104e00094
:103ee00002003a00000051000000060001017800c5
:103ef0000108a300f9ff3a00810178003101780040
:103f0000f4ef2f00020242000281ea000201620087
:103f10000408280004016100f7ff320083007800e4
:103f2000010178003104e000fdff3a00000051007b
:103f30000000060002002f00f3ff2f00820f500048
:103f4000838f5800040036000000ea00c066880035
:103f50000080eb008080eb0000000600f1fb2f00ea
:103f600080804000f98f500001003e000050a0000a
:103f700000000600f9ff37000f04b0008e1f780024
:103f800002027800030178000000e0000200320025
:103f900000077800020037000efc2f000f074700d3
:103fa0008002eb000100e000010032008102e90024
:103fb0000f007800e003b1001d0009000018eb00bd
:103fc0000080eb0090a79f0023102000a3a79f0074
:103fd000bea79f00c1a79f00d5a79f000100e000da
:103fe00003003d00b1042000c166880007003700cf
:103ff000004feb00fea79f00eea79f008400780013
:1040000020fc2f000f00400063f707004f077800e7
:104010000f04b10000000600000006003e00fa0098
:10402000889fbe008a9fbe008c9fbe00100798002c
:104030008346780011007800400f980091019000ad
:104040004307980021029000240f9800c1029000bd
:10405000050f7800b1009000611f98003204be0087
:104060002205be00281f9800391f98004a1f98009b
:104070005b1f98006022b8006033b8000800be00e3
:104080000a01be00d40207000000e00009003d0064
:104090000800be000a01be0003f0a200201f980025
:1040a000311f9800421f9800531f9800d0c2b300e0
:1040b00004003700ce0890000128a3000900320058
:1040c000b0c2b3006e19900000497800ae099000ac
:1040d0008301e900330f980014002000540f98006a
:1040e00010003700ce0a90000538a3000900320006
:1040f00000c2b3006e1b9000004b7800ae0b900026
:104100008703e900370f980018002000580f980027
:1041100004003700ae0c9000390f98000005eb004a
:104120005a0f98002e189000be1890004e1990005b
:10413000de199000b8ff0700f4ff2f00f5ff2f00f5
:10414000f6ff2f00f7ff2700040260008582600061
:1041500006036100878361006000b8000200200050
:1041600003ff27000020e10001a8e10002b0e10008
:1041700003b8e1000c003a008d06fb001d04b100fd
:10418000ee1d9000de08900001804500e1ca20008d
:10419000f98f56000100360021cb200046ff0700b2
:1041a00020cb20002f0237000020e10001a8e10011
:1041b00002b0e10003b8e1000c0036008d06fb0000
:1041c0001d04b1006e199000de099000030041004b
:1041d00061cb2000f98f560001003600a1cb2000f2
:1041e00035ff0700a0cb20001e02370000c3b3003c
:1041f0006e1a9000de0a900000f27a000500e800d6
:10420000000142008d00fb00f6fb2f0006834000fa
:104210002607980081c7b300f90f530001003e0044
:1042200081c5b300014978000000e800500f9800f4
:104230006022b8006033b8002e189000be189000bd
:104240004e199000de199000630207000000e000a4
:104250005e0032008003eb006044b8000a002000da
:104260000bff230068079800790798000a0f980051
:104270001b0f980007067800050037000c06e800c1
:104280006e0c9000fe0c90000e1590009e15900094
:104290000802be000a03be000800be000a01be00fc
:1042a000ae0207000002be000203be00640f9800c9
:1042b000750f980006179800171798002e18900091
:1042c000be1890004e199000de19900042020700bf
:1042d0000000e000e9ff3d006c0f98002a00370065
:1042e0006022b8000600200007fe23000800be0080
:1042f0000a01be00930307006022b8006033b800d3
:10430000350207000000e00016003a006022b80005
:1043100006002000073524000800be000a01be0088
:10432000880307000004be000205be006022b8003a
:1043300006002000073524002e189000be189000bb
:104340004e199000de1990007e0307000002be00a7
:104350000203be00241f9800351f9800461f9800d6
:10436000571f98006022b8000600200007fe2300b7
:104370000800be000a01be00720307000004be0070
:104380000205be000c06e9000802be000a03be00da
:104390002e189000be1890004e199000de19900063
:1043a0000d0207000000e000cdff35000800be0050
:1043b0000a01be006007980071079800020f98007c
:1043c000130f98006c0f9800090037008000eb0075
:1043d000610f98006022b8000600200007ff23004c
:1043e0006407980075079800060f9800170f98004b
:1043f000ce029000800120000500e00001003500a1
:104400004e0090000000e800300798006e04900015
:10441000fe0490000e0d90009e0d9000681798000d
:10442000791798000a1f98001b1f98002e1c9000f7
:10443000be1c90004e1d9000de1d90000006eb009b
:104440003a0037006e129000fe1290000e1b900092
:104450009e1b90000800be000a01be008a020700f1
:10446000e40507000002be000203be002417980006
:10447000351798004617980057179800ff01070056
:1044800080027800550798006e129000fe1290008e
:104490000e1b90009e1b90002e109000be109000ee
:1044a0004e119000de119000260307000002be00ae
:1044b0000203be000800be000a01be002102070080
:1044c0000004be000205be006022b8000600200005
:1044d00007fb23006e109000fe1090000e19900054
:1044e0009e199000170307000002be000203be00e1
:1044f0006417980075179800061f9800171f9800fa
:104500000c06e800ce0290000500e00007003d0028
:104510006022b8006033b8000800be000a01be0087
:10452000ad0107000000e000040032003e039000ef
:10453000860f5600c3ff3500010037003c07980086
:104540006022b80006002000070224006e109000d0
:10455000fe1090000e1990009e199000f9020700bd
:104560000002be000203be00641798007517980091
:10457000061f9800171f98000800be000a01be0021
:10458000950107000000e0000d0035006e1290005c
:10459000fe1290000e1b90009e1b90000800be00b3
:1045a0000a01be008c0107000000e00011003a0083
:1045b000de0290000508a300080032000d0037005d
:1045c0006044b8006055b8006817980079179800e3
:1045d0000a1f98001b1f9800060037006000b800f3
:1045e0006011b8006017980071179800021f9800ba
:1045f000131f98006e129000fe1290000e1b900088
:104600009e1b90002e189000be1890004e1990002e
:10461000de199000d10107000002be000203be00b7
:104620006417980075179800061f9800171f9800c8
:1046300079fe07000203be000002be00f0ff2f005b
:10464000f1ff2f00f2ff2f00f3ff270000046200ac
:10465000818462000205630083856300281f98003f
:10466000391f98004a1f98005b1f98006000b8002f
:104670000200200003ff27000040e10001c8e10024
:1046800002d0e10003d8e100bbfe3200be0c900076
:104690008984e900291f98005e0e90008006eb00d7
:1046a0005d0798002d1798006f0037006e0290008c
:1046b000fe0290000e0b90009e0b90006e1090007a
:1046c000fe1090000e1990009e199000ee01070058
:1046d000480507000004be000205be006701070090
:1046e000800078000100e00006003a002e109000e3
:1046f0000000e000030032008d06e8003d0f980046
:10470000330037005e0190000200e0000c003a0028
:10471000ae1190000300e00009003200e0c2b300d7
:104720006e1a900000727e000c06e800ae1a90002f
:104730008502e900251f9800160020005607980002
:10474000ee1b90000c8143000d00780007027800fa
:104750000300370003c3b300035978000000e900e9
:104760000000e000fbff3a00300f9800641f980043
:104770000d064600e98f500003003c0000032000b6
:1047800001004000020037007005200001004000d9
:10479000ae009000f98f500006003e0080007800c7
:1047a0000150a0001106b100f98f500001003e0039
:1047b00072f507006e19900000717e000c06e8008b
:1047c0008d86ea00ae1990008d814100231f98006c
:1047d0006e029000fe0290000e0b90009e0b900067
:1047e0000800be000a01be00560207000002be001b
:1047f0000203be006e109000fe1090000e19900093
:104800009e1990004f0107000002be000203be0087
:104810006417980075179800061f9800171f9800d6
:104820006022b8000600200007fb23006e00900005
:10483000fe0090000e0990009e09900041020700c2
:104840000004be000205be006807980079079800c2
:104850000a0f98001b0f9800ae1490008904e9001d
:1048600029179800be0e90002e1590000a00ea004d
:10487000be0590008b0f500004003d009e007800a4
:1048800065805000800f560088ff39005e0190005f
:104890000200e0001e003a000d00e0007d00340040
:1048a000ce0190000300e0007a0034004e0a900030
:1048b0000408a30077003a00ee1a90008c804200b2
:1048c000e0c2b300804878000d00780085017800d0
:1048d00002c3b300826878000000e900fcff3a00e0
:1048e000631f98000c8646000c06e8002e1b900003
:1048f0000600e9000d005000201f9800040037005a
:10490000e0c2b300ee1b900080737e000c06e8004e
:104910006e1c90000c0044000048eb009e047800e0
:104920008900e9000041eb0002f478008001eb000f
:104930006e0d90000a00e00003003d000a05ea0049
:104940006a0f980013002000120020006e0a9000e9
:10495000810378002e1b90006e1c9000800678006a
:104960000900370081037800a5002000110009002c
:104970000502d8000002be000543b00005f47b002c
:104980000201e9000603e9008700e9000400e000f5
:10499000f4ff3a00e10f5100f2ff3200261f9800a9
:1049a000681f98000d00780001024400b2c2b300f5
:1049b0000300e00001003200d2c2b300024a7800d6
:1049c0000101e900ee1990008280410003c7b300a5
:1049d0002e029000f90f520001003e0003c5b30003
:1049e00083487800820f560001003d0032fd070029
:1049f000ce0a900063806200e20f500018003a0077
:104a00002e1b90000684e9004240a90014003400e7
:104a10006e1890002ffd0700800044008100e80020
:104a2000ee1b900081804300870178000200370070
:104a3000e36078000000e900de0c9000890f500070
:104a4000fbff3d00631f98000980410008017800ca
:104a500001032000b4fc07000005eb002a0f9800ba
:104a60006e1890001bfd07004e0a9000ae099000e2
:104a700000017800ee1890001e0090007afa0700fe
:104a80004f06be004f05be004f04be000080fa0076
:104a900000000600ce0d90000b48a30098ff3a00de
:104aa0009bff370000000600b0f40700fdff070081
:104ab000fcff3700f28747008e1f78000202780063
:104ac000030178000000e0000200320000077800d7
:104ad00001003700728757008002eb000100e00000
:104ae000010032008102e9007080570006000900d1
:104af0000018eb000080eb0080bf9f002310200017
:104b000093bf9f00aebf9f00b1bf9f00c5bf9f0076
:104b10000100e00003003d00b1042000c1668800f0
:104b200006003700004feb00eebf9f00debf9f0086
:104b300084007800708057005ef907004f07780006
:104b40002f01b1000000060001017800800178000b
:104b5000008268000408a30005003200130037003b
:104b600032407800805978000004e00014003200e0
:104b7000030278000208a300f9ff3a00030078005e
:104b8000010037000318780082007800b201780035
:104b9000f5ef2f00838242000382ea000482620064
:104ba0000508280005026200f6ff320000027800c6
:104bb00031417800025878000204e000fbff3a001f
:104bc000040078000000060000c0da0000000600c3
:104bd00000c0da00000006008f1fd1007c03070030
:104be0008f87e9000000e00000000600809feb00d6
:104bf000770307008f87e9000000e000000006004f
:104c0000810378008bee07000001be006000b80051
:104c10000478a30013003a006220e10015003e0072
:104c20000d0039008301d1000281d3008180d300bf
:104c30008301d1000281d3008180d3008301d100a0
:104c40000281d3008180d3000538b000c42add0082
:104c5000f300b2008381720007f0a70003f0a00008
:104c60000000060083ff2700020020006110b90049
:104c7000f9ff370003ff2700f7ff37001400fa00a1
:104c8000889fbe008a9fbe008c9fbe000004be00ad
:104c90000205be00680047000a90be000890be00f2
:104ca000860307000070a7000bf0a100304320002e
:104cb0009e02900080825200b0fe2f000028e1008a
:104cc00011003d00b0fc2f000028e1001500340069
:104cd0001e0990008e0890007e0090000501b00033
:104ce0000201d1008180d3000080d3008502e8005a
:104cf000fbff3a000b00e000ab033b00600010003c
:104d0000e0801800a8033700f0ff2f00f1ff270014
:104d10000b00e000a4033b0001002800000020007d
:104d2000a10337006000b8009f033700020ab900f2
:104d3000001bb9000200b80081004200810043005e
:104d4000000006008c9fbe008a9fbe00889fbe00a8
:104d5000ca0107000bf0a200040037008c9fbe00c0
:104d60008a9fbe00889fbe00c40107000c48e10076
:104d70000b003a000c40e100020032008b010700fa
:104d8000400037008b066d003e0032000af0a100a3
:104d9000f3012000f2ff2f006110b9003900370045
:104da0000c40e100370032000940e100010036000c
:104db0007e0107008a856d00cf5dde000b05750062
:104dc0000006eb008804fd00890454000100320055
:104dd0007d0107000a04e00011003a000800e0002d
:104de0002800320004004000858048000601490088
:104df000878149000358a300180032008301d100c5
:104e00000281d3008180d3000080d3000c86d300c0
:104e100001003900610676000804e8001800370038
:104e20000400500085805800060159008781590010
:104e3000060031000af0a2000c06ea00600018002b
:104e4000e080180060011900e081190003003a00b9
:104e50000004eb000005eb000a0037000348a30044
:104e600007003a000c064600000048008180480018
:104e700002014900838149000804e900f7ff370077
:104e8000af013700c90137008c9fbe008a9fbe006a
:104e9000889fbe00790107000b056d000940e10005
:104ea0000a003a000800e000020032000c40e10075
:104eb00006003a000af0a1000c047800f30120007b
:104ec000f2ff2f006110b9009d0037000c40e10097
:104ed0009b0032000800e000990032000c48e1001d
:104ee00002003a000004eb00030037000900e00074
:104ef00004003a000c0478006000b8006011b800ab
:104f00008f0037000348a30006003a00000040006d
:104f10008180480002014900838149000804e900ba
:104f2000f8ff37000748a30006003a0004024200d9
:104f300085824a0006034b0087834b008904e90001
:104f4000f8ff3700fd3f20008d8454000904540011
:104f50008a1f7800881f7800000478008104780098
:104f600002057800830578006000b8006011b80081
:104f70000d042000050037000804440089844c001b
:104f80000a054d008b854d000800310004045400d3
:104f900085845c0006055d0087855d008381d20005
:104fa0008d06d300f4ff3b000700370004044400e3
:104fb00085844c0006054d0087854d008381d20015
:104fc0008d06d300ecff3b000804440089844c00ac
:104fd0000a054d008b854d00080031000404540083
:104fe00085845c0006055d0087855d000281d20036
:104ff0008d06d300f4ff3b00070037000404440093
:1050000085844c0006054d0087854d000281d20045
:105010008d06d300ecff3b000804440089844c005b
:105020000a054d008b854d00080031000404540032
:1050300085845c0006055d0087855d008180d20067
:105040008d06d300f4ff3b00070037000404440042
:1050500085844c0006054d0087854d008180d20077
:105060008d06d300ecff3b000804440089844c000b
:105070000a054d008b854d000800310004045400e2
:1050800085845c0006055d0087855d000080d20098
:105090008d06d300f4ff3b000700370004044400f2
:1050a00085844c0006054d0087854d000080d200a8
:1050b0008d06d300ecff3b000b00e00004003d0038
:1050c0000404440085844c0006054d0087854d008e
:1050d0000006eb008301d1000281d3008180d30060
:1050e0000080d3000c86d3008301d1000281d3005d
:1050f0008180d3000080d3000c86d3008904740023
:105100008b0575008b847400010032006106760007
:105110004f0478004f0578000348a30007003a00c9
:105120000c0646000000480081804800020149004a
:10513000838149000804e900f7ff370000013700c8
:105140001a0137008c9fbe008a9fbe00889fbe0058
:10515000ca0007000b056d008a0578000c40e100cd
:1051600008003a000900e00082003a000af0a100bd
:105170000c047800f3012000f2ff2f006110b90049
:105180007c0037000c48e10004003a00870007006b
:105190000900e00077003a00f4ff37000800e00063
:1051a000740032000900e00002003a007f000700ae
:1051b00070003700ed3f20008d8454000904440046
:1051c0008a1f7800881f7800871f7800861f780064
:1051d000851f7800841f7800cb19dd00c515de001f
:1051e0008b8571004b11dd00450dde000a05710055
:1051f000cb08dd00c504de00898470004b04dd00af
:105200000440b8000546b8008c80400060814e0024
:10521000044eb8008c8040000d0149008001eb0075
:105220000318ad000456b8000c0141008d814900ff
:105230000002eb000420ad000646b8000c0141005e
:105240008d81490060024a00054eb8000c01410002
:105250008d81490060024a000556b8008c814100ea
:105260000d024a008002eb000528ad000746b80099
:105270008c8141000d024a00e0824a00064eb800cf
:105280008c8141000d024a00e0824a004f067800fe
:105290000c5eb8008c8141000d024a00e0824a0099
:1052a0000656b8000c0242008d824a000003eb0053
:1052b0000630ad00074eb8000c0242008d824a0055
:1052c00060034b004f0678000c5eb8000c024200f1
:1052d0008d824a0060034b000756b8008c82420062
:1052e0000d034b008003eb000738ad004f0678003c
:1052f0000c5eb8008c8242000d034b00e0834b0033
:105300004f0678000c5eb8000c0343008d834b0001
:105310004f0478004f0578000748a3000a003a00c0
:10532000000040008180480002014900838149005b
:1053300004024a0085824a0006034b0087834b0023
:105340000804e900f4ff370003067800808070004d
:1053500082807000010032006106760087017800cb
:105360000601780085007800040078008804780041
:10537000780037008d0037008c06460002003a00a6
:105380000000a6000000060060004800e080480021
:1053900060014900e08149000350a60000000600ba
:1053a0008301d1000804e800000006000002fd00af
:1053b0008102fd000203fd008303fd008804fd005f
:1053c0008a05fd00000006007048e1001a0039005f
:1053d0007d0320000d48e1000a00390081057000be
:1053e000830671008c8575008d8575000006eb00c5
:1053f0000cd8e700610676006000b8006011b800c4
:10540000000006007048e1000b0039008c057800b0
:10541000000678000100780082007800030178001f
:105420008001eb0003d8e70061067600f0845400a9
:10543000f4ff3a00000006006160e1000c48ad0096
:10544000f08514008b06dd000966de000d0676008f
:105450008b0edd000900de000d0070008b16dd00f4
:105460008908de008d8070008b1edd000911de00d2
:105470000d0171008919de00000006000d002800f2
:10548000fc7f20000d856100441cde00ef8161007f
:105490000c046400010032000340a0008d8563000d
:1054a000c43cde00ef8363008c84640001003200a2
:1054b0000740a0000c40e10006003a00ef866100c2
:1054c0008286760081867600808676000100320032
:1054d000180037000c48e10007003a00ef8663002f
:1054e0008686760085867600848676000200320005
:1054f000aeff07000f0037000348a30005003a0085
:105500008106700082867600838676000100320074
:105510000804e8000748a30005003a008506720069
:105520008686760087867600010032008904e800ce
:1055300000000600cf047800cf0578001b0037007c
:10554000000278008102780002037800830378006b
:10555000880478000cf0a70087ff0700fd7f20007b
:105560000d40e100040035000d0478006000b80033
:105570006011b8000d0037000800e0000b003c008f
:105580000400780085007800060178008701780023
:10559000e18414008cff07000cf0a70076ff0700e1
:1055a0000004eb000340a7000804e8004444dd00c9
:1055b0006fc56100880175004f04be004f05be0035
:1055c0004f06be0000000600889fbe008a9fbe00f6
:1055d00030044200b0844a0030054b0090854b00f7
:1055e0006000b1000898be000a90be000440e100cf
:1055f00005c8e10006d0e10007d8e1000200310053
:10560000680040001008e8004f05be004f04be00cf
:1056100000000600889fbe008a9fbe003004be00c6
:105620002005be000418540005985c0006185d00b3
:1056300007985d00110020000440e10005c8e1006a
:1056400006d0e10007d8e100010039008000eb003e
:10565000108810004f05be004f04be000000060079
:105660001200fa00889fbe008a9fbe008c9fbe0079
:10567000e0b79f00f1b79f0082bf9f0093bf9f00dc
:105680000605be000404be000000eb00d0b79f007a
:10569000c0b79f00b0b79f00a0b79f0090b79f0012
:1056a000000678005fb19700cfb0970082014100fb
:1056b0003fb097000200e00004003d003700070003
:1056c0007e805700c0ff070003003700330007004b
:1056d0007e805700cfff0700dfb697000d00e00087
:1056e0000c0035006fb29700ffb297000fbb970018
:1056f0009fbb970010002000010020006011b8003f
:1057000000027200818272000203730083837300bf
:105710001b0007000c06e80001042000810f560062
:10572000e0ff3a000d00e00004003d000802be006a
:105730000a03be007e805700a3ff07005fa8970002
:105740000000e00005003a001fb29700afb29700da
:105750003fb39700cfb39700090007006fb09700e1
:10576000ffb097000fb997009fb997004f06be0092
:105770004f05be004f04be000080fa000000060086
:105780000100070000000600a4b79f00b5b79f0006
:10579000c6b79f00d7b79f00000006004f09de0084
:1057a00082817100b3b79f004f01de00818040000d
:1057b00082807000a1b79f008fb097004f09de0074
:1057c000000040000200700090b79f007fa8970083
:1057d0004f01de00818040008280700081b79f0011
:1057e0000d0007004f3ade0000004000040070008a
:1057f000f0af9f00080007000402420085824a00c3
:1058000006034b0087834b00dfff07000802be0042
:105810000a03be00000006002fb29700bfb2970037
:105820004fb39700dfb3970000000600881f780091
:1058300018002000881f780089ff07008f87e90083
:105840004f04780000000600801feb0084ff070073
:105850008f87e90000000600889fbe008a9fbe0077
:10586000e00f5000e08f5800e00f5900e08f590022
:105870000c003d006044b8006055b80000005400c2
:1058800081805c0002015d0083815d0018002000c2
:105890001500070008003d00180007000004eb0099
:1058a000050037000004eb000f00070002003d0078
:1058b0001200070018002000dcff07000800e000cd
:1058c000060032006022b8006033b80000005200c9
:1058d00081805a0002015b0083815b004f05be009e
:1058e0004f04be0000000600e00f5200e08f5a0097
:1058f000e00f5b00e08f5b00000006006044b80032
:105900006055b8000402540085825c0006035d0007
:1059100087835d0000000600889fbe008a9fbe004e
:105920008c1f7800e00f5000e08f5800e00f590006
:10593000e08f59000d003d006044b8006055b8008c
:105940000000540081805c0002015d0083815d00e5
:105950001c0020000820e10009a8e1000ab0e100d5
:105960000bb8e1000d003d00080037000006eb0019
:10597000e00f5200e08f5a00e00f5b00e08f5b0009
:1059800006003d006044b8006055b80004025400b1
:1059900085825c0006035d0087835d00aaff070027
:1059a0000c00e000060032006022b8006033b8004e
:1059b0000000520081805a0002015b0083815b007d
:1059c0004f0678004f05be004f04be0000000600e1
:1059d000889fbe008a9fbe008c9fbe000404be004c
:1059e0000605be00809fbe00829fbe00210007000a
:1059f000040678000800be000a01be001d00070072
:105a0000840678004f03be004f02be008d4f760023
:105a10007fb0970013003300f0ff2f008b8f6b00d7
:105a200006003b000d0666000c00a7000a003700c8
:105a300007f0a600100020000a003700880f52006f
:105a4000898f5a008a0f5b008b8f5b00030039003f
:105a50001000200001003e000000200007f0a70019
:105a60000000ea004f06be004f05be004f04be0016
:105a70000000060005ff27000582610007003200d4
:105a80000428e100010032002400050006000700a0
:105a900001003a0044000500040805000200070068
:105aa000f9ff3a00140005006f8261008102700066
:105ab00085027100850272000000060080007800f7
:105ac0005002be005003be004439de00f700b200b1
:105ad000f37f200003016100090032000218e10099
:105ae00016003a0085017200830173008381730000
:105af0000008200015003a00400020001300370085
:105b000085017200830173008381730005003a00f0
:105b100004a8be0006a8be00100020000b0037003d
:105b20000201e9000402420085824a0006034b009c
:105b300087834b000748a300f9ff32000740a0000d
:105b400004a8be0006a8be00200020008000980027
:105b50009200980000000600680447000294be000e
:105b60000094be00fc0447008694be008494be00ee
:105b700009007800d1ff070008007800cfff070078
:105b800099007800814f70000b003b000800be00b8
:105b90000a0007004f00b10003003700f3ff2700a1
:105ba000f2ff2f006110b9004f06be004f05be0086
:105bb0004f04be000080fa0000000600e4824000ae
:105bc0001078a30007003200640240001178a3009f
:105bd0003400be001401be00040032000330a700f0
:105be000000006003500be001501be000330a00015
:105bf000000006001800fa00889fbe008a9fbe00c1
:105c00008c1f78000004be000205be000802be0022
:105c10000a03be00443ade00f07f20000006620066
:105c200020432000800f560067003c006022b8002f
:105c30006033b8000800be00e7fb07000000e0008a
:105c4000610032000802be000a03be00b4b79f0024
:105c5000c5b79f00d6b79f00e7b79f00e00f52007f
:105c6000e08f5a00e00f5b00e08f5b000b003d000f
:105c70006022b80006002000073324000800be00a0
:105c80000a01be002ffc07006022b80006002000b9
:105c90000733240031fc07000a0037006022b800f7
:105ca00006002000073324000800be000a01be00e1
:105cb0002afc07006022b8000600200007332400f9
:105cc00020fc07000802be000a03be001dfc0700fe
:105cd0000002be000203be00f4b79f0085bf9f0014
:105ce00096bf9f00a7bf9f00e03f2000800f560097
:105cf00017003c007fb097008fb897001fb997003e
:105d0000afb99700f0af9f0081b79f0092b79f0097
:105d1000a3b79f006044b8006055b8003fb2970039
:105d2000cfb297005fb39700efb39700e00f520038
:105d3000e08f5a00e00f5b00e08f5b0022003d0027
:105d40006044b8000a0020000bff2b001e00370043
:105d50006022b8006033b8007fb097008fb897001a
:105d60001fb99700afb99700a0fb07000000e00043
:105d70000c0034007fb297008fba97001fbb9700ca
:105d8000afbb97000800be000a01be00f3fb07008e
:105d90006022b8000600200007ff2300e9fb07008f
:105da000070037007fb297008fba97001fbb97009c
:105db000afbb97000800be000a01be00e7fb07006a
:105dc0000004be000205be000800be000a01be00bd
:105dd0004f0678004f05be004f04be000080fa0059
:105de000000006000000fa00aa22ef00f01f2800c1
:105df00040158800c00020003015880000082000f1
:105e000020158800a222ef0000002800001588005d
:105e1000a022a8001000200070478800a0002000e9
:105e2000071f07000080fa00000006000200fa00c9
:105e3000000f78009e0078006f80600030158800a9
:105e4000a022a80092000900000000000080fa00d3
:105e5000000006000400fa0010079800401f200010
:105e6000000f7800a002a900a022a90000000000f5
:105e700000158000610060000000e00004003a00ae
:105e80001e0fe9001e0078000000e000f8ff3a0055
:105e90001e0078000000e000070032001e009000a5
:105ea000690050000114800000014000c0cc2000b7
:105eb00000004100010878000080fa0000000600a0
:105ec0000000fa00704780000000e0001d00320072
:105ed000c0002000dfff0700d0002000d3ff070034
:105ee000d0002000dbff07008047800081cf2f001b
:105ef000000040000080400010007800cbff070049
:105f00008047800081cf2f000000400000804000cb
:105f100010007800cfff0700804780000000e800f5
:105f20008047880080478000e30f50000100340064
:105f3000f028ef00c000200030158800a022a80043
:105f400001003700000000000080fa000000060099
:105f50000200fa00000f78001e007800e80f5000e1
:105f6000030036001e007800ee0f500002003600dd
:105f70000000eb00060037009e00780069805000aa
:105f800080004000c0cc200000804000100078005d
:105f90000080fa00000006003200f800900188003e
:105fa0006118e100040032007018e10002003200c4
:105fb000f0ff2f00030037003119ba008301e90018
:105fc000fdff3a003200f90000000600849fbe0089
:105fd0004220a900440424006110e1000a003200bc
:105fe000540424007010e10007003200640424000f
:105ff000f5ff2f000510e10003003200f0ff2f0035
:106000004f02be00000006003200f800203b88006e
:10601000113b8800043b88000500fc00500520006f
:10602000303b8800a00a2000303b880061e7a800d0
:10603000000000000000000061e7af00feff370035
:106040000000eb003200f9004f02be000000060025
:10605000841f78004220a900440024006118e10058
:1060600006003200540024007018e10003003200e2
:106070004f027800f0ff2f00000006003200f80009
:1060800091018800821f78003019bb008301e9006c
:10609000fdff3a00213b88004f017800123b880049
:1060a000043b88000500fc0050052000303b8800c0
:1060b000a00a2000303b880061e7a8000000000033
:1060c0000000000061e7af00feff37000000eb00ba
:1060d0003200f9004f027800000006000400fa00c8
:1060e000004f7800110798009e40780061cf600053
:1060f0001e0090000000d100004078001e4f680094
:106100001e0090004300de00004078001e4f680033
:106110001e0090004500de00004078001e4f680021
:106120001e0090004e00de00004078001e4f680008
:106130001e00900000004000100798001e80fb0029
:10614000e10060001e009000008040000080fa0026
:10615000000006000600fa0020479800210798007a
:1061600070002000000f7800ae0090002e409000dc
:10617000daff0700200798002e4090008080fb0087
:106180001e0078000088de0000407800ae0090001d
:10619000d2ff0700200798001e0fe9001e007800bc
:1061a0000000e000f4ff3a002e0090000080fa00aa
:1061b000000006000400fa00000f780011079800a4
:1061c0001e007800004078009e009000e1ff07006c
:1061d000100798001e0078004800de00004078009c
:1061e0009e009000dbff07000080fa000000060020
:1061f0000200fa000000eb00000f78001e0078009b
:106200008000400040b32000008040008000eb0090
:10621000010878001e0fe8001e007800ea0f500009
:10622000f6ff340090002000505a8800007d2000c6
:10623000805a8800c0122000905a88000000eb00ad
:10624000a05a880030002000b05a8800300020009a
:10625000605a880020002000705a8800c012200078
:10626000c05a880010002000d05a88000000eb00bf
:10627000e05a880060042000f05a88008002200064
:10628000005b88000000eb00105b88000000eb0062
:10629000205b88000000eb00305b88000000eb0012
:1062a000405b88000000eb00505b88000000eb00c2
:1062b000605b8800809d2000805b88002048210072
:1062c000905b880060422000a05b880020032000d3
:1062d000b05b880080b7200011c0b300014878008f
:1062e00090b7200011c0b30001487800f0032000ef
:1062f000d05b8800a0ac2000e05b88000083200019
:10630000f05b880060852000005c8800400620006b
:10631000105c880010232400f1002000205c88001d
:10632000315c880080072000405c88005a0007002c
:106330001300200002852000010f2f00f00720002d
:1063400015ff0700804280000000e80080428800be
:1063500012002000010f2f00f00720001bff070094
:1063600013002000020f2f00f107200000852000fd
:1063700037ff07000080fa00000006000400fa0062
:10638000615a8000110798001e009000e60f50002f
:10639000070032001e009000e70f500002003a0094
:1063a00020002000010037000000eb000100370052
:1063b00010002000905c88001e009000e60f500046
:1063c00002003a0030002000605a88001e00900051
:1063d000e70f500002003a0010002000605a8800c9
:1063e0000000eb00705b88000000eb00000f7800fd
:1063f000210037001e007800fc0f500008003e000e
:10640000715b80001e0078000001400040b3200056
:10641000000041001000780066ff0700705b8800f4
:106420009e007800008027000080400000004000af
:106430001200200080007800f0072000e3fe070033
:106440009e0078000080270000804000000040008f
:106450008000780042b320001e0078000000400059
:10646000000041001300200001017800f107200026
:10647000f7fe07001e0fe8001e007800fd0f500019
:10648000dcff36009e009000615a8800150007006e
:106490000080fa00000006000200fa000000eb0095
:1064a000000f78001e00780080004000c0b8200077
:1064b000008040008000eb00010878001e0fe8001b
:1064c0001e007800e70f5000f6ff360030a42400cd
:1064d000605c880010002000705c88000080fa007a
:1064e000000006000200fa000000eb00d05c88000b
:1064f0000000eb00000f7800210037001e0078003c
:10650000e60f500008003e00d15c80001e007800bd
:1065100000014000c0b820000000410010007800d9
:1065200024ff0700d05c88009e00780000882700c8
:106530000080400000004000120020008000780031
:10654000f0072000a1fe07009e00780000882700c9
:10655000008040000000400080007800c2b82000a9
:106560001e007800000040000000410013002000e1
:1065700001017800f1072000b5fe07001e0fe800ba
:106580001e007800e70f5000dcff36000080fa00a4
:10659000000006000400fa000000eb00100798005d
:1065a0000000eb00000f780019003700c1b8200090
:1065b0001e00780000004000808040001e0178002e
:1065c0000088270000004100000040001300200068
:1065d0000101780080007800f00720006efe0700bf
:1065e0001e007800e60f500008003e001e007800f4
:1065f00080004000c0b820000080400010007800fb
:106600009e009000ebfe0700100798001e0fe800a8
:106610001e007800e70f5000e4ff3600d15c8000d8
:106620001e009000808f500019003a00615c8000cd
:1066300030a42400808f500015003a00705c800068
:10664000e10f500012003a00805c80000000e00082
:106650000f003500805c8000e10f50000c003c0012
:10666000905c80000000e00009003500905c800034
:10667000e20f500006003c00a05c80000000e0003b
:1066800003003500a05c8000e10f500003003400df
:1066900081ff070010002000010037000000eb0020
:1066a0000080fa00000006000000fa00605a800036
:1066b000e30f500005003a00905c8000e10f5000ad
:1066c00002003a0060002000605a8800605a800092
:1066d000e10f500005003a00905c8000e20f50008e
:1066e00002003a0070002000605a88000080fa0022
:1066f000000006000400fa000000eb0010079800fc
:106700000000eb00000f78001900370041b32000b3
:106710001e00780000004000808040001e017800cc
:10672000008027000000410000004000130020000e
:106730000101780080007800f007200016fe0700b5
:106740001e007800fc0f500008003e001e0078007c
:106750008000400040b3200000804000100078001e
:106760009e00900093fe0700100798001e0fe8009f
:106770001e007800fd0f5000e4ff360013002000db
:1067800002852000010f2f00f007200002fe070005
:10679000715b80001e0090000080680000f0a70080
:1067a0000000ea000000ea004f00de000080fa006e
:1067b000000006000200fa000000eb00505c8800b8
:1067c0000000eb00000f7800210037001e00780069
:1067d000ec0f500008003e00515c80001e00780065
:1067e0000001400000b720000000410010007800c8
:1067f00070fe0700505c88009e0078000082270031
:10680000008040000000400012002000800078005e
:10681000f0072000edfd07009e00780000822700b1
:1068200000804000000040008000780002b7200097
:106830001e0078000000400000004100130020000e
:1068400001017800f107200001fe07001e0fe8009b
:106850001e007800ed0f5000dcff360021ff07001e
:106860000080fa00000006000400fa000000eb00bf
:10687000100798000000eb00000f780019003700a7
:1068800001b720001e00780000004000808040001a
:106890001e01780000822700000041000000400037
:1068a000130020000101780080007800f00720002c
:1068b000b9fd07001e007800ec0f500008003e00f4
:1068c0001e0078008000400000b7200000804000db
:1068d000100078009e00900036fe07001007980018
:1068e0001e0fe8001e007800ed0f5000e4ff360098
:1068f000515c80001e0090000080680000f0a7003e
:106900000000ea000000ea004f00de000080fa000c
:10691000000006000000fa0000000000a016800041
:10692000610060000000e000fcff3a00701680008b
:10693000620060000000e000f8ff32000080fa0012
:10694000000006000000fa0000000000a016800011
:10695000610060000000e000fcff3a00800c2000b5
:10696000371c07000080fa00000006000400fa004f
:10697000100798001e009000104078000000fb00f7
:10698000000f78001e0090000000e800100798003b
:10699000060037001e009000104078009e00900016
:1069a0008100e80011079800821c07001e00780093
:1069b00000f0a7000000ea000000ea004f00de003f
:1069c000004078001e0fe9000004e000f1ff3a00eb
:1069d0000080fa00000006000000fa007440800009
:1069e0000267200003002000f002120004003b00b8
:1069f0008502ea000598de00cf98de00040037002b
:106a0000851add000410de00008072008498de002c
:106a10000000780061006000004078000004e000a1
:106a2000020032004006200001003700a0282000ac
:106a3000f04688000080fa00000006000200fa001c
:106a4000000f78001e0078000000e0000500320012
:106a5000b05b800080007800a07f2100d21b07007f
:106a600008003700b05b80006a00b90000007800c1
:106a700080007800c0f62000cb1b0700401f2000dc
:106a8000ef1b07000080fa00000006000800fa0073
:106a90002007980031079800ae0090003e0090005b
:106aa00000017800110009008200d800000f780072
:106ab000ae0090003e009000000178001100090037
:106ac0008200d8008000fd00100798003e00900072
:106ad0008080d1001e009000808f500001003c009b
:106ae0001e0fe8001e0078000080fa00000006007b
:106af0000000fa000428ef00f04180000000e000f0
:106b00003d003200f0418000620060000000e000c3
:106b100009003200f1418000d003200000806000b5
:106b2000f0418800caa2a90040012000c41b070050
:106b3000caa2a80031003700f04180006100600067
:106b4000004078000004e00005003200f1418000c0
:106b5000e003200000806000f0418800270037003b
:106b6000f0418000640060000000e0000500320099
:106b7000f1418000b003200000806000f0418800f7
:106b80001e003700f0418000680060000000e00057
:106b900005003200f1418000700320000080600099
:106ba000f041880015003700f0418000700060005f
:106bb0000000e000060032002628ef00f1418000ce
:106bc000f002200000806000f04188000b003700d8
:106bd000f141800000022000008060000000e00021
:106be00006003200f04180007f006000f041880024
:106bf0000000000001003700000000000080fa00e3
:106c0000000006000200fa00000f780040478000f4
:106c1000e10f50000b003a00705a80000000e000c5
:106c200008003a001e0078008000400060992000b3
:106c300000804000100078004cff0700e828ef00bb
:106c4000000000000080fa00000006000400fa00c6
:106c5000100798000000eb00000f78001e0078007d
:106c600080004000207a2f000080400090007800d3
:106c70001e009000808f500005003e001e0fe800af
:106c80001e007800e90f5000f4ff340001003700c7
:106c9000000000001e0078000080fa0000000600de
:106ca0000600fa00200798002e009000e0eb070095
:106cb000401fb0000180b000823e20000300200091
:106cc00025e60700008fbe000053270001002000ca
:106cd0001e01be00800f5100818f59000300340057
:106ce0002053270001002000008fbe001e00780006
:106cf000d6ff07000080fa00000006000200fa003c
:106d000010002000bfff0700b61b07000004e000d2
:106d100034003200c51b0700004f7800a0478000f8
:106d20000000e00004003a0060c4b3009e40780018
:106d300080cf50002a003a00e0468000b04388002f
:106d4000a0478000e10f500007003a0010c4b300d4
:106d50009e40780080cf5000030032007628ef007c
:106d60003d1007001f003700a04780001e4178003b
:106d7000e1c82000827078000000e800a047880089
:106d8000a0478000ee0f500003003c00b04380009d
:106d90000000e00002003a002f1007001100370049
:106da000b0c3b3009e40780080cf50000d003a0081
:106db000705a80000000e000020032001000200045
:106dc00090478800e0c820000080e800b4ff07007a
:106dd000505a88007628ef001f1007000100370086
:106de000000000000080fa00000006003200fa00f7
:106df000889fbe006a0f4700e0c820006400400082
:106e0000200798000040eb00204f98005059800068
:106e10008000eb0005e607000004be00905b8000e8
:106e2000cf80de00fee507000001be000800be00c6
:106e3000f2e70700024022004397240010e7070012
:106e40003007980041079800e0c820009040780083
:106e500060c4b30080cf500005003a00f0c82000a5
:106e60009040780010c4b30080cf50000a00320078
:106e7000e0c820009040780090c4b30080cf50005c
:106e800010003a00f0c820009040780060c4b300c1
:106e900080cf50000b003a00a0478000ec0f50005c
:106ea0001a013400b0c920008040eb00014878008e
:106eb000e0c820000080e80079ff0700505a8800f1
:106ec00017013700e0c820009040780080c4b3006c
:106ed00080cf50000f013a00f0c8200090407800a9
:106ee00020c5b30080cf50000c013a0000c920003b
:106ef000104078000080fb00c800dd0010c92000b1
:106f0000104078000080fb000100700041d4240094
:106f1000810f50004d00320041d42400810f5000f9
:106f200011003c00e1242400810f50001f003200ba
:106f3000e1242400810f500004003c00411524008e
:106f4000810f50009c003200da0037002125240018
:106f5000810f5000a100320081b52400810f500044
:106f6000b7003200d3003700d1442500810f500014
:106f7000bc003200d1442500810f500004003c00c9
:106f800081252500810f50004b003200c9003700d9
:106f900001452500810f5000680032004165250041
:106fa000810f500076003200c20037002e009000a2
:106fb000104078000004e0000c003a00505a8000b5
:106fc00080004000a07e2f000080400090007800ec
:106fd0006a004700811f780001832f00811f78001d
:106fe000bdea0700e4875700b20037002e0090008a
:106ff000104078000000fb000003b100e90f5000d2
:107000009d003e002e009000d9ea0700100798006e
:107010001e0090000000e000090035001e009000f6
:10702000ea0f500006003c001e0090008000400067
:10703000407d2f00008040001000780001003700e4
:10704000a0002000505a88009a0037002e009000bf
:10705000104078000004e00008003a00e1418000a0
:107060006a004700811f780071832f00811f78001c
:1070700099ea0700e48757008e0037002e00900041
:10708000104078000000fb000003b100e90f500041
:107090007b003e002e0090009040780010c3b300ab
:1070a00000c068000080fb000000e9004f00de0027
:1070b000e04188007f0037002e00900010407800eb
:1070c0000004e00070003a00d05a8000f1792f00ef
:1070d000614078000003fb0025418000505a800089
:1070e00080004000c09b200000804000100278001b
:1070f000e041800080004000209d20000080400092
:10710000900178006a0147003e009000ce00900098
:10711000809fbe00861f7800851f7800841f78003e
:10712000831f7800e0832f00801f78000200780022
:1071300069ea0700ee8757005e0037002e009000d6
:10714000104078000004e00051003a00d05a80005e
:10715000f1792f00614078000001fb00214180009f
:107160006a004700821f7800811f780021852f0068
:10717000811f780058ea0700e68757004d00370066
:107180002e009000104078000004e00042003a0019
:107190006a0147003e009000ce009000809fbe0034
:1071a000b0852f00801f7800020078004aea0700af
:1071b000e68757003f0037002e009000104078000f
:1071c0000004e00036003a006a0047006200200038
:1071d00051862f00cdea0700360037002e009000c0
:1071e000104078000004e0002f003a00b05a800000
:1071f0000080e900100798001e0090000000e000e9
:1072000002003d000000eb00100798001e009000f7
:10721000e30f5000020034003000200010079800f7
:107220006a0047009e009000811f7800b1862f0001
:10723000811f780028ea0700e48757001d00370007
:107240002e009000104078000004e00018003a0082
:107250006a0047006200200021872f00abea070088
:10726000140037006a0047005200200081872f0079
:10727000a6ea07000f003700000000000d003700ed
:10728000000000000b00370000000000090037007c
:107290000000000007003700000000000500370074
:1072a000000000000300370000000000010037006c
:1072b000000000001e007800104078000004e0008c
:1072c00006003a00160037001e00780010407800d3
:1072d0001e0fe800371a0700010037000000000009
:1072e0001e007800104078000004e000f6ff3a002d
:1072f000b0c3b3002f1a0700d0c0b3002d1a070087
:10730000a0c0b3002b1a07000500370000000000e2
:1073100003003700000000000100370000000000fb
:107320004f04be000080fa00000006000200fa00d0
:10733000260037003d1a07000080fb008fea070097
:10734000004f7800a04780000000e00004003200f9
:10735000b04380000000e00001003a00be0e0700cc
:10736000b0c3b3009e40780080cf500003003a00c5
:107370009efe0700b80e070014003700a0478000eb
:107380000000e00006003a001e4078000054a00013
:107390000000fb001006b100f90f50000b003e008a
:1073a000e0468000b0438800a0478000ee0f500008
:1073b00006003c00a04780001e417800e1c8200084
:1073c000827078000000e800a0478800051a0700d6
:1073d0000004e000d7ff3a000080fa000000060039
:1073e0000400fa00100798001e0090004480de00a0
:1073f000000f78001e0078006a00b90000007800d5
:10740000000f78001e0090006f0060001e0040001a
:107410000080fa00000006000600fa006000b800d4
:10742000008fbe000000eb00200798009e00900037
:10743000400620000088b900000178001e00780096
:107440006000b90000007800000141009e00780053
:10745000400620000008b8000101410082007800c9
:10746000008fbe00008fbe00e1c820002e009000fb
:1074700000804000104078000080fb00d8ff07002b
:107480006101b9001e00be00020040008380480078
:10749000008fbe002e0090000000e800200798003a
:1074a0002e009000e30f5000e0ff34002203200084
:1074b000030020001e0f41005e9749001e00be0021
:1074c000420620000300200023e40700008fbe00d6
:1074d00000532700010020001e01be00800f510054
:1074e000818f590003003400205327000100200041
:1074f000008fbe001e007800d4fd07000080fa0057
:10750000000006000000fa00881f78000000eb0071
:10751000bcfd0700b31907000004e00014003200ae
:10752000a8478000c1190700e1c8200080707c00d6
:107530000800e800a0478800800c2000b0438800c5
:10754000a0478000e40f500010003400705a800003
:107550000000e00002003200100020009047880088
:10756000adff0700505a88003b0e070007003700a8
:10757000a04780000000e00004003200b04380001b
:107580000000e00001003a00330e07004f047800cd
:107590000080fa00000006000000fa00889fbe008c
:1075a000204480000000e0001c003a00624180009e
:1075b00073418000006a280011002000800f5100f4
:1075c000818f59000e0034006041800071418000bd
:1075d00013e407000004be00205c8000315c8000e2
:1075e0000fe40700020020000312240024e5070036
:1075f0000001be000800be0021e5070001003700c1
:107600006000b80080438800914388002c28ef0078
:107610002e28ef0040062000204488008043800090
:10762000914380004f04be000080fa000000060075
:107630000000fa00889fbe004143800000428000a5
:10764000808f5000070032000042800040438800d5
:107650006000b80050438800614388006e28ef0046
:1076600034003700405980008000eb00efe3070052
:107670000004be00805b8000cf80de00e8e30700ee
:107680000001be000800be00dce50700c040880025
:10769000d1408800c4408000d54080005043800025
:1076a0006143800018c0b3000001be000400be00aa
:1076b000b8e307000000e00001003c000044eb00dc
:1076c0000804e00007003200c0408000d140800084
:1076d0005043880061438800800c2000704388007c
:1076e0000a003700704380000000e0000400320010
:1076f000704380000000e9007043880003003700f9
:107700006000b80050438800614388005042800008
:107710000000e00003003200c0408000d140800043
:107720000200370050438000614380005200200077
:10773000b00d07004f04be000080fa0000000600f4
:107740000000fa008c21ef00e842a900e862a900dd
:107750007cfc0700cfa2a900ffff37000400fa005d
:10776000889fbe00c2418000d3418000204380003a
:1077700031438000800f5100818f59000700350090
:10778000c0418000d14180002043880031438800ff
:10779000803e2000f043880007003700f04380005f
:1077a0000000e00004003a006428ef006628ef00c3
:1077b0006000b800008fbe0020438000314380008d
:1077c00097e307000004be00a05b8000cf80de00ce
:1077d00093e307000001be000800be0087e5070034
:1077e000008fbe00605b80000000e00015003200ea
:1077f00018c0b30062da2d0073c124001e00be0061
:1078000064e307000000e00001003c000044eb00de
:107810000804e0000800320002002500337c240048
:107820001e00be0096e40700c2e7070062002000c9
:10783000700d070013003700804d80004b0d0700ce
:107840001000370018c0b30062da2d0073c12400a5
:107850001e00be004fe307000000e00001003c00f6
:107860000044eb000804e000040032002200200085
:107870001e00be005f0d070002003700704d800043
:107880003a0d07004f04be000080fa000000060019
:107890000000fa00304780000000e00003003a00da
:1078a00070612f00310d070004003700e0408000b8
:1078b000f1408000320020004e0d07000080fa00e9
:1078c000000006000000fa00889fbe008a9fbe00ec
:1078d000804080009140800082142e00a3f7230096
:1078e00046e507000004be00505980008000eb0010
:1078f0004ee307000005be00905b8000cf80de00f5
:1079000047e307000001be000a00be003be5070098
:10791000020020008324240059e407000001be0077
:107920000800be0071e30700804088009140880095
:107930008040800091408000420020002d0d070013
:107940004f05be004f04be000080fa000000060094
:107950000000fa00881f7800d85a8000204180007b
:10796000cf80de002ee3070008017800210d07001c
:107970004f0478000080fa00000006000000fa00c2
:1079800005ff0700809fbe00c0782f00801f780091
:1079900040b12000ece80700e687570040b1200026
:1079a000f20c07006dff07000080fa0000000600df
:1079b0006000fa00889fbe008a9fbe008c9fbe00b8
:1079c000660f4700c0418000d141800014e30700ea
:1079d0000004be00a05b8000cf80de0010e3070043
:1079e0000001be000800be0004e507001007980073
:1079f00021079800f1418000312f980071428000ea
:107a0000412f980021418000512f980018c0b300e9
:107a100062da2d0073c124001e009000ae009000b9
:107a2000dce207000000e00001003c000044eb0045
:107a30000804e0000700320002c22b00e3cb240060
:107a40001e009000ae0090000de407000005be008f
:107a5000010037006055b800405980008000eb00fd
:107a6000f2e207000004be00805b8000cf80de00f1
:107a7000ebe207000001be000800be00dfe40700e3
:107a80000200250033842400fde307000006be0049
:107a9000505980008000eb00e4e207000004be00c3
:107aa000905b8000cf80de00dde207000001be00b9
:107ab0000800be00d1e407000240220043972400e2
:107ac000efe307000004be0030478000cf80de00f7
:107ad000d3e2070002002000832c2400e8e3070023
:107ae0000001be00505a80008000400040b32000da
:107af00000804000100078000000e800602f98002f
:107b0000575a8000d05a8000f1792f0061407800e8
:107b10000003fb00eac8bf008002fb00215b80007d
:107b2000d0792f0060c078000002fb00e1418000a6
:107b3000b0792f0060c078000000fb00e60047002d
:107b4000712f9800be289000811f7800ce289000e9
:107b5000811f7800de289000811f78008a9fbe0078
:107b60008c9fbe00889fbe00829fbe00ee289000c2
:107b7000811f7800871f7800861f7800851f780096
:107b8000841f7800801f7800d0872f00801f780026
:107b90007e289000d0e707004f02b10004003700b4
:107ba0001e007800104078001e0fe8000118070042
:107bb0001e007800104078000004e000f8ff3a0052
:107bc0004f06be004f05be004f04be000080fa0005
:107bd000000006000400fa0050408000e10f500051
:107be000c5003200c04380000000e0000c003a00f5
:107bf000705a80000000e000090032006cff0700ae
:107c0000715a8000803e20000088b9000000780092
:107c1000c0438800c04380004006b000e0438800b5
:107c2000f01707000004e000b5003200ff1707005e
:107c3000004f78001e407800ea4f5000b20032003a
:107c4000a0478000e10f50000f003200e10f50000c
:107c500003003c000000e000060032001e00370078
:107c6000e20f50000e003200e30f5000150032000a
:107c700019003700d0c3b3009e40780080cf500079
:107c800017003200a30037001e00fb001004b100f3
:107c9000f90f5000140036006f0c07009d003700ec
:107ca0001e407800ed4f5000110032001e00fb0016
:107cb0000003b100e90f50000f003600660c07000a
:107cc000940037001e407800ed4f50000c00320049
:107cd000610c07008f0037005f0c07008d00370034
:107ce000000000000700370000000000050037001a
:107cf0000000000003003700000000000100370012
:107d000000000000a04780001e417800e1c820006c
:107d1000827078000000e800a04788001e407800cc
:107d2000ed4f50007a003a00705a80000000e000e9
:107d300006003200715a8000803e20000088b900a1
:107d4000000078004006b0000100370080382100b4
:107d5000e0438800f0c8200010407800004f780011
:107d600000c92000104078000080fb000003b10033
:107d7000100798001e00fb0071042000810f5000c6
:107d80002e00320071042000810f50000a003c00d8
:107d900021042000810f50001b003200310420001c
:107da000810f50002300320011042000810f500089
:107db000120032004e00370001052000810f5000f4
:107dc0002f00320001052000810f500004003c000c
:107dd000f1042000810f50002600320044003700db
:107de00021052000810f50003600320031052000af
:107df000810f5000350032003d0037001000200098
:107e0000205b88003a0037001e0090000000e00070
:107e1000300032001e009000e90f50002f003e009d
:107e20000000eb00205b88001e009000505a880084
:107e30002f0037002efb07002d0037001e0090009a
:107e40000000e000270032001e009000e40f500008
:107e500026003e00505a80009e0090008100e900fc
:107e60000001400040b320000000410001087800fc
:107e70001f00370010002000e04188001c00370080
:107e80001e0090000000e000010032003bf90700f6
:107e90001e0090000000e00002003200804c2f0025
:107ea00001003700708b2f0080007800704b2f008e
:107eb000c50b0700c05d2000e116070020fe07008b
:107ec0000b003700bafe0700090037003c28ef001e
:107ed0000700370000000000050037000000000028
:107ee0000300370000000000010037000000000020
:107ef000d90b07000700370000000000050037001d
:107f000000000000030037000000000001003700ff
:107f1000000000000080fa00000006000000fa00e7
:107f2000605a80000000e0001b003200605a8000b0
:107f3000e10f500016003200605a8000e20f50003e
:107f400011003200605a8000e70f50000c00320030
:107f5000a05a8000e10f500007003200a05a8000b4
:107f6000e20f500002003a00e0a8250001003700af
:107f7000a0e0260001003700a0de2300010037004a
:107f80006099230001003700a0742500010037002c
:107f9000e06723000100370020a82300004088008c
:107fa0000080fa00000006000c00fa00889fbe0066
:107fb000200798003107980042079800530798005f
:107fc0002e019000be019000b012200001002000a0
:107fd000800f5100818f590002003c006000b80002
:107fe000270037004e009000de0090008ce1070073
:107ff0000004be002e009000be00900088e1070043
:108000000001be000800be009de20700008fbe0018
:1080100018c0b3000271200013f523001e00be003b
:108020005ce107000000e00001003c000044eb00c0
:108030000804e000030032000071200011f5230065
:10804000008fbe000200200003f823001e00be00c7
:10805000a6e107000004be001e01be0000002000d3
:1080600001f8230098e107000001be000800be00ef
:1080700083e2070002002000832c24005fe3070056
:108080004f04be000080fa00000006000000fa0065
:10809000204080000000e00008003a0000192000a5
:1080a00020408800304080000000a200304088005e
:1080b000e1012000307320003b16070030408000b3
:1080c0000000e00026003200f04180006200600005
:1080d0000000e00002003200404e2f002100370077
:1080e000f041800061006000004078000004e00082
:1080f00002003200e04d2f001a003700f0418000ee
:10810000640060000000e00002003200a04e2f007a
:1081100014003700f0418000680060000000e000bb
:1081200002003200004f2f000e003700f0418000a7
:10813000700060000000e00002003200604f2f007d
:1081400008003700f141800000022000008060003c
:108150000000e00002003200c04f2f000100370095
:1081600050792f000080fa00000006000000fa009d
:10817000405b80000000e0004a0032006040800068
:10818000e10f500012003a00314780003006200015
:10819000808f500002003c000000eb004a003700d6
:1081a000c05a8000d2f92f00000141003147800001
:1081b000000320000088b9008000780000d72e005e
:1081c000008040008200780030fa07003e0037004f
:1081d00060408000e20f50000d003a00a040800097
:1081e000b1408000ede007000001780051598000a7
:1081f000f05b800080805000000320000088b90000
:10820000000078008200780020fa07002e00370076
:1082100060408000e30f500008003a00c04080003a
:10822000d140800002a02500337c240014e2070026
:10823000dae007000000780023003700604080008b
:10824000e40f500017003a00d05a80000000e00010
:1082500008003200f25a8000214180000003200013
:108260000088b900000078008200780007fa070053
:1082700015003700f05a800002fe2f000001410077
:1082800021418000000320000088b90080007800b0
:1082900000a02f000080400082007800fbf907005a
:1082a0000900370080418000914180000002be003b
:1082b00040418000514180000001be000400be002a
:1082c000f1e00700000078000080fa0000000600de
:1082d0000000fa0051598000e05b8000808f500060
:1082e00003003600f04180000030a000f04188001b
:1082f0005159800030418000808f500003003100d0
:10830000f04180000040a000f041880051598000f9
:10831000f05b8000808f500003003100f04180004e
:108320000050a000f04188003117800000002800b4
:10833000008060000000e00003003200f041800097
:108340000010a000f0418800f15a80002041800018
:10835000808f500003003d00f04180000020a0000d
:10836000f0418800c25a8000314780001000200090
:10837000810f5100010035000000eb00e141800059
:10838000010060000000e00003003200f0418000c6
:108390000000a000f0418800004580000000e000df
:1083a00004003200f04180000000a000f04188008d
:1083b000a028ef00d05b800080007800f0418000b2
:1083c00000806000f0418800f1418000f002200050
:1083d000008060000000e00005003200ca82a900b1
:1083e00020c5b300eae8b7003c28ef000a28ef00f8
:1083f0000080fa00000006000600fa00100798004e
:108400002107980010002000000f78001e00900047
:10841000800040006096200000804000100078003e
:10842000e13e2f00680a07003af90700800c20009f
:1084300083150700000000007016800062006000d5
:108440000000e00004003200a0168000610060001f
:108450000000e000f8ff320000ccb300af080700d6
:1084600070168000620060000000e00018003a0012
:108470002e009000640060000000e0000100320067
:108480005bf707002e00900061006000004078005c
:108490000004e00001003200c6f807002e00900042
:1084a000620060000000e00002003200b3f7070045
:1084b0004628ef00b05b80006500b900000078003e
:1084c00080007800f0a42000371507001300370063
:1084d0002e00900061006000004078000004e00081
:1084e00001003200e0f807002e00900062006000fa
:1084f0000000e000030032007ef8070025f80700c6
:1085000069f807000000eb00000f7800b05b800006
:1085100080007800a07f2100231507001e0078004e
:1085200080004000609a2000008040001000780029
:108530000e0a0700803e200041150700f5f80700ed
:10854000505b8000b00807000080fa0000000600c1
:108550000000fa00401f2000d0438800f041800056
:108560000000e0000400320061f907000628ef0077
:10857000f4f8070021003700d04380000000e0003d
:108580000e003a00b05b80000000400080007800e0
:10859000e025210004150700304280000000e000c3
:1085a00003003200210020000000eb0092ff0700d2
:1085b00010c0b3005908070061fc0700a016800036
:1085c000610060000000e000ebff3a00800c20003a
:1085d0001b150700604080000000e9006040880033
:1085e000604080000000e00002003d000047800085
:1085f000604088006040800010f907000080fa00a9
:10860000000006000200fa0031512f0020502f0018
:10861000ed09070040522f00801f7800c2e50700d7
:108620008f87e9000019200005150700791507005c
:108630006c1507000004e000130032007b150700f2
:10864000004f78002103200090392000d614070045
:108650001e407800571507009e80fb001e80fb001f
:10866000811f7800801f780010552f00801f780030
:1086700040b12000b4e50700e687570041b1200073
:10868000000c2000c6090700a016800061006000f1
:108690000000e000e6ff3200b05b80008000780060
:1086a000c0f62000c014070060562f00801f78001d
:1086b0009de507008f87e90056150700a1f8070020
:1086c0000080fa00000006000200fa00900020007e
:1086d000000f78001e00780080004000a0c7200036
:1086e000008040008000eb00010878001e00780048
:1086f00000f0a7000000ea000000ea004f00de00e2
:10870000004078001e0fe9000004e000f1ff3a008d
:108710000080eb00d04788008228ef004001200055
:10872000004488000080fa00000006000400fa00ff
:10873000004280000000e00001003a006228ef00e3
:10874000004480000000e0006c003a00114480000a
:10875000d0478000808f500009003900114480000c
:10876000d047800080805000104480004500de002b
:10877000808f500002003e001000200001003700f2
:108780000000eb0010079800604280000000e0004d
:10879000260032000000eb00000f78001e00780079
:1087a00080004000a0c7200000804000100078003a
:1087b000801f780010582f00801f78005ae50700ae
:1087c000e48757001e0fe8001e007800e90f5000f4
:1087d000f2ff3400104480000000e0000f0032007f
:1087e0001e0090000000e00002003200808b2f008d
:1087f00001003700e08b2f0012448000d147800039
:10880000801f7800821f7800811f7800208c2f0045
:10881000801f780044e50700e887570070582f0054
:10882000801f780040e507008f87e9009000200056
:10883000000f7800d0638000e40f50002e003c0051
:108840001e00780080004000a0c72000008040008b
:10885000100078000000e00005003a001e0fe9005b
:108860001e0078000000e000f5ff3a00010037002c
:1088700000000000104380009e0f500010003d00db
:10888000505a80009e0f5000090035001e009000d5
:108890000000e00006003a00505a8000ea0f500045
:1088a00003003200505a80000000e00004003a004b
:1088b0009e007800114388009e007800515a88007d
:1088c000004280000000e0000200320010002000a2
:1088d00090428800004280000000e0000200320068
:1088e0001000200020458800004280000000e000c9
:1088f00001003200a228ef0073ff07000080fa0099
:10890000000006000400fa0010079800a0002000f4
:10891000000f78009e0090001e00780000014000cb
:10892000607b2f000000410010007800808f500015
:1089300005003e001e0fe9001e0078000000e00068
:10894000f4ff3a0001003700000000001e0078002c
:108950000080fa00000006000000fa006059800064
:10896000e8ff0700505a88000080fa000000060067
:108970000400fa00100798000000eb00000f7800d8
:10898000010037001e0fe8001e007800ea0f5000bb
:1089900009003c001e00780080004000e08c2f00a1
:1089a0000080400010007800800078001e009000d9
:1089b000808f5000f3ff35001e00780080004000db
:1089c000408e2f0000804000100078000080fa00e8
:1089d000000006000000fa0060598000e4ff070074
:1089e000505a88000080fa00000006000000fa00db
:1089f000515a800060478000808f5000180032007c
:108a000050168000700060000000e0000800320096
:108a1000ca82a90020c5b300eae8b70040012000df
:108a20003045880010002000004388004f003700c8
:108a3000004380000000e000030032003045800069
:108a40000000e00048003a006028ef00505a800023
:108a5000604788004001200030458800a228ef00d0
:108a6000505a80008000400040b320000080400049
:108a70001000780061006000004078000004e00011
:108a800002003200cae2a90001003700cae2a800d1
:108a9000505a80008000400040b320000080400019
:108aa00010007800620060000000e0000200320068
:108ab000cac2a90001003700cac2a800505a8000eb
:108ac000e10f500002003a00e9a2a80001003700bf
:108ad000e9a2a900505a8000e20f500002003a00bb
:108ae000e982a80001003700e982a900505a8000fd
:108af000e30f500002003a00e9c2a800010037006d
:108b0000e9c2a900505a8000e40f500002003a0068
:108b1000c4e2a80001003700c4e2a900505a800056
:108b2000e50f500003003200505a8000e60f50005d
:108b300002003a00c4c2a80001003700c4c2a90064
:108b4000505a80000000e00003003200505a8000bc
:108b5000e60f500002003400e802a80003003700ce
:108b6000e802a90001003700000000000080fa00c0
:108b7000000006000000fa00705a80000000e000cb
:108b800014003200c04380000000e00011003a00f1
:108b9000715a8000803e20000088b90000007800f3
:108ba000c0438800904780000000e00002003a00c7
:108bb000a0002000505a8800605a800080004000c9
:108bc00060992000008040001000780067f70700df
:108bd000f228ef000080fa00000006000000fa0012
:108be0000000eb00205b88000080fa000000060017
:108bf0000000fa000080fa00000006000400fa00fd
:108c0000008fbe00d05a8000c200dd00c07c2f0063
:108c1000008040001000be000001be001e00be002b
:108c200097df0700008fbe00d05a80000000e000f0
:108c300005003a0002002000032024001e00be00b0
:108c4000aade0700008fbe000200200003f0230010
:108c50001e00be00a5de070078e207004fde070019
:108c6000000078000080fa00000006000200fa0010
:108c7000889fbe000000eb00000f78008ce0a90088
:108c80001e00780080004000c0cc20000080400022
:108c9000900078001e0078000001400080b22000a3
:108ca00000004100010878001e0fe8001e00780057
:108cb000e50f5000f2ff34008ce0a8000041800076
:108cc00011418000420a2700d3f723004be0070040
:108cd0000004be00905980008000eb0053de0700c6
:108ce000a2702d0033c2230044e007000001be0043
:108cf0000800be007dde07000041880011418800a9
:108d00000041800011418000bcff07002041880025
:108d1000204780000000e00016003200204780005d
:108d20000000e9002047880081598000405c8000f5
:108d3000008040006101b800c0428000d142800044
:108d40000200400083804800c0428800d142880071
:108d5000705980006101b800e0428000f14280005b
:108d60000200400083804800e0428800f142880011
:108d700052003700c4428000d542800080b72000f6
:108d8000104078000080fb008000eb000001be0076
:108d90000400be00f0dd0700c0428800d142880018
:108da000e4428000f542800080b720001040780047
:108db0000080fb008000eb000001be000400be004c
:108dc000e5dd0700e0428800f1428800c2428000f1
:108dd000d3428000c0428000d1428000009ab90096
:108de00004027800028bb900860278000502420076
:108df0000010b80001024200840078008041880021
:108e000091418800e2428000f3428000e04280000d
:108e1000f1428000009ab90004027800028bb90088
:108e200086027800050242000010b80001024200ec
:108e300084007800a0418800b14188008241800010
:108e400093418000a0418000b141800000005100aa
:108e500081805900c0418800d1418800e0428000f3
:108e6000f1428000c4428000d54280000001be0073
:108e70000400be004cfc0700e0408800f140880080
:108e8000e0408000f1408000c4dd07000000780071
:108e9000304788005c28ef005e28ef00e042800049
:108ea000f1428000c0428800d142880080b7200093
:108eb000104078000080fb00204788004f04be006f
:108ec0000080fa00000006000600fa00000f78009b
:108ed00011079800220798001e0078009000780083
:108ee0001e009000808f5000030034001e007800a8
:108ef0009e009000010878001e0078009000780025
:108f00002e009000808f500003003d001e0078006e
:108f1000ae009000010878000080fa000000060012
:108f20000400fa00d05a80000000e0000600320081
:108f3000005b8000650f4000005b80006a0040001d
:108f40001007980005003700005b80006a0f4000a2
:108f5000005b800074004000100798004e28ef006e
:108f6000015b800020418000808f500002003c00a7
:108f70001000200070428800204180009e0f5000a9
:108f8000020035002000200070428800214180004e
:108f90001e009000808f500002003500300020003d
:108fa00070428800e15a80007042800000804000da
:108fb000704288000001eb0031002000e0842000b6
:108fc000c1ff0700704280006200600000f0a7004f
:108fd0000000ea000000ea004f00de0000407800d8
:108fe0000080fb00610060004200dd00411780004e
:108ff0000120a1000100700040178800704280002d
:1090000000407800614060006140600061406000a5
:109010000080fb00610060004300dd00411780001c
:109020000130a10001007000401788000080fa00a4
:10903000000006000000fa00c08f2f00801f78009b
:1090400080902f00801f7800406c2f00801f7800d8
:10905000f03f2f00801f780033e30700e8875700b8
:10906000d0412f00801f78002fe307008f87e90091
:10907000b0452f00801f78002be307008f87e900a1
:10908000c0492f00801f780027e307008f87e90081
:10909000c0cc210001002000809fbe00a0712f00e5
:1090a000801f780020e30700e68757000080fa0061
:1090b000000006000800fa00881f7800000f780002
:1090c0001107980022079800330798001047800086
:1090d0000000e000090032001e009000100478003b
:1090e000d41107009e0078000180b90000007800cc
:1090f000800044001e009000010878003e019000ae
:10910000ae0090001e0090006fff07004f04780033
:109110000080fa00000006000200fa00000f78004c
:109120008001eb00120020009e007800100020005b
:10913000e0ff07000080fa00000006000200fa00cd
:109140000000eb00000f7800605a8000b0428800f9
:10915000030037001e0078000000e800000f7800d0
:109160001e007800e60f500008003c001e0078004a
:1091700080004000e0902f000080400090007800c8
:10918000605a8000808f5000f2ff3a008001eb00af
:10919000720020008e00780010002000c5ff07003c
:1091a0001e00780080004000e0902f00008040000a
:1091b00010007800605a8800615a8000b042800038
:1091c000808f500017003200605a8000e10f50007d
:1091d00005003c00705a80000000e00002003a00e8
:1091e00020002000705a8800605a8000e20f500072
:1091f00002003a000000eb00705a8800605a8000bc
:10920000e70f500002003a000000eb00705a88009f
:10921000605a8000e50f500002003a0090002000e4
:10922000505a88003dfb0700605a8000e30f500051
:1092300002003a00500020000100370040002000ea
:1092400000478800605a800080004000e0902000c5
:109250000080400010007800801f7800a0582f0088
:10926000801f780040b12000b7e20700e487570074
:109270000080fa00000006000000fa008001eb0008
:109280007200200061b520001000200089ff070057
:10929000b05a800038120700b05a800080004000a9
:1092a000400f2f000080400010007800801f7800e1
:1092b00050592f00801f780040b12000a2e2070023
:1092c000e48757000080fa00000006000000fa0062
:1092d0008001eb002200200041b52000100020009a
:1092e00074ff07000dfb0700a05a800080004000bb
:1092f000609b20000080400010007800801f7800f4
:10930000505a2f00801f780040b120008ee20700e5
:10931000e48757000080fa00000006000000fa0011
:109320008001eb00a2002000e1b42000100020002a
:1093300060ff0700705a80000000e0000800320063
:10934000705a8000801f7800f05a2f00801f78002c
:1093500040b120007ce20700e48757000700370097
:10936000d05b2f00801f7800a0742f00801f780032
:1093700040b1200074e20700e48757000080fa0043
:10938000000006000000fa0023032000823e2000b7
:1093900021b52000a000200046ff0700905a800061
:1093a000600c8800905a8000801f7800e05c2f00dd
:1093b000801f780040b1200063e20700e487570077
:1093c0000080fa00000006000000fa008001eb00b7
:1093d00082bb200001b520002003200035ff0700dc
:1093e000805a8000900c8800805a8000801f78008e
:1093f000c05d2f00801f780040b1200052e20700be
:10940000e48757000080fa00000006000000fa0020
:10941000430620004238200081b52000a000200033
:1094200024ff0700c05a8000cf80de007cdc0700ec
:1094300002002000832c240091dd0700809fbe00e5
:10944000905e2f00801f780040b120003ee20700b0
:10945000e68757000080fa00000006000000fa00ce
:109460008001eb0032002000c1b520001000200078
:1094700010ff0700e05a800080004000209020008c
:109480000080400010007800801f7800505a2f00a4
:10949000801f780040b120002be20700e4875700ce
:1094a0000080fa00000006000000fa00a0b52000cd
:1094b00019ff0700d15a800040428000808f500081
:1094c0000e003200d05a800040428800d05a8000fe
:1094d0000000e0000500320060042000f05a88001f
:1094e00080022000005b880004003700e0092000b3
:1094f000f05a880080062000005b8800d05a800067
:1095000080004000a0902000008040001000780003
:10951000801f7800303e2f00801f780040b120006f
:1095200009e20700e48757000080fa000000060007
:109530000000fa00d05a80000000e000060032006f
:109540002303200042062000e1b520001000200087
:10955000d8fe07000500370083072000420d2000d9
:10956000e1b5200010002000d2fe0700d05a800094
:10957000f1792f00614078008000fb00f05a8000f4
:10958000811f7800801f7800703d2f00801f7800b9
:10959000c03c2f00801f780040b12000eae10700a6
:1095a000e88757000080fa00000006000000fa007b
:1095b000d05a80000000e0000b003200f05a80001a
:1095c000740050008001eb000001780001b620001b
:1095d00010002000b7fe0700005b80000080e9005b
:1095e000204288000a003700f05a80008002b10053
:1095f000030220000001780001b6200010002000c6
:10960000acfe0700005b8000640050002042880030
:10961000d05a8000f1792f00614078008000fb0073
:10962000005b8000811f7800801f7800d03d2f00f4
:10963000801f7800c03c2f00801f780040b12000c0
:10964000c1e10700e88757000080fa00000006002b
:109650000000fa0060b62000affe0700305b80001b
:1096600080004000a09220000080400010007800a0
:10967000801f7800303e2f00801f780040b120000e
:10968000b1e10700e48757000080fa0000000600ff
:109690000000fa0080b620009ffe0700405b8000bb
:1096a00080004000e0922000008040001000780020
:1096b000801f7800705f2f00801f780040b120006d
:1096c000a1e10700e48757000080fa0000000600cf
:1096d0000000fa008001eb0022002000a1b620006b
:1096e0001000200073fe0700505b800080004000e7
:1096f000009a20000080400010007800801f780051
:1097000030602f00801f780040b120008ee10700fc
:10971000e48757000080fa00000006000000fa000d
:10972000c0b620007cfe0700605b80008000400027
:10973000a09a20000080400010007800801f780070
:1097400030602f00801f780040b120007ee10700cc
:10975000e48757000080fa00000006000000fa00cd
:109760008001eb004200200021b620001000200004
:1097700050fe0700105b800080004000a096200093
:109780000080400010007800801f7800d0602f001b
:10979000801f780040b120006be10700e48757008c
:1097a0000080fa00000006000000fa0000b9200066
:1097b00059fe0700805c800080004000e09220009d
:1097c0000080400010007800801f7800505a2f0061
:1097d000801f780040b120005be10700e48757005c
:1097e0000080fa00000006000000fa0070408000cf
:1097f000800040004097200000804000100078006a
:10980000801f7800a0742f00801f780040b12000d6
:109810004de10700e487570041b120000008200017
:109820005f0507007040800080004000209f2000fe
:1098300000804000100078000000010041b12000cd
:10984000000c2000560507000080fa00000006000a
:109850000200fa00000f7800704080001e004000f7
:109860007040880070408000f00f5000010034000c
:109870000e28ef00704080000000e00002003d0074
:109880000001200070408800605a8000e30f500003
:109890000600320070408000f00f500003003a00d4
:1098a000704080001e0040007040880070408000c2
:1098b000f00f5000010034000e28ef0070408000cf
:1098c0000000e00002003d00000120007040880020
:1098d000605a8000e20f500009003400a05a800056
:1098e000e10f50000600320070408000e30f50008e
:1098f00003003a00704080001e0040007040880065
:10990000605a8000e20f500003003400605a80006b
:10991000e70f50000b003a0070408000e20f50004b
:109920000a003a00704080001e004000704088002d
:1099300007003700704080001e0040007040880023
:1099400003003700000000000100370000000000a5
:10995000605a8000e70f500006003a007040800017
:10996000e20f5000f3ff320070408000e30f500020
:10997000f0ff320070408000f00f50000100340012
:109980000e28ef00704080000000e00002003d0063
:1099900000012000704088000ff407007040800034
:1099a00026f407000080fa00000006000200fa001a
:1099b000000f78001e007800a5ff0700e228ef00e6
:1099c00089ff07001000200010478800a028200011
:1099d0001b1007009c28ef000080fa000000060022
:1099e0000600fa00000f780011079800220798007f
:1099f0001e0090009e007800808f500004003a0006
:109a0000e1152000f0a42000e70f07000c0037004c
:109a10002e0090009e007800808f500004003a00d5
:109a2000e1152000c0f62000df0f0700040037001a
:109a3000b05b800080007800a07f2100da0f070073
:109a40000080fa00000006000600fa00889fbe00b1
:109a5000f0f32f0000168800c222ef0080e02700fc
:109a600030168800c822ef00e0012400601688004c
:109a7000ce22ef001000200090168800d422ef00c4
:109a8000c0c72f00f0168800e022ef000000280079
:109a900020178800e622ef00cfa2a800e862a80005
:109aa00040442500a0048800b1048000f08f2f00fe
:109ab000808060000050200001007000b004880029
:109ac000c1048000f0f82f008080600000062000b4
:109ad00001007000c00488005d0f07001803070034
:109ae0001a100700bff007005ff30700000f7800af
:109af00000f3070010079800a6f207000000e0003e
:109b00000100320077f20700e7f20700a05a800058
:109b1000e20f500018003a00605a8000e20f500037
:109b200015003400605a8000e70f50001200320028
:109b3000824280001e00900080004000209b200098
:109b400000804000900078001e00780080014000f6
:109b5000209b20000080410010007800821f7800c8
:109b6000811f7800801f7800f0612f00801f78002f
:109b70006de00700e88757001e0078000000e00055
:109b800003003a001e0090000000e0000d003200cb
:109b900018050700d0662f00801f780062e00700dc
:109ba0008f87e900316b2f00206a2f0086040700a1
:109bb0008ff10700fff20700f0f10700c05d200001
:109bc0009f0f0700d05b80007000b300d05b88005f
:109bd00070168000620060000000e00003003a00a0
:109be000710020001000200003fa0700805a800056
:109bf000900c8800905a8000600c8800505b8000b8
:109c00000103070070168000680060000000e0009b
:109c10000a003a0080382100e046880011762f00c3
:109c200000752f0068040700000000007016800017
:109c3000680060000000e000fcff320090b72000e8
:109c4000104078000004e0000e00320080902f00e9
:109c5000801f7800406c2f00801f7800604d2f001f
:109c6000801f780040b1200037e00700e6875700ea
:109c7000f16c2f0040b1200053040700007d20004c
:109c8000000f7800004b2000d04388001e003700f2
:109c9000d04380000000e0001b003a00e1152000e6
:109ca000e0252100400f070080902f00801f7800e2
:109cb000e06e2f00801f780040b1200022e00700f6
:109cc000e487570041b12000006e2f003e040700da
:109cd0001cf3070091702f00806f2f003a040700db
:109ce000007d2000560f0700100020005042880021
:109cf00090002000505a8800504280000b0d070051
:109d00000000eb00000f7800a016800061006000ea
:109d10000000e000deff3a00505a8000e90f5000da
:109d20000200340090002000505a88005042800009
:109d30000000e00003003a0041062000f0a42000eb
:109d4000190f07004a28ef00e842a800e862a900be
:109d5000caa2a9001e007800390f0700caa2a800f5
:109d6000e842a900e862a900b05a8000820f07000b
:109d7000a05a8000e20f500007003a00605a8000ad
:109d8000e20f500004003400605a8000e70f5000da
:109d900001003200a7fc070011168000000022001d
:109da000008060000000e00001003a0015fa0700a2
:109db000d05a800040428800d15b80000002200021
:109dc000008060000000e00002003200005c8000c3
:109dd000010037000000eb0030418800205b80006c
:109de0000000e00002003a00505a800001003700f5
:109df0009000200010428800005b8000e4005000ca
:109e0000d05a8000000040000080400020428800be
:109e1000605a8000e30f500002003a00500020001a
:109e2000004788000c040700a000200048f007004d
:109e3000cf80de00fad907000004be00905b8000ee
:109e4000cf80de00f6d907000001be000800be008a
:109e5000eadb07008040880091408800e000200095
:109e60003bf00700cf80de00edd9070000418800fd
:109e700011418800105c8000cf80de0082cf250079
:109e80000289b900020178007d02b90084017800de
:109e90000301410083cf25000300b8000101410008
:109ea00082007800a25b8000cf91de00f6d9070027
:109eb0004041880051418800e15b8000f05b8000f8
:109ec00000805000cf80de00d5d90700a040880078
:109ed000b140880011f80700a0282000f046880053
:109ee0007e28ef003428ef003628ef00a0418000e4
:109ef000b14180008041880091418800105b800062
:109f0000604088000100370000000000501680000b
:109f10006200600000f0a7000000ea000000e90015
:109f20004f00de00004078000080fb006100600010
:109f300000004000511680000110a10001007000d7
:109f4000501688009e28ef00401680004300de0077
:109f5000614060000080fb000042880000428000f9
:109f60000000e00001003a00a228ef00605a8000e3
:109f7000e30f50000c003a00805c80000000e0001d
:109f800009003a00004280000000e00002003a00b0
:109f90005228ef0004003700a04280000000e000db
:109fa00001003a00c8f9070000428000a042880082
:109fb000605a800080004000209e20000080400009
:109fc000100078000000010028fb0700c0f807001f
:109fd000a0282000d0438800111680000000220035
:109fe000008060000000e0003b003a00f04180008b
:109ff0000000e00038003a00d04380000000e0009c
:10a0000017003a00504080000000e00012003a00c3
:10a01000e1152000c0f62000630e070010002000ac
:10a0200050408800d1772f0020772f00660307006b
:10a0300069f20700000000001116800000002200f5
:10a04000008060000000e000fbff3200800c200078
:10a050007b0e0700020037001000200053fe0700af
:10a060001116800000002200008060000000e00067
:10a07000e1ff3200800c2000710e0700d043800009
:10a080000000e00013003200504080000000e000bb
:10a090000e003a00604080000000e8006040880048
:10a0a00061408000004780000000e8000001780067
:10a0b000110009008200d8008000fd006040880087
:10a0c000604080005df207000200370010002000b1
:10a0d000dffd0700d70d0700504080000000e000c2
:10a0e0002e013a00f04180000000e0008a003a00b2
:10a0f00070168000700060000000e00012003a005e
:10a10000e04180000000a200e0418800b15b8000d7
:10a11000e04180000000e00002003200a07f21004a
:10a1200001003700c0f620001f0e070000000000ed
:10a1300070168000700060000000e000fcff32003c
:10a14000800c20003e0e0700111680000000210048
:10a15000008060000000e00025003a00605a8000a6
:10a16000e50f500022003200205b80000000a200ba
:10a17000205b88001000200040478800100020006d
:10a1800030428800205b80000000e00006003200c2
:10a190004df90700505a800010428800a0002000ae
:10a1a000505a88000200370010428000505a880040
:10a1b000b15b8000205b80000000e0000200320004
:10a1c000c0f6200001003700a07f2100f60d070037
:10a1d00000000000111680000000210000806000d7
:10a1e0000000e000fbff3200800c2000140e07008e
:10a1f00070168000620060000000e0000400320081
:10a2000070168000680060000000e00042003a0024
:10a21000004280000000e0003f003a0010002000f3
:10a2200030428800205b80000000e000090032001e
:10a230000000eb00205b880010428000505a88002c
:10a24000b05b800080007800a07f2100d60d070061
:10a250002f003700515a80007016800062006000a5
:10a260000000e00002003a0010002000010037006a
:10a270000080eb0000804000505a8800120020004f
:10a2800091002000a0b420000ffb0700505a80006e
:10a290001200200091002000d1fd0700305b8000fb
:10a2a0000000e00006003200505a800080004000ac
:10a2b000a0932000008040001000780005003700c7
:10a2c000505a80008000400000952000008040002f
:10a2d0001000780080007800a00c2000b002070079
:10a2e000a0282000d60d07007016800062006000d4
:10a2f0000000e000d7ff32007016800068006000a8
:10a300000000e000d3ff3200505a80001042880065
:10a31000100020004047880000c8b300ff0007007d
:10a3200060408000e40f500002003c008ff70700ff
:10a330005f0207006040800080004000609d2000b8
:10a34000008040001000780000000100505a80009a
:10a350008000400040b320000080400010007800e2
:10a360008000400020922000008040001000780013
:10a3700080007800000c200089020700f041800076
:10a380000000e0000300320040f7070010408800a2
:10a3900017003700e04180000000e00012003200aa
:10a3a000004280000000e0000c003200505a8000a3
:10a3b000ea0f500006003200505a80000000e00012
:10a3c0000300320080732f0010408800080037001f
:10a3d000e0732f00104088000500370040742f0004
:10a3e000104088000200370020732f0010408800c2
:10a3f000104080005d020700205b8000800040006c
:10a40000e091200000804000100078005702070013
:10a41000305b80000000e00006003200505a8000ef
:10a4200080004000a09320000080400010007800d1
:10a4300005003700505a8000800040000095200041
:10a44000008040001000780048020700f90c070067
:10a45000200798002e0090000000e0002800320045
:10a460001000200030428800505a8000515a80006d
:10a470000181400041b320008100410011017800ba
:10a48000ae0090000100e00007003c00ae0090002c
:10a490000100e00002003d008080eb000100370079
:10a4a0008000eb0001003700110020008100410016
:10a4b0000001400040b32000000041000108780086
:10a4c000505a8000000040008000780040b3200017
:10a4d000008040000001eb00310020007afa070004
:10a4e000505a80008000400040b3200000804000af
:10a4f000100078000001eb003100200038fd07005b
:10a500003af90700004280000000e0001f0032001e
:10a51000e04180000000e0001c003200f0418000bb
:10a520000000e00019003a00505a8000ea0f500085
:10a5300016003200505a80000000e0001300320084
:10a54000304580000000e00010003a001045800017
:10a550000000e0000d003a00605a8000e30f500058
:10a5600006003a00805c80000000e00003003a0032
:10a57000904280000000e00004003200ca82a8007f
:10a5800040c5b300eae8b70020003700ca82a9003e
:10a5900020c5b300eae8b7001c0037003c28ef00f4
:10a5a000ca82a90020c5b300eae8b7008efc070004
:10a5b00070168000700060000000e00013003a0098
:10a5c000b05b800080007800a07f2100f60c0700bf
:10a5d000210020000000eb0087f707000a28ef00a9
:10a5e000a0282000f0468800920c07001a020700fd
:10a5f000605a8000e30f5000040032006040800089
:10a60000e50f500001003a000c28ef0044fa070063
:10a610000040800000000100a01680006100600082
:10a620000000e00038fe320050408000e10f500092
:10a6300007003a000080eb00dcfc0700a016800059
:10a64000610060000000e000faff3a002ffe3700d2
:10a65000bff707002dfe37000200fa00004f780018
:10a660000900fc00b1168000f00f2000808060001f
:10a670001e80fb004800dd0001007000b01688005d
:10a6800010002000dd0c0700d6a2a800100020005a
:10a69000da0c0700d6a2a90010002000d70c070092
:10a6a0000080fa00000006000200fa000400fc002e
:10a6b0009116800000f02f000100700090168800b5
:10a6c000d6c2a800d6e2a90010002000cb0c0700db
:10a6d000d6a2a80010002000c80c0700a116800018
:10a6e00000002800008f6000d6a2a9001e0078009c
:10a6f0000000e000f4ff3a00d6c2a900d6e2a800ac
:10a700000400fc0091168000f00f20000080600023
:10a71000901688000080fa00000006000200fa008f
:10a72000004f7800e0ff0700d6e2a9001e40780045
:10a73000c9ff0700d6e2a8000080fa00000006006a
:10a740000200fa000000eb00000f7800d6e2a9003a
:10a75000d6c2a900f0002000b90c0700e0c82f0005
:10a760001e00400010407800bbff07005000200092
:10a77000b30c07001e0fe8001e007800e50f500024
:10a78000f6ff3400d6e2a800007d2000900c88007f
:10a79000c0122000600c88000080fa000000060053
:10a7a0000200fa00004f7800bfff07001e4078004b
:10a7b000a9ff07000080fa00000006000400fa006c
:10a7c000004f780011079800020037001e40780003
:10a7d000f3ff07001e00900000f0a7000000ea0051
:10a7e0000000ea004f00de00004078009e0090006c
:10a7f0008100e900110798000004e000f3ff3a002f
:10a800000080fa00000006000200fa00000f780045
:10a8100000c4b300c1ff07001e007800e20f500023
:10a8200058003a00210020000040eb00e3ff070041
:10a830001100200000c1b300e0ff0700210020004c
:10a8400050c1b300ddff07001100200000c1b300bc
:10a85000daff0700210020000040eb00d7ff0700cf
:10a86000210020000040eb00d4ff07001100200071
:10a8700080c1b300d1ff070021002000d0c1b30088
:10a88000ceff07001100200080c1b300cbff0700fe
:10a89000210020000040eb00c8ff0700210020003d
:10a8a0000040eb00c5ff070011002000c0c1b3004d
:10a8b000c2ff070021002000d0c1b300bfff070086
:10a8c00011002000c0c1b300bcff07002100200020
:10a8d0000040eb00b9ff0700210020000040eb0022
:10a8e000b6ff070011002000e0c1b300b3ff07006e
:10a8f00021002000f0c1b300b0ff070011002000cc
:10a90000e0c1b300adff0700210020000040eb00d4
:10a91000aaff0700210020000040eb00a7ff07006e
:10a9200041002000f0c1b300a4ff07002100200077
:10a930000040eb00a1ff0700210020000040eb00d9
:10a940009eff070041002000f0c1b3009bff0700fd
:10a95000210020000040eb0098ff070021002000ac
:10a960000040eb0095ff07004100200000c1b3004c
:10a9700092ff0700210020000040eb008fff07003e
:10a98000b80037001e007800e10f500076003a0052
:10a99000110020000040eb0088ff0700210020008c
:10a9a00000c1b30085ff07002100200050c1b300a3
:10a9b00082ff07002100200000c1b3007fff0700d5
:10a9c000110020000040eb007cff07001100200078
:10a9d0000040eb0079ff07001100200000c1b30028
:10a9e00076ff07001100200080c1b30073ff07004d
:10a9f00021002000d0c1b30070ff0700110020002b
:10aa000080c1b3006dff07001100200000c1b3003a
:10aa10006aff0700110020000040eb0067ff0700fd
:10aa2000110020000040eb0064ff0700110020002f
:10aa300000c1b30061ff070011002000c0c1b300d6
:10aa40005eff070021002000d0c1b3005bff0700bc
:10aa500011002000c0c1b30058ff07001100200002
:10aa600000c1b30055ff0700110020000040eb00bb
:10aa700052ff0700110020000040eb004fff0700cd
:10aa80001100200000c1b3004cff0700110020009e
:10aa9000e0c1b30049ff070021002000f0c1b3006e
:10aaa00046ff070011002000e0c1b30043ff07008c
:10aab0001100200000c1b30040ff0700110020007a
:10aac0000040eb003dff0700110020000040eb00bc
:10aad0003aff07001100200000c1b30037ff070054
:10aae00041002000f0c1b30034ff07001100200036
:10aaf00000c1b30031ff0700110020000040eb004f
:10ab00002eff0700110020000040eb002bff070084
:10ab10001100200000c1b30028ff07004100200001
:10ab2000f0c1b30025ff07001100200000c1b300f1
:10ab300022ff0700110020000040eb001fff07006c
:10ab4000110020000040eb001cff07006100200006
:10ab500000c1b30019ff0700110020000040eb0006
:10ab600016ff07003f003700210020000040eb00e7
:10ab700012ff07003100200000c1b3000fff0700e3
:10ab8000310020000040eb000cff07001100200006
:10ab90000040eb0009ff07005100200000c1b30096
:10aba00006ff0700210020000040eb0003ff070024
:10abb000110020000040eb0000ff070051002000c2
:10abc00000c1b300fdfe0700210020000040eb00a3
:10abd000fafe0700110020000040eb00f7fe07001e
:10abe0005100200040c1b300f4fe07002100200006
:10abf0000040eb00f1fe0700110020000040eb00d8
:10ac0000eefe07005100200040c1b300ebfe07003c
:10ac1000210020000040eb00e8fe070011002000aa
:10ac20000040eb00e5fe07005100200050c1b300da
:10ac3000e2fe0700210020000040eb00dffe0700dd
:10ac4000210020000040eb00dcfe07003100200066
:10ac500000c1b300d9fe0700310020000040eb0026
:10ac6000d6fe0700110020000040eb00d3fe0700d5
:10ac700011002000c0c1b300d0fe07001100200069
:10ac800040c1b300cdfe070011002000c0c1b300d9
:10ac9000cafe0700410020000040eb00c7fe07008d
:10aca00010c0b3009dfe07000080fa0000000600ff
:10acb0000800fa00300798000000eb001007980029
:10acc000be00900000032000808f5000020034007e
:10acd00000032000300798003e019000b0aa220037
:10ace0000090b9004f91de000280500020079800cc
:10acf0003e009000b1aa22000181b900cf80de00a1
:10ad0000818051006609b90082007800010050007e
:10ad1000000f78009e0090002e009000808f500061
:10ad200003003d0050c0b3009dfe07000500370042
:10ad30001e0078000040780099fe07000000eb003c
:10ad4000000f78001e0090000000e8001007980037
:10ad50001e009000e70f5000eeff340060c0b3000b
:10ad60008ffe07000080fa00000006000000fa00d5
:10ad7000881f78000004780003003700184078002e
:10ad80000804e80086fe0700184078000004e00090
:10ad9000faff3a004f0478000080fa000000060035
:10ada0000400fa00000f7800110798001e007800d8
:10adb0000040780059fe07001e009000ebff0700de
:10adc0000080fa00000006000400fa00000f78007e
:10add000110798009e00780010002000f0ff070087
:10ade0009e009000000c2000edff07000080fa009c
:10adf000000006000600fa00008fbe00220798003f
:10ae00002e009000c200dd00c0cc2f00008040006a
:10ae10001000be000001be001e00be0018d70700d3
:10ae20002e01900082014100e2cb2000028141000e
:10ae300012017800809fbe00821f780040b1200080
:10ae4000c1db0700e687570040b12000c7ff0700bd
:10ae50000080fa00000006000000fa000001200057
:10ae6000a0478800a04780000000e900a0478800b4
:10ae7000a0478000e1c820000041eb00827078000c
:10ae8000a04780000000e000f6ff3a000080fa00d2
:10ae9000000006000200fa002000200059ef070021
:10aea000500b07000004e000410032005f0b070078
:10aeb000004f78001e407800ea4f50003b003200ff
:10aec000a0478000e10f500009003200e20f50005f
:10aed0000d0032000000e00011003a00d0c3b300c2
:10aee0009e40780080cf50002400320030003700b0
:10aef00020c4b3009e40780080cf50002100320073
:10af0000f428ef002a0037001e00fb000003b10008
:10af1000e90f50001d003600f428ef002400370030
:10af20001e407800ed4f500012003a00a04780000c
:10af30001e417800e1c8200082707800e0c820003f
:10af40000080e8000adb0700505a8800505a800051
:10af50000000e00003003400505a8000e90f500068
:10af600002003400a0002000505a88001000200089
:10af700090478800b8ff07000d0037000000000070
:10af8000030037000000000001003700000000004f
:10af9000a04780001e417800e1c820008270780040
:10afa0000000e800a0478800010037000000000012
:10afb0000080fa00000006000a00fa00008fbe00c0
:10afc0002207980034079800450798002e0090004b
:10afd000cf80de0092d507001e01be0087d7070094
:10afe0003e019000ce019000a5d607000080fa0037
:10aff000000006000400fa00006b2e00801f78009d
:10b00000006b2e00801f7800c0882e00801f780003
:10b0100010892e00801f780060892e00801f780024
:10b020008fda0700ea8757000000eb00000f780076
:10b03000190037008e80e8001e01780000002f0004
:10b04000000041001300200001017800800078001a
:10b05000f0072000d0eb07001e0078006f006000b2
:10b060000000e00005003a009e1f7800208c2e00b2
:10b07000801f78007ada0700e48757001e009000ee
:10b08000801f7800b08c2e00801f780074da0700d3
:10b09000e48757001e8fe800f01020009e00780023
:10b0a000808f5000e3ff3400006b2e00801f78007b
:10b0b000006b2e00801f7800108d2e00801f7800fe
:10b0c00067da0700e68757000080fa0000000600f4
:10b0d0000600fa00008fbe00220798001e01be0085
:10b0e0001e00be0045d70700008fbe00a05b800099
:10b0f00004c22b00e5cb2400000178001e00be0036
:10b10000adff07002e019000821f7800809fbe00d7
:10b1100020662e00801f780003db0700e8875700b9
:10b120000080fa00000006000400fa00008fbe0054
:10b13000805b800004002500358424000001780035
:10b140001e00be009cff0700028e2e00821f7800aa
:10b15000809fbe0090652e00801f7800f2da070005
:10b16000e88757000080fa00000006000400fa009b
:10b17000008fbe00905b80000440220045972400b1
:10b18000000178001e00be008bff0700528e2e00cb
:10b19000821f7800809fbe0090652e00801f78007f
:10b1a000e1da0700e88757000080fa000000060097
:10b1b0000600fa001007980021079800605a8000e6
:10b1c000e60f500006003a001e009000ae0090000e
:10b1d000f2d4070000007800e5f50700050037000d
:10b1e0001e009000ae009000ecd407000000780034
:10b1f000c4f50700000f78001e00780080004000b2
:10b20000a0c220000080400010007800801f78005d
:10b210009e1f7800b08e2e00801f780010da070085
:10b22000e68757000080fa00000006000400fa00dc
:10b23000008fbe00428f2e001e00be00a4ff07003c
:10b240000080fa00000006000400fa00008fbe0033
:10b25000405c8000cf80de00f1d407000001be001a
:10b260001e00be0021d50700008fbe00c28f2e0039
:10b270001e00be0096ff07000080fa0000000600d6
:10b280000400fa00008fbe00d05a80000000e000e9
:10b290000a003200d2a32000331824001e00be0092
:10b2a000f7d50700809fbe0030672e00801f780012
:10b2b0009dda0700e68757000c003700a2992900a5
:10b2c000131124001e00be00edd50700020020006f
:10b2d0000320240005d50700809fbe0030672e00a4
:10b2e000801f780090da0700e6875700d05a800068
:10b2f00080004000a09020000080400010007800f6
:10b30000801f780040902e00801f780086da0700aa
:10b31000e48757000080fa00000006000000fa00f1
:10b3200070902e00801f7800cdd907008f87e9002c
:10b330003e28ef000080fa00000006000000fa003e
:10b34000c0912e00801f7800c5d907008f87e900c3
:10b35000f04180000010a000f04188000080fa0059
:10b36000000006000000fa00f0922e00801f780016
:10b37000bbd907008f87e900f04180000000a000e2
:10b38000f04188000080fa00000006000000fa008a
:10b39000e0932e00801f7800b1d907008f87e90065
:10b3a000f04180000020a000f04188000080fa00f9
:10b3b000000006000000fa00d05b8000680060001a
:10b3c0000000e0000a003200d0612e00801f7800eb
:10b3d00050952e00801f7800a1d90700e487570000
:10b3e000f04180000030a000f041880008003700e4
:10b3f00030642e00801f7800d0612e00801f7800fe
:10b40000e0952e00801f780095d90700e687570049
:10b410000080fa00000006000000fa00d15b800006
:10b4200000022000008060000000e0000c003200fc
:10b4300060632e00801f7800a0622e00801f7800bd
:10b4400070962e00801f780085d90700e687570088
:10b45000f04180000040a000f04188000a00370061
:10b4600030642e00801f780060632e00801f7800fb
:10b47000a0622e00801f780020972e00801f780089
:10b4800077d90700e88757000080fa00000006001f
:10b490000000fa00d15b8000000220000080600004
:10b4a0000000e0000a003200a0622e00801f780039
:10b4b000d0972e00801f780069d90700e4875700d5
:10b4c000f04180000050a000f041880008003700e3
:10b4d00030642e00801f7800a0622e00801f78004c
:10b4e000c0982e00801f78005dd90700e6875700be
:10b4f0000080fa00000006000000fa0050992e00bb
:10b50000801f780056d907008f87e900f0032000dc
:10b51000f04188000080fa00000006001200fa00e6
:10b52000881f7800af0907000004e00060043200c3
:10b53000be0907000080fb0010da07006047980092
:10b540006e4090000080fb006101b90010fc2f00ec
:10b55000f1ff2f000200400083804800b20120006c
:10b5600003002000820f5000838f580045043e00e6
:10b57000006001001b003700420437006d003700f7
:10b58000aa003700ba003700100137002001370049
:10b59000c0023700c102370012003700eb0237004b
:10b5a000130337005d033700a9033700e9033700b1
:10b5b00034043700330437003204370031043700d5
:10b5c000300437002f0437002e0437002d043700d5
:10b5d0002c0437002b0437002a04370029043700d5
:10b5e0001704370093f60700006b2e00801f7800c9
:10b5f000006b2e00801f7800909a2e00801f78002c
:10b60000c9d90700e6875700709c2e00801f78007c
:10b61000c5d907008f87e900209e2e00801f780083
:10b62000c1d907008f87e90030752e00801f780090
:10b63000909f2e00801f7800bbd90700e487570039
:10b64000b05b2e00801f780000a02e00801f7800c5
:10b65000b5d90700e487570090a02e00801f78001e
:10b66000b1d907008f87e90030a32e00801f780032
:10b67000add907008f87e90050a52e00801f780004
:10b68000a9d907008f87e90000a72e00801f780046
:10b69000a5d907008f87e90010712e00801f780060
:10b6a00090a92e00801f78009fd90700e4875700db
:10b6b000006f2e00801f780000aa2e00801f7800e7
:10b6c00099d90700e487570070aa2e00801f7800e0
:10b6d00095d907008f87e900a05d2e00801f7800b4
:10b6e000f0ab2e00801f78008fd90700e487570049
:10b6f000d05f2e00801f780060ac2e00801f780085
:10b7000089d90700e4875700006b2e00801f78005e
:10b71000006b2e00801f7800b0722e00801f780012
:10b72000d0ac2e00801f78007fd90700e887570033
:10b73000df033700006b2e00801f7800006b2e00a7
:10b74000801f7800b0ad2e00801f780030ae2e0034
:10b75000801f780090ae2e00801f7800f0ae2e0083
:10b76000801f780070af2e00801f78006ed9070010
:10b77000ee87570090002000200798002e009000d0
:10b78000f3e90700000f98000e089000cf80de005c
:10b79000a3d3070004002000055824005200200015
:10b7a00005fe07000e099000809fbe00821f7800f2
:10b7b000ae009000811f780030b12e00801f78000d
:10b7c00059d90700ea8757002e0090006900500001
:10b7d0008000400000c42000008040001004780079
:10b7e0000e089000cf80de008dd307000800010016
:10b7f0002e0090000000e800200798002e00900026
:10b80000ee0f5000ddff3400006b2e00801f78002b
:10b81000006b2e00801f780070b22e00801f780011
:10b8200041d90700e6875700a103370030752e0085
:10b83000801f780000b32e00801f78003ad90700df
:10b84000e4875700f90807006740600060479800e8
:10b850006e4090000080fb0080004000c0c42000cb
:10b8600000804000100078000000010090033700c5
:10b8700030b52e00801f78002bd907008f87e90094
:10b88000b06d2e00801f7800b05b2e00801f780006
:10b8900060b52e00801f780023d90700e687570087
:10b8a000e20807000081fb00b0aa2a000010b800df
:10b8b0000100d1006300b9000000780000005100d1
:10b8c000604798006e4090000080fb0080004000c0
:10b8d000009a200000804000900078006e409000a8
:10b8e0000080fb00811f7800801f780000b72e00c9
:10b8f000801f78000cd90700e68757006e40900043
:10b900000080fb00c0fb07000040eb006047980090
:10b910000000eb002007980040ccb3007ffb07003d
:10b92000b0c5b3009efb07006e4090009cfb070073
:10b930006e4090000080fb00801f7800a0b72e00b2
:10b94000801f780040b1200072d80700e4875700bc
:10b9500040b1200005fd070040c8b3006ffb0700a1
:10b960002e009000d2fc0700a00020003408070041
:10b970002e0090000000e80020079800ae00900024
:10b9800000032000808f5000f3ff34006e409000d1
:10b990000040e80060479800401f2000280807008a
:10b9a000900807000004e000d9ff32009f0807005c
:10b9b000505b800094fb070010742e00801f7800fd
:10b9c000d9d807008f87e9003903370030b82e0037
:10b9d000801f7800d4d807008f87e9000000eb00b3
:10b9e000000f980012002000010f2f00f007200028
:10b9f00076e907007000470013002000020f2f00b7
:10ba0000f107200092e907007afd070028033700bc
:10ba1000006b2e00801f780030ba2e00801f780047
:10ba200090ba2e00801f7800b0ba2e00801f7800d8
:10ba300070bc2e00801f7800bbd80700ea87570033
:10ba4000905b8000801f7800d0be2e00801f7800a1
:10ba5000b5d80700e4875700805b8000801f78001e
:10ba6000d0c02e00801f7800afd80700e4875700b1
:10ba7000a05b8000801f7800d0c22e00801f78005d
:10ba8000a9d80700e4875700405c8000801f780039
:10ba9000d0c42e00801f7800a3d80700e487570089
:10baa000d0c62e00801f78009fd807008f87e9003e
:10bab000b05b80000000e00007003200b05b800057
:10bac000801f780070c82e00801f780096d807006d
:10bad000e48757000400370000c92e00801f78005b
:10bae00091d807008f87e90060c92e00801f780079
:10baf0008dd807008f87e90080b7200010407800bc
:10bb0000e14f500005003a0000cb2e00801f780066
:10bb100085d807008f87e9000800370080b720002c
:10bb2000104078000080fb00801f7800a0cb2e0022
:10bb3000801f78007cd80700e4875700f0cb2e00e8
:10bb4000801f780078d807008f87e900d05b8000dd
:10bb5000680060000000e00010003200985b800088
:10bb6000e05b8000cf80de00add207000440220001
:10bb700045972400080178000ffd0700e25b800074
:10bb8000809fbe00821f780040682e00801f7800d2
:10bb900065d80700e8875700060037007049800025
:10bba000801f780090cd2e00801f78005ed807009f
:10bbb000e4875700e0cd2e00801f78005ad8070098
:10bbc0008f87e900d15b80000002200000806000c8
:10bbd0000000e00010003200985b8000f05b800005
:10bbe000cf80de008ed2070004402200459724005b
:10bbf00008017800f0fc0700f25b8000809fbe0027
:10bc0000821f780040682e00801f780046d8070009
:10bc1000e88757000600370070498000801f7800d1
:10bc200090cd2e00801f78003fd80700e487570092
:10bc300080cf2e00801f78003bd807008f87e90057
:10bc4000d15b800000022000008060000000e00066
:10bc500010003200985b8000005c8000cf80de0026
:10bc60006fd20700044022004597240008017800a5
:10bc7000d1fc0700025c8000809fbe00821f78001c
:10bc800040682e00801f780027d80700e8875700fb
:10bc90000600370070498000801f780090cd2e008c
:10bca000801f780020d80700e4875700105c8000d0
:10bcb000801f780020d12e00801f78001ad807003e
:10bcc000e4875700205c8000315c8000809fbe00cc
:10bcd00020d32e00801f780013d80700e687570076
:10bce00090b72000104078000080fb0080004000ea
:10bcf000e09220000080400010007800801f780053
:10bd000030d52e00801f780007d80700e487570041
:10bd1000006b2e00801f780010d72e00801f780047
:10bd2000d0d82e00801f7800ffd70700e687570085
:10bd3000605a800080004000e090200000804000b9
:10bd400010007800801f780080d92e00801f7800b6
:10bd5000f5d70700e487570060db2e00801f7800ce
:10bd6000f1d707008f87e900705a80000000e000db
:10bd700007003200705a8000801f780000dd2e001e
:10bd8000801f7800e8d70700e487570004003700d9
:10bd9000c0dd2e00801f7800e3d707008f87e90001
:10bda00000de2e00801f7800dfd707008f87e900b4
:10bdb000b05a800080004000400f2f0000804000fb
:10bdc00010007800801f780070e02e00801f78003f
:10bdd000d5d70700e4875700905a8000801f78006d
:10bde000d0e22e00801f7800cfd70700e4875700ed
:10bdf000805a8000801f7800d0e42e00801f7800d9
:10be0000c9d70700e4875700c05a8000cf80de0002
:10be100003d2070002002000832c240018d307005f
:10be2000809fbe00d0e62e00801f7800bed707009e
:10be3000e6875700e05a80008000400020c22000c2
:10be40000080400010007800801f7800d0e82e00ad
:10be5000801f7800b4d70700e4875700d05a8000cd
:10be600080004000a090200000804000100078007a
:10be7000801f7800b0ea2e00801f7800aad7070044
:10be8000e4875700d05a8000f1792f006140780094
:10be90008000fb00f05a8000811f7800801f78002e
:10bea00090ec2e00801f7800a0672e00801f780085
:10beb0009dd70700e8875700d05a8000f1792f00fe
:10bec000614078008000fb00005b8000811f7800eb
:10bed000801f780030ee2e00801f7800a0672e00b3
:10bee000801f780090d70700e8875700305b8000fc
:10bef00080004000a09220000080400010007800e8
:10bf0000801f7800d0ef2e00801f780086d70700b2
:10bf1000e4875700405b800080004000e0922000f2
:10bf20000080400010007800801f7800b0f12e00e3
:10bf3000801f78007cd70700e4875700805c800072
:10bf400080004000e0922000008040001000780057
:10bf5000801f780090f32e00801f780072d70700b2
:10bf6000e4875700505b800080004000009a20006a
:10bf70000080400010007800801f780070f52e00cf
:10bf8000801f780068d70700e4875700605b800057
:10bf900080004000a09a200000804000100078003f
:10bfa000801f780050f72e00801f78005ed70700b2
:10bfb000e4875700105b800080004000a0962000be
:10bfc0000080400010007800801f780030f92e00bb
:10bfd000801f780054d70700e4875700e0418000b5
:10bfe0008000400020932000008040001000780076
:10bff000801f780010fb2e00801f78004ad70700b2
:10c00000e4875700205b80008000400060932000a0
:10c010000080400010007800801f7800f0fc2e00a7
:10c02000801f780040d70700e4875700305b80000e
:10c030000000e00006003200104280008000400056
:10c04000a093200000804000100078000500370019
:10c0500010428000800040000095200000804000d9
:10c0600010007800801f780030692e00801f780053
:10c070002dd70700e4875700006b2e00801f780043
:10c0800040902e00801f780027d70700e4875700d4
:10c0900087013700d7fb0700850137006042800029
:10c0a0000000a20060428800604280000000e000c2
:10c0b000150032006042800080004000e0922000c5
:10c0c0000080400010007800801f780070762e00fd
:10c0d000801f780014d70700e4875700c0772e0030
:10c0e000801f780010d707008f87e900006b2e00b3
:10c0f000801f7800d0fe2e00801f78000ad707002e
:10c10000e48757006a013700006b2e00801f78001b
:10c1100050ff2e00801f780003d70700e4875700e8
:10c120006042800080004000e092200000804000db
:10c1300010007800801f780070762e00801f780035
:10c14000f9d60700e48757005901370010712e0017
:10c15000801f7800b0ff2e00801f7800f2d6070005
:10c16000e487570010002000200798002e00900060
:10c170008000400040b320000080400010007800a4
:10c180006300500000004000000178002e00900085
:10c190008000400040b32000008040001000780084
:10c1a0008000e8002e0090008001400000952000f3
:10c1b0000080410010007800821f7800811f780005
:10c1c000801f780000002f00801f7800d6d607005f
:10c1d000e88757002e0090000000e8002007980034
:10c1e0002e009000e90f5000e0ff340030013700ce
:10c1f000b06d2e00801f7800006f2e00801f780029
:10c2000090012f00801f7800c7d60700e6875700ef
:10c2100086060700d05a8000f1792f00614078002f
:10c22000604798006000b800008fbe000000eb007f
:10c2300020079800e000200045e70700cf80de00df
:10c24000f7d007000001be001e00be0027d1070086
:10c25000008fbe002e0090000000e800200798002c
:10c260002e009000e90f5000f2ff3400d05a8000f9
:10c270000000e00006003200c2cc2c003332240063
:10c280001e00be00fed10700008fbe000a0037006e
:10c2900002002000632b24001e00be00f8d107001e
:10c2a000008fbe0002002000032024001e00be00fc
:10c2b0000ed10700008fbe006e4090000080fb0092
:10c2c000ee4090000181fb00801f78001e00be0040
:10c2d000809fbe00821f78001e00be00809fbe00af
:10c2e00080592e00801f78008fd60700ee875700f8
:10c2f00020032000d20507003a0607000004e000f2
:10c30000c8ff32004906070010742e00801f780015
:10c3100085d607008f87e900e500370080032f00ee
:10c32000801f780080d607008f87e9005506070038
:10c3300040079800510798004e019000de019000e0
:10c340003006200001002000800f5100818f59002d
:10c35000070034004e019000de01900000fa20003a
:10c3600001002000800f5100818f5900050034002a
:10c37000607b2e00801f78006bd607008f87e90056
:10c38000cb0037004e009000de009000000040001f
:10c39000818048000001be00000028000107200045
:10c3a000b9d0070060079800710798004e00900010
:10c3b000de009000809fbe0070062f00801f780076
:10c3c00059d60700e6875700b0072f00801f780076
:10c3d00055d607008f87e9002a0607004007980016
:10c3e000510798004e019000de019000900020005f
:10c3f00001002000800f5100818f59000700340098
:10c400004e019000de01900000d0270001002000c6
:10c41000800f5100818f590005003400607b2e0091
:10c42000801f780040d607008f87e900a000370002
:10c43000ce0090006e0090005b05070030b52e0026
:10c44000801f780038d607008f87e90098003700f2
:10c45000a05d2e00801f7800b0ff2e00801f7800a6
:10c4600031d60700e487570010c0b300abf80700cf
:10c470000000eb0020079800ec05070060479800db
:10c480002e009000f00f500002003a0000ccb300e4
:10c49000a2f807006e409000ed4f500004003200fb
:10c4a000ae00900000022000808f500004003a008f
:10c4b00010c0b30099f807000000eb0020079800b7
:10c4c0006e4090000080fb0001fe2f008080400045
:10c4d000e0052000808f50000d003e006e4090006f
:10c4e0000080fb00801f7800c0092f00801f7800ab
:10c4f0000dd60700e48757006e409000a8f80700ab
:10c500002e0090000000e800200798000900370086
:10c510006e4090000080fb00917c2e00811f78000f
:10c52000801f7800c00a2f00801f7800fed507000a
:10c53000e68757006e409000fb4f5000ceff3a0058
:10c5400010742e00801f7800f7d507008f87e90050
:10c5500057003700d05f2e00801f7800b0ff2e00fc
:10c56000801f7800f0d50700e487570010c0b300a3
:10c570006af807000000eb0020079800000607009b
:10c58000604798002e009000f00f500002003a0023
:10c5900000ccb30061f80700ae009000000220005c
:10c5a000808f500004003a0010c0b3005bf8070011
:10c5b0000000eb00200798006e40900078f807001c
:10c5c0006e4090000080fb0001fe2f008080400044
:10c5d000e0052000808f50000b003e002e009000f0
:10c5e0000000e800200798006e4090000080fb00eb
:10c5f000801f7800100c2f00801f7800cad507001c
:10c60000e487570006003700907c2e00801f7800da
:10c61000900c2f00801f7800c3d50700e4875700d7
:10c620006e409000fb4f5000d4ff3a0010742e0073
:10c63000801f7800bcd507008f87e9001c003700f9
:10c6400010002000200798000000eb00000f980069
:10c65000b0722e00801f7800b0ff2e00801f78007f
:10c66000b1d50700e48757000e089000ae00900097
:10c6700000017800110009008200d800200798000e
:10c680000b0037006e4090008080fb006e409000f1
:10c690000080fb00811f7800801f7800100d2f00a4
:10c6a000801f7800a0d50700e687570059050700ce
:10c6b0004f0478000080fa00000006000600fa002f
:10c6c00010079800210798000000eb00000f780089
:10c6d000104780000000e00002003200550407000f
:10c6e000000f78001e0078000000e0000400340015
:10c6f000d15b80001e00900001007000d05b8800bc
:10c700001e0078000000e00004003d00d15b8000c6
:10c710002e00900000806000d05b88000080fa004e
:10c72000000006001000fa00008fbe0022079800eb
:10c73000330798004407980055079800660798004b
:10c74000770798009e0090002e0090000088b900a6
:10c7500000017800be0090001e0078000088b9003b
:10c7600000007800000141009e0078002e0090003b
:10c770000008b8000101410082007800008fbe006f
:10c78000008fbe001e01be004e009000de00900033
:10c79000800f5100818f5900030036004e01900038
:10c7a000de019000028fbe001e01be006e009000f0
:10c7b000fe009000800f5100818f5900030031006e
:10c7c0006e019000fe019000028fbe002e019000cd
:10c7d000be0190001e00be005fcf07000000780081
:10c7e0000080fa00000006000000fa00205b8000d4
:10c7f00080004000e09120000080400010007800a0
:10c800005af90700505a800080004000009520002f
:10c81000008040001000780054f907000080fa0002
:10c82000000006000000fa00c0002000c8e5070074
:10c8300070598800d0002000c5e5070080598800a5
:10c840000080fa00000006000000fa00889fbe0089
:10c85000e32821006267210021b72000100020009a
:10c8600014f20700a0002000b9e50700cf80de0029
:10c870006bcf07000004be00905b8000cf80de001d
:10c8800067cf07000001be000800be005bd10700b3
:10c890004200200057f90700905b8000801f78005d
:10c8a000f0942f00801f780050932f00801f780095
:10c8b00040b1200024d50700e68757004f04be0092
:10c8c0000080fa00000006000000fa00900020003e
:10c8d0009fe5070040598800c35d200002fa200050
:10c8e00001b7200010002000f2f10700beff070092
:10c8f0004feb0700805b8000801f7800f0942f00d2
:10c90000801f780050932f00801f780040b12000d6
:10c910000dd50700e68757000080fa0000000600ea
:10c920000000fa00bfff0700e32e2000c25d2000d8
:10c9300041b7200010002000def10700aaff070029
:10c9400086eb0700a05b8000801f7800f0942f002a
:10c95000801f780050932f00801f780040b1200086
:10c96000f9d40700e68757000080fa0000000600af
:10c970000000fa00abff07008001eb006209200015
:10c9800081b8200010002000caf1070096ff0700c0
:10c9900072eb0700405c8000801f780060952f00dc
:10c9a000801f780050932f00801f780040b1200036
:10c9b000e5d40700e68757000080fa000000060073
:10c9c0000000fa008001eb004206200061b7200061
:10c9d00010002000b7f10700b05b80000000e0000d
:10c9e00008003200b05b8000801f780080a12f001b
:10c9f000801f780040b12000d3d40700e48757009f
:10ca00000700370070498000801f780030a22f0097
:10ca1000801f780040b12000cbd40700e487570086
:10ca20000080fa00000006000200fa00a15c80000d
:10ca3000010f780040b92000b7f10700a05c80002a
:10ca40009e0f50000300320041062000c0f6200077
:10ca5000d5030700a05c800080004000e0bb200000
:10ca60000080400010007800801f7800c0a32f00d5
:10ca7000801f780040b12000b3d40700e48757003e
:10ca80000080fa00000006000200fa0080b72000d3
:10ca9000104078000080fb00000f78001300200099
:10caa000020120008e0078001000200081f10700b4
:10cab0001e0078008040780080b720000148780090
:10cac00080b72000104078008080fb0080b72000f5
:10cad000104078000004a2000080fb000000e90084
:10cae0004f00de0000014000a0bb2000000041001c
:10caf00010007800811f7800801f7800d0a22f00de
:10cb0000801f780040b120008fd40700e6875700cf
:10cb10000080fa00000006000000fa007103200007
:10cb2000f0002000e5fe0700d05b80006800600098
:10cb30000000e00002003200804980000100370060
:10cb400070498000801f7800e0912f00801f7800de
:10cb500040b120007cd40700e48757000080fa0031
:10cb6000000006000000fa00889fbe001047800009
:10cb70000000e00004003200e85b80002d030700a5
:10cb800000004400e05b8800905b8000cf80de0006
:10cb9000e25b80006114b90006f82900570d2000ff
:10cba000041c2e00450e20000001be000800be003f
:10cbb000dcfe0700e05b8800e05b8000cf80de00e9
:10cbc00097ce07000004be00905b8000cf80de009f
:10cbd00093ce07000001be000800be0087d007000a
:10cbe0000240220043972400a5cf0700809fbe008b
:10cbf00080922f00801f780040b1200052d407009f
:10cc0000e68757004f04be000080fa0000000600cf
:10cc10000000fa00f100200070032000a7fe0700ca
:10cc2000d15b800000022000008060000000e00076
:10cc30000200320080498000010037007049800006
:10cc4000801f7800e0912f00801f780040b1200005
:10cc50003dd40700e48757000080fa00000006007a
:10cc60000000fa00889fbe00104780000000e0002e
:10cc700004003200f85b8000ee0207000000440070
:10cc8000f05b8800905b8000cf80de00f25b80006c
:10cc90006114b900067a2300070a2000049e2700c9
:10cca000f50a20000001be000800be009dfe07003e
:10ccb000f05b8800f05b8000cf80de0058ce07007c
:10ccc0000004be00905b8000cf80de0054ce0700e1
:10ccd0000001be000800be0048d00700024022004c
:10cce0004397240066cf0700809fbe0080922f00ec
:10ccf000801f780040b1200013d40700e68757005a
:10cd00004f04be000080fa00000006000800fa0090
:10cd1000889fbe00f15b8000c0478000808f50007c
:10cd200008003200015c8000f25b8000c047800098
:10cd30000000510000804000005c8800f05b800033
:10cd4000c0478800f05b80006101b900905b800003
:10cd5000cf80de00009ab90004027800028bb9008f
:10cd600086027800050242000010b800010242006d
:10cd70008400780002502300c3002000021f4000fe
:10cd800003974800001a250051ff2f003e01400084
:10cd9000ae8148000200be002007980031079800cd
:10cda000104780000000e00004003200085c8000b2
:10cdb000a002070000004400005c88002e029000e2
:10cdc000be0290001e01be00905b8000cf80de009e
:10cdd000065c80006134b9000403be000202be009c
:10cde0000001be000800be004efe0700005c880087
:10cdf000005c8000cf80de0009ce07000004be008a
:10ce0000905b8000cf80de0005ce07000001be00f1
:10ce10000800be00f9cf070002402200439724001b
:10ce200017cf0700809fbe0080922f00801f7800e0
:10ce300040b12000c4d30700e68757004f04be006e
:10ce40000080fa00000006000000fa00881f780049
:10ce5000104780000000e00004003200185c8000f1
:10ce60007402070000004400105c8800105c800021
:10ce7000cf80de008602200007002000040a200088
:10ce800005002000120020000300200025fe0700fe
:10ce9000105c8800105c8000801f780020a52f00a7
:10cea000801f780040b12000a7d30700e487570017
:10ceb0004f0478000080fa00000006000000fa002d
:10cec000889fbe00b4e90700809fbe0000942f0039
:10ced000801f780040b120009bd30700e6875700f1
:10cee00040b12000a1f70700104780000000e000db
:10cef00008003200285c8000395c80004d02070089
:10cf0000cf80de000800400089804800205c880057
:10cf1000315c8800225c8000335c80009039240002
:10cf2000f1002000800f5100818f5900040034006f
:10cf300090392400f1002000205c8800315c8800da
:10cf4000225c8000335c8000800c2400f100200013
:10cf5000800f5100818f590004003c00900c240088
:10cf6000f1002000205c8800315c8800205c80009b
:10cf7000315c8000809fbe0010a62f00801f7800cb
:10cf800040b1200070d30700e68757004f04be0071
:10cf90000080fa00000006000200fa0090b72000ae
:10cfa000104078000080fb00000f78000e00780031
:10cfb00059f007001e0078008040780090b72000ec
:10cfc000014878001e00780080004000e0922000b8
:10cfd0000080400010007800801f7800d0a62f004d
:10cfe000801f780040b1200057d30700e487570026
:10cff0000080fa00000006000000fa00b047800040
:10d0000080004000c0b9200000804000100078007f
:10d01000800078000008200061f70700b04780001a
:10d020008000400020bc20000080400010007800fc
:10d030000000010041b12000000c200058f707005b
:10d04000b0478000ea0f500002003200f05b800021
:10d05000c04788000080fa00000006000200fa00c5
:10d06000000f7800b04780001e004000b0478800e5
:10d07000d05b8000680060000000e00006003a001d
:10d08000b0478000e80f500003003a00b04780002e
:10d090001e004000b0478800d15b800000022000e5
:10d0a000008060000000e0000c003a00b047800003
:10d0b000ea0f500003003200b0478000eb0f500031
:10d0c00006003a001e007800000040008000780052
:10d0d000b047800000804000b0478800b047800023
:10d0e000ee0f500001003400f628ef00b04780003a
:10d0f0000000e00002003d00e0002000b047880092
:10d10000b0478000e60f500002003a00a02820003f
:10d110000100370040062000f0468800b04780003c
:10d1200046e607000080fa00000006001a00fa0038
:10d13000400f98000000eb00000f78000000eb00ab
:10d14000605b88001e0078008000400040b3200033
:10d1500000804000900078001e0078000000400031
:10d16000000047000080e800010878001e007800f9
:10d170008000400040b32000008040008000eb00b1
:10d18000010878001e0fe8001e007800ea0f50002a
:10d19000ecff34009e28ef00401680004300de00c4
:10d1a000614060000080fb00004288000042800077
:10d1b0000000e00001003a00a228ef00abee0700fb
:10d1c00043ec0700f04180000000e0000400320062
:10d1d0004a28ef0051428000410f98004c00370070
:10d1e000205b8000e10f500002003a004fed070085
:10d1f00005003700505a8000e90f5000020032004d
:10d2000090002000505a8800f8ed0700004280008e
:10d210000000e00013003200505a8000ea0f500076
:10d2200010003200b0478000e10f500003003200d0
:10d23000b0478000e20f50000a003a0030458000fd
:10d240000000e00007003a00104580000000e00008
:10d2500004003a0010002000e0418800ca82a800c3
:10d2600002003700ca82a9003c28ef002cef07001b
:10d270000f003700e228ef00a01680006100600078
:10d280000000e000020032000080eb0001003700e7
:10d290001000200071ff070057ff0700a0282000a2
:10d2a000e70107009c28ef001000200010478800cd
:10d2b0001116800000002200008060000000e000e5
:10d2c000ecff3200a0168000610060000000e0006a
:10d2d000e8ff3a0048ff0700701680007000600009
:10d2e0000000e0000a003a00b05b80008000780097
:10d2f000a07f2100ac010700110020000000eb001e
:10d300003dec0700f628ef000000eb00400f98000e
:10d310004e0890000000e0009eff3a000000eb0085
:10d32000000f78001e007800000040000000470059
:10d33000900090001e0078000001400040b32000e3
:10d3400000004100010878001e0fe8001e00780070
:10d35000ea0f5000f3ff34003c28ef000080fa0091
:10d36000000006000200fa00000f78001e0078009e
:10d370000000e000090034001e007800e40f5000b7
:10d3800006003c001e00780080004000207a2f003c
:10d390000080400010007800090037001e0078006f
:10d3a000e50f5000030032001e007800e60f500029
:10d3b00002003a0070bd8700010037000080eb00da
:10d3c0000080fa00000006000200fa00000f78005a
:10d3d0001e0078000000e000090034001e00780004
:10d3e000e40f500006003c001e00e90080004000f1
:10d3f000207a2f00008040001000780011003700d4
:10d400001e007800e50f5000030032001e00780077
:10d41000e60f500002003a0050bd870009003700b7
:10d420001e007800e60f5000050034001e00780052
:10d43000e90f500002003c0070bd8700010037007a
:10d440000000eb000080fa00000006000400fa0073
:10d45000889fbe00c05a80001007980080b7200047
:10d46000104078000080fb00000f78001e0078005c
:10d470000000e000030034001e007800f00f5000b0
:10d480000200340010002000000f78001e00780019
:10d490004200dd00000f78001e007800e70f50000a
:10d4a00002003c0080002000000f78005016800031
:10d4b000700060000000e00003003a00400120001e
:10d4c000d045880006003700d04580000000e0000d
:10d4d00003003200d04580000000e900d0458800fc
:10d4e000d04580000000e00008003200b228ef00c4
:10d4f000b428ef0090458000a14580007045880069
:10d5000081458800b628ef0015003700a16680002d
:10d51000405c8000008040006101b80070458000e0
:10d5200081458000020040008380480070458800eb
:10d5300081458800906680006101b80090458000b8
:10d54000a14580000200400083804800904588008b
:10d55000a1458800b04580000000e800b045880083
:10d56000b04580009e0f50003a003500e041800039
:10d570000000e00030003200b0458000cf80de00c7
:10d58000c21220000289b900020178006002b900cd
:10d590008401780003014100c31220000300b80099
:10d5a00001014100820078007245800083458000bf
:10d5b000820f5000838f58001f003e001e00900015
:10d5c0004006b0006101b80090458000a145800090
:10d5d000009ab90004027800028bb9008602780034
:10d5e000050242000011b8000302420084017800e5
:10d5f0001e0090004006b1006102b8007045800036
:10d600008145800000abb90006037800048cb900a6
:10d6100088037800070343000020b800010343009b
:10d6200086007800800f5100818f5900020036007b
:10d630001000200000458800b228ef00b428ef0059
:10d6400090458000a1458000704588008145880094
:10d65000b628ef0040168000680060000000e0007f
:10d660001000320011bd8700a0438000808f500061
:10d670000c003100505a80003aff0700a14380009f
:10d68000810f50000700310040458000e10f50003d
:10d6900005003c00404580000000e800404588004f
:10d6a00001003700a828ef0040458000e10f50003e
:10d6b0000200340010002000104588004016800051
:10d6c000680060000000e000070032006045800054
:10d6d000e10f400005003200604580000000e800d6
:10d6e0006045880001003700ac28ef00401680003c
:10d6f000680060000000e00001003a00a428ef008c
:10d70000605a8000e30f50001b003a004016800072
:10d71000680060000000e0001700320061458000f2
:10d72000800c2000808f500013003e0020458000b8
:10d730000000e00010003a0011bd8700a043800007
:10d74000808f50000c003100505a80001eff0700ef
:10d75000a1438000810f5000070036005045800033
:10d76000e20f500005003c00504580000000e8003a
:10d770005045880001003700aa28ef00504580007e
:10d78000e20f500002003400100020001045880015
:10d7900040168000680060000000e00002003200d7
:10d7a000b828ef0006003700c0458000e10f5000a8
:10d7b00003003c00c04580000000e800c045880030
:10d7c000f1448000f07c2000808f500003003e0078
:10d7d000f04480000000e800f0448800c04580006c
:10d7e000e10f50000f003c00004580000000e00009
:10d7f0000c003a00104580000000e00009003a00eb
:10d80000f1418000f0022000008060000000e00094
:10d8100004003a00f1448000f07c2000808f50002a
:10d8200001003600ca82a9004f04be000080fa0041
:10d83000000006000200fa00e1448000010f7800b9
:10d840009c28ef001e0078000080fa00000006000f
:10d850000000fa004001200000448800400620003b
:10d86000204488009021ef009621ef00c012200094
:10d87000600c8800c0122000700c8800e0002000be
:10d88000800c8800007d2000900c8800007d200026
:10d89000a00c8800e0002000b00c880020cd210002
:10d8a0007008880013e1a8008ce0a8008c60a90033
:10d8b00020002000200888007628ef000080fa0071
:10d8c000000006000200fa00000f78001e00780039
:10d8d000f1a42000810f50001c003200f1a42000b0
:10d8e000810f500007003c0091392000810f50004b
:10d8f0001800320031732000810f500011003200f7
:10d9000016003700e1252100810f50000900320088
:10d91000a17f2100810f500004003200c1f62000d9
:10d92000810f5000050032000c00370030642000e9
:10d930000b003700105e200009003700a0582000bf
:10d94000070037005055200005003700c053200065
:10d950000300370050522000010037001e007800fd
:10d960000080fa00000006000200fa00000f7800b4
:10d9700030002000504488001e00e9006008880044
:10d98000600880000000d10030088800d622a9007d
:10d99000d222a90011e1a80084c0a9008cc0a8006f
:10d9a0000080fa00000006000400fa00000f780072
:10d9b00011079800404480000000e0000d003a008c
:10d9c0001e0090000000e0000a0034001e009000dd
:10d9d00030448800a05c8000e10f500003003a0052
:10d9e0001e007800b7ff0700010037001e00780016
:10d9f000ddff07000080fa00000006000200fa00c8
:10da0000000f78001821ef001e0078004300dd00b1
:10da1000e008880086c0a90021e1a80000000000fd
:10da20003104800000042000008060000000e0005d
:10da3000fbff320021e1a9000080fa00000006008f
:10da40000200fa00000f780002003700803e20003c
:10da5000eaff07001e00780000f0a7000000ea00bf
:10da60000000ea004f00de00004078001e0fe900d1
:10da70000004e000f5ff3a000080fa000000060014
:10da80000000fa00ca82a900e842a800e862a800e3
:10da90000080fa00000006000200fa00000f780083
:10daa00010c0b3001df307001e007800e20f500005
:10dab00012003200e20f500005003c000000e000c0
:10dac00008003200e10f5000090032001400370056
:10dad000e30f50000c003200e40f50000d00320044
:10dae0000f00370020af2f00a0f40700110037000f
:10daf00030b02f009df407000e00370040b12f001a
:10db00009af407000b00370050b22f0097f407007b
:10db10000800370060b32f0094f4070005003700b9
:10db200070b42f0091f407000000000001003700de
:10db300000000000a0168000610060000000e0000e
:10db4000fbff3200cfa2a900faff37000000fa0065
:10db500070e78700a01088000c22ef000e22ef0073
:10db60008520a9008d20a8000de2a8000f42a80082
:10db70000080fa00000006000200fa00000f7800a2
:10db80001e007800e70f50000200340070002000f3
:10db9000000f78001e0078008000400080ce2f002b
:10dba0000080400010007800a01088000080fa007b
:10dbb000000006000200fa00004f7800000000009c
:10dbc0007110800000202000008060000000e00054
:10dbd000fbff3a001e80fb00801088000080fa00e6
:10dbe000000006000000fa00701080006200600073
:10dbf0000000e000010032000e22a900fcc8bf00b6
:10dc000080c0ea00fec8bf0000c040000080fa00eb
:10dc1000000006000000fa00fc68ef0010c0b3002e
:10dc2000fee8b7000080fa00000006000000fa00dd
:10dc300000000000ebff07000004e000fdff3200e1
:10dc4000fcc8bf000040e800fce8b700fcc8bf000b
:10dc50000080fb0041a12000614078000080fa00b4
:10dc6000000006000200fa00f0ff0700004f7800f5
:10dc70001e407800cfff07001e4078000080fa00a9
:10dc8000000006000600fa006000b800008fbe0029
:10dc90000040eb0040479800e4ff07000074a1003b
:10dca000404798004e4090000080fb000003b10008
:10dcb000e90f500014003e004e409000bdff0700e9
:10dcc0001e0090006a00b900000178001e00780074
:10dcd0006000b90000007800000141009e0078005b
:10dce000a00020000008b800010141008200780077
:10dcf0004e4190000281fb000203b100cf91de0093
:10dd0000021f4000039748004e409000ed4f500026
:10dd1000e1ff3a001e00be000080fa00000006008d
:10dd20000200fa00c1ff0700004f78001e80fb00d0
:10dd3000e9cf07000000e000faff32001e80fb0080
:10dd40000ed00700004f78001e40780099ff0700b2
:10dd500090c3b3009e40780080cf500002003e0088
:10dd600000c3b3000100370070c3b3009e407800c9
:10dd700000cf50001e4078000080fa00000006002e
:10dd80000200fa00e6ff07004400dd00004f7800c3
:10dd9000e3ff07001e4f40001e4078000080fa009d
:04dda0000000060079
:020000040000fa
:100008004a750000b0730000f4730000f674000035
:10001800287500004a7500004a7500004a750000fe
:100028004a7500004a7500004a7500004a750000cc
:100038004a7500004a750000d26e00006a6f000021
:100048004a750000387600004a7500004a750000bd
:100058004a7500004a7500004a7500004a7500009c
:100068004a7500004a7500004a7500004a7500008c
:100078004a7500004a7500004a7500004a7500007c
:100088004a7500004a7500004a7500004a7500006c
:100098004a7500004a7500004a7500004a7500005c
:1000a8004a7500004a7500004a7500004a7500004c
:1000b8004a7500004a7500004a7500004a7500003c
:1000c8004a7500004a7500004a7500004a7500002c
:1000d8004a7500004a7500004a7500004a7500001c
:1000e8004a7500004a7500004a7500004a7500000c
:0800f8004a7500004a75000082
:020000040000fa
:100108004a750000b0730000f4730000f674000034
:10011800287500004a7500004a7500004a750000fd
:100128004a7500004a7500004a7500004a750000cb
:100138004a7500004a750000d26e00006a6f000020
:100148004a750000387600004a7500004a750000bc
:100158004a7500004a7500004a7500004a7500009b
:100168004a7500004a7500004a7500004a7500008b
:100178004a7500004a7500004a7500004a7500007b
:100188004a7500004a7500004a7500004a7500006b
:100198004a7500004a7500004a7500004a7500005b
:1001a8004a7500004a7500004a7500004a7500004b
:1001b8004a7500004a7500004a7500004a7500003b
:1001c8004a7500004a7500004a7500004a7500002b
:1001d8004a7500004a7500004a7500004a7500001b
:1001e8004a7500004a7500004a7500004a7500000b
:0801f8004a7500004a75000081
:020000040000fa
:0200000401f009
:04000800ffff0000f6
:020000040000fa
:0200000401f009
:04000400ff7f00007a
:020000040000fa
:0200000401f009
:04000000e5ff000018
:020000040000fa
:020000040002f8
:10cb3000536500006e7300006f7200003a2500001c
:10cb4000352e0000316600002563000020440000ff
:10cb500069730000706c000061790000656400007a
:10cb60003a250000342e00003066000025630000e6
:10cb70000a0d0000004c0000434400002042000069
:10cb800061720000204700007261000070680000c0
:10cb90002026000020430000686100007261000050
:10cba000637400006572000020540000657300008b
:10cbb00074000000577200006974000065200000d6
:10cbc000415300004349000049200000746f0000f9
:10cbd000204c0000434400002c200000455300007e
:10cbe00043200000746f0000206500007869000099
:10cbf000742e00000a0d000000570000726900004a
:10cc000074650000204800004558000020740000b2
:10cc10006f2000004c430000442c00002031000035
:10cc200042200000746f0000206500007869000059
:10cc3000742e00000a0d0000004800006967000023
:10cc4000682d0000566f00006c74000061670000e2
:10cc5000650000004c6f0000772d0000566f00004b
:10cc60006c7400006167000065000000202800006f
:10cc700050720000652d00004c6900006d690000d5
:10cc80007429000000200000616c00006172000047
:10cc90006d200000697300002064000069730000cb
:10cca000616200006c650000642e00000a0d000047
:10ccb00000250000372e000033660000202500000c
:10ccc00073000000253500002e31000066200000b2
:10ccd00057610000747400007320000028250000d4
:10cce0007329000000250000352e0000306600008a
:10ccf0002000000025730000252d000064250000a1
:10cd0000630a00000d0000002534000069200000c7
:10cd10003d200000253500002e3200006656000040
:10cd20000a0d0000004c0000617300007420000038
:10cd3000566100006c690000642000004261000040
:10cd40006e64000020530000656c00006563000005
:10cd5000742000003a250000730a00000d00000056
:10cd60002d2d00002d2d00002d2d00002d2d00005b
:10cd70002d2d00002d2d00002d2d00002d2d00004b
:10cd80002d2d00002d2d00002d2d00002d2d00003b
:10cd90002d2d00002d2d00002d2d00002d2d00002b
:10cda0002d2d00002d2d00002d2d00002d2d00001b
:10cdb0000a0d0000002c0000206100006e790000c8
:10cdc000206b000065790000206500007869000094
:10cdd000747300002e2e00002e0a00000d000000cb
:10cde000546500006d700000657200006174000001
:10cdf0007572000065200000536500006e7300002e
:10ce00006f72000020430000616c00006962000046
:10ce100072610000746900006f6e00000a0d00006e
:10ce2000004900006e700000757400002041000091
:10ce300074740000656e000075610000746f00007e
:10ce400072200000537400006174000075730000cc
:10ce50000a0d0000004400006976000069640000cb
:10ce6000652d0000427900002d5a00006572000017
:10ce70006f20000054720000617000000a0d000075
:10ce80000054000065730000742000005465000029
:10ce9000726d0000696e000061740000656400003e
:10cea0000a0d0000004100006c610000726d00007e
:10ceb0002053000079730000746500006d200000ad
:10cec00054650000737400000a0d0000000a0000a1
:10ced0000d4600002d530000656e000073650000d4
:10cee0002054000065730000743a00002025000003
:10cef000730a00000d000000202000002031000017
:10cf0000363000006d200000383000006d20000039
:10cf1000343000006d200000333000006d20000030
:10cf2000323000006d200000313700006d2000001d
:10cf3000313500006d200000313200006d2000000e
:10cf4000313000006d200000202000004d690000fd
:10cf50006e200000202000004d61000078200000bd
:10cf60006b4800007a0a00000d0000000a0d000066
:10cf7000496c00006c650000676100006c200000d7
:10cf8000566100006c750000652100000a0d00006c
:10cf9000004e00006f6e00002d500000726900000e
:10cfa0006e740000616200006c65000020430000a8
:10cfb0006861000072610000637400006572000027
:10cfc000004e00006f7200006d6100006c000000f8
:10cfd0004c6f000077200000537000006565000072
:10cfe000642000004f4e0000004d0000656400000a
:10cff000697500006d200000537000006565000039
:10d00000642000004f4e00000048000069670000e7
:10d010006820000053700000656500006420000077
:10d020004f4e0000004f0000757400002d4f0000af
:10d03000662d0000426100006e64000021000000c7
:10d04000312e0000384d0000487a00002f310000da
:10d05000363000006d000000332e0000354d00001a
:10d06000487a00002f380000306d000000370000c3
:10d070002e3000004d4800007a2f000034300000b0
:10d080006d000000313000004d4800007a2f000094
:10d09000333000006d000000313400004d480000c6
:10d0a0007a2f0000323000006d000000313800009f
:10d0b0004d4800007a2f0000313700006d0000005d
:10d0c000323100004d4800007a2f00003135000059
:10d0d0006d000000323400004d4800007a2f00003f
:10d0e000313200006d000000323800004d48000071
:10d0f0007a2f0000313000006d000000556e0000f6
:10d100006b6e00006f7700006e200000426100002f
:10d110006e64000021000000444100005441000002
:10d120000041000044440000520000000a0d0000cd
:10d13000447500006d70000020450000455000005f
:10d14000524f00004d200000636f00006e7400001d
:10d15000656e0000747300000a0d000025340000a5
:10d160007325000032330000730a00000d25000013
:10d170002e32000033730000252e000032320000f2
:10d18000730000000a0d0000253400002e3400005a
:10d19000583a000000250000352e000034580000e9
:10d1a000000a00000d2500002e320000337300003d
:10d1b000252e000032320000730a00000d0000002e
:10d1c000416d000070730000005600006f6c00009d
:10d1d000747300000025000033690000202d00005a
:10d1e00020250000730000005265000076650000f5
:10d1f0007273000065000000466f00007277000047
:10d20000617200006400000025730000003000001f
:10d21000202d0000204100006c6c00002041000027
:10d220006c610000726d0000732000004f6600000a
:10d23000660a00000d000000312000002d200000d3
:10d240004f760000657200002d43000075720000eb
:10d25000726500006e7400000a0d000000320000cc
:10d26000202d0000204800006967000068200000b1
:10d2700053570000520a00000d0000003320000048
:10d280002d2000004f760000657200002d54000034
:10d29000656d00007065000072610000747500002b
:10d2a000726500000a0d000000340000202d00000f
:10d2b00020250000730a00000d000000342000004b
:10d2c0002d200000257300002573000000350000ac
:10d2d000202d00002025000073250000730a0000a7
:10d2e0000d000000352000002d20000025730000f7
:10d2f000257300002573000000360000202d00007b
:10d3000020250000732000004c6900006d690000ba
:10d31000740a00000d000000362000002d200000df
:10d32000257300002573000000370000202d000049
:10d33000204100006c6c0000204100006c61000086
:10d34000726d0000732000004f6e00000a0d000097
:10d35000000a00000d2500002e320000307300008e
:10d360005b4300004f4d00004d4100004e44000063
:10d3700020540000414200004c4500005d250000a3
:10d380002e320000307300000a0d0000004800003b
:10d390002f3f000020480000656c00007020000056
:10d3a0002d20000028540000686900007320000050
:10d3b0005363000072650000656e0000290a0000da
:10d3c0000d0000004120000020200000414400002a
:10d3d0004320000043680000616e00006e6500009d
:10d3e0006c200000447500006d7000000a0d000004
:10d3f00000420000202000002025000073000000f3
:10d400004320000020200000257300000a0d0000ca
:10d410000044000020200000204300006c65000054
:10d42000617200002046000061630000746f00001c
:10d4300072790000204400006566000061750000fc
:10d440006c740000205200006573000065740000d9
:10d45000204300006f7500006e74000065720000cc
:10d460000a0d0000004500002020000020440000bc
:10d47000756d000070200000537900007374000087
:10d48000656d000020260000205500007365000037
:10d49000722000005365000074740000696e000083
:10d4a000677300000a0d0000004600002020000005
:10d4b00020440000756d000070200000454500000c
:10d4c000505200004f4d0000206300006f6e0000be
:10d4d000746500006e740000730a00000d00000007
:10d4e0004720000020200000546f00006767000004
:10d4f0006c65000020460000726500007175000038
:10d50000656e00006379000020530000656e000026
:10d510007365000020540000657300007420000053
:10d520004f6e00002f4f0000666600000a0d0000dd
:10d5300000490000202000002025000073000000aa
:10d540004a2000002020000025730000004b00004e
:10d550002020000020420000757a00007a6500005b
:10d5600072200000536f0000756e00006420000000
:10d5700054650000737400000a0d0000004c0000a8
:10d580002020000020250000730000004d20000036
:10d590002020000025730000005a00002020000019
:10d5a00020250000732500002e3100003573000097
:10d5b000257300000044000049530000504c000057
:10d5c00041590000004900004e5000005554000031
:10d5d00000560000414c000055450000004300008b
:10d5e000484100004e4e0000454c0000000a00007b
:10d5f0000d2500003773000025360000732500005c
:10d600003873000025310000357300000a0d00005a
:10d61000252e000032320000732500002e3200005b
:10d6200032730000000a00000d4100004443000076
:10d6300025330000693a0000253600006925000006
:10d64000372e00003366000056200000000a00005c
:10d650000d2500002e34000073250000730000002b
:10d660000a0d000025730000456e0000746500007f
:10d6700072200000302c0000312c0000322c000001
:10d68000332c0000342c0000352c00003620000024
:10d690006f72000020370000202e00002e2e0000a8
:10d6a0000a0d0000000a00000d00000025730000b4
:10d6b00025730000536500006c6500006374000072
:10d6c00020530000636100006c6500003a200000f8
:10d6d000302c0000312c0000323a00002000000005
:10d6e00025640000202d000020250000730a0000a2
:10d6f0000d000000203d0000253300002e32000008
:10d70000585d0000000a00000d4500004550000073
:10d71000524f00004d20000052650000736500006c
:10d7200074200000436f0000756e000074650000f7
:10d7300072200000636c00006561000072650000eb
:10d74000642e000000760000342e0000303400000b
:10d750000020000000530000595300005445000011
:10d760004d200000434100004c490000425200009f
:10d7700041540000494f00004e2000005345000076
:10d7800054540000494e000047530000000a0000b6
:10d790000d25000033330000730a00000d25000042
:10d7a0003773000046690000726d00007761000069
:10d7b000726500003a20000025730000202d000053
:10d7c000204400004c3400004a4300000a0d0000d1
:10d7d0002533000033730000004200006174000034
:10d7e0007465000072790000205600006f6c000024
:10d7f000746100006765000020460000616300005e
:10d80000746f0000722000003a200000252d0000f7
:10d81000346400000a0d00000050000041200000a8
:10d820004375000072720000656e000074200000f5
:10d8300046610000637400006f7200002020000049
:10d8400020200000202000003a200000252d0000ac
:10d85000346400000a0d0000005200004620000061
:10d86000506f000077650000722000004d650000d9
:10d8700074650000722000004661000063740000bf
:10d880006f720000202000003a200000252d0000cb
:10d89000346400000a0d0000005200004620000021
:10d8a000506f000077650000722000004d65000099
:10d8b00074650000722000004f660000667300006f
:10d8c00065740000202000003a200000252d000093
:10d8d000346400000a0d000000420000656500008d
:10d8e000702000004c6500006e6700007468000046
:10d8f00020540000696d0000652000002020000019
:10d9000020200000202000003a2000000025000018
:10d910002d640000206d0000530a00000d0000007f
:10d920004f460000460a00000d000000505700005e
:10d93000522000004d650000617300007572000008
:10d94000656d0000656e00007420000053610000ea
:10d950006d7000006c650000733a0000200000004c
:10d9600031200000284f000066660000290a0000f0
:10d970000d000000256400000a0d0000004f0000ab
:10d9800076650000722d0000566f00006c74000078
:10d99000616700006520000054720000697000009b
:10d9a0002020000020200000202000003a2000005d
:10d9b00000250000730a00000d000000556e0000f5
:10d9c00064650000722d0000566f00006c7400004a
:10d9d000616700006520000054720000697000005b
:10d9e0002020000020200000203a0000200000003d
:10d9f00050720000652d00004c6900006d69000048
:10da000074200000547200006970000020200000a3
:10da1000202000002020000020200000203a0000ec
:10da200020000000506f00007765000072200000a9
:10da30004d6500007465000072200000467500000e
:10da40006c6c00002d530000636100006c650000e9
:10da5000203a0000202500002d640000570a000035
:10da60000d0000004672000065710000204d0000ae
:10da7000657400006572000020430000616c0000c6
:10da80006962000072610000746900006f6e00003e
:10da9000203a0000202500002d3700006c640000b3
:10daa0000a0d000000530000706c0000617300005c
:10dab000682000005363000072650000656e00007e
:10dac0002044000069730000706c00006179000060
:10dad000202000003a200000257300000a0d0000fd
:10dae000005500005345000052200000434f000045
:10daf0004e460000494700005552000041540000c6
:10db0000494f00004e2000005345000054540000cf
:10db1000494e000047530000000a00000d25000098
:10db200033330000730a00000d250000730000006d
:10db30004672000065710000756500006e630000ac
:10db400079200000536500006e730000652000001e
:10db50004d6f00006465000020200000203a0000a6
:10db600020250000730a00000d000000536500002e
:10db700072690000616c0000204c0000696e0000ba
:10db80006b200000506f00006c6c0000696e00009c
:10db90006720000020200000203a00002000000044
:10dba000252d00006420000053650000636f000015
:10dbb0006e640000730000004f6600006600000005
:10dbc0000a0d0000525300002d32000033320000d5
:10dbd000205000006f720000742000004d6f0000a4
:10dbe00064650000202000002020000020200000ac
:10dbf000203a0000205400006573000074200000eb
:10dc00004d6f0000646500000a0d00000052000026
:10dc1000532d00003233000032200000506f00000e
:10dc200072740000205300007065000065640000fd
:10dc30002020000020200000202000003a200000ca
:10dc4000252d0000643000003020000042610000fb
:10dc5000756400000a0d0000004c00004344000001
:10dc600020420000616300006b6c000069670000e7
:10dc700068740000696e000067200000202000002a
:10dc800020200000202000003a200000252d000068
:10dc9000346400000a0d0000004c00004344000002
:10dca000204300006f6e000074720000617300007a
:10dcb0007420000020200000202000002020000010
:10dcc00020200000202000003a200000252d000028
:10dcd000346400000a0d0000005300005752000099
:10dce0002054000072690000702000004c690000a0
:10dcf0006d6900007420000020200000202000003a
:10dd000020200000202000003a200000252e0000e6
:10dd1000326600000a0d000000460000616e00003f
:10dd2000205300007065000065640000204300007f
:10dd30006f6e0000747200006f6c00002020000005
:10dd400020200000202000003a2000002573000061
:10dd50000a0d000000540000656d000070650000b1
:10dd600072610000747500007265000020550000ab
:10dd70006e69000074730000202000002020000065
:10dd8000202000003a200000257300000a0d00004a
:10dd900000540000656d00007065000072610000b5
:10dda0007475000072650000204100006c61000085
:10ddb000726d0000204c0000696d00006974000065
:10ddc0003a20000000460000616e00002053000071
:10ddd000746100007274000020540000656d000042
:10dde00070650000726100007475000072650000cb
:10ddf000202000003a20000000420000616e000078
:10de00006420000044690000737000006c61000031
:10de100079200000556e0000697400007320000036
:10de200020200000202000003a2000002573000080
:10de30000a0d0000004700007261000070680000d9
:10de400069630000204c0000696d000069740000e7
:10de50007320000044690000737000006c610000d2
:10de6000792000003a200000257300000a0d000010
:10de7000004600002d530000656e00007365000031
:10de800020510000534b0000202000002020000003
:10de90002020000020200000202000002020000082
:10dea0003a200000257300000a0d00000047000022
:10deb0007261000070680000696300002044000087
:10dec00069730000706c000061790000205400004c
:10ded0007970000065200000202000003a2000003a
:10dee000257300000a0d0000005000006f7700004d
:10def00065720000204d000065740000657200002e
:10df000020540000797000006520000020200000ef
:10df100020200000202000003a200000257300008f
:10df20000a0d0000005300007461000072740000cc
:10df30002d55000070200000506100006765000052
:10df400020200000202000002020000020200000d1
:10df5000202000003a200000257300000a0d000078
:10df60000043000075720000726500006e740000ce
:10df7000204100006d7000006c69000066690000bf
:10df80006572000020530000746100007465000099
:10df90003a200000257300000a0d00000042000036
:10dfa000616e000064200000536500006c65000095
:10dfb00063740000204d00006f64000065200000c5
:10dfc0002020000020200000202000003a20000037
:10dfd000257300000a0d0000002500002e3300000c
:10dfe000397300000a0d0000002500002e330000e8
:10dff00039730000000a00000d25000073000000c6
:10e00000426100006e6400003a20000025730000a9
:10e010002047000025310000693a0000203d000043
:10e020002025000032690000644200000a0d000053
:10e03000000a00000d25000073500000726500000a
:10e0400073730000206100006e790000206b0000f7
:10e0500065790000207400006f20000073740000d8
:10e060006172000074250000730a00000d000000ba
:10e070000a0d0000536f0000756e00006420000060
:10e0800054650000737400000a0d0000456e000026
:10e090007465000072200000467200006571000087
:10e0a000756500006e6300007920000028310000d3
:10e0b00030300000202d00002034000030300000ff
:10e0c000304800007a2900003a200000000a0000d1
:10e0d0000d440000617400006120000056610000e2
:10e0e0006c750000653a0000202500006c69000096
:10e0f0000a0d0000004500006e740000657200000b
:10e10000206400007572000061740000696f0000f7
:10e110006e20000028310000302000002d2000007b
:10e12000333200002c300000303000006d5300000e
:10e13000293a0000200000004368000061720000de
:10e14000203d000020300000782500002e32000025
:10e15000580a00000d0000004368000061720000d2
:10e16000203d000020300000782500002e32000005
:10e17000582000002d200000257300000a0d00002b
:10e18000002000003d200000256300000a0d000073
:10e19000002000003d200000257300000a0d000053
:10e1a000000a00000d4900006e760000616c00005e
:10e1b00069640000204300006f6d00006d61000085
:10e1c0006e6400003a200000256300002056000025
:10e1d000616c0000756500003a20000025640000b5
:10e1e0000a0d0000000000000c00000018000000f4
:10e1f0003000000060000000c0000000800100004e
:10e2000040020000800400004e6f0000726d0000ac
:10e21000616c0000004c00006f770000004d0000b2
:10e2200065640000697500006d0000004869000029
:10e230006768000000460000616800007265000029
:10e240006e6800006569000074000000436500000e
:10e250006c730000697500007300000059610000d4
:10e260006573000075200000434100005400000069
:10e270004b580000322f00004b58000033000000c4
:10e280004a7500006d6100002d54000052580000d6
:10e2900032000000462d0000536500006e73000040
:10e2a000650000004654000038310000372f0000a0
:10e2b00038310000380000004d6100006e7500002c
:10e2c000616c00000058000069650000677500007f
:10e2d000004800005235000030000000204d0000d2
:10e2e0002000000020410000200000004731000015
:10e2f00000470000320000004733000000470000e4
:10e30000340000004d4800007a0000004d65000018
:10e310007472000065730000004f00006666000024
:10e32000004f00006e00000053740000616e00009a
:10e3300064620000790000004f7000006572000008
:10e34000617400006500000041750000746f0000fa
:10e3500000200000203f00002120000020000000dd
:10e360002020000031360000306d00000020000049
:10e3700020200000383000006d0000002020000048
:10e3800020340000306d000000200000202000003c
:10e39000333000006d00000020200000203200001b
:10e3a000306d000000200000202000003137000008
:10e3b0006d0000002020000020310000356d0000bd
:10e3c0000020000020200000313200006d0000001d
:10e3d0002020000020310000306d000000200000ef
:10e3e000202000003f20000020000000312e00000f
:10e3f000384d0000487a0000003300002e35000040
:10e400004d4800007a00000020200000374d000039
:10e41000487a000000200000313000004d48000024
:10e420007a00000020310000344d0000487a0000de
:10e4300000200000313800004d4800007a00000044
:10e4400020320000314d0000487a0000002000001a
:10e45000323400004d4800007a00000020320000f5
:10e46000384d0000487a0000002000005361000091
:10e470007665000020530000657400007469000098
:10e480006e670000733f0000200000002052000073
:10e49000657300006574000020440000656600009c
:10e4a000617500006c740000733f0000004f0000b5
:10e4b0002f500000205000006f77000065720000b0
:10e4c0000053000057520000005600006f6c00001f
:10e4d0007461000067650000004300007572000071
:10e4e000726500006e74000000540000656d00004d
:10e4f00070650000726100007475000072650000b4
:10e5000000410000757400006f20000042610000af
:10e510006e64000020440000657400006563000024
:10e52000740000005365000072690000616c000017
:10e530002053000070650000656400000053000077
:10e5400065720000696100006c200000506f0000df
:10e5500072740000005000006f6c00006c690000d5
:10e560006e670000204900006e74000065720000b4
:10e57000766100006c0000004c4300004420000065
:10e5800044690000737000006c61000079000000b5
:10e5900053570000522000005472000069700000c0
:10e5a00000460000616e0000204300006f6e000016
:10e5b000747200006f6c0000004f00007665000070
:10e5c00072740000656d000070000000466100007c
:10e5d0006e20000043750000742d0000496e00009d
:10e5e00020540000656d00007000000042610000d2
:10e5f0006e6400002044000069730000706c00002d
:10e60000617900000047000072610000706800003e
:10e6100069630000616c0000204c0000696d00001f
:10e620006974000073000000477200006170000010
:10e6300068690000632000004469000073700000f6
:10e640006c6100007900000052460000205000007c
:10e650006f77000065720000204d000065740000b7
:10e6600065720000005300007461000072740000c5
:10e670002d550000702000004469000073700000f8
:10e680006c61000079000000462d00005365000019
:10e690006e73000065200000515300004b00000025
:10e6a000050000000000000000030000000300005f
:10e6b000464100003b000000053d00003f420000d5
:10e6c0000a0d000000000000004f00007269000009
:10e6d000676900006e6100006c0000004c61000082
:10e6e0007267000065000000536d0000616c00005f
:10e6f0006c0000002020000020430000616e00003c
:10e70000636500006c6c000065640000212000005f
:10e710002020000000200000202000002020000019
:10e720005361000076650000642100002020000095
:10e7300020200000200000005761000074740000d9
:10e7400073000000644200006d000000202d0000f6
:10e750002d2d00002e2d0000570000002d2d000053
:10e760002e2d0000644200006d0000004f4b0000a1
:10e7700000450000727200006f720000210000006e
:10e78000526500006d6f00007465000000540000c9
:10e79000657300007400000025350000733a000026
:10e7a0002538000069df000025630000004c0000f0
:10e7b000696d00006974000000530000746100007e
:10e7c00072740000005500006e6900007473000050
:10e7d0003a2500003130000073000000505700005f
:10e7e000523a00004e6f000020420000414e0000ef
:10e7f000442b00003a59000065730000000a000035
:10e800000d250000734400002046000069720000de
:10e810006d77000061720000653a0000202500005d
:10e820007320000044610000746500003a2000007d
:10e83000257300000a0d0000004300006f70000007
:10e840007972000069670000687400003a200000d7
:10e850004a75000068610000204e000069690000f0
:10e860006e6900006b6f0000736b00006920000090
:10e870002d2000004f480000324e00004c54000094
:10e8800020260000204d0000617400007469000023
:10e89000204800006f680000746f00006c61000089
:10e8a000202d0000204f0000483700005356000084
:10e8b0000a0d0000002800004164000064690000a7
:10e8c000746900006f6e0000616c0000206600003b
:10e8d000656100007475000072650000732000001f
:10e8e000616e0000642000006d6f0000646900002c
:10e8f0006669000063610000746900006f6e0000cb
:10e90000732000002d2000004164000072690000a7
:10e91000616e000020520000796100006e2000004e
:10e920002d2000003542000034410000495900000c
:10e93000290a00000d000000284d00006f6400004f
:10e9400069660000696500006420000062750000cf
:10e95000696c0000642000002d200000444c000081
:10e96000344a0000432900000a0d00000052000054
:10e97000656d00006f74000065200000506f00009e
:10e9800077650000722000004f66000066000000fe
:10e99000202000002044000061740000612000007d
:10e9a000536100007665000064000000253100001e
:10e9b0003073000025360000730000002053000073
:10e9c0005752000020000000204f00002f4300009d
:10e9d0002000000020540000454d000050000000c1
:10e9e00020480000692d0000560000002042000071
:10e9f0006174000074000000204c00006f2d0000c6
:10ea000056000000525300002d3200003332000047
:10ea100020450000636800006f200000546500007e
:10ea20007374000000410000776100006974000009
:10ea3000696e0000672000006461000074610000de
:10ea40002e2e00002e0000000a0d00005253000080
:10ea50002d320000333200002054000065730000a6
:10ea6000740a00000d50000072650000737300000e
:10ea70002050000057520000206200007574000012
:10ea8000746f00006e200000746f000020650000ad
:10ea900078690000742e00002e2e00000a0d000080
:10eaa0000052000058200000446100007461000022
:10eab0003a2000002563000020200000307800008c
:10eac000253200002e320000580000000a0d000020
:10ead000525300002d320000333200002074000039
:10eae000657300007420000074650000726d000002
:10eaf000696e000061740000656400000a0d00008a
:10eb0000002500003269000020200000000a0000fb
:10eb10000d000000536500006c6500006374000088
:10eb20003a250000397300000042000061750000c2
:10eb30006420000052610000746500003a25000066
:10eb40003469000030300000004d00006f640000a8
:10eb5000653a0000253100003173000000540000c8
:10eb6000696d0000657200003a25000036690000fa
:10eb7000205300006563000000540000696d000030
:10eb8000657200003a200000204400006973000014
:10eb9000616200006c6500006400000042610000da
:10eba000636b00006c69000067680000743a000045
:10ebb0002536000069000000436f00006e740000fd
:10ebc00072610000737400003a250000376900008c
:10ebd000004c0000696d0000697400003a250000d7
:10ebe000382e0000316600003a3100000044000079
:10ebf00069730000706c0000617900003a25000024
:10ec0000387300000054000079700000653a00007d
:10ec100025310000317300000050000061670000e2
:10ec2000653a0000253100003173000000530000f8
:10ec3000575200002d2d00002e2d0000000a00006c
:10ec40000d45000045500000524f00004d200000cf
:10ec500043680000656300006b730000756d000081
:10ec6000730a00000d430000616c0000696200003f
:10ec700072610000746900006f6e000020200000c7
:10ec80003a200000257300000a0d0000436f0000c9
:10ec90006e66000069670000757200006174000014
:10eca000696f00006e3a000020250000730a000022
:10ecb0000d520000657300006574000020430000e1
:10ecc0006f7500006e740000657200003a2000004d
:10ecd000256400000a0d0000000a00000d45000038
:10ece00045500000524f00004d20000043680000d6
:10ecf000656300006b730000756d00002045000027
:10ed0000727200006f720000212000005265000046
:10ed10002d6c00006f610000646900006e670000e8
:10ed20002046000061630000746f000072790000eb
:10ed30002044000065660000617500006c740000ee
:10ed4000730000002043000068650000636b000052
:10ed5000737500006d20000045720000726f0000a6
:10ed600072200000004c00006f6100006469000028
:10ed70006e670000204400006566000061750000b9
:10ed80006c740000730000004a5500004d41000003
:10ed9000205000004131000030300000004f0000e2
:10eda000483200004e4c0000542f00003753000042
:10edb00056200000444c0000344a0000430000008c
:10edc00020200000436100006c69000062720000b6
:10edd00061740000696f00006e00000020200000d8
:10ede0004d6f0000646500002537000073000000cf
:10edf0002044000049530000504c000041590000dd
:10ee0000203d0000205000006167000065200000e8
:10ee1000004f000050450000522000003d2000003f
:10ee200053610000766500002f45000078690000fe
:10ee3000740000005379000073740000656d0000d9
:10ee4000204300006c6f0000636b00003a2000005c
:10ee5000256c0000692000006b4800007a0a000061
:10ee60000d00000020530000544200005900000033
:10ee70002020000054580000200000002045000021
:10ee80007272000020000000204f0000504500007a
:10ee900052000000252d00003136000073000000f4
:10eea0004b580000332000004d7300006720000025
:10eeb000546900006d6500002d4f0000757400005e
:10eec0000053000065740000207400006f3a0000d9
:10eed0002020000020350000205300006563000062
:10eee00073000000202000002020000020200000ef
:10eef000557300006572000000200000436f0000a1
:10ef00006e660000696700007572000061740000a1
:10ef1000696f00006e00000020250000362e000002
:10ef200033660000202000000020000020200000a8
:10ef300020200000005300004f4d0000414600001b
:10ef400043000000dc050000d1070000a10f000015
:10ef5000401f0000e02e0000983a0000384a0000f0
:10ef6000d859000090650000317500000a000000cb
:10ef70008700000099010000ab020000ba03000006
:10ef8000cc040000df050000ed060000ff070000d4
:10ef900012090000200a00009a99000011410000a7
:10efa0003d0a0000834100000a0000000900000043
:10efb0000800000007000000060000000500000037
:10efc0000400000003000000030000000200000035
:10efd00001000000630000000a00000009000000ba
:10efe000070000000600000005000000040000000b
:10eff00003000000020000000100000063000000a8
:10f00000554e00004b00000031360000300000007b
:10f01000383000004d000000343000004d0000008a
:10f02000333000004d000000323000004d00000081
:10f03000313700004d000000313500004d00000068
:10f04000313200004d000000313000004d00000062
:10f050004f460000460000005054000054000000dd
:10f0600048520000424e00002564000000480000a5
:10f07000524d00004425000064000000525800007a
:10f080002c250000732c0000257300002c250000a7
:10f0900064250000632c0000252e0000316600006e
:10f0a0005600000048520000545000002564000043
:10f0b000256300000048000052560000542500005f
:10f0c0002e3100006656000000480000524100004a
:10f0d0005430000000480000524200005225000059
:10f0e00064000000485200004b580000300000004f
:10f0f00048520000544d000000250000633a000013
:10f10000256300003a250000633a000025630000f3
:10f110003a250000326400003a2500003164000006
:10f120003a250000332e0000316600003a25000029
:10f13000352e0000326600003a250000342e000013
:10f14000316600003a250000352e000031660000cf
:10f150003a250000336400003a25000031640000c5
:10f160003a250000325800000a0d0000000000009f
:10f17000636c0000656100006e0000006d6f0000b0
:10f1800064000000253500007520000025350000d2
:10f190007520000025730000000000005e000000e4
:10f1a0001b010000d7010000930200005003000083
:10f1b0000c040000c90400008505000042060000a0
:10f1c000fe060000ba070000000000000100000079
:10f1d0000200000003000000030000000400000023
:10f1e0000500000006000000070000000800000005
:10f1f000090000000a000000303400002f4f00001a
:10f20000435400002f32000030320000360000006e
:10f21000763400002e3000003400000000000000b2
:10f2200001000000070000000200000003000000d1
:10f2300004000000060000000500000054720000f9
:10f24000697000003a2500003131000073000000b1
:10f250004c6900006d690000743a00002539000017
:10f260002e3200006656000000430000616c000072
:10f2700025370000733a00002535000069000000c2
:10f2800046720000657100003a250000372e00002c
:10f2900033660000204d0000487a00000046000060
:10f2a00061630000746f0000720000004f66000090
:10f2b0006673000065740000005300007570000064
:10f2c000706c0000793a000020200000000000006f
:10f2d0004265000065700000204c0000656e000073
:10f2e00020300000203d0000204f00006666000036
:10f2f000004200006565000070200000546f0000af
:10f300006e6500002020000020200000202000006a
:10f3100020000000506f00007765000072200000a0
:10f32000417600006572000061670000696e0000b0
:10f3300067200000004f0000766500007276000034
:10f340006f6c000074610000676500002020000001
:10f3500020200000200000004f76000065720000b1
:10f36000766f00006c74000061670000652000008b
:10f370005472000069700000004c00006f770000bc
:10f38000205600006f6c000074610000676500008b
:10f390002020000020200000200000004c6f000012
:10f3a00077200000566f00006c7400006167000059
:10f3b00065200000547200006970000000500000d9
:10f3c000726500002d4c0000696d0000697400003a
:10f3d000205400007269000070200000200000002e
:10f3e000467500006c6c00002d5300006361000046
:10f3f0006c650000205000006f770000657200000f
:10f4000000530000706c0000617300006820000071
:10f410005363000072650000656e0000202000004c
:10f4200020000000284f0000666600002900000050
:10f4300042650000657000003a250000396900004f
:10f440006d5300000042000065650000703a000046
:10f45000253100003173000000530000616d000091
:10f46000706c0000657300003a25000036730000e0
:10f470002532000069000000546f00006e65000036
:10f480003a25000031310000730000004a550000a9
:10f490004d41000000520000532d000039320000a1
:10f4a000380000004d61000078200000506f00001f
:10f4b00077650000723a00002535000069570000aa
:10f4c0000046000061630000746f0000723a0000a3
:10f4d000253900006c6400000044000069730000de
:10f4e000706c0000617900003a250000387300005c
:10f4f000000a00000d5300006572000076690000ec
:10f50000636500002026000020430000616c0000bd
:10f510006962000072610000746900006f6e000093
:10f52000204d00006f640000650000000a0d00001f
:10f5300044490000535000004c410000592f000086
:10f54000434f00004e460000494700003a200000ab
:10f55000536500006c6500006374000020500000db
:10f5600061670000650a00000d4f00005045000073
:10f57000523a000020530000617600006520000030
:10f580002620000045780000697400000a0d000084
:10f59000000a00000d430000616c00006962000079
:10f5a00072610000746900006f6e0000207300003b
:10f5b00065740000746900006e670000732000002d
:10f5c000736100007665000064200000746f000025
:10f5d0002045000045500000524f00004d0a000039
:10f5e0000d0000004f730000636900006c6c0000a8
:10f5f000617400006f72000020540000726100000e
:10f6000070210000002000004164000064720000ce
:10f6100065730000732000005472000061700000e8
:10f620002120000020000000202000005374000072
:10f63000616300006b2000005472000061700000e4
:10f64000212000002020000000200000204d0000ac
:10f65000617400006820000045720000726f0000b5
:10f66000722100002020000020000000496e0000f0
:10f670007465000072720000757000007420000054
:10f6800045720000726f000072210000002000002f
:10f69000556e00006b6e00006f7700006e2000005a
:10f6a00045720000726f000072210000200000000f
:10f6b0000a0d000054520000415000003a200000a2
:10f6c0004f730000636900006c6c000061740000ff
:10f6d0006f72000020450000727200006f7200001f
:10f6e0000a0d0000004f000053430000434f00008c
:10f6f0004e20000030780000255800000a0d000060
:10f70000000a00000d54000052410000503a000071
:10f710002041000064640000726500007373000003
:10f7200020450000727200006f7200000a0d000098
:10f7300000570000302000003078000025580000fd
:10f740000a0d000000570000312000003078000052
:10f75000255800000a0d000000570000322000006c
:10f7600030780000255800000a0d00000057000006
:10f770003320000030780000255800000a0d0000fa
:10f7800000570000342000003078000025580000a9
:10f790000a0d0000005700003520000030780000fe
:10f7a000255800000a0d0000005700003620000018
:10f7b00030780000255800000a0d000000570000b6
:10f7c0003720000030780000255800000a0d0000a6
:10f7d0000057000038200000307800002558000055
:10f7e0000a0d0000005700003920000030780000aa
:10f7f000255800000a0d00000057000031300000bd
:10f800002030000078250000580a00000d0000009c
:10f8100057310000312000003078000025580000ea
:10f820000a0d0000005700003132000020300000b7
:10f8300078250000580a00000d0000005731000034
:10f840003320000030780000255800000a0d000029
:10f8500000570000313400002030000078250000ff
:10f86000580a00000d00000057310000352000004c
:10f8700030780000255800000a0d0000000a000042
:10f880000d54000052410000503a00002053000087
:10f8900074610000636b000020450000727200007c
:10f8a0006f7200000a0d0000000a00000d540000f5
:10f8b00052410000503a0000204d000061740000e9
:10f8c0006820000045720000726f0000720a00009c
:10f8d0000d0000000a0d00005452000041500000cd
:10f8e0003a2000005370000075720000696f00003c
:10f8f00075730000204900006e74000065720000fe
:10f9000072750000707400002045000072720000e3
:10f910006f7200000a0d000000000000383800007f
:10f92000380c000001060000253500002e300000d4
:10f9300066df000046000000253500002e30000084
:10f9400066df000043000000253600002e31000075
:10f950006657000000530000575200002534000095
:10f960002e31000066000000253600002e32000017
:10f970006656000000250000362e000031660000ab
:10f9800041000000253400002e31000066640000b4
:10f99000426d00000000000000000000803f0000f9
:10f9a00000000000803f000020bc0000be4c0000b2
:10f9b00000000000c842000000240000744900005c
:10f9c0000050000043480000cdcc0000cc3d0000ba
:10f9d0007f010000bf0000005f0000002f0000005a
:10f9e000170000000b0000000700000003000000eb
:10f9f000090000000a0000000b0000000e000000db
:020000040000fa
:10dda400809fbe003400f80020002000a0018800fd
:10ddb4000000fa0050448000e20f50001a003200c4
:10ddc400e30f50002d003200e10f50000300320039
:10ddd400d222a8008cc0a90038003700b0168000f9
:10dde4006200600000f0a7000000ea000000e90003
:10ddf4004f00de00004078000080fb0061006000fe
:10de040000004000b11680000110a1000100700064
:10de1400b0168800600880000000d1006008880007
:10de24008a28ef0025003700b016800062006000e9
:10de340000f0a7000000ea000000e9004f00de0047
:10de4400004078000080fb0061006000000040009a
:10de5400b11680000110a10001007000b016880006
:10de6400b0168000620060000000e0001200320082
:10de7400100020005044880010003700b0168000c5
:10de84006200600000f0a7000000ea000000e90062
:10de94004f00de00004078000080fb00610060005d
:10dea40000004000b11680000110a10001007000c4
:10deb400b0168800010037000000000084c0a900eb
:10dec4000080fa003400f9004f00be000040060054
:10ded4003600f800809fbe00829fbe00849fbe0073
:10dee400869fbe003400f80020002000a0018800b6
:10def4000200fa000000eb00000f780084e0a900a3
:10df040005e1a90000088000a04388000021ef007b
:10df140005e1a800204480000000e0000d0032006c
:10df2400a04380008000eb0061014000e0814800d4
:10df340060418000714180000200400083804800fd
:10df44006041880071418800204480000000e9009d
:10df540020448800004480000000e00031003200ca
:10df640011bd8700a0438000808f50000c00310059
:10df7400a1438000d0478000808f50000200310010
:10df8400a0438000d0478800a14380001044800053
:10df9400808f500002003600a043800010448800a7
:10dfa4001e00780080004000207a2f00008040008e
:10dfb40090007800a0438000808f50000c0039004e
:10dfc4001e00780080004000a0c7200000804000b0
:10dfd400100078008000e8001e0078000001400076
:10dfe400a0c72000000041000108780004003700a9
:10dff4001e0fe8001e007800e90f5000e8ff34000f
:10e004001e007800ea0f500003003a003c28ef009d
:10e01400a0002000505a8800004480000000e9005d
:10e0240000448800304480000000e0000800320012
:10e03400304480000000e90030448800304480000f
:10e044000000e00002003a00200020005044880054
:10e05400d04380000000e00003003200d043800081
:10e064000000e900d0438800f04380000000e00095
:10e0740003003200f04380000000e900f043880010
:10e08400304580000000e00003003200304580008d
:10e094000000e90030458800c04380000000e00033
:10e0a40003003200c04380000000e900c043880040
:10e0b400b04380000000e00003003200b043800061
:10e0c4000000e900b0438800204080000000e00028
:10e0d40003003200204080000000e9002040880056
:10e0e400e04380000000e00007003200e0438000cd
:10e0f4000000e900e0438800e04380000000e00005
:10e1040001003a003c28ef00f04180000000e000ec
:10e1140078003a00604480000000400060448800b9
:10e124001116800000002800008060000000e0005c
:10e1340004003a00604480000000a00060448800ad
:10e1440003003700604480000000a10060448800a0
:10e154007044800000004000704488001116800064
:10e1640000002400008060000000e00004003a0089
:10e17400704480000000a000704488000300370051
:10e18400704480000000a100704488008044800036
:10e194000000e0000b003a0060448000e10f400002
:10e1a4000e003a001000200080448800a0282000bf
:10e1b400c0448800e04480000000e800e044880097
:10e1c40006003700604480000000e00003003a00cd
:10e1d4009028ef009828ef009428ef0090448000e6
:10e1e4000000e0000b003a0070448000e10f4000a2
:10e1f4000e003a001000200090448800a02820005f
:10e20400d0448800e04480000000e900e044880035
:10e2140006003700704480000000e00003003a006c
:10e224009228ef009a28ef009628ef00c04480005f
:10e234000000e00008003200c04480000000e90053
:10e24400c0448800c04480000000e00002003a009e
:10e25400f0468000a0448800d04480000000e00024
:10e2640008003200d04480000000e900d044880057
:10e27400d04480000000e00002003a00f046800034
:10e28400b0448800a04480000000e0000b0032008d
:10e29400a04480000000e900a0448800a04480005d
:10e2a4000000e00005003a00f0468000a044880029
:10e2b400e04480000000e800e0448800b0448000ae
:10e2c4000000e0000b003200b04480000000e900d0
:10e2d400b0448800b04480000000e00005003a002b
:10e2e400f0468000b0448800e04480000000e9006b
:10e2f400e0448800f1de070053fc07000080fa00c8
:10e304003400f9004f03be004f02be004f01be00af
:0ce314004f00be003600f900004006007b
:020000040000fa
:10e32000cc0c00000c00000000000000ee08000013
:10e3300004000000000000000209000012010000bb
:10e340000200000004f10b00f10ff10016f11b00b8
:10e35000f126f1002ef13800f140f1004af15200af
:10e36000f15cf10063f16900f16ef10072f1760089
:10e37000f179f1007cf17f00f182f10086f18d00ee
:10e38000f191f10094f19c00f15cf100a4f1a9007d
:10e39000f1b0f100b7f1be00f1c5f100ccf1d3004e
:10e3a000f1daf100e1f1e800f1eff100a9f1f60096
:10e3b000f1fdf10004f20b00f212f20019f220005c
:10e3c000f227f2002ef2ef00f135f20046f257008c
:10e3d000f261f20065f26d00f275f20081f29200d6
:10e3e000f29ff200abf2bc00f2bcf200c8f2d10026
:10e3f000f275f200ddf2e600f2f6f20003f314002b
:10e40000f324f30033f34400f350f30057f35c00bc
:10e41000f363f30063f36500f36ef30074f37a00c3
:10e42000f38bf3009cf3a200f3a6f300aef3b60067
:10e43000f3b9f3008df1c000f3c7f30000f8040056
:10e44000f808f8000cf81000f814f80018f81c0090
:10e45000f820f80024f80000f828f8002cf8ae00a6
:10e460003b483c00623c18003ba83c00be3cba0064
:10e4700045ba4500ba45960043ac4400ee45ea0073
:10e4800044f845009e483c00496649008e49c20058
:10e4900049e44900064a2e004a544a00984ad600e8
:10e4a0004a284b00484b68004b8e4b00ae4bd400c3
:10e4b0004b000000140b000088000000000000006a
:10e4c000000800007400000000000000dc080000ec
:10e4d0001200000002000000c800640000040000f8
:10e4e00001000100006400000100520000ffff0075
:10e4f000be0c00000e0000000200000094fc9c0016
:10e50000fca4fc00abfcb400fcbbfc00c2fc0000a3
:10e510008e0c00001000000000000000f208000057
:10e520000400000000000000220c00003a0000007f
:10e5300002000000e1e7e800e7f5e70005e8130066
:10e54000e820e8002ce83700e842e8004ce85600f4
:10e55000e860e8006ae87400e87ee8009458b600d5
:10e5600058d8580016592400594059008e599e0019
:10e5700059b25900c659da00590c5a00485a7c0061
:10e580005a0000009c0b0000440000000200000044
:10e590005df96700f967f90067f96800f979f90032
:10e5a0008af99b00f9acf900bdf9ce00f9dff9005a
:10e5b000f0f96700f901fa0067f91200fa46fa006b
:10e5c0004bfa2400646464009064b80064e0640062
:10e5d00014654400658c6500b2650800663066000d
:10e5e00086662400675e6700cc670000f6080000be
:10e5f00004000000000000007a0c0000140000007d
:10e600000000000074080000480000000000000046
:10e61000fa0800000200000002000000ffff0000f6
:10e62000bc0800002000000000000000140a0000e8
:10e630000001000000000000fc08000002000000d3
:10e6400000000000fe0800000200000002000000c0
:10e6500001000000000900000200000000000000ae
:10e66000d80c00000200000000000000e00b0000d9
:10e670004200000002000000e40be6000be60b0085
:10e680000100030000000000000000000000000086
:10e69000000030001e0000000000000000a4180070
:10e6a000b00e0000000000000000000000000000ac
:10e6b000000000000000000000000000000000005a
:10e6c000000000000000000000000000000000004a
:10e6d0009e0c00001000000002000000494e4600a1
:10e6e00000696e0066004e00414e00006e616e00d3
:10e6f000000000005c0c00001e0000000200000092
:10e70000286e69006c29000025006800076c09006c
:10e710004c836a009074a0007ac000008068880072
:10e7200000846c0082008100ae0c0000100000002c
:10e7300002000000494e460000696e0066004e006f
:10e74000414e00006e616e0000000000da0c000017
:10e7500002000000020000000100000000000000b4
:020000040000fa
:10e760003600f800809fbe00829fbe00849fbe00de
:10e77000869fbe003400f80020002000a001880021
:10e780000200fa00befc070030032000a010880041
:10e790000000eb00000f78000200370000000000ce
:10e7a0001e0fe800f0cf27009e007800808f5000f9
:10e7b000faff340080b52f00801f7800b7cc070027
:10e7c0008f87e900103a8000801f780030b72f0053
:10e7d000801f7800b1cc0700e48757000000eb00f1
:10e7e000adfc0700ffff37003600f800809fbe0039
:10e7f000829fbe00849fbe00869fbe003400f8004a
:10e8000020002000a00188000000fa00e0458800f8
:10e81000f145880002468800134688002446880097
:10e820003546880046468800574688006846880076
:10e83000794688008a4688009b468800ac46880056
:10e84000bd468800ce468800df4688008cfc070065
:10e8500010b82f00801f780090cc07008f87e90048
:10e86000e0458000801f780090b92f00801f78005d
:10e870008acc0700e4875700f0458000801f7800ad
:10e8800030ba2f00801f780084cc0700e48757003f
:10e8900000468000801f7800d0ba2f00801f7800cb
:10e8a0007ecc0700e487570010468000801f780068
:10e8b00070bb2f00801f780078cc0700e4875700da
:10e8c00020468000801f780010bc2f00801f780039
:10e8d00072cc0700e487570030468000801f780024
:10e8e000b0bc2f00801f78006ccc0700e487570075
:10e8f00040468000801f780050bd2f00801f7800a8
:10e9000066cc0700e487570050468000801f7800df
:10e91000f0bd2f00801f780060cc0700e48757000f
:10e9200060468000801f780090be2f00801f780016
:10e930005acc0700e487570070468000801f78009b
:10e9400030bf2f00801f780054cc0700e4875700a9
:10e9500080468000801f7800d0bf2f00801f780085
:10e960004ecc0700e487570090468000801f780057
:10e9700080c02f00801f780048cc0700e487570034
:10e98000a0468000801f780030c12f00801f7800d3
:10e9900042cc0700e4875700b0468000801f780013
:10e9a000e0c12f00801f78003ccc0700e4875700af
:10e9b000c0468000801f780090c22f00801f780022
:10e9c00036cc0700e4875700d0468000801f7800cf
:10e9d00040c32f00801f780030cc0700e487570029
:10e9e000100020002cfc0700ffff37003600f80065
:10e9f000809fbe00829fbe00849fbe00869fbe0097
:10ea00003400f80020002000a00188000000fa0077
:10ea1000df4688000f90200019fc0700f0c32f008c
:10ea2000801f78001dcc07008f87e900d04680004a
:10ea3000801f780040c32f00801f780017cc07008c
:10ea4000e48757002000200013fc0700ffff370079
:10ea50003600f800809fbe00829fbe00849fbe00eb
:10ea6000869fbe003400f80020002000a00188002e
:10ea70000000fa0002fc070050c52f00801f78003c
:10ea800006cc07008f87e9003000200002fc070059
:10ea9000ffff37003600f800809fbe00829fbe0057
:10eaa000849fbe00869fbe003400f8002000200036
:10eab000a00188000000fa00f1fb070090a0a90067
:10eac0009120a900a0c62f00801f7800f3cb07007b
:10ead0008f87e90040002000effb0700ffff3700b1
:020000040000fa
:10eae0008a1f78008b1f78000000060091018800c3
:10eaf000800478000000eb001a003700e284440034
:10eb000032a0b4009905ba00e284440032a0b400f7
:10eb10009906ba00e284440032a0b4000006eb007b
:10eb2000476fde00fd07b200636ce10003003a00ae
:10eb3000ebff07000000eb000a003700606ce1000b
:10eb400004003a00005deb008b05e900fdff3e008c
:10eb5000040037006168e100010032000086eb002c
:10eb60000b00070019c7ba001905ba000e04e0002f
:10eb700003003a000a00e000e0ff3a00000006004f
:10eb8000fe07b2009e0188008a047800f5ff370076
:10eb9000395dba008b05e9000c003200295dba002e
:10eba0008b05e900080032000c00e00003003a0089
:10ebb000e284440032a0b400f5ff370019ddba004a
:10ebc0008b05e900faff3a008904e800e18444007b
:08ebd00032a0b40000000600b1
:020000040000fa
:10ebd8000fed20000e7922000e01880000000000d1
:10ebe800000020000000e0000200320000012000c8
:10ebf800200288001400070054c607000000e00047
:10ec080003003a0000192700010020000200370025
:10ec18000000200001002000810f70000100320078
:10ec2800b0ff0700000020000000e00002003200f2
:10ec38000000020000000000244d02000000000057
:10ec48000040da000000fe004440a9008076210060
:10ec58000000e0000300320020002000a00188002e
:08ec68004440a8000000060072
:020000040000fa
:10ec7000809fbe00829fbe003400f800200020006c
:10ec8000a00188000200fa008520a9000e003700cc
:10ec900090108000004f7800fec8bf008040e80060
:10eca000fcc8bf0080cf500007003200fec8bf0084
:10ecb0008080fb0042a120009e41780003f1780093
:10ecc0000040e800fee8b7007010800061006000be
:10ecd0000000e000eeff3a0070108000620060006b
:10ece0000000e000010032000e22a9000080fa00be
:10ecf0003400f9004f01be004f00be000040060086
:00000001FF
