:020000040000fa
:080000008878040000000000f4
:020000040000fa
:100200008878040000000000005d04000000000089
:100210009e70040000000000b03e040000000000da
:10022000583a040000000000bc590400000000001f
:100230000637040000000000443b040000000000fa
:10024000743c0400000000000e3d040000000000ab
:10025000283d040000000000da3b0400000000001c
:100260006e3d040000000000843d0400000000001a
:10027000e8470400000000003845040000000000ca
:10028000d8460400000000001c48040000000000e4
:10029000164704000000000026480400000000008b
:1002a000de4a0400000000007c4b04000000000057
:1002b000a64b040000000000ce4b0400000000002c
:1002c000024c040000000000244c04000000000068
:1002d000464c0400000000006e4c040000000000ca
:1002e000944c040000000000d84c04000000000002
:1002f000164d040000000000684d040000000000de
:10030000884d040000000000a84d0400000000001b
:10031000ce4d040000000000ee4d0400000000007f
:10032000144e040000000000344e040000000000e1
:10033000065b040000000000285b040000000000d1
:100340004a5b040000000000885b0400000000001d
:10035000965b040000000000b25b04000000000097
:10036000005c040000000000105c040000000000bd
:10037000245c040000000000385c04000000000061
:100380004c5c0400000000007e5c040000000000e3
:10039000ba5c040000000000ee5c040000000000f5
:1003a0009666040000000000d6660400000000000d
:1003b00002670400000000002a670400000000003b
:1003c000526704000000000086670400000000007f
:1003d000b667040000000000fe6704000000000093
:1003e00024680400000000007a6804000000000097
:1003f000a268040000000000f8680400000000008b
:100400009669040000000000d069040000000000ac
:100410003e6a040000000000641e040000000000aa
:10042000d818040000000000b40e04000000000012
:100430000a00fa0011002000b1bf9f00c0bf9f005a
:100440006a805700e21107004fb897000080fa0059
:10045000000006000a00fa00e20f500034003e00df
:1004600060678000e10f500003003200e20f50008f
:1004700011003a000c003700c32020000300e00008
:1004800001003a000040da000c02e20002003500f0
:100490001422ef000de2a8000f42ab000d003a005d
:1004a0000f42a8000b003700632120000300e0008a
:1004b00001003a000040da001602e20002003500b6
:1004c0001e22ef0017e2a8001942ab0001003a001b
:1004d0001942a800820178000b0037003102fb00ae
:1004e000e10f500004003a000f22ab00feff3a007b
:1004f00084108800030037001922ab00feff3a0089
:10050000d41088008301e9000300e000f3ff3a0003
:10051000e10f500003003a000f02ab00feff320073
:100520000b0037001902ab00feff32000800370055
:1005300033002000b3bf9f00c0bf9f00d1bf9f000a
:10054000e2bf9f006a805700a31107006fb99700b0
:10055000020078000080fa0000000600000005009c
:10056000839f68000100e00002003d006000100071
:10057000e08018000300e00002003d00600111006f
:10058000e0811900420007004f00e00002003b003c
:1005900060001000e080180000000600f4ff2f004b
:1005a000a00337000001be00240007000470a7006c
:1005b00003f0a1006509b100160032000d003500fe
:1005c0006828e10006003500f0ff2f00f1ff27004a
:1005d0000300e00013003b000100280000000500bc
:1005e00000004000818048008502e900fcff3a00dd
:1005f00008003700f88f420002003c008000eb004a
:10060000000005008100d1000080d3008502e800d1
:10061000fcff3a000300e00002003b006000100015
:10062000e0801800000006004f89de00820178009b
:10063000970337006011b800a5033700c70ade0032
:10064000f107b200f50fb20008003200e1cf42001e
:10065000020032000170a00024000500810f70002c
:10066000010032000408050044000500810f7000fd
:1006700002003a00140005008502e9000000400075
:1006800081c04800fcff3b000170a0002400050071
:100690006022b800060220000000d0008180d20055
:1006a0000482d2008582d2000000a0000202520023
:1006b00083825a00030031000202420083824a0012
:1006c0000000a1000603e900f3ff3a000000060065
:1006d00007f82700078361000638e10004003a00ac
:1006e000f7072000878361008703710001003a004b
:1006f00003f0a200889fbe008a9fbe008c9fbe00b0
:10070000470ade000480a100c71ade000580a100b0
:10071000070028000785600087856100f70f20002b
:100720000720e1009e0032000728e1009c00320013
:10073000010678000400e000b4003200f707200052
:10074000878060000170a0000500e000c00032005a
:10075000f7072000878161000370a00005065200a2
:100760000f003a000b50e1000b0032000308e100db
:1007700002003a000200e1007e0032000204500054
:1007800083845800040031000001fd008101fd0058
:100790008402fd008a05fd006044b8002100370096
:1007a0000520e10005003d000001fd008101fd0084
:1007b0008402fd008a05fd00050652007a60e10012
:1007c000050035000170a1004722dd008480700023
:1007d0008a807000630037006044b800ef02660052
:1007e00007ff2f00070666000500e0000600340042
:1007f000f08312008714dd000511de00071bdd0009
:10080000060171008519de007060e1000500350009
:100810000904780082047800030178008001eb006d
:10082000700656000b50e10003003a000200400041
:10083000838048000400370060041400e0841c003a
:1008400002005800838058000188a300060032008f
:100850008100d1000080d3008984d3000884d300b4
:100860000402e800270037000178a30025003a00c1
:100870000100e000030032008186cf006986560047
:100880000a0037008c0020000000e00004003a005d
:1008900009007800880478000004eb007002520020
:1008a0008086cf000d0646000c06e9007060e1006e
:1008b0000600350080007800090078008804780080
:1008c0000004eb0070065600700252000c00e000bd
:1008d0000c0034008c08dd00f00316000703de0076
:1008e000868070000c00dd00074bde000600700003
:1008f0008c4cdd000743de00868474000c44dd0070
:100900000c0252006120e10020003500610160000e
:100910000700280087816400f7ff270087836400b1
:10092000070374000300e000060032008203730036
:10093000040032000000e800e08048000188a300c5
:100940000e003a00f70f20000720e1004a003d00aa
:100950000170a1004722dd00810072008a807000d2
:100960000000be004f06be004f05be004f04be0093
:10097000000006006000b800faff37008100d100d7
:100980000080d3000402e800eeff37000401780085
:1009900089017400a10107008a807000f1ff37000f
:1009a000f7010700070278000001fd008101fd004a
:1009b000f301070087027800850372000778a3001f
:1009c000040032000001fd008101fd000602070065
:1009d000e4ff3700850362000768a30008003200c7
:1009e0000b50e10003003200f0ff2f00f1ff270061
:1009f000dcff37000001fd008101fd00d9ff370059
:100a00000468a300d7ff3200faff3700f8ff270081
:100a1000888360000b003a000000e00009003a0003
:100a20008303640082837300020032000200be0070
:100a3000ccff37000b50e100ceff3a000200be00b1
:100a4000c8ff370014002000810064003eff37001b
:100a5000f8ff27008883610004003a000200e000ec
:100a600002003a008c007800beff3700150020001d
:100a70008301640039ff370001f8270000002000df
:100a800081007500b7ff3700889fbe008a9fbe00b7
:100a90008c9fbe001b0020000202be00058668007d
:100aa00006002800060666004709de00f20fb200c5
:100ab000820032000243e80080003200c729de00d5
:100ac000f30fb2007d0032000343e8007b003200e8
:100ad000f107b2000170a000f507b2000570a00098
:100ae000c708dd004903de00868070004700dd0096
:100af000c72add004923de00868272004722dd001e
:100b000003055100040350008583580003003100a1
:100b100000004000818048000a05e9008c1f780031
:100b20008a9fbe00040050008580580004024200e5
:100b300085824a0000004000818048000005eb00eb
:100b40000004be006033b8000406be000d48e1009a
:100b500056003100110009004dccd8000c01b8003e
:100b60000d02b8008481410060824a0082835300f4
:100b700003045c0084845c0060055d000a00e00002
:100b800025003a00800578000d40e1004900310061
:100b90008800780007007800110009004d88d8000f
:100ba0000c01b8000d02b8008481410060824a0047
:100bb0006003110083835b0004045c00e0845c003c
:100bc0000900e00021003a004f01be000300e000f0
:100bd0002b003200e3016000070673008c81710076
:100be00001003200640070004200de004e5edd0055
:100bf0000c007000c258de0001e0a0008301070075
:100c0000cf017800818071004f06be004f05be0005
:100c10004f04be00000006008c8343000d044c000e
:100c2000e0844c0060054d000000e9000a00e0008f
:100c3000d4ff32008c8343000d044c00e0844c0050
:100c400060054d000000e900ceff37000c034300b3
:100c50008d834b0060044c00e0844c000000e900f0
:100c60000900e000d8ff32000c0343008d834b00e5
:100c700060044c00e0844c000000e900d2ff370023
:100c80004200de004e5edd000c007000c258de0047
:100c900001e0a000cf0178000300e000daff32009d
:100ca00060001000e0801800d7ff3700f0ff2f0031
:100cb000aaff3700f0ff2f00b9ff37000404be0081
:100cc0002f010700870678000004fd008104fd0065
:100cd0002b010700078366000678a300030032009b
:100ce0000960a7000800be002c0037000d78a300a3
:100cf000020032000800be00280037000778a30079
:100d000026003a0001f0a10009f0a1000668a30046
:100d100003003200f1ff2700f0ff2f00baff370079
:100d20000d68a300030032000800be008c80700034
:100d3000b5ff37000768a30007003a000648a30084
:100d400003003200f1ff2700f0ff2f00aeff370055
:100d50000d48a300030032006000b8008c807000d2
:100d6000a9ff37000748a3000400320001f827005c
:100d7000000020008c807000a3ff37007601070080
:100d80000004fd008104fd000205780072010700e7
:100d90000802be008a01780059ff37000160a000f8
:100da000120220002248880097ff37000100e0006f
:100db000120032000500e00010003200889fbe00e3
:100dc0008a9fbe008c9fbe000006eb0001f8a300c6
:100dd0000300320060001000e08018000cf0a0005a
:100de00005f8a3000300320060021200e0821a003e
:100df0000cf0a2008005eb0041ff37006000b80056
:100e00000200050003836800070028000703630051
:100e1000470ade000480a100c71ade000580a10099
:100e2000f70f20000720e100420032000728e10010
:100e300040003200889fbe008a9fbe008c1f780051
:100e4000f107b200f307b2000400e00064003200d2
:100e50000170a0000500e000680032000370a000ef
:100e600085054200eb07b1000204b8000302b80098
:100e70008484440060854a00020ab80084844400e7
:100e80000a854a00030ab80004054500040033003f
:100e90000804d0008984d2000a85d2008b05e900bd
:100ea0006158e1003d003500021020000901610099
:100eb0000308200089816100f70720008783640010
:100ec00008867300c84cde00c853dd0087847400b8
:100ed0004855de000300e000060032008203760081
:100ee000040032008904e80060054d000a88a30070
:100ef0000c003a00f70f20000758e10044003d00c5
:100f00000a70a100c75ddd000a8575008a007300c4
:100f1000090078004f0678004f05be004f04be0060
:100f2000000006000a05d1008984d3008b05e80083
:100f3000f0ff3700881f7800060478009000070053
:100f4000070278000001fd008101fd008c00070010
:100f500087027800850372000778a300050032003d
:100f60000001fd008101fd009f0007004f04780093
:100f700000000600850372000748a300030032004a
:100f8000f0ff2f00f1ff2700f8ff370000002000de
:100f900001f8270088807000f4ff3700880178008e
:100fa0004848dd00808171004848de00c850dd00ff
:100fb00001007000c850de00060478000b017800c4
:100fc0001600070088807000d2ff37000500e0009f
:100fd00005003200170020003a0007009dff37008f
:100fe00081037000f9ff3a00860078004f06780010
:100ff0004f05be004f04be000000050083037100d2
:10100000f9ff3200270020002e00070094ff370070
:1010100001f8270086807000f4ff37000100e0002f
:1010200026003200610111007810e10023003c002d
:101030006022b8007010e1000400350080027800e2
:10104000010078008000eb00700151000200e00018
:101050000900340070031100062add00822ade0038
:101060008603dd00878272000200de00860bdd0051
:10107000070070008208de0084817100f4ff270001
:10108000048262008481710004002800848262006e
:101090006102600005f0a6000000060004827100f5
:1010a000070032000000e800e08048000000060071
:1010b0000002be006000b800efff37006000b8001b
:1010c00000000600889fbe000004eb006138e100cc
:1010d00016003a000100e00008003a00c800de00f7
:1010e0004800dd00880020000100e00003003a0015
:1010f000c800de004800dd00680444008184cf00a1
:10110000e9845400060034008908dd00f0831400ef
:101110008703de00878070000900dd0009044400b9
:10112000610214004f04be00000006000300e0004e
:1011300008003a00c811de004811dd0088002000d8
:101140000300e00003003a00c811de004811dd0092
:10115000680444008384cf00e9845400060034000e
:101160008919dd00f08314008713de008781710088
:101170000911dd0009044400e1021400e9ff370011
:101180002700200001f0a70017002000470bde0019
:10119000f60fb200040032000643e8000a003200f5
:1011a0004702b3000000060001037800f607b20012
:1011b0000603700002003a000703b30000000600b7
:1011c0008702b3000000060001037800f607b200b2
:1011d00006037000020032000770a0000000060045
:1011e0000760a000000006000478a300040032009d
:1011f0000578a300030032000168a30001003a0053
:101200000200be000160a000000006008101700025
:10121000270032008002eb0001f8a3000300320037
:1012200060001000e080180015002000f407200086
:101230000202420020003400f70320008703600010
:101240000604200000036300020820000001610082
:101250004700de00c909dd0000807100c708de001c
:101260000600e0000800320087037100060032002b
:101270001000b0000180b0000188a300020032001d
:10128000c108de000402e800f107b200f30f2000fd
:101290000320e10003003d004722dd0081007200d1
:1012a0002900370001f827000000eb002600370076
:1012b0006000b80000000600680212007f20e10014
:1012c000020034006000b8001f0037006011b80051
:1012d0007020e100040035008001780001007800f2
:1012e0008000eb00700252000400e00009003400ae
:1012f000f00312000719dd008419de000703dd008a
:10130000868171000400de00070bdd00060070001e
:101310008408de00f7ff27008383630087037100e2
:101320000600280003036300070032000700e00006
:1013300003003a0061016000028173000200320084
:101340001000b0000180b0000500a60000000600fb
:1013500001f0a000000006004f0ade004709de0091
:10136000f107b200f20fb2000b003200f207b10039
:101370000170a000c708dd00c901de008380700095
:101380004700dd000400a600000006006000100019
:10139000e080180000000600810f700001003a0094
:1013a000000006008182cf000500e00010003e0032
:1013b0008082cf00ee8242007028e10004003900f4
:1013c00007003e00800078000000eb000e003700b0
:1013d000708312008600de000500dd000a00370081
:1013e000708352008600dd000000eb00060037002d
:1013f000e28252008508dd00708312000603de00e1
:10140000868070000500dd007507b0000501ea0068
:101410000400a6000000060060001000e080180034
:1014200000000600889fbe008a9fbe00841f7800cf
:101430007c0007004f00780011003300f0ff2f0000
:10144000838f6c0006003b00040565000a00a700be
:101450000800370009f0a60010002000080037003f
:10146000820f5400838f5c000300390010002000bd
:1014700001003e000000200009f0a7000000ea0083
:101480004f05be004f04be000000e0000000060053
:10149000881f7800030478000300e00007003d0087
:1014a00060001000e080180060011900e081190060
:1014b00002003b0001f02d0003003700040007008c
:1014c00008f0a70001f0a0004f047800000006001b
:1014d000889fbe008a9fbe000082700004027100d7
:1014e00004827100260032000004be000200be002b
:1014f0006011b8006b092000950220000182cf0026
:101500000a0039000541b1000082cf000700390010
:101510000541b1000982cf00040039000541b10046
:101520000882cf00010039000541b1000542520098
:10153000120032000a003b008281710061016400e8
:101540008100d1000080d3008984d3000884d300b7
:101550008b05e8000442e800f7ff3a000700370077
:101560000804440089844c00000048008180480041
:101570008b05e9000442e900f9ff3a000300070087
:101580004f05be004f04be00000006008100200091
:10159000618055000b003d000b00200061fe2f0014
:1015a0000100e1001d0034008281710061016400ce
:1015b0008904d1000884d3000000e800faff3a0053
:1015c00071002000610064000300700002006000f0
:1015d0000900320061044400e0844c000988a50041
:1015e000050032008b05e8006808e10002003a00bf
:1015f0008904d1000884d300f20f20000258e100d2
:1016000005003d00c75ddd00f907b2008980750067
:1016100008007800000006000bf827008b00780017
:10162000000005000004be0004fc07000003be002b
:101630000405be000200be0000fc0700844f7500d8
:10164000000006000400fa00889fbe008a9fbe00ca
:101650000004be004709de0003002000f20fb200c4
:10166000f207b100f60f510030003c000200e0002c
:101670001c003500faff2f00fb0720000201e900e3
:10168000030033008b85d1000a85d300fbff3700b0
:101690008b8164000a016000e00f5100e08f590067
:1016a000220032000200200003b8270011fc0700ce
:1016b000a0bf9f00b1bf9f00e00f5400e08f5c000f
:1016c00002003d000a0444008b844c000a85ea00b5
:1016d0008b85ea008b8064000a0064000004be0071
:1016e000110037000200200003b8270001fc0700aa
:1016f000a0bf9f00b1bf9f00e00f5400e08f5c00cf
:10170000020035006044b8000700370008004400bc
:1017100089804c00e00f5000e08f5800020032003a
:101720000800200009f82b000800be004f05be008d
:101730004f04be000080fa0000000600f687470054
:10174000889fbe008a9fbe008c9fbe008e1f7800bf
:101750000001be000600200007f82f000003430030
:1017600081834b00f4ff2f00f5f72700840f53000f
:10177000858f5b001b00360000024000818248001c
:10178000e00f5200e08f5a0006003a000001be0050
:101790009cfd07000001be000000200001f82b00a6
:1017a00008003700e00f5000e08f580007003d00b0
:1017b00012022000526788000001be00c4fb07002f
:1017c0006011b800b0fc0700a10037000200200043
:1017d00003c024008bfd07000001be007efe2f0029
:1017e0000a003700840f5000858f580098003e0093
:1017f0006000b8000400200005f82300840f5100a9
:10180000858f5900920032000007eb00d0b02f0006
:10181000a1042000020240008382480094b79f0088
:10182000a5b79f00fe07b100afb09700f107b20067
:1018300004007800324f200053f3230000004100e1
:10184000818049000200200003f82300a0fb07006c
:101850000004be000200200003002400a5fb0700d6
:101860000001be000800be0087fc07000002be00a9
:101870000001be00f4b79f0085bf9f0061fd070017
:101880000006be000001be005efd07000005be00b0
:101890000200200003f023000800be0059fd0700ed
:1018a0000801be0057fd07000001be00f0af9f0019
:1018b00081b79f000800be0085fb0700810178000a
:1018c000c3b79f0002002f0000016100b2b79f0064
:1018d0003fb19700cfb197000800be007cfb070026
:1018e0007fa997008fb1970079fb07000003be0026
:1018f000e29e2e0013e923000a00be00d6b79f0027
:10190000e7b79f003ffd0700a2aa2a00a3f2230029
:1019100078fb07000001be000c00be0039fd070087
:101920000004be0062e2290083e723000a00be0033
:1019300034fd070032e12c00c3ec23006dfb0700ef
:101940000001be000a00be002efd07000001be001f
:101950000800be0067fb07000001be007fa89700db
:101960008fb0970063fb07000001be007fb29700b5
:101970008fba97000400be0022fd07000001be00e0
:101980005fb39700efb397000600be0059fb070056
:101990000005be001fb29700afb297004728de00d7
:1019a0000100200000004700cf80de001efb070082
:1019b0000004be00b27d22004355230011fd070044
:1019c0000006be003fb19700cfb197000a00be00ed
:1019d00048fb070092ad2e0043802b0009fd070055
:1019e0000001be000c00be0042fb07000006be0066
:1019f00002002600e3ed23000a00be0001fd0700ff
:101a00000001be000c00be003afb07000005be004e
:101a100002002600e3ed23003fb09700cfb097000f
:101a2000f8fc07000001be000a00be0031fb070001
:101a30000005be0002082200a3e923000800be0042
:101a4000f0fc07000001be000a00be0029fb0700f1
:101a50004f0778004f06be004f05be004f04be0082
:101a60006f01b100000006000000fa006881570015
:101a7000cfb89700905f800010007800a70507009e
:101a80000080fa0000000600ef00070023040700b2
:101a900057040700d3040700fb04070041060700b2
:101aa000ec0537000000fa0068815700cfb89700b6
:101ab000905f800010007800980507000080fa0011
:101ac00000000600e000070014040700c50407003a
:101ad000ed0407004604070032060700dd05370065
:101ae0000000fa0068815700cfb8970099050700f9
:101af0000080fa0000000600d30007002c01070058
:101b0000060407003a040700b6040700de040700d5
:101b1000b105070023060700ce0537000000fa00d4
:101b200068815700cfb897008a0507000080fa0047
:101b300000000600c4000700f8030700a90407001e
:101b4000d10407002a04070016060700c105370064
:101b5000800078001000200002022000828f5000d8
:101b600004003200e9805000e48f5000010036008c
:101b70000000eb0000000600889fbe008a1f78006e
:101b8000000578000a047800984478000805e80009
:101b90000900fb00eeff07000000e000f9ff3a003b
:101ba000b0c2b30080cf540005003200d0c2b300f1
:101bb0008000eb0080cf540005003a00020037009f
:101bc0008000eb0001003700110020000804e8004d
:101bd0000000eb00030037006a02b9000200520067
:101be0000003b0003801fb0003fd2f00828141009b
:101bf000e98f5100f8ff36000100e00001003a00d3
:101c00000000ea004f0578004f04be000000060007
:101c1000800078001000200002022000828f500017
:101c200004003200e9805000e48f500001003600cb
:101c30000000eb0000000600889fbe008a9fbe00e7
:101c4000000578008a047800194478000905e80046
:101c50000800fb00eeff07000000e000f9ff3a007b
:101c6000b0c2b300804f540004003200d0c2b300b1
:101c7000804f540006003a00020037000004eb00d9
:101c800001003700180020008904e8000100370037
:101c90000004eb006000b80006003700a20020003e
:101ca00003002000230c0700cfd5de000a005000ff
:101cb0008b8058003905fb000a03b100e90f55007d
:101cc000f6ff36000800e00002003a006000100055
:101cd000e08018004f05be004f04be000000060063
:101ce0008000780002fd2f0001014100100020005b
:101cf000e90f5100050036000150a0001106b100a7
:101d0000e58f5000010036000000eb0000000600e7
:101d1000f3ff37008001780002003700b1597800e6
:101d20000201e9000200e000fcff3a0000000600aa
:101d30000000fa0068815700cfb89700905f8000dc
:101d4000100078002e0007000080fa000000060056
:101d50000000fa0068815700cfb8970036000700ee
:101d60000080fa00000006000000060080bf20008e
:101d700000000600fdff0700b05f8800a05f88003c
:101d80000000060080007800040037003104e00005
:101d900002003a0000005100000006000101780036
:101da0000108a300f9ff3a008101780031017800b1
:101db000f4ef2f00020242000281ea0002016200f9
:101dc0000408280004016100f7ff32008300780056
:101dd000010178003104e000fdff3a0000005100ed
:101de00000000600f1f92f0080804000f98f5000bc
:101df00001003e00f005b20000000600f9ff3700c8
:101e00000200fa00881f780000047800e2bf9f00fb
:101e100064815700080078006c0707009800900064
:101e20000148a300010032000080eb004f0478005d
:101e30000080fa00000006008201780001017800ad
:101e4000f1ff27004e083700ec874700889fbe004f
:101e50008a9fbe008c9fbe008e1f7800000678000f
:101e60000104780018079000280590009806780073
:101e7000cdb79f00b80590003202be002203be001d
:101e80000400be000601be004f18de006011b8005d
:101e90008000eb00d0b79f00e1b79f00f2b79f0032
:101ea00083bf9f00800478000900e0000600320034
:101eb0006000b8006011b80004025000858258002c
:101ec00006035900878359000e00e0000200350028
:101ed0000d10a100cdb79f000900e00005003a00f9
:101ee0004fb097000028a30002003a000038a3007a
:101ef000020032008a00e900010037008a00780001
:101f0000f8815700a2002000080078006203070053
:101f10000900e00003003a00cfb097000128a300b9
:101f2000080032000000e90000814500b1c2b300a2
:101f30000900e00001003200d1c2b300014978007d
:101f4000050037000138a300030032000000e9005b
:101f500001c2b30081757800480190000201e900d8
:101f600000015100808045004fb297008a0178003f
:101f70000c007800560507009c0090000188a30023
:101f80000400320098009000810f500001003d00d5
:101f9000010078004f0778004f06be004f05be00d5
:101fa0004f04be00cf00b100000006000000060094
:101fb0004200fa00889fbe008a9fbe008c9fbe0030
:101fc00020079800110f9800034f98001100780027
:101fd000400f980091009000610f98009e099000ba
:101fe000a3019000330f98001e0a90004402900055
:101ff000140798009e0a9000b502900005279800eb
:102000003204be002205be006022b8006033b80072
:102010000800be000a01be00f10a07000000e0004f
:1020200003003d000bf0a200d0c2b3000400370053
:102030004e0b90000628a30009003200b0c2b30086
:102040008e239000804b78003e0890000000e9004d
:10205000700f980011002000510f980010003700f9
:102060004e0990000238a3000900320000c2b300fc
:102070008e219000804978003e0a90000402e90019
:10208000740f980015002000550f980004003700c9
:102090003e0b9000760f98008003eb00570f9800de
:1020a0000800be000a01be00c0ff0700f4ff2f00b9
:1020b000f5ff2f00f6ff2f00f7ff27000402600056
:1020c0008582600006036100878361006000b800bc
:1020d0000200200003ff27000020e10001a8e1002a
:1020e00002b0e10003b8e10011003a000e48900090
:1020f0008000fb001104b1000e219000de09900069
:1021000003004100f98f500002003e0001cb200087
:102110000100370041cb20008107070040cb2000a1
:1021200018ff07005e0a9000040140001500370008
:102130000020e10001a8e10002b0e10003b8e100e5
:10214000130036008e4a90008500fb001104b10098
:102150000e239000de0b900007004300f98f500023
:1021600002003e0081cb200001003700c1cb2000df
:102170006b070700c0cb200002ff0700de089000bd
:10218000010140004e0a9000be0990005002370045
:102190006022b8006033b8000800be000a01be002b
:1021a0008f0a07000000e0006a0032006022b800d9
:1021b0000600200007ff23004417980055179800d9
:1021c00066179800771798008006eb000800be009d
:1021d0000a01be00001f9800111f9800221f9800de
:1021e000331f98000e269000070037008d06e80088
:1021f0000802be000a03be00441798005517980055
:1022000066179800771798006022b8000600200033
:10221000470224004e109000de1090006e119000d6
:10222000fe119000c90b07000004be000205be00ad
:102230000002be000203be000e1890009e1890001f
:102240002e199000be199000650a07000000e000fa
:10225000e6ff3d000c2798000006eb004e149000ae
:10226000de1490006e159000fe15900025003700da
:1022700040ed2f00808f560019003d000c00e0005b
:1022800016003a006022b80006002000073524003e
:102290000e1890009e1890002e199000be19900004
:1022a000aa0b07000002be000203be00041f980034
:1022b000151f9800261f9800371f98006022b8004d
:1022c00006002000073524000800be000a01be00f9
:1022d0009e0b07000004be000205be001c0020008b
:1022e0006022b80006002000470224000800be005b
:1022f0000a01be00e60a07000004be000205be0097
:102300008d06e9000802be000a03be000e18900008
:102310009e1890002e199000be199000300a0700f8
:102320000000e000d2ff35000800be000a01be0038
:10233000401798005117980062179800731798007b
:102340000e1c90009e1c90002e1d9000be1d900043
:10235000080037006022b8000600200007ff2300b5
:10236000441798005517980066179800771798003b
:102370008006eb008e4a90000500fb00f90607007e
:10238000104f98006e0b9000600020000600e000e7
:10239000010035006e08900071c6b3009e4b90009e
:1023a00081cf53000a003a00ee0890000100e000df
:1023b000cf013200cf0137008d0f5000d3013c0018
:1023c000001f980052c6b300425f98001e003700fd
:1023d0009e499000435f98000200370064c6b30036
:1023e000445f98000000e800001f980060c6b3003a
:1023f000ce5a900080cf520013003a000d00e0004a
:1024000008003d006000b8000200200003ff230028
:10241000401798005117980062179800731798009a
:102420008006eb0061c6b300415f980070c6b30040
:102430001e499000804f5100030032008e19900019
:102440008d814100031f98004e129000de12900013
:102450006e139000fe139000441f9800551f9800c3
:10246000661f9800771f98000800be000a01be0092
:10247000001798001117980022179800331798003a
:102480000006eb000802be000a03be0054079800d5
:102490006507980076079800070f9800310037000d
:1024a0004e1a9000de1a90006e1b9000fe1b9000ea
:1024b0000e1090009e1090002e119000be11900002
:1024c000730a0700cd0d07000004be000205be0020
:1024d000ec09070080027800250f98004e1a900042
:1024e000de1a90006e1b9000fe1b90000800be00dc
:1024f0000a01be00150b07000e1290009e129000fc
:102500002e139000be139000100a07000002be00b8
:102510000203be0007f0a2000417980015179800e8
:1025200026179800371798006022b8000600200090
:10253000470224004e189000de1890006e1990009b
:10254000fe199000520a07000002be000203be00fe
:10255000441f9800551f9800661f9800771f980029
:102560000c06e8008e1a9000850f5600ccff35004f
:102570005e049000ee0490007e0590008e0d9000a9
:102580006022b80006002000470124004e18900089
:10259000de1890006e199000fe199000eb0a0700fb
:1025a0000002be000203be00441f9800551f9800a1
:1025b000661f9800771f98000e1090009e109000e4
:1025c0002e119000be119000850907000000e00068
:1025d0000f0035004e1a9000de1a90006e1b90001e
:1025e000fe1b90000e1090009e1090002e11900087
:1025f000be1190007a0907000000e00011003a00c7
:10260000ae0a90000508a300080032000d00370054
:102610006000b8006011b800401f9800511f98007a
:10262000621f9800731f9800060037006022b800f0
:102630006033b800441f9800551f9800661f98002b
:10264000771f98004e1a9000de1a90006e1b9000c3
:10265000fe1b90000800be000a01be00c109070071
:102660000002be000203be00041798001517980070
:1026700026179800371798006022b800060020003f
:10268000470224004e109000de1090006e11900062
:10269000fe119000ad0a07000004be000205be0056
:1026a0000002be000203be000e1090009e109000bb
:1026b0002e119000be1190004e0907000000e000ae
:1026c000090035008d06e80060c6b300ce5a9000c0
:1026d00080cf520008003a000e1b90000603e8006d
:1026e000061f9800110037004e149000de14900071
:1026f0006e159000fe15900050c6b3004e59900024
:10270000804f510009003a000802be000a03be00d3
:10271000441f9800551f9800661f9800771f980067
:102720008002eb0045179800070037000800be0044
:102730000a01be00401f9800511f9800621f9800b8
:10274000731f98004d1798005e0e90000001eb007b
:10275000220f980032079800520798000d0f78005a
:102760006a0037004e1a9000de1a90006e1b90002f
:10277000fe1b90000e1090009e1090002e119000f5
:10278000be119000c20907001c0d07000004be0026
:102790000205be003b090700e90f500001003400ac
:1027a00090002000ce0990000348a3000c003a00de
:1027b0000000e0000a003a0071c6b3001e4a900013
:1027c000814f520006003a00ce1290000500e00052
:1027d00003003d002e0b90008606e8002300370022
:1027e000be0390000700e0000c003a00ce109000fd
:1027f0000100e00009003d00e1c2b3000e2190009d
:1028000001717e000c06e800fe0990008301e900da
:10281000730f980014002000340798008e22900057
:102820000c814200ae0e9000850178000300370055
:1028300001c3b300015978008d06e9000d00e000e6
:10284000fbff3a00032798002e0b90000606460077
:102850000043b00080717e000c06e8000680ea00ac
:10286000fe0b900080834300770f98004e1a900073
:10287000de1a90006e1b9000fe1b90000800be0048
:102880000a01be00310a07000e1290009e1290004d
:102890002e139000be1390002c0907000002be000a
:1028a0000203be0007f0a200041798001517980055
:1028b00026179800371798006022b80006002000fd
:1028c000470224004e189000de1890006e19900008
:1028d000fe1990006e0907000002be000203be0050
:1028e000441f9800551f9800661f9800771f980096
:1028f000ce1290008502e900451798005e03900013
:102900000603e800560798002d0f9800de0390009c
:102910000e189000808f530005003d009e08900027
:102920004100900065005000800f56008dff390077
:102930009e0678003e0190000200e00007003a0089
:10294000ce0990000348a30004003200e0c2b300a7
:102950000e22900000727e000c06e8008e2290008d
:102960000c8042000048eb0051c6b3004e5b900063
:10297000814f530038003a009e0390008700e90021
:102980000041eb0082f278008001eb000d00e000d6
:1029900002003d008d06ea00130020002200200006
:1029a00001037800fe0a90008e2390000004780056
:1029b0000a00370001037800a4002000110009007c
:1029c0008406d80001027800800678000443b00035
:1029d00084737b000201e9008502e9008600e900ba
:1029e0000d00e000f3ff3a000200e000f1ff3c00c0
:1029f000750f9800072798000800780001824300af
:102a0000b2c2b3000300e00001003200d2c2b30042
:102a1000024a78000101e9008e2190008280410085
:102a20008e4a90000502fb001404b10053c6b300a7
:102a3000f90f520001003e0053c4b30083487800f0
:102a40007e0b90000683e900760f9800820f5600f7
:102a500001003d0032050700ce0b9000638063004b
:102a6000e20f500015003a007e0890000000e000e0
:102a7000120034000e209000c2fc07008e2190004e
:102a8000040037007e09900082804100e3707800e6
:102a90000000e900de0a9000850f5000f9ff3d00bc
:102aa00003279800058041007e0990000103200063
:102ab000b70407000003eb00360f98000e209000cb
:102ac000b0fc07004e0a9000be099000000178009b
:102ad0008e2090002e0090007d0207004f06be0061
:102ae0004f05be004f04be000080fa000000060043
:102af00010002000e48f46002ffe3d00001f9800cc
:102b000057c6b300475f98004ffe37000d00e00046
:102b100032fe3500001f980042fe37000200fa0026
:102b2000889fbe008a9fbe0080057800010478005f
:102b300002007800180190002805900098007800a5
:102b4000b1bf9f00b80490000200e0000200350011
:102b50000110a100b1bf9f00ea8157008200200050
:102b60008a0078003002be002003be000800780012
:102b7000490007003fb99700f000610003003200f0
:102b80000000e90001c3b300817478003fb99700e9
:102b9000e8006100030032000000e90001c2b30058
:102ba00081747800480190000201e90000015100a1
:102bb000808044003fba97008a0178000b007800bb
:102bc000430207009b0090000188a300040032002c
:102bd00098009000810f500001003d000100780036
:102be0004f05be004f04be000080fa000000060042
:102bf000ea874700889fbe008a9fbe008e1f78002c
:102c000000047800030078007287570084e22600f1
:102c100055c72600049fbe00c3962200030f78000c
:102c20006c875700004feb0011059000a104900045
:102c3000910578000200e0000200320002077800ef
:102c400001003700728757000000e00002003a00e0
:102c50000e0078004bfc07000a00e000030035007e
:102c60008a0f5000010036000a0078000b0278003d
:102c700089017800000178008e0078000800780053
:102c8000130207004f0778004f05be004f04be0037
:102c9000af00b10000000600f4874700889fbe0027
:102ca0008a9fbe008c9fbe008e1f78000605be0066
:102cb0000404be0081bf9f0082b79f00f3b79f004e
:102cc000b0009000e1b79f001301780092b79f0019
:102cd00090069000400090000000e9000006780097
:102ce0000d00e00001003d001d0020008040eb00d1
:102cf000efb19700817178001e0020001f0037009f
:102d00000c06e9000fb09700cf80de006109b90022
:102d1000a0b79f00b1b79f00c2b79f00d3b79f0075
:102d20000203be000002be000800be000a01be0091
:102d3000c70a0700000778000e4078000043b00083
:102d4000efb0970080707e008d06e9000fb9970004
:102d50000201e90082bf9f002fb29700bfb2970027
:102d60004fb39700dfb397000800be000a01be0012
:102d7000b00a07000205be000004be000c00e0001f
:102d80000d003400e00f5400e08f5c00e00f5d00a8
:102d9000e08f5d00daff3a000d00e000d8ff3c0054
:102da0008fb997000300e000030034001fb09700c4
:102db0000018a300d2ff3a000e00e00002003a0023
:102dc000ffb097001140a1000c0078004f07780079
:102dd0004f06be004f05be004f04be004f01b100bc
:102de000000006000200fa00889fbe008a9fbe0015
:102df00000057800010478000200780018019000b6
:102e0000a804900098007800b1bf9f00b80590001a
:102e10000200e000020035000110a100b1bf9f00d8
:102e2000ea815700a2002000890078003002be002d
:102e30002003be000800780097ff070048019000bb
:102e40000201e90000015100808045003fba97006f
:102e5000890178000a0078009d0107009a0090001f
:102e60000188a3000400320098009000810f5000f8
:102e700001003d00010078004f05be004f04be0078
:102e80000080fa0000000600fa874700889fbe0015
:102e90008a9fbe008c9fbe008e1f78008004780041
:102ea0000104780082057800180190002805900040
:102eb00018077800b80090000200e000020035001a
:102ec0000e10a10001003700120020007000670002
:102ed000e0b79f00090032003b02be002b03be009a
:102ee000e00f5200e08f5a00e00f5b00e08f5b00c4
:102ef000020032008a86e900010037008a06780065
:102f0000e8026700f5b79f00010032008d06e90076
:102f10003b02be002b03be00e4af9f00f5af9f0055
:102f200086b79f0097b79f00480690000c06e900ff
:102f30000040eb0080707e00efb297007fb29700f8
:102f40008903780081047800d8af9f0002047800dc
:102f50008bbf9f008a057800034578002a00370060
:102f60000c06e9006fab97006f006300e90f50009b
:102f700002003c000003b000010037007005b00003
:102f80000a03fb001604b100f90f53000c003e00c9
:102f9000000378000650a0001606b100f90f530098
:102fa00007003e00b4b79f00a5b79f00c7b79f00ba
:102fb0008cfb0700cfb39700afb297003fb29700ea
:102fc00080747e000804e9008d06e9006fa8970070
:102fd000ffa897000fb197009fb19700460020000f
:102fe0008301d1000281d3008180d3000080d3000f
:102ff0000603e900faff3a00e0af9f00f1af9f003f
:1030000082b79f0093b79f00e10f56000f00340076
:103010006fa89700ffa897000fb197009fb1970086
:10302000e00f5000e08f5800e00f5900e08f59008a
:10303000cbff3a000800e000c9ff3c000d00e000b3
:10304000020034000e18a300c5ff3a008900780082
:10305000f4b79f00870478005fac97008a4178003e
:103060000b0578008fbd97000500e00010003200ce
:103070003b02be002b03be00e4af9f00f5af9f00f4
:1030800086b79f0097b79f00e00f5200e08f5a006d
:10309000e00f5b00e08f5b00050032000c06e900ea
:1030a00083707e000c06e90000c3b30080707e00d0
:1030b000ffb297000500e000030032000c06e900b3
:1030c00000c2b30080707e00480190000201e90058
:1030d0000c0151008c8040000e0278008a017800bb
:1030e00009007800fa000700990090000188a30009
:1030f0000400320098009000810f500001003d0054
:10310000010078004f0778004f06be004f05be0053
:103110004f04be00af01b100000006000200fa003b
:10312000881f780000047800e2bf9f006481570088
:1031300008007800a5020700980090000148a3004d
:10314000010032000080eb004f0478000080fa009c
:10315000000006008201780001017800f1ff2700dd
:1031600056063700889fbe00000478004800900093
:1031700082047800808f54000100360080047800bb
:103180000901780058009000e2fa0700580090000a
:103190000900400050049800c80090008984500045
:1031a000490498000048eb004f04be0000000600f0
:1031b00010007800a7f43700900190000388a30066
:1031c00001003200e7ff37000348a30001003a0086
:1031d000f7ff070000000600881f78000004780051
:1031e00000082000808f50001700350010082000d4
:1031f000808f50000b00340030082000808f50007a
:1032000011003a00920078006880500000097800b0
:103210003002be002003be00049cbe000694be0027
:10322000070037009202780064805200000978009d
:103230001000be0074060700009cbe000294be0091
:1032400010002000010037000000eb004f04780060
:103250000000060084082000848f50001d0032000a
:103260000d003c0014082000848f5000270032001d
:1032700002003c000408200004003700240820005d
:10328000848f50003400320044082000848f5000a6
:1032900043003a0036003700040a2000848f5000b3
:1032a0002700320004003c0004092000848f5000f5
:1032b0003b003a0028003700020c2000828f5000ab
:1032c0002f003200020f2000828f500034003a009d
:1032d0002b0037009380e9000200e0000500320077
:1032e000810978001102fb00cfa2de00612bb9003a
:1032f0002800370081097800114278000482fb0021
:103300008002eb006033b80022003700130278001f
:10331000e40052000200e00005003200810978005c
:103320001102be004fabde008603780019003700a3
:10333000810978001102be006033b8001500370023
:103340009380e9008109780011027800cfa2de00a5
:10335000612bb9000f00370093027800e88052001b
:10336000810978003102be002103be000900370048
:103370009380e9000200e00002003200f1ff370014
:103380009380e90081097800110278008002eb0047
:103390006033b8000498be000690be00100005001f
:1033a0000000050044082000848f500025003200f2
:1033b00008003c0014082000848f500014003200e4
:1033c00024082000848f50002400320004082000cc
:1033d0000c00370004092000848f50001f003200c9
:1033e00004003c0084082000848f500024003a0030
:1033f0000e003700040a2000848f500011003200b4
:10340000040c2000848f50001d003a000d0037008e
:103410009380e90081097800910078000108780024
:10342000cf91de008288be00140037009380e9004f
:1034300081097800910078000108780082487800be
:103440000e0037009380e900810978009100780030
:103450000108780082087800080037009380e900ae
:103460008109780091007800010878006112b900a4
:10347000612bb9008498be008690be001000050044
:1034800000000500889fbe000004780048009000fe
:1034900082047800808f5400010036008004780098
:1034a00009017800580090001afa070058009000af
:1034b0000900400050049800c80090008984500022
:1034c000490498000048eb004f04be0000000600cd
:1034d000f2874700889fbe008a9fbe008c9fbe0077
:1034e0008e1f7800800478000105780002047800bf
:1034f000830578006107620002003a008b0f5400d8
:1035000008003900080178008a0078000900780076
:1035100029ff07008b0f540002003900880578004e
:103520001e003700088655000c017800f00f560089
:103530000100360002012000010220007e805700b9
:10354000130207008c0678000500370002012000f6
:10355000fe8057000900780017ff0700f08656002c
:10356000ef8f5600f9ff3e004461de0000ff2f00a0
:103570000091b90002014600fe8057000900780062
:103580000dff07000e00e00004003a00080178007b
:103590008a0078000900780007ff07000b00780018
:1035a0004f0778004f06be004f05be004f04be0017
:1035b0002f01b1000000060000000500000005001a
:1035c00000000500000178000040eb008080fb0057
:1035d0008180400063c7200063c278000404e000db
:1035e00003003a0070c7200060c0780000000600a9
:1035f00092017800934f520004003a0070c72000f7
:1036000060c078000309e800010037000040e800ce
:10361000ea4f5000edff360000000600f687470035
:10362000889fbe008a9fbe008c9fbe008e1f7800c0
:10363000000578000104780083057800040678000e
:103640000000eb00c0b79f008080eb00d1b79f0067
:10365000e0b79f00f2b79f000008200080bf9f00e6
:1036600098007800010078008004eb00010037002a
:103670008904e800304178000204e00003003200d1
:1036800053c2b300834f5100f9ff3a000900e00034
:1036900004003200090178000a007800c6fe070025
:1036a000188c44001807780050c2b3009e4f1000d9
:1036b0003f013a000e07e8000e0c780010003700ba
:1036c000cfb097000100a0000b003700cfb09700eb
:1036d0000110a00008003700cfb097000120a00023
:1036e00005003700cfb097000130a000020037007e
:1036f000cfb097000140a000c1b79f00000ce800c8
:103700001800780090407800b2c2b30082cf500019
:10371000f1ff320007003c0002c2b30082cf50002c
:10372000f0ff320032c2b30082cf500007003a00ef
:10373000efff3700d2c2b30082cf5000e0ff32006b
:1037400002c3b30082cf5000e0ff3200a2c2b30038
:1037500082cf50000d003a00000ce8001c80e90008
:10376000000e780010007800e0b79f000000e00035
:103770000f003d00cfb097000100a200c1b79f002d
:103780000000ea00e0b79f0009003700faf80700e0
:10379000e0b79f0001003700000ce8001800780037
:1037a0009000fb000103b100e98f5000faff3600e2
:1037b0004fb097000008a300020032000010a100e3
:1037c000c0b79f0018007800e1c2b30090cf10008e
:1037d00016003a008000eb00d1b79f000000e8001f
:1037e000000c7800a1c2b30090cf100006003a0090
:1037f000000ce8001c80e900000e78001000780042
:10380000d0b79f0009003700dbf80700d0b79f0052
:1038100001003700000ce800180078009000fb0061
:103820000103b100e98f5000faff3600080078006c
:1038300064ff070080467800180078001000fb0045
:10384000c801070091062000810f500038003200a7
:1038500012003c0041062000810f5000340032006d
:103860000a003c0011062000810f500020003200a9
:1038700031062000810f5000a000320051022000cc
:10388000810f5000bc003a00b400370071062000e0
:10389000810f5000b8003c0088003700010720006d
:1038a000810f50005c00320007003c00e106200060
:1038b000810f50007a003200f1062000810f500085
:1038c000ad003a003900370051072000810f500049
:1038d0002700320081072000810f50004200320093
:1038e00031072000810f5000a3003a008f003700fd
:1038f0008d80fb000c01780000fe2f000f004000bf
:1039000035fe07000000e000a80032001800780033
:10391000000ce8009041780002fe2f000f014100ea
:10392000f88057000a007800be0107000e0037003b
:103930008d80fb008c0178001200200000fe2f001b
:103940000f00400043fe07000000e0009700320037
:10395000180ce80002fe2f000f014100f88057000c
:103960000a00780038f9070080844400900037008e
:103970008d80fb008c0178000001eb0000fe2f0021
:103980000f00400033fe07000000e0008700320017
:10399000180ce80002fe2f000f014100f8805700cc
:1039a0000a0078000ffd0700efff37008d80fb0055
:1039b0008c0178000001eb0000fe2f000f0040009a
:1039c00024fe07000000e00078003200180ce80038
:1039d00002fe2f000f014100f88057000a00780016
:1039e0004efc0700e0ff37008d80fb008c01780063
:1039f0000001eb0000fe2f000f00400015fe070045
:103a00000000e0006900320018007800000ce800b7
:103a1000904178001c0037008c0178000001eb0019
:103a2000010f200000fe2f000f00400009fe0700dc
:103a30000000e0005d003200180ce8000fb09700b5
:103a40009fb097002fb19700bfb19700e00f5000d3
:103a5000e08f5800e00f5900e08f590009003a004c
:103a6000cfb597006fb49700e0c62000c5f80700f7
:103a70000b0278008801780000017800e1c6200080
:103a80004700370083c7b30002fe2f000f0141003b
:103a9000f88057000a007800fbfc0700b2ff3700ef
:103aa0000b8144008d80fb008c01780000fe2f000c
:103ab0000f0040003bfe07003c0037008d80fb00fc
:103ac0000c01780000fe2f000f004000c2fd07002f
:103ad0000000e0003500320018007800000ce8001b
:103ae0009041780002fe2f000f014100f88057003e
:103af0000a0078002ef907009bff370000c8b300ca
:103b000080cf560029003a00180ce8001c80e9001c
:103b1000000e780010407800e0df9f0013002000c6
:103b2000e2fd2f000f0141000800370000c8b3007c
:103b300080cf56001d003a00180ce8001c80e900f8
:103b4000000e78008001eb0010017800f88057002b
:103b50000a00780026fc070083ff370000c8b30086
:103b600080cf560011003a00180ce8004fb29700c1
:103b7000efb19700080037000e0c78000000eb0052
:103b8000c0b79f00e0b79f000080eb00d0b79f0058
:103b90000002eb00840178001200200041c72000e1
:103ba0000a0078004afe07006fff3700180ce80093
:103bb000090078004f0778004f06be004f05be0091
:103bc0004f04be006f01b100000006008200fa0041
:103bd000889fbe008a1f7800000578008204780064
:103be000c13f9f000004eb0010003700090278007d
:103bf00088017800a2f72f000f01410081f72f0004
:103c00008f8040000a00780084fe07000800400012
:103c1000880f500004003d00b00420005067880069
:103c20000084eb0004003700000478004f38970050
:103c30001004e000edff3a00080078004f0578001e
:103c40004f04be000080fa0000000600889fbe00fe
:103c50000004be000000eb000800e0001800320085
:103c6000180090000058a3000d003200d80090000a
:103c700068009000808f500009003600b80990005d
:103c80000001eb00820078000800780003000100ca
:103c9000d80090000080eb000100e0000800320036
:103ca0000000eb00200c980060049800500498007d
:103cb0000900e0000200320018007800dcf1070083
:103cc0004f04be0000000600889fbe000004be0036
:103cd0000000eb000800e000250032001800900012
:103ce0000058a30011003200d80090006800900036
:103cf000808f500009003600b80990000001eb00e9
:103d0000820078000800780003000100d8009000cd
:103d10000080eb000100e000150032000000eb0025
:103d2000200c98006004980050049800780a9000d5
:103d300008109000800f520006003100000252006f
:103d400011002000cfa2de00612bb900180078001e
:103d5000090007000000eb0000149800700c9800a8
:103d60000900e0000200320018007800b0f10700fe
:103d70004f04be0000000600a0fd2f00f1ff2f0041
:103d80006e0007004f89de00820178000000060007
:103d9000889fbe008a9fbe00800478000200e00079
:103da0005b00320001407800814c78008281440041
:103db000f1f99f00e20f5100550036009144980040
:103dc000a1449800e1f99f00d1f99f00e60f51004e
:103dd0004f003600b1449800c1f99f00e80f510030
:103de0004b0036000905ea00630565000a844400bb
:103df0000a055100c1ff2f00010565000080fb008e
:103e00008000eb001210200013102000c9030700ef
:103e1000008cbe000a01440060b99f0071b99f0088
:103e2000e80f55003a00360020049800310498004d
:103e3000400498005104980020b99f0031b99f00b8
:103e400040b99f0051b99f00f80f5500300036006f
:103e50006004980071049800000c9800110c980000
:103e6000200c9800310c9800400c9800510c9800e0
:103e700020b19f0031b19f0040b19f0051b19f0020
:103e800060b19f0071b19f0000b99f0011b99f0000
:103e900064016400780141000204440002055500f9
:103ea0006011b8000203be000002be000403be00a1
:103eb0006022b8000000720081807200020173006d
:103ec0008381730010003700009cbe000294be0086
:103ed000400498005104980062049800730498000c
:103ee000000c9800110c9800220c9800330c9800dc
:103ef000400c9800510c9800620c9800730c9800cc
:103f00000a02b1000802b000ff0f5500eeff3e00ac
:103f1000090078004f05be004f04be0000000600f7
:103f2000881f780000047800080078000803070064
:103f3000080078004f0478000000060002002f00ff
:103f4000f3ff2f00820f5000838f580004003600cb
:103f50000000ea00506788000080eb008080eb00e2
:103f600000000600f1fb2f0080804000f98f500018
:103f700001003e000050a00000000600f9ff3700dd
:103f80000f04b0008e1f7800020278000301780051
:103f90000000e00002003200000778000200370055
:103fa0000efc2f000f0747008002eb000100e0002d
:103fb000010032008102e9000f007800e003b10047
:103fc0001d0009000018eb000080eb0090a79f0087
:103fd00023102000a3a79f00bea79f00c1a79f009a
:103fe000d5a79f000100e00003003d00b1042000c0
:103ff0005167880007003700004feb00fea79f00c5
:10400000eea79f008400780020fc2f000f004000e6
:104010007bf707004f0778000f04b100000006008f
:10402000000006003e00fa00889fbe008a9fbe0086
:104030008c9fbe001007980083467800110078001e
:10404000400f9800910190004307980021029000d2
:10405000240f9800c1029000050f7800b100900075
:10406000611f98003204be002205be00281f980080
:10407000391f98004a1f98005b1f98006022b80003
:104080006033b8000800be000a01be00d402070079
:104090000000e00009003d000800be000a01be006b
:1040a00003f0a200201f9800311f9800421f9800c3
:1040b000531f9800d0c2b30004003700ce08900010
:1040c0000128a30009003200b0c2b3006e199000ad
:1040d00000497800ae0990008301e900330f980091
:1040e00014002000540f980010003700ce0a9000f2
:1040f0000538a3000900320000c2b3006e1b900017
:10410000004b7800ae0b90008703e900370f980052
:1041100018002000580f980004003700ae0c9000e3
:10412000390f98000005eb005a0f98002e189000e8
:10413000be1890004e199000de199000b8ff0700dd
:10414000f4ff2f00f5ff2f00f6ff2f00f7ff2700e9
:1041500004026000858260000603610087836100bd
:104160006000b8000200200003ff27000020e100eb
:1041700001a8e10002b0e10003b8e1000c003a0040
:104180008d06fb001d04b100ee1d9000de089000be
:104190000180450001cc2000f98f56000100360057
:1041a00041cc20005eff070040cc20002f023700ea
:1041b0000020e10001a8e10002b0e10003b8e10045
:1041c0000c0036008d06fb001d04b1006e19900036
:1041d000de0990000300410081cc2000f98f5600d9
:1041e00001003600c1cc20004dff0700c0cc2000ec
:1041f0001e02370000c3b3006e1a9000de0a900062
:1042000000f27a000500e800000142008d00fb008a
:10421000f6fb2f00068340002607980081c7b300f5
:10422000f90f530001003e0081c5b3000149780039
:104230000000e800500f98006022b8006033b8001a
:104240002e189000be1890004e199000de199000b4
:10425000630207000000e0005e0032008003eb0014
:104260006044b8000a0020000bff23006807980094
:10427000790798000a0f98001b0f9800070678002e
:10428000050037000c06e8006e0c9000fe0c900054
:104290000e1590009e1590000802be000a03be0095
:1042a0000800be000a01be00ae0207000002be0008
:1042b0000203be00640f9800750f9800061798005f
:1042c000171798002e189000be1890004e199000f5
:1042d000de199000420207000000e000e9ff3d0007
:1042e0006c0f98002a0037006022b80006002000fa
:1042f00007fe23000800be000a01be00930307006a
:104300006022b8006033b800350207000000e0000a
:1043100016003a006022b80006002000073524008d
:104320000800be000a01be00880307000004be00aa
:104330000205be006022b8000600200007352400f8
:104340002e189000be1890004e199000de199000b3
:104350007e0307000002be000203be00241f980077
:10436000351f9800461f9800571f98006022b8001c
:104370000600200007fe23000800be000a01be0060
:10438000720307000004be000205be000c06e9002f
:104390000802be000a03be002e189000be1890004e
:1043a0004e199000de1990000d0207000000e00099
:1043b000cdff35000800be000a01be00600798006e
:1043c00071079800020f9800130f98006c0f980067
:1043d000090037008000eb00610f98006022b800f0
:1043e0000600200007ff2300640798007507980067
:1043f000060f9800170f9800ce0290008001200051
:104400000500e000010035004e0090000000e800cb
:10441000300798006e049000fe0490000e0d90008e
:104420009e0d900068179800791798000a1f980051
:104430001b1f98002e1c9000be1c90004e1d90006b
:10444000de1d90000006eb003a0037006e1290006f
:10445000fe1290000e1b90009e1b90000800be00f4
:104460000a01be008a020700e40507000002be0040
:104470000203be00241798003517980046179800cd
:1044800057179800ff010700800278005507980031
:104490006e129000fe1290000e1b90009e1b90006a
:1044a0002e109000be1090004e119000de11900072
:1044b000260307000002be000203be000800be0083
:1044c0000a01be00210207000004be000205be0072
:1044d0006022b8000600200007fb23006e10900049
:1044e000fe1090000e1990009e199000170307000f
:1044f0000002be000203be00641798007517980002
:10450000061f9800171f98000c06e800ce029000c6
:104510000500e00007003d006022b8006033b800ed
:104520000800be000a01be00ad0107000000e00067
:10453000040032003e039000860f5600c3ff350092
:10454000010037003c0798006022b80006002000f8
:10455000070224006e109000fe1090000e199000cb
:104560009e199000f90207000002be000203be007f
:104570006417980075179800061f9800171f980079
:104580000800be000a01be00950107000000e0001f
:104590000d0035006e129000fe1290000e1b900070
:1045a0009e1b90000800be000a01be008c0107009f
:1045b0000000e00011003a00de0290000508a300b0
:1045c000080032000d0037006044b8006055b800a4
:1045d00068179800791798000a1f98001b1f980009
:1045e000060037006000b8006011b800601798003e
:1045f00071179800021f9800131f98006e12900008
:10460000fe1290000e1b90009e1b90002e18900032
:10461000be1890004e199000de199000d1010700dd
:104620000002be000203be006417980075179800d0
:10463000061f9800171f980079fe07000203be00ae
:104640000002be00f0ff2f00f1ff2f00f2ff2f004d
:10465000f3ff27000004620081846200020563000a
:1046600083856300281f9800391f98004a1f98000f
:104670005b1f98006000b8000200200003ff2700c5
:104680000040e10001c8e10002d0e10003d8e100f0
:10469000bbfe3200be0c90008984e900291f9800ff
:1046a0005e0e90008006eb005d0798002d179800c5
:1046b0006f0037006e029000fe0290000e0b90001b
:1046c0009e0b90006e109000fe1090000e1990004e
:1046d0009e199000ee010700480507000004be0087
:1046e0000205be0067010700800078000100e000bd
:1046f00006003a002e1090000000e0000300320097
:104700008d06e8003d0f9800330037005e019000f1
:104710000200e0000c003a00ae1190000300e0003f
:1047200009003200e0c2b3006e1a900000727e00f1
:104730000c06e800ae1a90008502e900251f9800db
:104740001600200056079800ee1b90000c814300d5
:104750000d007800070278000300370003c3b300a0
:10476000035978000000e9000000e000fbff3a0078
:10477000300f9800641f98000d064600e98f500026
:1047800003003c000003200001004000020037004d
:104790007005200001004000ae009000f98f50002d
:1047a00006003e00800078000150a0001106b10014
:1047b000f98f500001003e008af507006e19900045
:1047c00000717e000c06e8008d86ea00ae199000ac
:1047d0008d814100231f98006e029000fe02900020
:1047e0000e0b90009e0b90000800be000a01be0058
:1047f000560207000002be000203be006e109000c9
:10480000fe1090000e1990009e1990004f010700b5
:104810000002be000203be006417980075179800de
:10482000061f9800171f98006022b800060020009d
:1048300007fb23006e009000fe0090000e09900020
:104840009e099000410207000004be000205be0060
:1048500068079800790798000a0f98001b0f9800c6
:10486000ae1490008904e90029179800be0e90004c
:104870002e1590000a00ea00be0590008b0f500034
:1048800004003d009e00780065805000800f5600b7
:1048900088ff39005e0190000200e0001e003a002f
:1048a0000d00e0007d003400ce0190000300e00028
:1048b0007a0034004e0a90000408a30077003a0002
:1048c000ee1a90008c804200e0c2b300804878006d
:1048d0000d0078008501780002c3b300826878007b
:1048e0000000e900fcff3a00631f98000c864600b8
:1048f0000c06e8002e1b90000600e9000d00500099
:10490000201f980004003700e0c2b300ee1b9000a7
:1049100080737e000c06e8006e1c90000c004400c2
:104920000048eb009e0478008900e9000041eb009c
:1049300002f478008001eb006e0d90000a00e000a8
:1049400003003d000a05ea006a0f980013002000ea
:10495000120020006e0a9000810378002e1b900048
:104960006e1c9000800678000900370081037800f3
:10497000a5002000110009000502d8000002be00b9
:104980000543b00005f47b000201e9000603e900dd
:104990008700e9000400e000f4ff3a00e10f510055
:1049a000f2ff3200261f9800681f98000d00780063
:1049b00001024400b2c2b3000300e0000100320073
:1049c000d2c2b300024a78000101e900ee1990005a
:1049d0008280410003c7b3002e029000f90f5200fd
:1049e00001003e0003c5b30083487800820f5600e3
:1049f00001003d004afd0700ce0a9000638062007e
:104a0000e20f500018003a002e1b90000684e900c7
:104a10004240a900140034006e189000d9f4070039
:104a2000800044008100e800ee1b9000818043007c
:104a30008701780002003700e36078000000e90099
:104a4000de0c9000890f5000fbff3d00631f9800b3
:104a5000098041000801780001032000ccfc070018
:104a60000005eb002a0f98006e189000c5f40700af
:104a70004e0a9000ae09900000017800ee189000f8
:104a80001e00900092fa07004f06be004f05be00c0
:104a90004f04be000080fa0000000600ce0d90001a
:104aa0000b48a30098ff3a009bff37000000060068
:104ab000b0f40700fdff0700fcff3700f287470056
:104ac0008e1f780002027800030178000000e000e9
:104ad000020032000007780001003700728757009b
:104ae0008002eb000100e000010032008102e900d9
:104af00070805700060009000018eb000080eb00f2
:104b000080bf9f002310200093bf9f00aebf9f0077
:104b1000b1bf9f00c5bf9f000100e00003003d0042
:104b2000b10420005167880006003700004feb00f9
:104b3000eebf9f00debf9f008400780070805700aa
:104b400076f907004f0778002f01b100000006003a
:104b50000101780080017800008268000408a30049
:104b60000500320013003700324078008059780089
:104b70000004e00014003200030278000208a300e1
:104b8000f9ff3a00030078000100370003187800ad
:104b900082007800b2017800f5ef2f008382420096
:104ba0000382ea0004826200050828000502620010
:104bb000f6ff320000027800314178000258780098
:104bc0000204e000fbff3a00040078000000060049
:104bd00000c0da000000060000c0da000000060095
:104be0008f1fd1007c0307008f87e9000000e000e1
:104bf00000000600809feb00770307008f87e90025
:104c00000000e00000000600810378008bee070042
:104c10000001be006000b8000478a30013003a0051
:104c20006220e10015003e000d0039008301d10033
:104c30000281d3008180d3008301d1000281d3009f
:104c40008180d3008301d1000281d3008180d30011
:104c50000538b000c42add00f300b2008381720081
:104c600007f0a70003f0a0000000060083ff270064
:104c7000020020006110b900f9ff370003ff270090
:104c8000f7ff37001400fa00889fbe008a9fbe001d
:104c90008c9fbe000004be000205be0068004700f5
:104ca0000a90be000890be00860307000070a700af
:104cb0000bf0a100304320009e0290008082520041
:104cc000b0fe2f000028e10011003d00b0fc2f00d5
:104cd0000028e100150034001e0990008e089000a5
:104ce0007e0090000501b0000201d1008180d30058
:104cf0000080d3008502e800fbff3a000b00e000d3
:104d0000ab033b0060001000e0801800a8033700f0
:104d1000f0ff2f00f1ff27000b00e000a4033b0091
:104d20000100280000002000a10337006000b80047
:104d30009f033700020ab900001bb9000200b80047
:104d40008100420081004300000006008c9fbe00ed
:104d50008a9fbe00889fbe00ca0107000bf0a20018
:104d6000040037008c9fbe008a9fbe00889fbe0053
:104d7000c40107000c48e1000b003a000c40e100c0
:104d8000020032008b010700400037008b066d00e7
:104d90003e0032000af0a100f3012000f2ff2f00d4
:104da0006110b900390037000c40e10037003200d3
:104db0000940e100010036007e0107008a856d0090
:104dc000cf5dde000b0575000006eb008804fd00da
:104dd00089045400010032007d0107000a04e0004c
:104de00011003a000800e0002800320004004000f2
:104df0008580480006014900878149000358a300c7
:104e0000180032008301d1000281d3008180d300d9
:104e10000080d3000c86d3000100390061067600c3
:104e20000804e8001800370004005000858058008e
:104e30000601590087815900060031000af0a200de
:104e40000c06ea0060001800e080180060011900fc
:104e5000e081190003003a000004eb000005eb00bc
:104e60000a0037000348a30007003a000c0646007a
:104e70000000480081804800020149008381490008
:104e80000804e900f7ff3700af013700c901370018
:104e90008c9fbe008a9fbe00889fbe0079010700dc
:104ea0000b056d000940e1000a003a000800e0002f
:104eb000020032000c40e10006003a000af0a100b6
:104ec0000c047800f3012000f2ff2f006110b900fc
:104ed0009d0037000c40e1009b0032000800e0001c
:104ee000990032000c48e10002003a000004eb0097
:104ef000030037000900e00004003a000c047800c9
:104f00006000b8006011b8008f0037000348a300ac
:104f100006003a000000400081804800020149007c
:104f2000838149000804e900f8ff37000748a3001f
:104f300006003a000402420085824a0006034b0044
:104f400087834b008904e900f8ff3700fd3f20000c
:104f50008d845400090454008a1f7800881f78004b
:104f60000004780081047800020578008305780049
:104f70006000b8006011b8000d0420000500370083
:104f80000804440089844c000a054d008b854d00bf
:104f9000080031000404540085845c0006055d00af
:104fa00087855d008381d2008d06d300f4ff3b002e
:104fb000070037000404440085844c0006054d00ba
:104fc00087854d008381d2008d06d300ecff3b0026
:104fd0000804440089844c000a054d008b854d006f
:104fe000080031000404540085845c0006055d005f
:104ff00087855d000281d2008d06d300f4ff3b005f
:10500000070037000404440085844c0006054d0069
:1050100087854d000281d2008d06d300ecff3b0056
:105020000804440089844c000a054d008b854d001e
:10503000080031000404540085845c0006055d000e
:1050400087855d008180d2008d06d300f4ff3b0090
:10505000070037000404440085844c0006054d0019
:1050600087854d008180d2008d06d300ecff3b0088
:105070000804440089844c000a054d008b854d00ce
:10508000080031000404540085845c0006055d00be
:1050900087855d000080d2008d06d300f4ff3b00c1
:1050a000070037000404440085844c0006054d00c9
:1050b00087854d000080d2008d06d300ecff3b00b9
:1050c0000b00e00004003d000404440085844c0013
:1050d00006054d0087854d000006eb008301d100d9
:1050e0000281d3008180d3000080d3000c86d300de
:1050f0008301d1000281d3008180d3000080d300de
:105100000c86d300890474008b0575008b847400b1
:1051100001003200610676004f0478004f057800e8
:105120000348a30007003a000c06460000004800b0
:105130008180480002014900838149000804e90098
:10514000f7ff3700000137001a0137008c9fbe00bf
:105150008a9fbe00889fbe00ca0007000b056d0035
:105160008a0578000c40e10008003a000900e000e0
:1051700082003a000af0a1000c047800f30120003c
:10518000f2ff2f006110b9007c0037000c48e100ed
:1051900004003a00870007000900e00077003a00a9
:1051a000f4ff37000800e000740032000900e0005e
:1051b00002003a007f00070070003700ed3f20003a
:1051c0008d845400090444008a1f7800881f7800e9
:1051d000871f7800861f7800851f7800841f78005d
:1051e000cb19dd00c515de008b8571004b11dd008c
:1051f000450dde000a057100cb08dd00c504de00a8
:10520000898470004b04dd000440b8000546b800f6
:105210008c80400060814e00044eb8008c804000bd
:105220000d0149008001eb000318ad000456b800e1
:105230000c0141008d8149000002eb000420ad000b
:105240000646b8000c0141008d81490060024a0009
:10525000054eb8000c0141008d81490060024a00f2
:105260000556b8008c8141000d024a008002eb0017
:105270000528ad000746b8008c8141000d024a00a8
:10528000e0824a00064eb8008c8141000d024a00bf
:10529000e0824a004f0678000c5eb8008c81410025
:1052a0000d024a00e0824a000656b8000c02420095
:1052b0008d824a000003eb000630ad00074eb800b7
:1052c0000c0242008d824a0060034b004f067800ba
:1052d0000c5eb8000c0242008d824a0060034b0055
:1052e0000756b8008c8242000d034b008003eb0090
:1052f0000738ad004f0678000c5eb8008c82420083
:105300000d034b00e0834b004f0678000c5eb800a5
:105310000c0343008d834b004f0478004f05780049
:105320000748a3000a003a000000400081804800be
:10533000020149008381490004024a0085824a0033
:1053400006034b0087834b000804e900f4ff370095
:1053500003067800808070008280700001003200b7
:1053600061067600870178000601780085007800e4
:105370000400780088047800780037008d0037003a
:105380008c06460002003a000000a600000006005d
:1053900060004800e080480060014900e081490069
:1053a0000350a600000006008301d1000804e800b5
:1053b000000006000002fd008102fd000203fd0066
:1053c0008303fd008804fd008a05fd00000006003f
:1053d0007048e1001a0039007d0320000d48e1000b
:1053e0000a00390081057000830671008c85750004
:1053f0008d8575000006eb000cd8e700610676008d
:105400006000b8006011b800000006007048e100bc
:105410000b0039008c057800000678000100780048
:1054200082007800030178008001eb0003d8e700d8
:1054300061067600f0845400f4ff3a000000060094
:105440006160e1000c48ad00f08514008b06dd00c2
:105450000966de000d0676008b0edd000900de0019
:105460000d0070008b16dd008908de008d80700055
:105470008b1edd000911de000d0171008919de00af
:10548000000006000d002800fc7f20000d85610053
:10549000441cde00ef8161000c0464000100320056
:1054a0000340a0008d856300c43cde00ef836300f1
:1054b0008c846400010032000740a0000c40e10031
:1054c00006003a00ef8661008286760081867600cb
:1054d0008086760001003200180037000c48e10099
:1054e00007003a00ef8663008686760085867600a0
:1054f0008486760002003200aeff07000f003700fe
:105500000348a30005003a008106700082867600f9
:1055100083867600010032000804e8000748a300f3
:1055200005003a008506720086867600878676003a
:10553000010032008904e80000000600cf04780072
:10554000cf0578001b003700000278008102780048
:105550000203780083037800880478000cf0a70029
:1055600087ff0700fd7f20000d40e10004003500ab
:105570000d0478006000b8006011b8000d0037001d
:105580000800e0000b003c00040078008500780073
:105590000601780087017800e18414008cff070081
:1055a0000cf0a70076ff07000004eb000340a70003
:1055b0000804e8004444dd006fc5610088017500ff
:1055c0004f04be004f05be004f06be00000006009f
:1055d000889fbe008a9fbe0030044200b0844a000b
:1055e00030054b0090854b006000b1000898be006c
:1055f0000a90be000440e10005c8e10006d0e100c9
:1056000007d8e10002003100680040001008e800ff
:105610004f05be004f04be0000000600889fbe007c
:105620008a9fbe003004be002005be00041854004e
:1056300005985c0006185d0007985d0011002000c9
:105640000440e10005c8e10006d0e10007d8e10010
:10565000010039008000eb00108810004f05be00eb
:105660004f04be00000006001200fa00889fbe0032
:105670008a9fbe008c9fbe00e0b79f00f1b79f00dd
:1056800082bf9f0093bf9f000605be000404be00ba
:105690000000eb00d0b79f00c0b79f00b0b79f00dd
:1056a000a0b79f0090b79f00000678005fb19700f9
:1056b000cfb09700820141003fb097000200e000a8
:1056c00004003d00370007007e805700c0ff070040
:1056d00003003700330007007e805700cfff07002c
:1056e000dfb697000d00e0000c0035006fb29700a8
:1056f000ffb297000fbb97009fbb970010002000e0
:10570000010020006011b800000272008182720066
:1057100002037300838373001b0007000c06e8007c
:1057200001042000810f5600e0ff3a000d00e00068
:1057300004003d000802be000a03be007e80570040
:10574000a3ff07005fa897000000e00005003a00f3
:105750001fb29700afb297003fb39700cfb3970047
:10576000090007006fb09700ffb097000fb99700ce
:105770009fb997004f06be004f05be004f04be0004
:105780000080fa000000060001000700000006008b
:10579000a4b79f00b5b79f00c6b79f00d7b79f00bb
:1057a000000006004f09de0082817100b3b79f0040
:1057b0004f01de008180400082807000a1b79f0011
:1057c0008fb097004f09de0000004000020070001b
:1057d00090b79f007fa897004f01de0081804000b6
:1057e0008280700081b79f000d0007004f3ade00f5
:1057f0000000400004007000f0af9f0008000700a8
:105800000402420085824a0006034b0087834b0056
:10581000dfff07000802be000a03be00000006000a
:105820002fb29700bfb297004fb39700dfb3970036
:1058300000000600881f780018002000881f7800ec
:1058400089ff07008f87e9004f04780000000600f9
:10585000801feb0084ff07008f87e900000006002f
:10586000889fbe008a9fbe00e00f5000e08f580066
:10587000e00f5900e08f59000c003d006044b80073
:105880006055b8000000540081805c0002015d009a
:1058900083815d00180020001500070008003d000e
:1058a000180007000004eb00050037000004eb00bf
:1058b0000f00070002003d00120007001800200042
:1058c000dcff07000800e000060032006022b8009c
:1058d0006033b8000000520081805a0002015b0072
:1058e00083815b004f05be004f04be000000060030
:1058f000e00f5200e08f5a00e00f5b00e08f5b008a
:10590000000006006044b8006055b800040254006e
:1059100085825c0006035d0087835d000000060051
:10592000889fbe008a9fbe008c1f7800e00f500049
:10593000e08f5800e00f5900e08f59000d003d0046
:105940006044b8006055b8000000540081805c00dd
:1059500002015d0083815d001c0020000820e10041
:1059600009a8e1000ab0e1000bb8e1000d003d001c
:10597000080037000006eb00e00f5200e08f5a00ed
:10598000e00f5b00e08f5b0006003d006044b80064
:105990006055b8000402540085825c0006035d0077
:1059a00087835d00aaff07000c00e00006003200bc
:1059b0006022b8006033b8000000520081805a00b5
:1059c00002015b0083815b004f0678004f05be003b
:1059d0004f04be0000000600889fbe008a9fbe00e4
:1059e0008c9fbe000404be000605be00809fbe0062
:1059f000829fbe0021000700040678000800be0058
:105a00000a01be001d000700840678004f03be0097
:105a10004f02be008d4f76007fb097001300330019
:105a2000f0ff2f008b8f6b0006003b000d06660019
:105a30000c00a7000a00370007f0a60010002000a5
:105a40000a003700880f5200898f5a008a0f5b00c6
:105a50008b8f5b00030039001000200001003e0026
:105a60000000200007f0a7000000ea004f06be007b
:105a70004f05be004f04be000000060005ff2700d2
:105a800005826100070032000428e10001003200b5
:105a9000240005000600070001003a00440005004c
:105aa0000408050002000700f9ff3a001400050091
:105ab0006f826100810270008502710085027200b0
:105ac00000000600800078005002be005003be00b7
:105ad0004439de00f700b200f37f200003016100cb
:105ae000090032000218e10016003a008501720038
:105af00083017300838173000008200015003a00c1
:105b000040002000130037008501720083017300fc
:105b10008381730005003a0004a8be0006a8be00f9
:105b2000100020000b0037000201e90004024200cf
:105b300085824a0006034b0087834b000748a30079
:105b4000f9ff32000740a00004a8be0006a8be006e
:105b500020002000800098009200980000000600bd
:105b6000680447000294be000094be00fc04470095
:105b70008694be008494be0009007800d1ff07001f
:105b800008007800cfff070099007800814f70006f
:105b90000b003b000800be000a0007004f00b100e8
:105ba00003003700f3ff2700f2ff2f006110b90058
:105bb0004f06be004f05be004f04be000080fa0035
:105bc00000000600e48240001078a30007003200c5
:105bd000640240001178a3003400be001401be002e
:105be000040032000330a700000006003500be00ac
:105bf0001501be000330a000000006001800fa00e6
:105c0000889fbe008a9fbe008c1f78000004be00e3
:105c10000205be000802be000a03be00443ade00d0
:105c2000f07f20000006620020432000800f560015
:105c300067003c006022b8006033b8000800be0076
:105c4000e7fb07000000e000610032000802be0030
:105c50000a03be00b4b79f00c5b79f00d6b79f0028
:105c6000e7b79f00e00f5200e08f5a00e00f5b00a3
:105c7000e08f5b000b003d006022b80006002000b2
:105c8000073324000800be000a01be002ffc0700f5
:105c90006022b800060020000733240031fc070012
:105ca0000a0037006022b8000600200007332400f5
:105cb0000800be000a01be002afc07006022b800ee
:105cc000060020000733240020fc07000802be0065
:105cd0000a03be001dfc07000002be000203be0056
:105ce000f4b79f0085bf9f0096bf9f00a7bf9f008e
:105cf000e03f2000800f560017003c007fb0970067
:105d00008fb897001fb99700afb99700f0af9f0009
:105d100081b79f0092b79f00a3b79f006044b8006f
:105d20006055b8003fb29700cfb297005fb39700bd
:105d3000efb39700e00f5200e08f5a00e00f5b00d6
:105d4000e08f5b0022003d006044b8000a002000a4
:105d50000bff2b001e0037006022b8006033b80034
:105d60007fb097008fb897001fb99700afb9970021
:105d7000a0fb07000000e0000c0034007fb2970099
:105d80008fba97001fbb9700afbb97000800be00fb
:105d90000a01be00f3fb07006022b80006002000e5
:105da00007ff2300e9fb0700070037007fb29700d9
:105db0008fba97001fbb9700afbb97000800be00cb
:105dc0000a01be00e7fb07000004be000205be009a
:105dd0000800be000a01be004f0678004f05be0055
:105de0004f04be000080fa00000006000000fa0028
:105df000aa22ef00f01f280040158800c0002000f4
:105e0000301588000008200020158800a222ef002d
:105e10000000280000158800a022a8001000200023
:105e200090478800a00020004f2007000080fa0063
:105e3000000006000200fa00000f78009e007800c3
:105e40006f80600030158800a022a8009200090031
:105e5000000000000080fa00000006000400fa00c4
:105e600010079800401f2000000f7800a002a90032
:105e7000a022a90000000000001580006100600061
:105e80000000e00004003a001e0fe9001e00780048
:105e90000000e000f8ff3a001e0078000000e0007b
:105ea000070032001e0090006900500001148000bd
:105eb00000014000e0cd2000000041000108780012
:105ec0000080fa00000006000000fa009047800001
:105ed0000000e0001d003200c0002000dfff0700ce
:105ee000d0002000d3ff0700d0002000dbff070018
:105ef000a047800081cf2f000000400000804000bc
:105f000010007800cbff0700a047800081cf2f0052
:105f1000000040000080400010007800cfff070024
:105f2000a04780000000e800a0478800a04780004c
:105f3000e30f500001003400f428ef00c0002000ff
:105f400030158800a022a8000100370000000000e2
:105f50000080fa00000006000200fa00000f78003e
:105f60001e007800e80f5000030036001e00780085
:105f7000ee0f5000020036000000eb000600370074
:105f80009e0078006980500080004000e0cd200035
:105f900000804000100078000080fa000000060039
:105fa0003200f800900188006118e100040032001e
:105fb0007018e10002003200f0ff2f0003003700ec
:105fc0003119ba008301e900fdff3a003200f900ff
:105fd00000000600849fbe004220a9004404240063
:105fe0006110e1000a003200540424007010e10046
:105ff0000700320064042400f5ff2f000510e100c3
:1060000003003200f0ff2f004f02be000000060028
:106010003200f800203b8800113b8800043b8800d8
:106020000500fc0050052000303b8800a00a20003d
:10603000303b880061e7a80000000000000000007d
:1060400061e7af00feff37000000eb003200f9000f
:106050004f02be0000000600841f78004220a90005
:10606000440024006118e1000600320054002400be
:106070007018e100030032004f027800f0ff2f009b
:10608000000006003200f80091018800821f7800ad
:106090003019bb008301e900fdff3a00213b880075
:1060a0004f017800123b8800043b88000500fc008b
:1060b00050052000303b8800a00a2000303b8800bb
:1060c00061e7a800000000000000000061e7af00e9
:1060d000feff37000000eb003200f9004f027800ad
:1060e000000006000400fa00004f78001107980035
:1060f0009e40780061cf60001e0090000000d1003b
:10610000004078001e4f68001e0090004300de0033
:10611000004078001e4f68001e0090004500de0021
:10612000004078001e4f68001e0090004e00de0008
:10613000004078001e4f68001e00900000004000e4
:10614000100798001e80fb00e10060001e00900018
:10615000008040000080fa00000006000600fa00ff
:10616000204798002107980070002000000f780059
:10617000ae0090002e409000daff07002007980044
:106180002e4090008080fb001e0078000088de001a
:1061900000407800ae009000d2ff07002007980072
:1061a0001e0fe9001e0078000000e000f4ff3a0036
:1061b0002e0090000080fa00000006000400fa00a3
:1061c000000f7800110798001e007800004078004a
:1061d0009e009000e1ff0700100798001e00780065
:1061e0004800de00004078009e009000dbff0700c2
:1061f0000080fa00000006000200fa000000eb0038
:10620000000f78001e0078008000400060b420007d
:10621000008040008000eb00010878001e0fe800bd
:106220001e007800ea0f5000f6ff340090002000b6
:10623000e05a8800007d2000105b8800c01220001a
:10624000205b88000000eb00305b880030002000fd
:10625000405b880030002000f05a880020002000b9
:10626000005b8800c0122000505b880010002000f6
:10627000605b88000000eb00705b88006004200019
:10628000805b880080022000905b88000000eb00ab
:10629000a05b88000000eb00b05b88000000eb0012
:1062a000c05b88000000eb00d05b88000000eb00c2
:1062b000e05b88000000eb00f05b8800809d200020
:1062c000105c880020482100205c8800604220008b
:1062d000305c880020032000405c8800a0b82000cb
:1062e00011c0b30001487800b0b8200011c0b3005d
:1062f00001487800f0032000605c8800a0ac20001a
:10630000705c880000832000805c8800608520002d
:10631000905c880040062000a05c880010232400c8
:10632000f1002000b05c8800c15c8800800720007c
:10633000d05c880064000700130020000285200064
:10634000010f2f00f007200015ff0700804280009a
:106350000000e8008042880012002000010f2f009a
:10636000f00720001bff070013002000020f2f0082
:10637000f10720000085200037ff07000080fa00a9
:10638000000006000800fa00f15a8000110798008a
:10639000c0002000200798001e009000e60f50006b
:1063a000070032001e009000e70f500002003a0084
:1063b00020002000010037000000eb000100370042
:1063c00010002000205d88000000eb00005c8800c9
:1063d0000000eb00000f7800330037001e0078004b
:1063e0008000400060b42000008040001000780071
:1063f000300798002e0090009e007800808f50009b
:106400000c003a001e009000e60f5000070032001a
:106410001e009000e70f5000020032001e009000a6
:10642000010037001000200001003700300020007c
:10643000300798001e007800fd0f500003003a005e
:10644000005c80003007980004003700015c800089
:106450003e00900059ff0700005c88009e00780015
:106460000080270000804000000040001200200053
:1064700080007800f0072000d6fe07009e0078001c
:10648000008027000080400000004000800078006d
:10649000660047001300200001017800f10720008a
:1064a000edfe07001e0fe8001e007800fd0f5000f3
:1064b000caff3600005c8000405d880015000700c0
:1064c0000080fa00000006000200fa000000eb0065
:1064d000000f78001e00780080004000e0b9200026
:1064e000008040008000eb00010878001e0fe800eb
:1064f0001e007800e70f5000f6ff360030a424009d
:10650000f05c880010002000005d88000080fa0028
:10651000000006000200fa000000eb00605d880049
:106520000000eb00000f7800210037001e0078000b
:10653000e60f500008003e00615d80001e007800fc
:1065400000014000e0b92000000041001000780088
:106550001aff0700605d88009e0078000088270011
:106560000080400000004000120020008000780001
:10657000f007200097fe07009e00780000882700a3
:10658000008040000000400080007800e2b9200058
:106590001e007800000040000000410013002000b1
:1065a00001017800f1072000abfe07001e0fe80094
:1065b0001e007800e70f5000dcff36000080fa0074
:1065c000000006000400fa000000eb00100798002d
:1065d0000000eb00000f780019003700e1b920003f
:1065e0001e00780000004000808040001e017800fe
:1065f0000088270000004100000040001300200038
:106600000101780080007800f007200064fe070098
:106610001e007800e60f500008003e001e007800c3
:1066200080004000e0b920000080400010007800a9
:106630009e009000e1fe0700100798001e0fe80082
:106640001e007800e70f5000e4ff3600615d800017
:106650001e009000808f500019003a00f15c80000d
:1066600030a42400808f500015003a00005d8000a7
:10667000e10f500012003a00105d80000000e000c1
:106680000f003500105d8000e10f50000c003c0051
:10669000205d80000000e00009003500205d8000e2
:1066a000e20f500006003c00305d80000000e0007a
:1066b00003003500305d8000e10f5000030034001e
:1066c00081ff070010002000010037000000eb00f0
:1066d0000080fa00000006000000fa00405d800023
:1066e0000000e00006003200415d8000005c800098
:1066f000808f5000020032000000eb00205d880017
:10670000f05a8000e30f500005003a00205d800041
:10671000e10f500002003a0060002000f05a8800ab
:10672000f05a8000e10f500005003a00205d800023
:10673000e20f500002003a0070002000f05a88007a
:106740000080fa00000006000400fa000000eb00e0
:10675000100798000000eb00000f780019003700c8
:1067600061b420001e0078000000400080804000de
:106770001e0178000080270000004100000040005a
:10678000130020000101780080007800f00720004d
:1067900003fe07001e007800fc0f500008003e00ba
:1067a0001e0078008000400060b42000008040009f
:1067b000100078009e00900080fe070010079800ef
:1067c0001e0fe8001e007800fd0f5000e4ff3600a9
:1067d0001300200002852000010f2f00f007200089
:1067e000effd0700015c80001e0090000080680043
:1067f00000f0a7000000ea000000ea004f00de0001
:106800000080fa00000006000200fa000000eb0021
:10681000e05c88000000eb00000f780021003700ea
:106820001e007800ec0f500008003e00e15c800084
:106830001e0078000001400020b820000000410048
:10684000100078005dfe0700e05c88009e00780084
:10685000008227000080400000004000120020005d
:1068600080007800f0072000dafd07009e00780025
:106870000082270000804000000040008000780077
:1068800022b820001e0078000000400000004100f7
:106890001300200001017800f1072000eefd070041
:1068a0001e0fe8001e007800ed0f5000dcff3600e0
:1068b00018ff07000080fa00000006000400fa003c
:1068c0000000eb00100798000000eb00000f7800bc
:1068d0001900370021b820001e0078000000400099
:1068e000808040001e0178000082270000004100e7
:1068f00000004000130020000101780080007800b3
:10690000f0072000a6fd07001e007800ec0f5000e5
:1069100008003e001e0078008000400020b82000e3
:1069200000804000100078009e00900023fe0700c9
:10693000100798001e0fe8001e007800ed0f5000b1
:10694000e4ff3600e15c80001e00900000806800db
:1069500000f0a7000000ea000000ea004f00de009f
:106960000080fa00000006000000fa0000000000ad
:10697000a0168000610060000000e000fcff3a000b
:1069800070168000620060000000e000f8ff320036
:106990000080fa00000006000000fa00000000007d
:1069a000a0168000610060000000e000fcff3a00db
:1069b000800c20006c1d07000080fa00000006001b
:1069c0000400fa00100798001e00900010407800a4
:1069d0000000fb00000f78001e0090000000e8009f
:1069e00010079800060037001e0090001040780045
:1069f0009e0090008100e80011079800b71d070075
:106a00001e00780000f0a7000000ea000000ea0085
:106a10004f00de00004078001e0fe9000004e00097
:106a2000f1ff3a000080fa00000006000000fa00c2
:106a3000744080000267200003002000f002120072
:106a400004003b008502ea000598de00cf98de00d6
:106a500004003700851add000410de00008072009b
:106a60008498de000000780061006000004078003b
:106a70000004e00002003200400620000100370060
:106a8000a0282000104788000080fa0000000600bf
:106a90000200fa00000f78001e0078000000e000fd
:106aa00005003200405c800080007800a07f21005b
:106ab000071d070008003700405c80006a00b9002d
:106ac0000000780080007800c0f62000001d07005c
:106ad000401f2000241d07000080fa00000006006f
:106ae0000800fa002007980031079800ae009000d7
:106af0003e00900000017800110009008200d800db
:106b0000000f7800ae0090003e0090000001780079
:106b1000110009008200d8008000fd0010079800d5
:106b20003e0090008080d1001e009000808f5000b9
:106b300001003c001e0fe8001e0078000080fa00f3
:106b4000000006000000fa000428ef00f041800079
:106b50000000e0003d003200f04180006200600073
:106b60000000e00009003200f1418000d003200065
:106b700000806000f0418800caa2a9004001200006
:106b8000f91c0700caa2a80031003700f0418000bc
:106b900061006000004078000004e0000500320061
:106ba000f1418000e003200000806000f041880097
:106bb00027003700f0418000640060000000e00022
:106bc00005003200f1418000b00320000080600029
:106bd000f04188001e003700f0418000680060002e
:106be0000000e00005003200f14180007003200049
:106bf00000806000f041880015003700f0418000ff
:106c0000700060000000e000060032002628ef005f
:106c1000f1418000f002200000806000f041880017
:106c20000b003700f141800000022000008060006e
:106c30000000e00006003200f04180007f006000ac
:106c4000f041880000000000010037000000000053
:106c50000080fa00000006000200fa00000f780031
:106c600060478000e10f50000b003a00005b80009d
:106c70000000e00008003a001e007800800040009c
:106c8000c099200000804000100078004cff0700f1
:106c9000ec28ef00000000000080fa000000060071
:106ca0000400fa00100798000000eb00000f7800c5
:106cb0001e0078008000400060772f0000804000b8
:106cc000900078001e009000808f500005003e006c
:106cd0001e0fe8001e007800e90f5000f4ff34009a
:106ce00001003700000000001e0078000080fa005c
:106cf000000006000400fa00000f78001107980059
:106d00001e009000e80f5000160032001e00900098
:106d1000e90f5000150032001e009000eb0f5000ec
:106d2000140032000000eb001f0037001e00780046
:106d3000104078000000fb0001fd2f008080400023
:106d400010c0b300e98f500001003e000040eb008e
:106d50001e0fe8000004e000070032000000eb0016
:106d600011003700000000000300370000000000a1
:106d700001003700000000001e00900000f0a70096
:106d80000000ea000000ea004f00de00004078004a
:106d90009e0090008100e900110798000004e000c7
:106da000e2ff3a00100020000080fa000000060018
:106db0000600fa00200798002e0090009eeb0700c6
:106dc000401fb0000180b000823e20000300200080
:106dd000e3e50700008fbe000053270001002000fc
:106de0001e01be00800f5100818f59000300340046
:106df0002053270001002000008fbe001e007800f5
:106e0000a7ff07000080fa00000006000200fa0059
:106e10001000200090ff0700bc1c07000004e000e9
:106e200041003200cb1c0700004f7800c0478000b3
:106e30000000e0000500320060c4b3009e4078000e
:106e400080cf500001003a003c110700c04780008d
:106e50000000e00004003a0060c4b3009e407800e7
:106e600080cf50002f003a00c0478000e10f500053
:106e700006003a0010c4b3009e40780080cf500056
:106e8000020032002d11070027003700c0478000a4
:106e90001e41780001ca2000827078000000e800de
:106ea000c0478800c0478000ee0f50000200340049
:106eb000221107001c003700b0c3b3009e407800c9
:106ec00080cf500018003a00c04780000000e90061
:106ed00001ca20000041eb0082707800c0478000aa
:106ee000e300500000ca20000080e80081ff070096
:106ef0000000e00009003200005b80000000e000bc
:106f00000200320010002000b047880000ca2000b4
:106f10000080e800a6ff0700e05a8800071107007c
:106f200001003700000000000080fa0000000600a9
:106f30003200fa00889fbe006a0f470000ca200096
:106f400064004000200798000040eb00204f9800ac
:106f5000e05980008000eb00b6e507000004be00a9
:106f6000205c8000cf80de00afe507000001be009e
:106f70000800be00a3e70700024022004397240058
:106f8000c1e60700300798004107980000ca2000ba
:106f90009040780060c4b30080cf500005003a00f4
:106fa00010ca20009040780010c4b30080cf500079
:106fb0000a00320000ca20009040780090c4b3005c
:106fc00080cf50001e003a0010ca20009040780088
:106fd00060c4b30080cf500019003a0000ca2000fe
:106fe0009040780090c4b30080cf500006003a0073
:106ff000c0478000ec0f500023013400d0ca2000ad
:107000008040eb000148780000ca20000080e800c2
:107010005ceb07008000780000ca20000080e800d8
:1070200034ff07000000e0001901320000ca200010
:107030000080e8005eff0700e05a88001901370071
:1070400000ca20009040780080c4b30080cf500078
:1070500011013a0010ca20009040780020c5b3000a
:1070600080cf50000e013a0020ca20001040780066
:107070000080fb00c800dd0030ca2000104078000e
:107080000080fb000100700041d42400810f5000fb
:107090004d00320041d42400810f500011003c000b
:1070a000e1242400810f50001f003200e12424005d
:1070b000810f500004003c0041152400810f500056
:1070c0009c003200da00370021252400810f500097
:1070d000a100320081b52400810f5000b7003200ba
:1070e000d3003700d1442500810f5000bc0032008e
:1070f000d1442500810f500004003c00812525006b
:10710000810f50004b003200c900370001452500b7
:10711000810f50006800320041652500810f50004a
:1071200076003200c20037002e0090001040780038
:107130000004e0000c003a00e05a800080004000ab
:10714000e07b2f0000804000900078006a0047003c
:10715000811f780041802f00811f780060ea0700be
:10716000e4875700b20037002e00900010407800ee
:107170000000fb000003b100e90f50009d003e003d
:107180002e0090007cea0700100798001e00900077
:107190000000e000090035001e009000ea0f5000da
:1071a00006003c001e00900080004000807a2f0006
:1071b000008040001000780001003700a00020008f
:1071c000e05a88009a0037002e00900010407800a6
:1071d0000004e00008003a00e14180006a00470036
:1071e000811f7800b1802f00811f78003cea0700e2
:1071f000e48757008e0037002e0090001040780082
:107200000000fb000003b100e90f50007b003e00ce
:107210002e0090009040780010c3b30000c06800ba
:107220000080fb000000e9004f00de00e041880024
:107230007f0037002e009000104078000004e0002e
:1072400070003a00605b800031772f006140780069
:107250000003fb0025418000e05a800080004000d0
:10726000c09c20000080400010027800e0418000b7
:1072700080004000209e20000080400090017800a7
:107280006a0147003e009000ce009000809fbe0043
:10729000861f7800851f7800841f7800831f780080
:1072a00020812f00801f7800020078000cea070080
:1072b000ee8757005e0037002e00900010407800e7
:1072c0000004e00051003a00605b800031772f003d
:1072d000614078000001fb00214180006a00470006
:1072e000821f7800811f780061822f00811f780043
:1072f000fbe90700e68757004d0037002e0090009d
:10730000104078000004e00042003a006a014700a3
:107310003e009000ce009000809fbe00f0822f00c3
:10732000801f780002007800ede90700e68757002b
:107330003f0037002e009000104078000004e0006d
:1073400036003a006a0047006200200091832f0057
:1073500070ea0700360037002e00900010407800d9
:107360000004e0002f003a00405b80000080e9004c
:10737000100798001e0090000000e00002003d0091
:107380000000eb00100798001e009000e30f500073
:107390000200340030002000100798006a00470007
:1073a0009e009000811f7800f1832f00811f7800dc
:1073b000cbe90700e48757001d0037002e0090003e
:1073c000104078000004e00018003a006a0047000e
:1073d0006200200061842f004eea0700140037008d
:1073e0006a00470052002000c1842f0049ea0700cc
:1073f0000f003700000000000d0037000000000003
:107400000b003700000000000900370000000000fa
:1074100007003700000000000500370000000000f2
:1074200003003700000000000100370000000000ea
:107430001e007800104078000004e00006003a00ca
:10744000180037001e007800104078001e0fe8007a
:10745000221b070001003700000000001e0078001a
:10746000104078000004e000f6ff3a00b0c3b3001b
:107470001a1b0700d0c0b300181b0700a0c0b30040
:10748000161b07000700370000000000050037004a
:10749000000000000300370000000000010037007a
:1074a000000000004f04be000080fa00000006004b
:1074b0000200fa0026003700261b07000080fb00b0
:1074c00048ea0700004f7800c04780000000e00055
:1074d00004003200c04380000000e00001003a00d8
:1074e000960f0700b0c3b3009e40780080cf5000d5
:1074f00003003a008efe0700900f070014003700cb
:10750000c04780000000e00006003a001e407800fe
:107510000054a0000000fb001006b100f90f50005d
:107520000b003e0000478000c0438800c047800039
:10753000ee0f500006003c00c04780001e4178005e
:1075400001ca2000827078000000e800c04788006f
:10755000ee1a07000004e000d7ff3a000080fa00ae
:10756000000006000400fa00100798001e009000ba
:107570004480de00000f78001e0078006a00b90029
:1075800000007800000f78001e0090006f0060007f
:107590001e0040000080fa00000006000600fa000d
:1075a0006000b800008fbe000000eb0020079800cc
:1075b0009e009000400620000088b900000178007d
:1075c0001e0078006000b900000078000001410052
:1075d0009e007800400620000008b800010141002c
:1075e00082007800008fbe00008fbe0001ca20001c
:1075f0002e00900000804000104078000080fb00ca
:10760000d8ff07006101b9001e00be000200400063
:1076100083804800008fbe002e0090000000e8002c
:10762000200798002e009000e30f5000e0ff340088
:1076300022032000030020001e0f41005e97490036
:107640001e00be004206200003002000c4e3070025
:10765000008fbe0000532700010020001e01be0065
:10766000800f5100818f5900030034002053270000
:1076700001002000008fbe001e00780088fd07007a
:107680000080fa00000006000000fa00881f780061
:107690000000eb0070fd07009c1a07000004e000ea
:1076a00014003200c8478000aa1a070001ca20004f
:1076b00080707c000800e800c0478800800c200033
:1076c000c0438800c0478000e40f50001000340021
:1076d000005b80000000e00002003200100020008b
:1076e000b0478800adff0700e05a8800130f07007d
:1076f00007003700c04780000000e00004003200af
:10770000c04380000000e00001003a000b0f0700ba
:107710004f0478000080fa00000006000000fa0024
:10772000889fbe00304480000000e0001c003a004a
:107730006241800073418000006a2800110020002f
:10774000800f5100818f59000e003400604180008d
:1077500071418000b4e307000004be00b05c80000b
:10776000c15c8000b0e30700020020000312240087
:10777000c5e407000001be000800be00c2e4070027
:10778000010037006000b80090438800a1438800e2
:107790002c28ef002e28ef004006200030448800ff
:1077a00090438000a14380004f04be000080fa0097
:1077b000000006000000fa00889fbe0051438000d0
:1077c00000428000808f500007003200004280009d
:1077d000504388006000b80060438800714388000f
:1077e0007028ef0034003700d05980008000eb0093
:1077f00090e307000004be00105c8000cf80de0034
:1078000089e307000001be000800be007de5070017
:10781000c0408800d1408800c4408000d54080002e
:10782000604380007143800018c0b3000001be00b7
:107830000400be0059e307000000e00001003c0026
:107840000044eb000804e00007003200c040800064
:10785000d14080006043880071438800800c200084
:10786000804388000a003700804380000000e00069
:1078700004003200804380000000e900804388005b
:10788000030037006000b80060438800714388003f
:10789000504280000000e00003003200c040800041
:1078a000d1408000020037006043800071438000b7
:1078b00052002000880e07004f04be000080fa002e
:1078c000000006000000fa00ca82a9003c28ef0070
:1078d0008c21ef00e842a900e862a9002efc070015
:1078e000cfa2a900ffff37000400fa00889fbe0066
:1078f000c2418000d341800030438000414380007a
:10790000800f5100818f590007003500c041800071
:10791000d14180003043880041438800803e2000f0
:107920000044880007003700004480000000e000a9
:1079300004003a006628ef006828ef006000b800f5
:10794000008fbe00304380004143800036e30700d3
:107950000004be00305c8000cf80de0032e3070010
:107960000001be000800be0026e50700008fbe0033
:10797000f05b80000000e0001500320018c0b3008a
:1079800062da2d0073c124001e00be0003e307006d
:107990000000e00001003c000044eb000804e000af
:1079a0000800320002002500337c24001e00be00c7
:1079b00035e4070061e7070062002000460e07007b
:1079c00013003700b04d8000210e07001000370073
:1079d00018c0b30062da2d0073c124001e00be007f
:1079e000eee207000000e00001003c000044eb0074
:1079f0000804e00004003200220020001e00be0047
:107a0000350e070002003700a04d8000100e070061
:107a10004f04be000080fa00000006000000fa00db
:107a2000504780000000e00003003a00d0592f00ca
:107a3000070e070004003700e0408000f14080009e
:107a400032002000240e07000080fa00000006002b
:107a50000000fa00889fbe008a9fbe008040800020
:107a60009140800082142e00a3f72300e5e4070074
:107a70000004be00e05980008000eb00ede207004a
:107a80000005be00205c8000cf80de00e6e207003b
:107a90000001be000a00be00dae407000200200078
:107aa00083242400f8e307000001be000800be00a4
:107ab00010e30700804088009140880080408000eb
:107ac0009140800042002000030e07004f05be00d9
:107ad0004f04be000080fa00000006000000fa001b
:107ae000881f7800685b800020418000cf80de0026
:107af000cde2070008017800f70d07004f04780079
:107b00000080fa00000006000000fa0003ff0700f2
:107b1000809fbe0000762f00801f780060b220009a
:107b20008be80700e687570060b22000c80d070009
:107b30006dff07000080fa00000006006000fa00f8
:107b4000889fbe008a9fbe008c9fbe00660f4700c4
:107b5000c0418000d1418000b3e207000004be00b4
:107b6000305c8000cf80de00afe207000001be0085
:107b70000800be00a3e40700100798002107980042
:107b8000f1418000312f980071428000412f980010
:107b900021418000512f980018c0b30062da2d00f7
:107ba00073c124001e009000ae0090007be207002d
:107bb0000000e00001003c000044eb000804e0008d
:107bc0000700320002c22b00e3cb24001e0090000d
:107bd000ae009000ace307000005be0001003700d6
:107be0006055b800d05980008000eb0091e207009a
:107bf0000004be00105c8000cf80de008ae2070037
:107c00000001be000800be007ee40700020025005f
:107c1000338424009ce307000006be00e059800086
:107c20008000eb0083e207000004be00205c8000bf
:107c3000cf80de007ce207000001be000800be002d
:107c400070e4070002402200439724008ee30700ff
:107c50000004be0050478000cf80de0072e20700c3
:107c600002002000832c240087e307000001be00ef
:107c7000e05a80008000400060b420000080400096
:107c8000100078000000e800602f9800e75a80009c
:107c9000605b800031772f00614078000003fb00bb
:107ca000eec8bf008002fb00b15b800010772f00a0
:107cb00060c078000002fb00e1418000f0762f00f8
:107cc00060c078000000fb00e6004700712f9800bc
:107cd000be289000811f7800ce289000811f780078
:107ce000de289000811f78008a9fbe008c9fbe0016
:107cf000889fbe00829fbe00ee289000811f780002
:107d0000871f7800861f7800851f7800841f780001
:107d1000801f780010852f00801f78007e2890003b
:107d20006fe707004f02b100040037001e00780023
:107d3000104078001e0fe800e81807001e007800c9
:107d4000104078000004e000f8ff3a004f06be0043
:107d50004f05be004f04be000080fa000000060080
:107d60000400fa0050408000e10f5000cf003200c4
:107d7000d04380000000e0000c003a00005b80006f
:107d80000000e000090032006cff0700015b80008a
:107d9000803e20000088b90000007800d0438800b1
:107da000d04380004006b000f0438800d718070099
:107db0000004e000bf003200e6180700004f780022
:107dc0001e407800ea4f5000bc003200c0478000df
:107dd000e10f50000f003200e10f500003003c00a3
:107de0000000e000060032001e003700e20f5000e5
:107df0000e003200e30f500015003200190037006a
:107e0000d0c3b3009e40780080cf500017003200ee
:107e1000ad0037001e00fb001004b100f90f500048
:107e200014003600450d0700a70037001e407800fb
:107e3000ed4f5000110032001e00fb000003b100a6
:107e4000e90f50000f0036003c0d07009e00370080
:107e50001e407800ed4f50000c003200370d070037
:107e600099003700350d070097003700000000002b
:107e70000700370000000000050037000000000088
:107e80000300370000000000010037000000000080
:107e9000c04780001e41780001ca2000827078002f
:107ea0000000e800c04788001e407800ed4f5000f9
:107eb00084003a00005b80000000e0000600320011
:107ec000015b8000803e20000088b900000078003f
:107ed0004006b0000100370080382100f0438800e0
:107ee00010ca200010407800004f780020ca2000ff
:107ef000104078000080fb000003b100e90f500043
:107f000005003e0020ca2000104078000080fb00e1
:107f10000003b100010037000000eb0010079800db
:107f20001e00fb0071042000810f50002e00320063
:107f300071042000810f50000a003c002104200041
:107f4000810f50001b00320031042000810f5000cf
:107f50002300320011042000810f50001200320073
:107f60005000370001052000810f50002f00320023
:107f700001052000810f500004003c00f1042000a6
:107f8000810f5000260032004600370021052000f6
:107f9000810f50003800320031052000810f500061
:107fa000370032003f00370010002000b05b88002f
:107fb0003c0037001e0090000000e000320032005c
:107fc0001e009000e90f500031003e000000eb0061
:107fd000b05b88001e009000e05a88003100370036
:107fe000d8fa07002f0037001e0090000000e000c4
:107ff000290032001e009000e40f500028003e00cf
:10800000e05a80009e0090008100e90000014000dd
:1080100060b4200000004100010878002100370012
:1080200010002000e04188001e003700ca82a9002d
:108030003c28ef001e0090000000e000010032002c
:10804000d0f807001e0090000000e000020032009f
:1080500060452f0001003700b0882f0080007800b5
:1080600050442f00910c0700c05d2000be17070090
:1080700014fe07000b003700b0fe070009003700b0
:108080003c28ef0007003700000000000500370023
:10809000000000000300370000000000010037006e
:1080a00000000000a50c07000700370000000000da
:1080b000050037000000000003003700000000004a
:1080c00001003700000000000080fa0000000600f8
:1080d0000000fa00f05a80000000e0001b003200af
:1080e000f05a8000e10f500016003200f05a800074
:1080f000e20f500011003200f05a8000e70f5000ec
:108100000c003200305b8000e10f500007003200ad
:10811000305b8000e20f500002003a0000d02500e2
:1081200001003700e00927000100370000eb2300c1
:108130000100370080a5230001003700c09b250007
:1081400001003700607023000100370040b42300b5
:10815000004088000080fa00000006000c00fa00d1
:10816000889fbe00200798003107980042079800ba
:10817000530798002e019000be019000b01220001d
:1081800001002000800f5100818f590002003c0047
:108190006000b800270037004e009000de0090001d
:1081a00021e107000004be002e009000be009000f8
:1081b0001de107000001be000800be0032e207001a
:1081c000008fbe0018c0b3000271200013f5230019
:1081d0001e00be00f1e007000000e00001003c00ce
:1081e0000044eb000804e0000300320000712000ae
:1081f00011f52300008fbe000200200003f82300c9
:108200001e00be003be107000004be001e01be00d0
:108210000000200001f823002de107000001be004e
:108220000800be0018e2070002002000832c240092
:10823000f4e207004f04be000080fa0000000600d0
:108240000000fa00204080000000e00008003a0032
:108250000019200020408800304080000000a2006b
:1082600030408800e101200030732000181707001b
:10827000304080000000e00026003200f041800025
:10828000620060000000e00002003200a0462f0003
:1082900021003700f041800061006000004078005c
:1082a0000004e0000200320040462f001a003700b0
:1082b000f0418000640060000000e0000200320035
:1082c00000472f0014003700f04180006800600074
:1082d0000000e0000200320060472f000e0037006f
:1082e000f0418000700060000000e00002003200f9
:1082f000c0472f0008003700f14180000002200035
:10830000008060000000e0000200320020482f00e2
:108310000100370090762f000080fa000000060070
:108320000000fa00d05b80000000e0004a0032004c
:1083300060408000e10f500012003a005147800079
:1083400030062000808f500002003c000000eb004f
:108350004a003700505b8000d2f92f000001410035
:1083600051478000000320000088b9008000780099
:1083700000d72e000080400082007800d8f9070066
:108380003e00370060408000e20f50000d003a00d0
:10839000a0408000b140800082e00700000178002a
:1083a000e1598000805c8000808050000003200044
:1083b0000088b9000000780082007800c8f9070042
:1083c0002e00370060408000e30f500008003a00a4
:1083d000c0408000d140800002a02500337c2400f2
:1083e000a9e107006fe007000000780023003700d4
:1083f00060408000e40f500017003a00605b80008e
:108400000000e00008003200825b80002141800013
:10841000000320000088b900000078008200780086
:10842000aff9070015003700805b800002fe2f00c7
:108430000001410021418000000320000088b900b4
:108440008000780000a02f000080400082007800ab
:10845000a3f90700090037008041800091418000a6
:108460000002be0040418000514180000001be007a
:108470000400be0086e00700000078000080fa00db
:10848000000006000000fa00e1598000705c8000e6
:10849000808f500003003600f04180000030a000c3
:1084a000f0418800e159800030418000808f500009
:1084b00003003100f04180000040a000f04188003e
:1084c000e1598000805c8000808f50000300310003
:1084d000f04180000050a000f0418800311780007a
:1084e00000002800008060000000e000030032006f
:1084f000f04180000010a000f0418800815b800006
:1085000020418000808f500003003d00f04180003a
:108510000020a000f0418800525b8000514780009d
:1085200010002000810f5100010035000000eb0019
:10853000e1418000010060000000e0000300320023
:10854000f04180000000a000f0418800104580004c
:108550000000e00004003200f04180000000a000b4
:10856000f0418800a228ef00605c80008000780065
:10857000f041800000806000f0418800f1418000ff
:10858000f0022000008060000000e00005003200e2
:10859000ca82a90020c5b300eee8b7003c28ef006e
:1085a0000a28ef000080fa00000006000600fa002a
:1085b000100798002107980010002000000f780095
:1085c0001e00900080004000a09620000080400027
:1085d00010007800c1372f00340b0700e2f80700c5
:1085e000800c20006016070000000000701680005c
:1085f000620060000000e00004003200a01680006d
:10860000610060000000e000f8ff320000ccb30021
:108610007b09070070168000620060000000e00027
:1086200018003a002e009000640060000000e00096
:1086300001003200f0f607002e009000610060009b
:10864000004078000004e000010032006ef80700ee
:108650002e0090006a0060000000e000020032007e
:1086600048f707004628ef00405c80006500b9002d
:108670000000780080007800f0a4200014160700a5
:108680001c0037002e009000610060000040780060
:108690000004e0000100320088f807002e0090007e
:1086a000620060000000e0000100320026f80700d0
:1086b0002e009000630060000000e0000100320026
:1086c000c0f707002e009000620060000000e0008c
:1086d0000200320000f80700130007000000eb0062
:1086e000000f7800405c800080007800a07f2100af
:1086f000f71507001e00780080004000c09a200097
:108700000080400010007800d10a0700803e200061
:108710001516070094f80700e05b80007309070056
:108720000080fa00000006000000fa00105b8000e4
:10873000900c8800205b8000600c8800405b80000b
:1087400057160700605b800040428800905b800005
:10875000e4005000605b80000000400000804000aa
:1087600020428800f05a8000e30f500002003a00d7
:108770005000200001003700400020002047880002
:108780006140800020478000808f5000010034004d
:108790000c28ef004efe0700e80a07000080fa00f0
:1087a000000006000000fa00401f2000e04388009f
:1087b000f04180000000e00004003200e1f8070012
:1087c0000628ef0074f8070023003700e04380001c
:1087d0000000e00010003a00ca82a9003c28ef0027
:1087e000405c80000000400080007800e02521000f
:1087f000b7150700304280000000e000030032009f
:10880000210020000000eb0068ff070010c0b3004b
:10881000fb0807002bfc0700a01680006100600029
:108820000000e000e9ff3a00800c2000ce150700b0
:10883000604080000000e9006040880060408000e7
:108840000000e00002003d002047800060408800fa
:10885000604080008ef807000080fa0000000600eb
:108860000200fa0091492f0080482f008f0a07006c
:10887000a04a2f00801f78002de507008f87e900b0
:1088800000192000b81507002c1607001f16070056
:108890000004e000130032002e160700004f78009d
:1088a0002103200090392000891507001e40780020
:1088b0000a1607009e80fb001e80fb00811f7800c7
:1088c000801f7800704d2f00801f780060b220005c
:1088d0001fe50700e687570061b22000000c20006a
:1088e000680a0700a0168000610060000000e00038
:1088f000e6ff3200405c800080007800c0f6200077
:1089000073150700c04e2f00801f780008e5070090
:108910008f87e900091607001ff807000080fa009a
:10892000000006000200fa0090002000000f78000e
:108930001e00780080004000c0c820000080400079
:108940008000eb00010878001e00780000f0a7000e
:108950000000ea000000ea004f00de00004078005e
:108960001e0fe9000004e000f1ff3a000080eb0078
:10897000f04788008428ef00400120001044880060
:108980000080fa00000006000400fa0010079800ba
:108990000000eb00000f7800010037001e0fe80018
:1089a0001e007800e90f500008003c001e0078000f
:1089b0008000400060772f00008040009000780029
:1089c0001e009000808f5000f4ff39001e007800d8
:1089d0000080fa00000006000600fa001007980068
:1089e0002107980090002000000f78001e007800fa
:1089f00080004000c0882f00008040009000780078
:108a00002e009000808f500011003e001e00780064
:108a100080004000008a2f00008040009000780015
:108a20001e00780000014000008a2f000000410075
:108a3000100078004600de00808040001e0090009c
:108a4000808f5000020039001e00780006003700b9
:108a50001e0fe9001e0078000000e000e3ff3a006e
:108a60002e009000c8ff07000080fa0000000600fa
:108a70000a00fa00004280000000e00001003a0015
:108a80006428ef00104480000000e000b1003a00cc
:108a900021448000f0478000808f50000900390099
:108aa00021448000f04780008080500020448000f6
:108ab0004500de00808f500002003e0010002000c4
:108ac000010037000000eb001007980021448000ef
:108ad000f0342c00808f500007003e0021448000bd
:108ae000d0cc2c000008b800c208de002044800072
:108af00000804000010037000080eb002007980054
:108b000020448000ae009000b3ff070030079800bb
:108b100021448000f0478000808f50000b00390016
:108b2000e15a80003e009000808f50000700340022
:108b3000e05a80005d130700ae009000810f5000e6
:108b40000200360010002000010037000000eb009a
:108b500040079800604280000000e0002b003200d7
:108b60000000eb00000f78001e007800800040003d
:108b7000c0c820000080400010007800801f7800ee
:108b800070502f00801f780069e40700e4875700c9
:108b90001e0fe8001e007800e90f5000f2ff3400bd
:108ba000204480000000e000140032001e0090000d
:108bb0000000e00007003a004e0090000000e000d6
:108bc00002003200408b2f0001003700808b2f0005
:108bd00001003700c08b2f0022448000f147800045
:108be000801f7800821f7800811f7800208c2f0062
:108bf000801f78004ee40700e8875700d0502f0010
:108c0000801f78004ae407008f87e9009000200069
:108c1000000f780060648000e40f50004c003c00be
:108c20001e00780080004000c0c820000080400086
:108c3000100078000000e00005003a001e0fe90077
:108c40001e0078000000e000f5ff3a000100370048
:108c500000000000204380009e0f500011003d00e6
:108c6000e05a80009e0f5000090035001e00900061
:108c70000000e00006003a00e05a8000ea0f5000d1
:108c800003003200e05a80000000e00005003a00d6
:108c90009e007800214388009e007800e15a8800f9
:108ca00011003700214380003e009000808f50006b
:108cb0000d003d004e0090000000e0000a00320070
:108cc0001e0090000000e00007003a00e05a80001b
:108cd0009e0f500004003400be0090002143880025
:108ce000be009000e15a8800004280000000e000d1
:108cf00009003200e05a8000e90f500006003c00f5
:108d0000e15a800020438000808f50000200340030
:108d1000e05a800020438800004280000000e0000c
:108d200002003200100020009042880000428000c3
:108d30000000e000020032001000200030458800f2
:108d4000004280000000e00001003200a428ef0093
:108d5000f4fe07000080fa00000006000400fa009c
:108d600010079800a0002000000f78009e009000df
:108d70001e00780000014000a0782f000000410094
:108d800010007800808f500005003e001e0fe900a3
:108d90001e0078000000e000f4ff3a0001003700f8
:108da000000000001e0078000080fa0000000600ad
:108db0000000fa00f0598000e8ff0700e05a880040
:108dc0000080fa00000006000400fa001007980076
:108dd0000000eb00000f7800010037001e0fe800d4
:108de0001e007800ea0f500009003c001e007800c9
:108df00080004000e08c2f000080400010007800d0
:108e0000800078001e009000808f5000f3ff350036
:108e10001e00780080004000408e2f00008040003f
:108e2000100078000080fa00000006000000fa0040
:108e3000f0598000e4ff0700e05a88000080fa0043
:108e4000000006000200fa00e15a8000010f7800dd
:108e5000804780009e007800808f5000150032000f
:108e600050168000700060000000e0000600320034
:108e7000ca82a90020c5b300eee8b7004001200077
:108e8000504588005000370040458000f30f5000e7
:108e900003003e0040012000504588004a00370092
:108ea0009e007800814788004001200050458800de
:108eb000a428ef0050168000700060000000e00061
:108ec00017003a001e0078008000400060b42000c7
:108ed00000804000100078006100600000407800d1
:108ee0000004e00002003200cae2a90001003700dd
:108ef000cae2a8001e0078008000400060b4200094
:108f00000080400010007800620060000000e00077
:108f100002003200cac2a90001003700cac2a8007c
:108f20001e007800e10f500002003a00e9a2a800fc
:108f300001003700e9a2a9001e007800e20f5000ee
:108f400002003a00e982a80001003700e982a90086
:108f50001e007800e30f500002003a00e9c2a800aa
:108f600001003700e9c2a9001e007800e40f50009c
:108f700002003a00c4e2a80001003700c4e2a900e0
:108f80001e007800e50f5000030032001e0078003c
:108f9000e60f500002003a00c4c2a80001003700ea
:108fa000c4c2a9001e0078000000e00003003200e7
:108fb0001e007800e60f500002003400e802a8000e
:108fc00001003700e802a9000080fa000000060056
:108fd0000000fa00005b80000000e0001400320096
:108fe000d04380000000e00011003a00015b8000e7
:108ff000803e20000088b90000007800d04388003f
:10900000b04780000000e00002003a00a00020000d
:10901000e05a8800f05a800080004000c09920008b
:10902000008040001000780065f60700f628ef0089
:109030000080fa00000006000000fa000000eb00cb
:10904000b05b88000080fa00000006000000fa0013
:109050000080fa00000006000400fa00008fbe0045
:10906000605b8000c200dd00007a2f0000804000bd
:109070001000be000001be001e00be0082de070020
:10908000008fbe00605b80000000e00005003a0039
:1090900002002000032024001e00be0095dd070012
:1090a000008fbe000200200003f023001e00be005f
:1090b00090dd070063e107003add0700000078005b
:1090c0000080fa00000006000200fa00889fbe003f
:1090d0000000eb00000f78008ce0a9001e00780073
:1090e00080004000e0cd200000804000900078002b
:1090f0001e00780000014000a0b3200000004100e5
:10910000010878001e0fe8001e007800e50f5000ef
:10911000f2ff34008ce0a800004180001141800083
:10912000420a2700d3f7230036df07000004be0001
:10913000205a80008000eb003edd0700a2702d0069
:1091400033c223002fdf07000001be000800be006d
:1091500068dd07000041880011418800004180005f
:1091600011418000bcff070020418800404780007b
:109170000000e00016003200404780000000e900d7
:1091800040478800115a8000d05c80000080400079
:109190006101b800e0428000f1428000020040001e
:1091a00083804800e0428800f1428800005a800035
:1091b0006101b800004380001143800002004000bc
:1091c0008380480000438800114388005200370024
:1091d000e4428000f5428000a0b8200010407800f2
:1091e0000080fb008000eb000001be000400be0018
:1091f000dbdc0700e0428800f14288000443800085
:1092000015438000a0b82000104078000080fb00cb
:109210008000eb000001be000400be00d0dc0700af
:109220000043880011438800e2428000f34280003e
:10923000e0428000f1428000009ab9000402780008
:10924000028bb90086027800050242000010b800c7
:10925000010242008400780080418800914188002a
:1092600002438000134380000043800011438000cc
:10927000009ab90004027800028bb90086027800d7
:10928000050242000010b80001024200840078008c
:10929000a0418800b1418800824180009341800054
:1092a000a0418000b1418000000051008180590040
:1092b000c0418800d14188000043800011438000f4
:1092c000e4428000f54280000001be000400be00c0
:1092d000a2fb0700e0408800f1408800e0408000e9
:1092e000f1408000afdc07000000780050478800a4
:1092f0006028ef006228ef000043800011438000e7
:10930000e0428800f1428800a0b8200010407800b8
:109310000080fb00404788004f04be000080fa0038
:10932000000006000600fa00000f78001107980000
:10933000220798001e007800900078001e00900020
:10934000808f5000030034001e0078009e009000c3
:10935000010878001e007800900078002e00900030
:10936000808f500003003d001e007800ae0090008a
:10937000010878000080fa00000006000400fa00ee
:10938000605b80000000e00006003200905b80001f
:10939000650f4000905b80006a0040001007980055
:1093a00005003700905b80006a0f4000905b8000f2
:1093b00074004000100798004e28ef00915b800079
:1093c00020418000808f500007003400d042800090
:1093d0000000e000060032002141800020428000b1
:1093e000808f50000200340010002000704288007e
:1093f000204180009e0f5000020035002000200018
:1094000070428800214180001e009000808f500033
:109410000200350030002000704288007042800059
:10942000d0428800715b8000704280000080400064
:10943000704288000001eb0031002000e084200031
:10944000b8ff0700704280006200600000f0a700d3
:109450000000ea000000ea004f00de000040780053
:109460000080fb00610060004200dd0041178000c9
:109470000120a100010070004017880070428000a8
:109480000040780061406000614060006140600021
:109490000080fb00610060004300dd004117800098
:1094a0000130a10001007000401788000080fa0020
:1094b000000006000000fa00c08f2f00801f780017
:1094c00080902f00801f7800a0642f00801f7800fc
:1094d000d0382f00801f780015e20700e88757007a
:1094e000b03a2f00801f780011e207008f87e90053
:1094f000903e2f00801f78000de207008f87e90063
:10950000a0422f00801f780009e207008f87e90042
:10951000c0cc210001002000809fbe00f06e2f0013
:10952000801f780002e20700e68757000080fa00fb
:10953000000006000800fa00881f7800000f78007d
:1095400011079800220798003307980030478000e1
:109550000000e000090032001e00900010047800b6
:10956000fe1107009e0078000180b900000078001d
:10957000800044001e009000010878003e01900029
:10958000ae0090001e00900066ff07004f047800b8
:109590000080fa00000006000200fa00000f7800c8
:1095a0008001eb00120020009e00780010002000d7
:1095b000e0ff07000080fa00000006000200fa0049
:1095c0000000eb00000f7800f05a8000c0428800d5
:1095d000030037001e0078000000e800000f78004c
:1095e0001e007800e60f500008003c001e007800c6
:1095f00080004000e0902f00008040009000780044
:10960000f05a8000808f5000f2ff3a008001eb009a
:10961000720020008e00780010002000c5ff0700b7
:109620001e00780080004000e0902f000080400085
:1096300010007800f05a8800f15a8000c042800083
:10964000808f500017003200f05a8000e10f500068
:1096500005003c00005b80000000e00002003a00d2
:1096600020002000005b8800f05a8000e20f5000cc
:1096700002003a000000eb00005b8800f05a800016
:10968000e70f500002003a000000eb00005b88008a
:10969000f05a8000e50f500002003a0090002000d0
:1096a000e05a88008afa0700f05a8000e30f500061
:1096b00002003a0050002000010037004000200066
:1096c00020478800f05a8000800040002091200050
:1096d0000080400010007800801f780000512f00ab
:1096e000801f780060b2200099e10700e4875700ee
:1096f0000080fa00000006000000fa008001eb0084
:109700007200200081b620001000200089ff0700b1
:10971000405b800062120700405b800080004000d8
:10972000c0072f000080400010007800801f7800e4
:10973000b0512f00801f780060b2200084e1070044
:10974000e48757000080fa00000006000000fa00dd
:109750008001eb002200200061b6200010002000f4
:1097600074ff07005afa0700305b80008000400059
:10977000c09b20000080400010007800801f78000f
:10978000b0522f00801f780060b2200070e1070007
:10979000e48757000080fa00000006000000fa008d
:1097a0008001eb00a200200001b620001000200084
:1097b00060ff0700005b80000000e000080032004e
:1097c000005b8000801f780050532f00801f7800be
:1097d00060b220005ee10700e48757000700370011
:1097e00030542f00801f7800f0712f00801f780008
:1097f00060b2200056e10700e48757000080fa00bd
:10980000000006000000fa0023032000823e200032
:1098100041b62000a000200046ff0700205b80002a
:10982000600c8800205b8000801f780040552f006e
:10983000801f780060b2200045e10700e4875700f0
:109840000080fa00000006000000fa008001eb0032
:1098500082bb200021b620002003200035ff070036
:10986000105b8000900c8800105b8000801f7800e7
:1098700020562f00801f780060b2200034e10700de
:10988000e48757000080fa00000006000000fa009c
:109890004306200042382000a1b62000a00020008e
:1098a00024ff0700505b8000cf80de005edb0700f6
:1098b00002002000832c240073dc0700809fbe0080
:1098c000f0562f00801f780060b2200020e10700d2
:1098d000e68757000080fa00000006000000fa004a
:1098e0008001eb0032002000e1b6200010002000d3
:1098f00010ff0700705b8000800040006090200037
:109900000080400010007800801f7800b0522f00c7
:10991000801f780060b220000de10700e487570047
:109920000080fa00000006000000fa00c0b6200027
:1099300019ff0700615b800040428000808f50006b
:109940000e003200605b800040428800605b800057
:109950000000e0000500320060042000805b880009
:1099600080022000905b880004003700e00920009e
:10997000805b880080062000905b8800605b800030
:1099800080004000e090200000804000100078003f
:10999000801f780010372f00801f780060b22000f1
:1099a000ebe00700e48757000080fa0000000600a3
:1099b0000000fa00605b80000000e000060032005a
:1099c000230320004206200001b7200010002000e1
:1099d000d8fe07000500370083072000420d200055
:1099e00001b7200010002000d2fe0700605b80005d
:1099f00031772f00614078008000fb00805b8000a1
:109a0000811f7800801f780050362f00801f78005b
:109a1000a0352f00801f780060b22000cce0070046
:109a2000e88757000080fa00000006000000fa00f6
:109a3000605b80000000e0000b003200805b800073
:109a4000740050008001eb000001780021b7200075
:109a500010002000b7fe0700905b80000080e90046
:109a6000204288000a003700805b80008002b1003d
:109a7000030220000001780021b720001000200020
:109a8000acfe0700905b800064005000204288001c
:109a9000605b800031772f00614078008000fb0020
:109aa000905b8000811f7800801f7800b0362f0007
:109ab000801f7800a0352f00801f780060b2200042
:109ac000a3e00700e88757000080fa0000000600c6
:109ad0000000fa0080b72000affe0700c05b8000e6
:109ae00080004000e09220000080400010007800dc
:109af000801f780010372f00801f780060b2200090
:109b000093e00700e48757000080fa000000060099
:109b10000000fa00a0b720009ffe0700d05b800085
:109b2000800040002093200000804000100078005a
:109b3000801f7800d0572f00801f780060b220006f
:109b400083e00700e48757000080fa000000060069
:109b50000000fa008001eb0022002000c1b72000c5
:109b60001000200073fe0700e05b800080004000d2
:109b7000609a20000080400010007800801f78006c
:109b800090582f00801f780060b2200070e007001e
:109b9000e48757000080fa00000006000000fa0089
:109ba000e0b720007cfe0700f05b800080004000f2
:109bb000009b20000080400010007800801f78008b
:109bc00090582f00801f780060b2200060e00700ee
:109bd000e48757000080fa00000006000000fa0049
:109be0008001eb004200200041b72000100020005f
:109bf00050fe0700a05b800080004000e09620003f
:109c00000080400010007800801f780030592f003d
:109c1000801f780060b220004de00700e487570005
:109c20000080fa00000006000000fa0020ba2000c0
:109c300059fe0700105d8000800040002093200046
:109c40000080400010007800801f7800b0522f0084
:109c5000801f780060b220003de00700e4875700d5
:109c60000080fa00000006000000fa008001eb000e
:109c70004200200061852000100020002dfe07001a
:109c8000b04280000000e0000c003200b0428000d2
:109c900080004000209c20000080400010007800e0
:109ca000801f7800f0712f00801f780060b22000c4
:109cb00027e00700e48757000700370080902f0057
:109cc000801f780040662f00801f780060b220005f
:109cd0001fe00700e48757000080fa00000006003c
:109ce0000000fa0070408000800040008097200053
:109cf0000080400010007800801f7800f0712f0075
:109d0000801f780060b2200011e00700e487570050
:109d100061b22000000820005a0507007040800052
:109d20008000400020a0200000804000100078004b
:109d30000000010061b22000000c20005105070066
:109d40000080fa00000006000200fa00000f780010
:109d5000704080001e00400070408800704080000d
:109d6000f10f5000010034000e28ef007040800019
:109d70000000e00002003d0010012000704088005b
:109d8000f05a8000e30f500006003200704080005f
:109d9000f00f500003003a00704080001e004000a9
:109da0007040880070408000f10f500001003400c6
:109db0000e28ef00704080000000e00002003d002f
:109dc0001001200070408800f05a8000e20f50001f
:109dd00009003400305b8000e10f500006003200c3
:109de00070408000e30f500003003a007040800094
:109df0001e00400070408800f05a8000e20f5000c2
:109e000003003400f05a8000e70f50000b003a00c6
:109e100070408000e20f50000a003a00704080005d
:109e20001e0040007040880007003700704080002e
:109e30001e00400070408800030037000000000052
:109e40000100370000000000f05a8000e70f5000ca
:109e500006003a0070408000e20f5000f3ff32002d
:109e600070408000e30f5000f0ff3200704080002f
:109e7000f10f5000010034000e28ef007040800008
:109e80000000e00002003d0010012000704088004a
:109e9000e6f2070070408000fdf207000080fa0043
:109ea000000006000200fa00000f78001e00780093
:109eb000a5ff0700e628ef0089ff0700100020003b
:109ec00030478800a0282000271007009e28ef00b8
:109ed0000080fa00000006000600fa00000f78007b
:109ee00011079800220798001e0090009e0078003d
:109ef000808f500004003a00e1152000f0a42000fb
:109f0000f30f07000c0037002e0090009e00780031
:109f1000808f500004003a00e1152000c0f62000b8
:109f2000eb0f070004003700405c800080007800e1
:109f3000a07f2100e60f07000080fa000000060065
:109f40000600fa00889fbe00f0f32f00001688007c
:109f5000c222ef0080e0270030168800c822ef0000
:109f6000e001240060168800ce22ef0010002000df
:109f700090168800d422ef00c0c72f00f01688008a
:109f8000e022ef000000280020178800e622ef0002
:109f9000cfa2a800e862a80040442500a0048800e1
:109fa000b1048000f08f2f008080600000502000fe
:109fb00001007000b0048800c1048000f0f82f0098
:109fc000808060000006200001007000c00488004e
:109fd000690f0700130307002610070083ef07002f
:109fe00036f20700000f7800d7f10700100798003d
:109ff00074f107000000e0000100320045f10700a5
:10a00000b5f10700305b8000e20f500018003a0005
:10a01000f05a8000e20f500015003400f05a800022
:10a02000e70f500012003200824280001e009000b4
:10a0300080004000809b200000804000900078005d
:10a040001e00780080014000809b200000804100bd
:10a0500010007800821f7800811f7800801f780030
:10a06000505a2f00801f780031df0700e887570023
:10a070001e0078000000e00003003a001e0090007f
:10a080000000e0000d00320013050700305f2f00d4
:10a09000801f780026df07008f87e90091632f007b
:10a0a00080622f008104070053f00700d6f10700fb
:10a0b000b4f00700c05d2000ab0f0700605c8000bb
:10a0c0007000b300605c8800701680006200600061
:10a0d0000000e00003003a007100200010002000a2
:10a0e00032f90700105b8000900c8800205b800034
:10a0f000600c8800e05b8000fc02070070168000a6
:10a10000680060000000e0000a003a00803821008a
:10a110000047880051732f0050722f00630407001e
:10a120000000000070168000680060000000e00081
:10a13000fcff3200b0b82000104078000004e000be
:10a140000c00320080902f00801f780040662f00a6
:10a15000801f780060b22000fdde0700e487570012
:10a1600061b2200050652f0050040700007d2000e0
:10a17000000f7800004b2000e04388001e003700ed
:10a18000e04380000000e0001b003a00e1152000e1
:10a19000e02521004e0f070080902f00801f7800df
:10a1a000306c2f00801f780060b22000e8de0700ce
:10a1b000e487570061b22000506b2f003b0407007a
:10a1c000f5f10700e16d2f00d06c2f003704070078
:10a1d000007d2000640f070010002000504288001e
:10a1e00090002000e05a880050428000080d0700cf
:10a1f0000000eb00000f7800a016800061006000f6
:10a200000000e000deff3a00e05a8000e90f500055
:10a210000200340090002000e05a88005042800084
:10a220000000e00003003a0041062000f0a42000f6
:10a23000270f07004a28ef00e842a800e862a900bb
:10a24000caa2a9001e007800470f0700caa2a800f2
:10a25000e842a900e862a900405b8000900f070077
:10a26000305b8000e20f500007003a00f05a800097
:10a27000e20f500004003400f05a8000e70f500055
:10a28000010032008bfc0700111680000000220044
:10a29000008060000000e00001003a0070f9070053
:10a2a000615c800000022000008060000000e0008f
:10a2b00002003200905c8000010037000000eb00db
:10a2c00030418800b05b80000000e00002003a00ee
:10a2d000e05a800001003700900020001042880002
:10a2e000a00020001cef0700cf80de00ced80700c2
:10a2f0000004be00205c8000cf80de00cad80700ca
:10a300000001be000800be00beda070080408800e1
:10a3100091408800e00020000fef0700cf80de00b2
:10a32000c1d807000041880011418800a05c80006e
:10a33000cf80de0082cf25000289b90002017800bb
:10a340007d02b900840178000301410083cf25001c
:10a350000300b8000101410082007800325c8000f7
:10a36000cf91de00cad807004041880051418800e3
:10a37000715c8000805c800000805000cf80de0037
:10a38000a9d80700a0408800b1408800e6f807007f
:10a39000a0282000104788008028ef003428ef0014
:10a3a0003628ef00a0418000b14180008041880044
:10a3b00091418800a05b8000604088000100370068
:10a3c00000000000ca22aa00a028ef00401680006a
:10a3d0004300de00614060000080fb000042880016
:10a3e000004280000000e00001003a00a428ef00d5
:10a3f000f05a8000e30f50000c003a00105d80001e
:10a400000000e00009003a00004280000000e00087
:10a4100002003a005228ef0004003700a0428000fa
:10a420000000e00001003a003ef907000042800011
:10a43000a0428800f05a800080004000209f200049
:10a440000080400010007800000001001efb0700a3
:10a450000cf80700a0282000e043880011168000b7
:10a4600000002200008060000000e0003b003a0095
:10a47000f04180000000e00038003a00e043800036
:10a480000000e00017003a00504080000000e000ab
:10a4900012003a00e1152000c0f620008c0e0700e3
:10a4a000100020005040880011752f0060742f00ac
:10a4b0007e0307005df10700000000001116800018
:10a4c00000002200008060000000e000fbff32007e
:10a4d000800c2000a40e07000200370010002000ae
:10a4e00070fe07001116800000002200008060004e
:10a4f0000000e000e1ff3200800c20009a0e07000f
:10a50000e04380000000e000130032005040800073
:10a510000000e0000e003a00604080000000e8000b
:10a520006040880061408000204780000000e80013
:10a5300000017800110009008200d8008000fd00b1
:10a54000604088006040800051f107000200370041
:10a5500010002000fcfd0700000e070050408000a6
:10a560000000e00046013a00f04180000000e000f9
:10a57000a2003a0070168000700060000000e00049
:10a580002a003a00a0282000e0438800e043800031
:10a590000000e0000b003a004016800068006000f8
:10a5a0000000e00007003a00e1152000c0f620009e
:10a5b000470e0700810020000000eb00fbf70700ba
:10a5c0000400370070168000700060000000e0009a
:10a5d000eeff3200e04380000000e0000c0032009b
:10a5e000e04180000000a200e0418800415c800062
:10a5f000e04180000000e00002003200a07f210066
:10a6000001003700c0f62000310e070001003700be
:10a610000000000070168000700060000000e00084
:10a62000fcff3200800c20004f0e07001116800046
:10a6300000002100008060000000e00025003a00da
:10a64000f05a8000e50f500022003200b05b80001d
:10a650000000a200b05b8800100020006047880066
:10a660001000200030428800b05b80000000e00055
:10a6700006003200abf80700e05a80001042880064
:10a68000a0002000e05a880002003700104280003d
:10a69000e05a8800415c8000b05b80000000e00070
:10a6a00002003200c0f6200001003700a07f210028
:10a6b000070e0700000000001116800000002100b6
:10a6c000008060000000e000fbff3200800c2000f2
:10a6d000250e070070168000620060000000e00098
:10a6e0000400320070168000680060000000e00086
:10a6f00042003a00004280000000e0003f003a00c3
:10a700001000200030428800b05b80000000e000b4
:10a71000090032000000eb00b05b880010428000ae
:10a72000e05a8800405c800080007800a07f210013
:10a73000e70d07002f003700e15a800070168000f7
:10a74000620060000000e00002003a0010002000fb
:10a75000010037000080eb0000804000e05a8800d4
:10a760001200200091002000c0b52000edfa070083
:10a77000e05a80001200200091002000d6fd070062
:10a78000c05b80000000e00006003200e05a80005c
:10a7900080004000e093200000804000100078001e
:10a7a00005003700e05a80008000400040952000fe
:10a7b000008040001000780080007800a00c20008d
:10a7c000b0020700a0282000e70d070070168000e7
:10a7d000620060000000e000d7ff320070168000c9
:10a7e000680060000000e000d3ff3200e05a800003
:10a7f00010428800100020006047880000c8b300a5
:10a80000ff00070060408000e40f500002003c00a1
:10a81000c3f607005f020700604080008000400030
:10a82000609e2000008040001000780000000100c1
:10a83000e05a80008000400060b4200000804000aa
:10a8400010007800800040006092200000804000ee
:10a850001000780080007800000c200089020700ba
:10a86000f04180000000e0000300320074f60700b1
:10a870001040880017003700e04180000000e00031
:10a8800012003200004280000000e0000c003200a4
:10a89000e05a8000ea0f500006003200e05a8000c3
:10a8a0000000e00003003200d0702f00104088004c
:10a8b0000800370030712f00104088000500370075
:10a8c00090712f00104088000200370070702f0038
:10a8d00010408800104080005d020700b05b8000df
:10a8e000800040002092200000804000100078008e
:10a8f00057020700c05b80000000e0000600320045
:10a90000e05a800080004000e0932000008040007a
:10a910001000780005003700e05a800080004000f9
:10a920004095200000804000100078004802070099
:10a930000a0d0700200798002e0090000000e0009c
:10a94000280032001000200030428800e05a8000c9
:10a95000e15a80000181400061b420008100410083
:10a9600011017800ae0090000100e00007003c00fb
:10a97000ae0090000100e00002003d008080eb008e
:10a98000010037008000eb000100370011002000bb
:10a99000810041000001400060b42000000041003f
:10a9a00001087800e05a8000000040008000780034
:10a9b00060b42000008040000001eb003100200066
:10a9c00058fa0700e05a80008000400060b4200080
:10a9d00000804000100078000001eb0031002000f2
:10a9e0003dfd070017f90700004280000000e0006d
:10a9f0001f003200e04180000000e0001c00320037
:10aa0000f04180000000e00019003a00e05a8000a8
:10aa1000ea0f500016003200e05a80000000e0000b
:10aa200013003200504580000000e00010003a00a2
:10aa3000204580000000e0000d003a00f05a800040
:10aa4000e30f500006003a00105d80000000e000b7
:10aa500003003a00904280000000e0000400320051
:10aa6000ca82a80040c5b300eee8b7002000370056
:10aa7000ca82a90020c5b300eee8b7001c00370069
:10aa80003c28ef00ca82a90020c5b300eee8b70059
:10aa900093fc070070168000700060000000e0006a
:10aaa00013003a00405c800080007800a07f210005
:10aab000070d0700210020000000eb00bbf6070097
:10aac0000a28ef00a028200010478800a30c0700e8
:10aad0001a020700f05a8000e30f50000400320011
:10aae00060408000e50f500001003a000c28ef00a4
:10aaf00022fa07000040800000000100a01680003c
:10ab0000610060000000e0002dfe32005040800037
:10ab1000e10f500007003a000080eb00e1fc070065
:10ab2000a0168000610060000000e000faff3a001b
:10ab300024fe37001bf7070022fe37000200fa0050
:10ab4000004f78000900fc00b1168000f00f2000d3
:10ab5000808060001e80fb004800dd000100700066
:10ab6000b016880010002000ee0c0700d6a2a80046
:10ab700010002000eb0c0700d6a2a9001000200056
:10ab8000e80c07000080fa00000006000200fa004e
:10ab90000400fc009116800000f02f0001007000fe
:10aba00090168800d6c2a800d6e2a90010002000a6
:10abb000dc0c0700d6a2a80010002000d90c07006a
:10abc000a116800000002800008f6000d6a2a90016
:10abd0001e0078000000e000f4ff3a00d6c2a90091
:10abe000d6e2a8000400fc0091168000f00f2000bf
:10abf00000806000901688000080fa0000000600c7
:10ac00000200fa00004f7800e0ff0700d6e2a9003a
:10ac10001e407800c9ff0700d6e2a8000080fa00b5
:10ac2000000006000200fa000000eb00000f7800b0
:10ac3000d6e2a900d6c2a900f0002000ca0c070085
:10ac4000e0c82f001e00400010407800bbff070046
:10ac500050002000c40c07001e0fe8001e00780002
:10ac6000e50f5000f6ff3400d6e2a800007d20007a
:10ac7000900c8800c0122000600c88000080fa0050
:10ac8000000006000200fa00004f7800bfff070036
:10ac90001e407800a9ff07000080fa0000000600af
:10aca0000400fa00004f78001107980002003700f6
:10acb0001e407800f3ff07001e00900000f0a70080
:10acc0000000ea000000ea004f00de0000407800cb
:10acd0009e0090008100e900110798000004e00048
:10ace000f3ff3a000080fa00000006000200fa00bc
:10acf000000f780000c4b300c1ff07001e007800f9
:10ad0000e20f500058003a00210020000040eb0004
:10ad1000e3ff07001100200000c1b300e0ff0700bf
:10ad20002100200050c1b300ddff0700110020000a
:10ad300000c1b300daff0700210020000040eb0053
:10ad4000d7ff0700210020000040eb00d4ff0700e0
:10ad50001100200080c1b300d1ff070021002000b6
:10ad6000d0c1b300ceff07001100200080c1b300a6
:10ad7000cbff0700210020000040eb00c8ff0700c8
:10ad8000210020000040eb00c5ff0700110020005b
:10ad9000c0c1b300c2ff070021002000d0c1b30032
:10ada000bfff070011002000c0c1b300bcff0700b7
:10adb000210020000040eb00b9ff07002100200027
:10adc0000040eb00b6ff070011002000e0c1b30017
:10add000b3ff070021002000f0c1b300b0ff07005f
:10ade00011002000e0c1b300adff070021002000ea
:10adf0000040eb00aaff0700210020000040eb000c
:10ae0000a7ff070041002000f0c1b300a4ff070026
:10ae1000210020000040eb00a1ff070021002000de
:10ae20000040eb009eff070041002000f0c1b3008e
:10ae30009bff0700210020000040eb0098ff070067
:10ae4000210020000040eb0095ff0700410020009a
:10ae500000c1b30092ff0700210020000040eb007a
:10ae60008fff0700b80037001e007800e10f500088
:10ae700076003a00110020000040eb0088ff070038
:10ae80002100200000c1b30085ff07002100200041
:10ae900050c1b30082ff07002100200000c1b300b1
:10aea0007fff0700110020000040eb007cff07003f
:10aeb000110020000040eb0079ff07001100200086
:10aec00000c1b30076ff07001100200080c1b3006d
:10aed00073ff070021002000d0c1b30070ff0700fe
:10aee0001100200080c1b3006dff07001100200099
:10aef00000c1b3006aff0700110020000040eb0012
:10af000067ff0700110020000040eb0064ff07000e
:10af10001100200000c1b30061ff070011002000f4
:10af2000c0c1b3005eff070021002000d0c1b30004
:10af30005bff070011002000c0c1b30058ff0700ed
:10af40001100200000c1b30055ff070011002000d0
:10af50000040eb0052ff0700110020000040eb0012
:10af60004fff07001100200000c1b3004cff070095
:10af700011002000e0c1b30049ff070021002000bc
:10af8000f0c1b30046ff070011002000e0c1b3008c
:10af900043ff07001100200000c1b30040ff07007d
:10afa000110020000040eb003dff070011002000d1
:10afb0000040eb003aff07001100200000c1b30081
:10afc00037ff070041002000f0c1b30034ff070045
:10afd0001100200000c1b30031ff07001100200064
:10afe0000040eb002eff0700110020000040eb00a6
:10aff0002bff07001100200000c1b30028ff07004d
:10b0000041002000f0c1b30025ff0700110020001f
:10b0100000c1b30022ff0700110020000040eb0038
:10b020001fff0700110020000040eb001cff07007d
:10b030006100200000c1b30019ff070011002000cb
:10b040000040eb0016ff07003f0037002100200002
:10b050000040eb0012ff07003100200000c1b300e8
:10b060000fff0700310020000040eb000cff07003d
:10b07000110020000040eb0009ff070051002000f4
:10b0800000c1b30006ff0700210020000040eb00d4
:10b0900003ff0700110020000040eb0000ff070045
:10b0a0005100200000c1b300fdfe07002100200078
:10b0b0000040eb00fafe0700110020000040eb000a
:10b0c000f7fe07005100200040c1b300f4fe070066
:10b0d000210020000040eb00f1fe070011002000dd
:10b0e0000040eb00eefe07005100200040c1b3001d
:10b0f000ebfe0700210020000040eb00e8fe070007
:10b10000110020000040eb00e5fe07005100200088
:10b1100050c1b300e2fe0700210020000040eb0018
:10b12000dffe0700210020000040eb00dcfe0700ee
:10b130003100200000c1b300d9fe0700310020001b
:10b140000040eb00d6fe0700110020000040eb009d
:10b15000d3fe070011002000c0c1b300d0fe0700dd
:10b160001100200040c1b300cdfe070011002000f7
:10b17000c0c1b300cafe0700410020000040eb0040
:10b18000c7fe070010c0b3009dfe07000080fa0054
:10b19000000006000800fa00300798000000eb00ed
:10b1a00010079800be00900000032000808f500020
:10b1b0000200340000032000300798003e01900098
:10b1c000b0aa22000090b9004f91de00028050002a
:10b1d000200798003e009000b1aa22000181b9002a
:10b1e000cf80de00818051006609b90082007800be
:10b1f00001005000000f78009e0090002e0090008b
:10b20000808f500003003d0050c0b3009dfe07003a
:10b21000050037001e0078000040780099fe070006
:10b220000000eb00000f78001e0090000000e80016
:10b23000100798001e009000e70f5000eeff34004a
:10b2400060c0b3008ffe07000080fa000000060017
:10b250000000fa00881f780000047800030037001f
:10b26000184078000804e80086fe070018407800bf
:10b270000004e000faff3a004f0478000080fa0072
:10b28000000006000400fa00000f78001107980083
:10b290001e0078000040780059fe07001e00900054
:10b2a000ebff07000080fa00000006000400fa002f
:10b2b000000f7800110798009e0078001000200011
:10b2c000f0ff07009e009000000c2000edff07003b
:10b2d0000080fa00000006000600fa00008fbe00a1
:10b2e000220798002e009000c200dd00c0cc2f0085
:10b2f000008040001000be000001be001e00be0025
:10b30000e1d507002e0190008201410002cd20000e
:10b310000281410012017800809fbe00821f7800e8
:10b3200060b220008ada0700e687570060b220008a
:10b33000c7ff07000080fa00000006000000fa00c6
:10b3400000012000c0478800c04780000000e900dd
:10b35000c0478800c047800001ca20000041eb00c0
:10b3600082707800c04780000000e000f6ff3a00dd
:10b370000080fa00000006000200fa002000200011
:10b3800035ee0700610b07000004e00041003200c9
:10b39000700b0700004f78001e407800ea4f500005
:10b3a0003b003200c0478000e10f5000090032002e
:10b3b000e20f50000d0032000000e00011003a00e2
:10b3c000d0c3b3009e40780080cf500024003200ec
:10b3d0003000370020c4b3009e40780080cf50007a
:10b3e00021003200f828ef002a0037001e00fb0081
:10b3f0000003b100e90f50001d003600f828ef00ef
:10b40000240037001e407800ed4f500012003a0033
:10b41000c04780001e41780001ca20008270780079
:10b4200000ca20000080e800d3d90700e05a880055
:10b43000e05a80000000e00003003400e05a800081
:10b44000e90f500002003400a0002000e05a8800fc
:10b4500010002000b0478800b8ff07000d0037003b
:10b46000000000000300370000000000010037006a
:10b4700000000000c04780001e41780001ca200083
:10b48000827078000000e800c047880001003700a3
:10b49000000000000080fa00000006000a00fa0028
:10b4a000008fbe00220798003407980045079800d7
:10b4b0002e009000cf80de005bd407001e01be008e
:10b4c00050d607003e019000ce0190006ed50700d7
:10b4d0000080fa00000006000400fa0080632e00dd
:10b4e000801f780080632e00801f780040812e002e
:10b4f000801f780090812e00801f7800e0812e0050
:10b50000801f780058d90700ea8757000000eb0039
:10b51000000f7800190037008e80e8001e017800c7
:10b5200000002f00000041001300200001017800fe
:10b5300080007800f007200099ea07001e007800dc
:10b540006f0060000000e00005003a009e1f7800d8
:10b55000a0842e00801f780043d90700e48757009d
:10b560001e009000801f780030852e00801f78001c
:10b570003dd90700e48757001e8fe800f010200037
:10b580009e007800808f5000e3ff340080632e001f
:10b59000801f780080632e00801f780090852e0029
:10b5a000801f780030d90700e68757000080fa0036
:10b5b000000006000600fa00008fbe002207980077
:10b5c0001e01be001e00be000ed60700008fbe008a
:10b5d000305c800004c22b00e5cb24000001780021
:10b5e0001e00be00adff07002e019000821f7800f4
:10b5f000809fbe00a05e2e00801f7800ccd907007f
:10b60000e88757000080fa00000006000400fa00f6
:10b61000008fbe00105c80000400250035842400eb
:10b62000000178001e00be009cff070082862e00ed
:10b63000821f7800809fbe00105e2e00801f780061
:10b64000bbd90700e88757000080fa000000060019
:10b650000400fa00008fbe00205c8000044022003d
:10b6600045972400000178001e00be008bff0700f4
:10b67000d2862e00821f7800809fbe00105e2e00b2
:10b68000801f7800aad90700e88757000080fa00d9
:10b69000000006000600fa00100798002107980035
:10b6a000f05a8000e60f500006003a001e0090009d
:10b6b000ae009000bbd3070000007800c2f5070081
:10b6c000050037001e009000ae009000b5d30700c3
:10b6d00000007800a1f50700000f78001e00780038
:10b6e00080004000c0c320000080400010007800af
:10b6f000801f78009e1f780030872e00801f780002
:10b70000d9d80700e68757000080fa00000006003d
:10b710000400fa00008fbe00c2872e001e00be008b
:10b72000a4ff07000080fa00000006000400fa00f1
:10b73000008fbe00d05c8000cf80de00bad307004f
:10b740000001be001e00be00ead30700008fbe004d
:10b7500042882e001e00be0096ff07000080fa00ff
:10b76000000006000400fa00008fbe00605b80004d
:10b770000000e0000a003200d2a3200033182400a9
:10b780001e00be00c0d40700809fbe00b05f2e0028
:10b79000801f780066d90700e68757000c00370045
:10b7a000a2992900131124001e00be00b6d4070080
:10b7b0000200200003202400ced30700809fbe009b
:10b7c000b05f2e00801f780059d90700e687570028
:10b7d000605b800080004000e0902000008040001e
:10b7e00010007800801f7800c0882e00801f78002d
:10b7f0004fd90700e48757000080fa0000000600d8
:10b800000000fa00f0882e00801f780096d807000c
:10b810008f87e9003e28ef000080fa000000060054
:10b820000000fa00408a2e00801f78008ed80700a2
:10b830008f87e900f04180000010a000f0418800ef
:10b840000080fa00000006000000fa00708b2e0055
:10b85000801f780084d807008f87e900f0418000be
:10b860000000a000f04188000080fa0000000600ff
:10b870000000fa00608c2e00801f78007ad8070044
:10b880008f87e900f04180000020a000f04188008f
:10b890000080fa00000006000000fa00605c8000f2
:10b8a000680060000000e0000a003200505a2e00dc
:10b8b000801f7800d08d2e00801f78006ad8070086
:10b8c000e4875700f04180000030a000f04188007c
:10b8d00008003700b05c2e00801f7800505a2e0000
:10b8e000801f7800608e2e00801f78005ed80700d1
:10b8f000e68757000080fa00000006000000fa000a
:10b90000615c800000022000008060000000e00018
:10b910000c003200e05b2e00801f7800205b2e00c0
:10b92000801f7800f08e2e00801f78004ed8070010
:10b93000e6875700f04180000040a000f0418800f9
:10b940000a003700b05c2e00801f7800e05b2e00fc
:10b95000801f7800205b2e00801f7800a08f2e00b3
:10b96000801f780040d80700e88757000080fa0061
:10b97000000006000000fa00615c80000002200068
:10b98000008060000000e0000a003200205b2e0012
:10b99000801f780050902e00801f780032d807005a
:10b9a000e4875700f04180000050a000f04188007b
:10b9b00008003700b05c2e00801f7800205b2e004e
:10b9c000801f780040912e00801f780026d8070045
:10b9d000e68757000080fa00000006000000fa0029
:10b9e000d0912e00801f78001fd807008f87e900b4
:10b9f000f0032000f04188000080fa0000000600fb
:10ba00001200fa00881f7800c00907000004e00057
:10ba100060043200cf0907000080fb00f1d8070066
:10ba2000604798006e4090000080fb006101b90003
:10ba300010fc2f00f1ff2f0002004000838048001f
:10ba4000b201200003002000820f5000838f5800b5
:10ba500045043e00006001001b003700420437002f
:10ba60006d003700aa003700ba0037001001370018
:10ba700020013700c0023700c10237001200370032
:10ba8000eb023700130337005d033700a9033700cb
:10ba9000e903370034043700330437003204370039
:10baa00031043700300437002f0437002e043700ec
:10bab0002d0437002c0437002b0437002a043700ec
:10bac00029043700170437007af6070080632e0038
:10bad000801f780080632e00801f780010932e0056
:10bae000801f780092d80700e6875700f0942e0058
:10baf000801f78008ed807008f87e900a0962e005f
:10bb0000801f78008ad807008f87e900b06d2e006b
:10bb1000801f780010982e00801f780084d80700be
:10bb2000e487570030542e00801f780080982e0044
:10bb3000801f78007ed80700e487570010992e00f8
:10bb4000801f78007ad807008f87e900b09b2e000d
:10bb5000801f780076d807008f87e900d09d2e00df
:10bb6000801f780072d807008f87e900809f2e0021
:10bb7000801f78006ed807008f87e90090692e003b
:10bb8000801f780010a22e00801f780068d8070060
:10bb9000e487570080672e00801f780080a22e0067
:10bba000801f780062d80700e4875700f0a22e00bb
:10bbb000801f78005ed807008f87e90020562e008e
:10bbc000801f780070a42e00801f780058d80700ce
:10bbd000e487570050582e00801f7800e0a42e0004
:10bbe000801f780052d80700e487570080632e003a
:10bbf000801f780080632e00801f7800306b2e003d
:10bc0000801f780050a52e00801f780048d80700bc
:10bc1000e8875700df03370080632e00801f78001d
:10bc200080632e00801f780030a62e00801f7800d1
:10bc3000b0a62e00801f780010a72e00801f78006d
:10bc400070a72e00801f7800f0a72e00801f7800bc
:10bc500037d80700ee875700900020002007980093
:10bc60002e009000bce80700000f98000e0890001e
:10bc7000cf80de006cd207000400200005582400ad
:10bc80005200200005fe07000e099000809fbe00b4
:10bc9000821f7800ae009000811f7800b0a92e00ae
:10bca000801f780022d80700ea8757002e009000f6
:10bcb000690050008000400020c520000080400046
:10bcc000100478000e089000cf80de0056d20700e6
:10bcd000080001002e0090000000e80020079800f6
:10bce0002e009000ee0f5000ddff340080632e0028
:10bcf000801f780080632e00801f7800f0aa2e003d
:10bd0000801f78000ad80700e6875700a103370094
:10bd1000b06d2e00801f780080ab2e00801f780051
:10bd200003d80700e48757000a090700674060004e
:10bd3000604798006e4090000080fb00800040004b
:10bd4000e0c52000008040001000780000000100e5
:10bd500090033700b0ad2e00801f7800f4d70700a5
:10bd60008f87e90030662e00801f780030542e0047
:10bd7000801f7800e0ad2e00801f7800ecd7070010
:10bd8000e6875700f30807000081fb00b0aa2a00ed
:10bd90000010b8000100d1006300b9000000780075
:10bda00000005100604798006e4090000080fb004a
:10bdb00080004000609a20000080400090007800e1
:10bdc0006e4090000080fb00811f7800801f78008b
:10bdd00080af2e00801f7800d5d70700e687570078
:10bde0006e4090000080fb00c0fb07000040eb00ad
:10bdf000604798000000eb002007980040ccb3009b
:10be00007ffb0700b0c5b3009efb07006e409000ab
:10be10009cfb07006e4090000080fb00801f7800b4
:10be200020b02e00801f780060b220003bd70700b2
:10be3000e487570060b2200005fd070040c8b3004a
:10be40006ffb07002e009000d2fc0700a00020002e
:10be5000450807002e0090000000e8002007980029
:10be6000ae00900000032000808f5000f3ff3400ec
:10be70006e4090000040e80060479800401f20009e
:10be800039080700a10807000004e000d9ff3200cc
:10be9000b0080700e05b800094fb0700906c2e0068
:10bea000801f7800a2d707008f87e9003903370089
:10beb000b0b02e00801f78009dd707008f87e90063
:10bec0000000eb00000f980012002000010f2f006f
:10bed000f00720003fe80700700047001300200033
:10bee000020f2f00f10720005be807007afd070032
:10bef0002803370080632e00801f7800b0b22e0028
:10bf0000801f780010b32e00801f780030b32e0001
:10bf1000801f7800f0b42e00801f780084d70700bf
:10bf2000ea875700205c8000801f780050b72e0001
:10bf3000801f78007ed70700e4875700105c8000e0
:10bf4000801f780050b92e00801f780078d7070036
:10bf5000e4875700305c8000801f780050bb2e00c3
:10bf6000801f780072d70700e4875700d05c8000fc
:10bf7000801f780050bd2e00801f78006cd707000e
:10bf8000e487570050bf2e00801f780068d7070055
:10bf90008f87e900405c80000000e000070032006d
:10bfa000405c8000801f7800f0c02e00801f780069
:10bfb0005fd70700e48757000400370080c12e00d8
:10bfc000801f78005ad707008f87e900e0c12e0054
:10bfd000801f780056d707008f87e900a0b820009f
:10bfe00010407800e14f500005003a0080c32e0059
:10bff000801f78004ed707008f87e90008003700c0
:10c00000a0b82000104078000080fb00801f78005e
:10c0100020c42e00801f780045d70700e487570012
:10c0200070c42e00801f780041d707008f87e90079
:10c03000605c8000680060000000e00010003200da
:10c04000285c8000705c8000cf80de0076d1070025
:10c050000440220045972400080178000ffd0700e6
:10c06000725c8000809fbe00821f7800c0602e003e
:10c07000801f78002ed70700e8875700060037009a
:10c0800090498000801f780010c62e00801f780025
:10c0900027d70700e487570060c62e00801f78006e
:10c0a00023d707008f87e900615c80000002200031
:10c0b000008060000000e00010003200285c80007a
:10c0c000805c8000cf80de0057d107000440220052
:10c0d0004597240008017800f0fc0700825c80008e
:10c0e000809fbe00821f7800c0602e00801f7800f5
:10c0f0000fd70700e88757000600370090498000f7
:10c10000801f780010c62e00801f780008d7070017
:10c11000e487570000c82e00801f780004d707006e
:10c120008f87e900615c80000002200000806000d1
:10c130000000e00010003200285c8000905c80006d
:10c14000cf80de0038d1070004402200459724004c
:10c1500008017800d1fc0700925c8000809fbe003f
:10c16000821f7800c0602e00801f7800f0d6070084
:10c17000e88757000600370090498000801f78004c
:10c1800010c62e00801f7800e9d60700e48757000c
:10c19000a05c8000801f7800a0c92e00801f78005e
:10c1a000e3d60700e4875700b05c8000c15c8000e4
:10c1b000809fbe00a0cb2e00801f7800dcd6070039
:10c1c000e6875700b0b82000104078000080fb00e0
:10c1d0008000400020932000008040001000780084
:10c1e000801f7800b0cd2e00801f7800d0d60700c9
:10c1f000e487570080632e00801f780090cf2e00c8
:10c20000801f780050d12e00801f7800c8d607000c
:10c21000e6875700f05a80008000400020912000ff
:10c220000080400010007800801f780000d22e00af
:10c23000801f7800bed60700e4875700e0d32e00a9
:10c24000801f7800bad607008f87e900005b800066
:10c250000000e00007003200005b8000801f7800d3
:10c2600080d52e00801f7800b1d60700e4875700e4
:10c270000400370040d62e00801f7800acd607009f
:10c280008f87e90080d62e00801f7800a8d607008f
:10c290008f87e900405b800080004000c0072f00ce
:10c2a0000080400010007800801f7800f0d82e0039
:10c2b000801f78009ed60700e4875700205b80002f
:10c2c000801f780050db2e00801f780098d6070072
:10c2d000e4875700105b8000801f780050dd2e003f
:10c2e000801f780092d60700e4875700505b8000db
:10c2f000cf80de00ccd0070002002000832c240079
:10c30000e1d10700809fbe0050df2e00801f780023
:10c3100087d60700e6875700705b800080004000ea
:10c3200040c320000080400010007800801f78008b
:10c3300050e12e00801f78007dd60700e48757006b
:10c34000605b800080004000e090200000804000a2
:10c3500010007800801f780030e32e00801f7800e6
:10c3600073d60700e4875700605b800031772f00a9
:10c37000614078008000fb00805b8000811f7800b6
:10c38000801f780010e52e00801f780020602e00ae
:10c39000801f780066d60700e8875700605b800042
:10c3a00031772f00614078008000fb00905b8000b7
:10c3b000811f7800801f7800b0e62e00801f780073
:10c3c00020602e00801f780059d60700e8875700ac
:10c3d000c05b800080004000e092200000804000b0
:10c3e00010007800801f780050e82e00801f780031
:10c3f0004fd60700e4875700d05b800080004000e4
:10c40000209320000080400010007800801f7800fa
:10c4100030ea2e00801f780045d60700e4875700d9
:10c42000105d8000800040002093200000804000cc
:10c4300010007800801f780010ec2e00801f78001c
:10c440003bd60700e4875700e05b80008000400097
:10c45000609a20000080400010007800801f780063
:10c46000f0ed2e00801f780031d60700e4875700da
:10c47000f05b800080004000009b200000804000b6
:10c4800010007800801f7800d0ef2e00801f780009
:10c4900027d60700e4875700a05b8000800040009b
:10c4a000e09620000080400010007800801f780097
:10c4b000b0f12e00801f78001dd60700e4875700da
:10c4c000e041800080004000609320000080400038
:10c4d00010007800801f780090f32e00801f7800f5
:10c4e00013d60700e4875700b05b8000800040004f
:10c4f000a09320000080400010007800801f78008a
:10c5000070f52e00801f780009d60700e4875700d9
:10c51000c05b80000000e000060032001042800096
:10c5200080004000e0932000008040001000780070
:10c530000500370010428000800040004095200038
:10c540000080400010007800801f7800b0612e004d
:10c55000801f7800f6d50700e487570080632e001f
:10c56000801f7800c0882e00801f7800f0d507005b
:10c57000e487570087013700d7fb070085013700a4
:10c58000604280000000a20060428800604280009b
:10c590000000e00015003200604280008000400092
:10c5a000209320000080400010007800801f780059
:10c5b000f06e2e00801f7800ddd50700e48757005d
:10c5c00040702e00801f7800d9d507008f87e900c2
:10c5d00080632e00801f780050f72e00801f7800a7
:10c5e000d3d50700e48757006a01370080632e0027
:10c5f000801f7800d0f72e00801f7800ccd5070070
:10c60000e4875700604280008000400020932000b3
:10c610000080400010007800801f7800f06e2e002f
:10c62000801f7800c2d50700e48757005901370002
:10c6300090692e00801f780030f82e00801f78004f
:10c64000bbd50700e48757001000200020079800a2
:10c650002e0090008000400060b420000080400068
:10c6600010007800630050000000400000017800d6
:10c670002e0090008000400060b420000080400048
:10c68000100078008000e8002e009000800140003b
:10c69000409520000080410010007800821f780043
:10c6a000811f7800801f780080f82e00801f78009e
:10c6b0009fd50700e88757002e0090000000e80093
:10c6c000200798002e009000e90f5000e0ff340092
:10c6d0003001370030662e00801f780080672e0002
:10c6e000801f780010fa2e00801f780090d5070078
:10c6f000e687570097060700605b800031772f00c0
:10c7000061407800604798006000b800008fbe006c
:10c710000000eb0020079800e00020000ee6070074
:10c72000cf80de00c0cf07000001be001e00be00ab
:10c73000f0cf0700008fbe002e0090000000e80040
:10c74000200798002e009000e90f5000f2ff3400ff
:10c75000605b80000000e00006003200c2cc2c00cc
:10c76000333224001e00be00c7d00700008fbe0079
:10c770000a00370002002000632b24001e00be00c8
:10c78000c1d00700008fbe0002002000032024005b
:10c790001e00be00d7cf0700008fbe006e40900085
:10c7a0000080fb00ee4090000181fb00801f7800bc
:10c7b0001e00be00809fbe00821f78001e00be00cb
:10c7c000809fbe0000522e00801f780058d50700c1
:10c7d000ee87570020032000e30507004b06070003
:10c7e0000004e000c8ff32005a060700906c2e00db
:10c7f000801f78004ed507008f87e900e5003700dd
:10c8000000fc2e00801f780049d507008f87e900c3
:10c810006606070040079800510798004e019000f7
:10c82000de0190003006200001002000800f510042
:10c83000818f5900070034004e019000de01900006
:10c8400000fa200001002000800f5100818f590064
:10c8500005003400e0732e00801f780034d50700f7
:10c860008f87e900cb0037004e009000de0090007b
:10c8700000004000818048000001be000000280048
:10c880000107200082cf0700600798007107980019
:10c890004e009000de009000809fbe00f0fe2e0053
:10c8a000801f780022d50700e687570030002f0050
:10c8b000801f78001ed507008f87e9003b06070020
:10c8c00040079800510798004e019000de0190004b
:10c8d0009000200001002000800f5100818f59003e
:10c8e000070034004e019000de01900000d02700c8
:10c8f00001002000800f5100818f59000500340095
:10c90000e0732e00801f780009d507008f87e900ab
:10c91000a0003700ce0090006e0090006c0507006c
:10c92000b0ad2e00801f780001d507008f87e90089
:10c930009800370020562e00801f780030f82e0017
:10c94000801f7800fad40700e487570010c0b300b6
:10c95000abf807000000eb0020079800fd0507007a
:10c96000604798002e009000f00f500002003a003f
:10c9700000ccb300a2f807006e409000ed4f5000cd
:10c9800004003200ae00900000022000808f5000b2
:10c9900004003a0010c0b30099f807000000eb0053
:10c9a000200798006e4090000080fb0001fe2f00e1
:10c9b00080804000e0052000808f50000d003e0088
:10c9c0006e4090000080fb00801f780040022f0026
:10c9d000801f7800d6d40700e48757006e4090008f
:10c9e000a8f807002e0090000000e800200798003b
:10c9f000090037006e4090000080fb0011752e008a
:10ca0000811f7800801f780040032f00801f78006e
:10ca1000c7d40700e68757006e409000fb4f5000d8
:10ca2000ceff3a00906c2e00801f7800c0d4070023
:10ca30008f87e9005700370050582e00801f78007c
:10ca400030f82e00801f7800b9d40700e487570023
:10ca500010c0b3006af807000000eb002007980040
:10ca600011060700604798002e009000f00f50005c
:10ca700002003a0000ccb30061f80700ae0090005d
:10ca800000022000808f500004003a0010c0b30064
:10ca90005bf807000000eb00200798006e40900054
:10caa00078f807006e4090000080fb0001fe2f0028
:10cab00080804000e0052000808f50000b003e0089
:10cac0002e0090000000e800200798006e409000c3
:10cad0000080fb00801f780090042f00801f7800ea
:10cae00093d40700e48757000600370010752e0026
:10caf000801f780010052f00801f78008cd407005d
:10cb0000e48757006e409000fb4f5000d4ff3a007e
:10cb1000906c2e00801f780085d407008f87e90075
:10cb20001c00370010002000200798000000eb00d8
:10cb3000000f9800306b2e00801f780030f82e0018
:10cb4000801f78007ad40700e48757000e08900011
:10cb5000ae00900000017800110009008200d800aa
:10cb6000200798000b0037006e4090008080fb008b
:10cb70006e4090000080fb00811f7800801f7800cd
:10cb800090052f00801f780069d40700e6875700c2
:10cb90006a0507004f0478000080fa0000000600d4
:10cba0000600fa0010079800210798000000eb002b
:10cbb000000f7800304780000000e00002003200e3
:10cbc00066040700000f78001e0078000000e000f7
:10cbd00004003400615c80001e00900001007000c1
:10cbe000605c88001e0078000000e00004003d004a
:10cbf000615c80002e00900000806000605c880016
:10cc00000080fa00000006001000fa00008fbe004d
:10cc100022079800330798004407980055079800aa
:10cc200066079800770798009e0090002e009000fd
:10cc30000088b90000017800be0090001e00780056
:10cc40000088b90000007800000141009e007800d3
:10cc50002e0090000008b800010141008200780019
:10cc6000008fbe00008fbe001e01be004e0090006f
:10cc7000de009000800f5100818f590003003600c4
:10cc80004e019000de019000028fbe001e01be002a
:10cc90006e009000fe009000800f5100818f5900bf
:10cca000030031006e019000fe019000028fbe0073
:10ccb0002e019000be0190001e00be0028ce07008d
:10ccc000000078000080fa00000006000000fa0072
:10ccd000b05b800080004000209220000080400077
:10cce000100078005af90700e05a800080004000e8
:10ccf00040952000008040001000780054f90700a3
:10cd00000080fa00000006000000fa00c0002000c9
:10cd100091e40700005a8800d00020008ee407004c
:10cd2000105a88000080fa00000006000000fa0097
:10cd3000889fbe00e32821006267210041b82000df
:10cd400010002000fbf10700a000200082e4070093
:10cd5000cf80de0034ce07000004be00205c8000df
:10cd6000cf80de0030ce07000001be000800be000c
:10cd700024d007004200200057f90700205c800003
:10cd8000801f7800f0942f00801f780050932f00b0
:10cd9000801f780060b22000edd30700e6875700bf
:10cda0004f04be000080fa00000006000000fa00f8
:10cdb0009000200068e40700d0598800c35d20007f
:10cdc00002fa200021b8200010002000d9f107004d
:10cdd000beff070077ea0700105c8000801f780024
:10cde000f0942f00801f780050932f00801f780050
:10cdf00060b22000d6d30700e68757000080fa0013
:10ce0000000006000000fa00bfff0700e32e20002c
:10ce1000c25d200061b8200010002000c5f10700ad
:10ce2000aaff0700b0ea0700305c8000801f78008e
:10ce3000f0942f00801f780050932f00801f7800ff
:10ce400060b22000c2d30700e68757000080fa00d6
:10ce5000000006000000fa00abff07008001eb00b5
:10ce600062092000a1b9200010002000b1f10700e4
:10ce700096ff07009cea0700d05c8000801f7800c6
:10ce800060952f00801f780050932f00801f78003e
:10ce900060b22000aed30700e68757000080fa009a
:10cea000000006000000fa008001eb0042062000ae
:10ceb00081b82000100020009ef10700405c800037
:10cec0000000e00008003200405c8000801f780015
:10ced00080a12f00801f780060b220009cd3070043
:10cee000e48757000700370090498000801f7800d2
:10cef00030a22f00801f780060b2200094d307007a
:10cf0000e48757000080fa00000006000200fa00e3
:10cf1000315d8000010f780060ba20009ef10700ab
:10cf2000305d80009e0f500003003200410620005b
:10cf3000c0f62000e6030700305d8000800040005e
:10cf400000bd20000080400010007800801f7800a5
:10cf5000c0a32f00801f780060b220007cd30700a0
:10cf6000e48757000080fa00000006000200fa0083
:10cf7000a0b82000104078000080fb00000f78006f
:10cf800013002000020120008e0078001000200015
:10cf900068f107001e00780080407800a0b82000eb
:10cfa00001487800a0b82000104078008080fb0085
:10cfb000a0b82000104078000004a2000080fb0010
:10cfc0000000e9004f00de0000014000c0bc20006e
:10cfd0000000410010007800811f7800801f780059
:10cfe000d0a22f00801f780060b2200058d3070025
:10cff000e68757000080fa00000006000000fa00f3
:10d0000071032000f0002000e5fe0700605c800056
:10d01000680060000000e00002003200a0498000cb
:10d020000100370090498000801f7800e0912f00b8
:10d03000801f780060b2200045d30700e4875700c6
:10d040000080fa00000006000000fa00889fbe0081
:10d05000304780000000e00004003200785c80006f
:10d060003e03070000004400705c8800205c8000e4
:10d07000cf80de00725c80006114b90006f82900e0
:10d08000570d2000041c2e00450e20000001be009c
:10d090000800be00dcfe0700705c8800705c800049
:10d0a000cf80de0060cd07000004be00205c800061
:10d0b000cf80de005ccd07000001be000800be008e
:10d0c00050cf070002402200439724006ece070095
:10d0d000809fbe0080922f00801f780060b22000e9
:10d0e0001bd30700e68757004f04be000080fa00fc
:10d0f000000006000000fa00f1002000700320008c
:10d10000a7fe0700615c8000000220000080600034
:10d110000000e00002003200a0498000010037005a
:10d1200090498000801f7800e0912f00801f7800d8
:10d1300060b2200006d30700e48757000080fa00a1
:10d14000000006000000fa00889fbe003047800003
:10d150000000e00004003200885c8000ff0207004d
:10d1600000004400805c8800205c8000cf80de00ee
:10d17000825c80006114b900067a2300070a20004f
:10d18000049e2700f50a20000001be000800be0032
:10d190009dfe0700805c8800805c8000cf80de0000
:10d1a00021cd07000004be00205c8000cf80de009f
:10d1b0001dcd07000001be000800be0011cf070012
:10d1c00002402200439724002fce0700809fbe001c
:10d1d00080922f00801f780060b22000dcd2070010
:10d1e000e68757004f04be000080fa0000000600ea
:10d1f0000800fa00889fbe00815c8000e047800044
:10d20000808f500008003200915c8000825c8000ba
:10d21000e04780000000510000804000905c8800e2
:10d22000805c8000e0478800805c80006101b9007c
:10d23000205c8000cf80de00009ab90004027800f4
:10d24000028bb90086027800050242000010b80087
:10d25000010242008400780002502300c300200035
:10d26000021f400003974800001a250051ff2f00bd
:10d270003e014000ae8148000200be002007980039
:10d2800031079800304780000000e00004003200c1
:10d29000985c8000b102070000004400905c8800a8
:10d2a0002e029000be0290001e01be00205c800095
:10d2b000cf80de00965c80006134b9000403be00bc
:10d2c0000202be000001be000800be004efe0700c4
:10d2d000905c8800905c8000cf80de00d2cc07009c
:10d2e0000004be00205c8000cf80de00cecc0700b2
:10d2f0000001be000800be00c2ce070002402200ae
:10d3000043972400e0cd0700809fbe0080922f004d
:10d31000801f780060b220008dd20700e68757009a
:10d320004f04be000080fa00000006000000fa0072
:10d33000881f7800304780000000e00004003200c1
:10d34000a85c80008502070000004400a05c880003
:10d35000a05c8000cf80de00860220000700200055
:10d36000040a200005002000120020000300200015
:10d3700025fe0700a05c8800a05c8000801f78006c
:10d3800020a52f00801f780060b2200070d2070017
:10d39000e48757004f0478000080fa000000060080
:10d3a0000000fa00889fbe00dce80700809fbe00f6
:10d3b00000942f00801f780060b2200064d2070024
:10d3c000e687570060b22000a1f7070030478000d1
:10d3d0000000e00008003200b85c8000c95c8000fa
:10d3e0005e020700cf80de00080040008980480010
:10d3f000b05c8800c15c8800b25c8000c35c8000c7
:10d4000090392400f1002000800f5100818f5900d5
:10d410000400340090392400f1002000b05c880042
:10d42000c15c8800b25c8000c35c8000800c24007a
:10d43000f1002000800f5100818f590004003c0052
:10d44000900c2400f1002000b05c8800c15c8800d2
:10d45000b05c8000c15c8000809fbe0010a62f00e1
:10d46000801f780060b2200039d20700e68757009d
:10d470004f04be000080fa00000006000200fa001f
:10d48000b0b82000104078000080fb00000f78004a
:10d490000e00780040f007001e0078008040780001
:10d4a000b0b82000014878001e00780080004000dd
:10d4b000209320000080400010007800801f78003a
:10d4c000d0a62f00801f780060b2200020d2070075
:10d4d000e48757000080fa00000006000000fa0010
:10d4e000d047800080004000e0ba2000008040006b
:10d4f00010007800800078000008200061f7070025
:10d50000d04780008000400040bd200000804000e7
:10d51000100078000000010061b22000000c200023
:10d5200058f70700d0478000ea0f50000200320091
:10d53000805c8000e04788000080fa000000060060
:10d540000200fa00000f7800d04780001e00400063
:10d55000d0478800605c8000680060000000e00048
:10d5600006003a00d0478000e80f500003003a0060
:10d57000d04780001e004000d0478800615c8000da
:10d5800000022000008060000000e0000c003a0073
:10d59000d0478000ea0f500003003200d0478000df
:10d5a000eb0f500006003a001e007800000040001b
:10d5b00080007800d047800000804000d04788007d
:10d5c000d0478000ee0f500001003400fa28ef0031
:10d5d000d04780000000e00002003d00e000200095
:10d5e000d0478800d0478000e60f500002003a0084
:10d5f000a0282000010037004006200010478800c6
:10d60000d047800022e507000080fa0000000600f5
:10d610001a00fa00400f98000000eb00000f78009d
:10d620000000eb00f05b88001e00780080004000e6
:10d6300060b4200000804000900078001e00780058
:10d6400000004000000047000080e800010878006a
:10d650001e0078008000400060b420000080400080
:10d660008000eb00010878001e0fe8001e00780023
:10d67000ea0f5000ecff3400a028ef0040168000b5
:10d680004300de00614060000080fb000042880033
:10d69000004280000000e00001003a00a428ef00f2
:10d6a00089ee070077eb0700f04180000000e00002
:10d6b000040032004a28ef0051428000410f9800d8
:10d6c0004c003700b05b8000e10f500002003a00d0
:10d6d000e7ec070005003700e05a8000e90f500032
:10d6e0000200320090002000e05a8800d5ed0700cb
:10d6f000004280000000e00013003200e05a800089
:10d70000ea0f500010003200d0478000e10f5000b7
:10d7100003003200d0478000e20f50000a003a00b8
:10d72000504580000000e00007003a0020458000de
:10d730000000e00004003a0010002000e0418800f2
:10d74000ca82a80002003700ca82a9003c28ef0064
:10d750000aef07000f003700e628ef00a016800050
:10d76000610060000000e000020032000080eb0079
:10d77000010037001000200071ff070057ff07006d
:10d78000a0282000f80107009e28ef0010002000cc
:10d7900030478800111680000000220000806000e1
:10d7a0000000e000ecff3200a01680006100600085
:10d7b0000000e000e8ff3a0048ff07007016800014
:10d7c000700060000000e0000a003a00405c800049
:10d7d00080007800a07f2100bd010700110020001b
:10d7e0000000eb0071eb0700fa28ef000000eb00ef
:10d7f000400f98004e0890000000e0009eff3a00a5
:10d800000000eb00000f78001e00780000004000d0
:10d8100000004700900090001e00780000014000ca
:10d8200060b4200000004100010878001e0fe800ed
:10d830001e007800ea0f5000f3ff34003c28ef0090
:10d840000080fa00000006000200fa00000f7800d5
:10d850001e0078000000e000090034001e0078007f
:10d86000e40f500006003c001e00780080004000dd
:10d8700060772f000080400010007800090037001a
:10d880001e007800e50f5000030032001e007800f3
:10d89000e60f500002003a0010bc8700010037007c
:10d8a0000080eb000080fa00000006000200fa0091
:10d8b000000f78001e0078000000e000090034002e
:10d8c0001e007800e40f500006003c001e00e90036
:10d8d0008000400060772f0000804000100078003a
:10d8e000110037001e007800e50f500003003200e1
:10d8f0001e007800e60f500002003a00f0bb8700df
:10d90000090037001e007800e60f500005003400c3
:10d910001e007800e90f500002003c0010bc870098
:10d92000010037000000eb000080fa000000060054
:10d930000400fa00889fbe00505b8000100798002a
:10d94000a0b82000104078000080fb00000f780095
:10d950001e0078000000e000030034001e00780084
:10d96000f00f50000200340010002000000f78007b
:10d970001e0078004200dd00000f78001e007800d5
:10d98000e70f500002003c0080002000000f7800ec
:10d9900050168000700060000000e00003003a00b4
:10d9a00040012000f045880006003700f045800067
:10d9b0000000e00003003200f04580000000e900b4
:10d9c000f0458800f04580000000e00008003200cb
:10d9d000b628ef00b828ef00b0458000c1458000b0
:10d9e00090458800a1458800ba28ef00150037004f
:10d9f00031678000d05c8000008040006101b80089
:10da000090458000a14580000200400083804800ce
:10da100090458800a1458800206780006101b8001a
:10da2000b0458000c145800002004000838048006e
:10da3000b0458800c1458800d04580000000e8005e
:10da4000d0458800d04580009e0f50003a00350038
:10da5000e04180000000e00030003200d04580004e
:10da6000cf80de00c21220000289b90002017800d6
:10da70006002b9008401780003014100c312200054
:10da80000300b80001014100820078009245800047
:10da9000a3458000820f5000838f58001f003e0076
:10daa0001e0090004006b0006101b800b045800043
:10dab000c1458000009ab90004027800028bb900c9
:10dac00086027800050242000011b80003024200fd
:10dad000840178001e0090004006b1006102b80089
:10dae00090458000a145800000abb9000603780096
:10daf000048cb90088037800070343000020b800b5
:10db00000103430086007800800f5100818f590087
:10db1000020036001000200010458800b628ef00f3
:10db2000b828ef00b0458000c145800090458800ce
:10db3000a1458800ba28ef00401680006800600008
:10db40000000e00010003200b1bb8700b04380004d
:10db5000808f50000c003100e05a80003aff07002f
:10db6000b1438000810f5000070031006045800004
:10db7000e10f500005003c00604580000000e80017
:10db80006045880001003700ac28ef006045800048
:10db9000e10f5000020034001000200020458800f2
:10dba00040168000680060000000e00007003200be
:10dbb00080458000e10f4000050032008045800074
:10dbc0000000e8008045880001003700b028ef0021
:10dbd00040168000680060000000e00001003a008c
:10dbe000a628ef00f05a8000e30f50001b003a0017
:10dbf00040168000680060000000e000170032005e
:10dc000081458000800c2000808f500013003e0072
:10dc1000304580000000e00010003a00b1bb8700f2
:10dc2000b0438000808f50000c003100e05a80002b
:10dc30001eff0700b1438000810f5000070036002f
:10dc400070458000e20f500005003c0070458000e8
:10dc50000000e8007045880001003700ae28ef00a2
:10dc600070458000e20f50000200340010002000d8
:10dc70002045880040168000680060000000e00039
:10dc800002003200bc28ef0006003700e0458000ab
:10dc9000e10f500003003c00e04580000000e80078
:10dca000e045880001458000f07c2000808f500016
:10dcb00003003e00004580000000e80000458800a9
:10dcc000e0458000e10f500014003c00104580004a
:10dcd0000000e00011003a00204580000000e00054
:10dce0000e003a00f1418000f00220000080600048
:10dcf0000000e00009003a00311780000000280011
:10dd0000008060000000e00004003a00014580004f
:10dd1000f07c2000808f500001003600ca82a900ec
:10dd200050168000700060000000e0000200320029
:10dd3000a828ef000600370040458000e10f4000b2
:10dd400003003200404580000000e80040458800a4
:10dd50004f04be000080fa00000006000200fa0036
:10dd6000f1448000010f78009e28ef001e0078002b
:10dd70000080fa00000006000000fa0040012000c8
:10dd80001044880040062000304488009021ef00b5
:10dd90009621ef00c0122000600c8800c012200005
:10dda000700c8800e0002000800c8800007d2000be
:10ddb000900c8800007d2000a00c8800e00020006e
:10ddc000b00c880020cd21007008880013e1a80065
:10ddd0008ce0a8008c60a9002000200020088800aa
:10dde0007828ef000080fa00000006000200fa0028
:10ddf000000f78001e007800f1a42000810f500071
:10de00001c003200f1a42000810f500007003c00ec
:10de100091392000810f500018003200317320002a
:10de2000810f50001100320016003700e12521005b
:10de3000810f500009003200a17f2100810f5000a6
:10de400004003200c1f62000810f500005003200ae
:10de50000c003700306420000b003700105e2000fb
:10de600009003700a0582000070037005055200057
:10de700005003700c0532000030037005052200037
:10de8000010037001e0078000080fa000000060044
:10de90000200fa00000f7800300020006044880083
:10dea0001e00e90060088800600880000000d100c2
:10deb00030088800d622a900d222a90011e1a800ca
:10dec00084c0a9008cc0a8000080fa0000000600f1
:10ded0000400fa00000f78001107980050448000f9
:10dee0000000e0000d003a001e0090000000e0007d
:10def0000a0034001e00900040448800305d80001d
:10df0000e10f500003003a001e007800b7ff070041
:10df1000010037001e007800ddff07000080fa00d6
:10df2000000006000200fa00000f78001821ef0040
:10df30001e0078004300dd00e008880086c0a900cc
:10df400021e1a8000000000031048000000420004e
:10df5000008060000000e000fbff320021e1a9002a
:10df60000080fa00000006000200fa00000f7800ae
:10df700002003700803e2000eaff07001e00780004
:10df800000f0a7000000ea000000ea004f00de00f9
:10df9000004078001e0fe9000004e000f5ff3a00a1
:10dfa0000080fa00000006000000fa00ca82a90002
:10dfb000e842a800e862a8000080fa00000006001d
:10dfc0000200fa00000f780010c0b3000cf3070045
:10dfd0001e007800e20f500012003200e20f5000e5
:10dfe00005003c000000e00008003200e10f500096
:10dff0000900320014003700e30f50000c0032001b
:10e00000e40f50000d0032000f00370020af2f004a
:10e010008ff407001100370030b02f008cf4070098
:10e020000e00370040b12f0089f407000b003700c5
:10e0300050b22f0086f407000800370060b32f00ad
:10e0400083f407000500370070b42f0080f4070048
:10e05000000000000100370000000000a016800052
:10e06000610060000000e000fbff3200cfa2a900c9
:10e07000faff37000000fa0070e78700a010880060
:10e080000c22ef000e22ef008520a9008d20a800b1
:10e090000de2a8000f42a8000080fa000000060070
:10e0a0000200fa00000f78001e007800e70f500011
:10e0b0000200340070002000000f78001e0078007d
:10e0c0008000400080ce2f000080400010007800cb
:10e0d000a01088000080fa00000006000200fa008c
:10e0e000004f780000000000711080000020200028
:10e0f000008060000000e000fbff3a001e80fb0093
:10e10000801088000080fa00000006000000fa007d
:10e1100070108000620060000000e000010032002a
:10e120000e22a90000c9bf0080c0ea0002c9bf00da
:10e1300000c040000080fa00000006000000fa0065
:10e140000069ef0010c0b30002e9b7000080fa00d8
:10e15000000006000000fa0000000000ebff0700ce
:10e160000004e000fdff320000c9bf000040e800ed
:10e1700000e9b70000c9bf000080fb0061a22000d9
:10e18000614078000080fa00000006000200fa00fa
:10e19000f0ff0700004f78001e407800cfff070017
:10e1a0001e4078000080fa00000006000600fa0019
:10e1b0006000b800008fbe000040eb0040479800b0
:10e1c000e4ff07000074a100404798004e40900013
:10e1d0000080fb000003b100e90f500014003e0076
:10e1e0004e409000bdff07001e0090006a00b9007d
:10e1f000000178001e0078006000b900000078007f
:10e20000000141009e007800a00020000008b80036
:10e2100001014100820078004e4190000281fb0024
:10e220000203b100cf91de00021f400003974800b7
:10e230004e409000ed4f5000e1ff3a001e00be003e
:10e240000080fa00000006000200fa00c1ff07008b
:10e25000004f78001e80fb00a1ce07000000e00008
:10e26000faff32001e80fb00dece0700004f780070
:10e270001e40780099ff070090c3b3009e407800cd
:10e2800080cf500002003e0000c3b3000100370001
:10e2900070c3b3009e40780000cf50001e4078004d
:10e2a0000080fa00000006000200fa00e6ff070006
:10e2b0004400dd00004f7800e3ff07001e4f4000e0
:0ce2c0001e4078000080fa0000000600fc
:020000040000fa
:10000800e67700004c7600009076000092770000ba
:10001800c4770000e6770000e6770000e677000086
:10002800e6770000e6770000e6770000e677000054
:10003800e6770000e677000066710000fe710000b8
:10004800e6770000d4780000e6770000e677000045
:10005800e6770000e6770000e6770000e677000024
:10006800e6770000e6770000e6770000e677000014
:10007800e6770000e6770000e6770000e677000004
:10008800e6770000e6770000e6770000e6770000f4
:10009800e6770000e6770000e6770000e6770000e4
:1000a800e6770000e6770000e6770000e6770000d4
:1000b800e6770000e6770000e6770000e6770000c4
:1000c800e6770000e6770000e6770000e6770000b4
:1000d800e6770000e6770000e6770000e6770000a4
:1000e800e6770000e6770000e6770000e677000094
:0800f800e6770000e677000046
:020000040000fa
:10010800e67700004c7600009076000092770000b9
:10011800c4770000e6770000e6770000e677000085
:10012800e6770000e6770000e6770000e677000053
:10013800e6770000e677000066710000fe710000b7
:10014800e6770000d4780000e6770000e677000044
:10015800e6770000e6770000e6770000e677000023
:10016800e6770000e6770000e6770000e677000013
:10017800e6770000e6770000e6770000e677000003
:10018800e6770000e6770000e6770000e6770000f3
:10019800e6770000e6770000e6770000e6770000e3
:1001a800e6770000e6770000e6770000e6770000d3
:1001b800e6770000e6770000e6770000e6770000c3
:1001c800e6770000e6770000e6770000e6770000b3
:1001d800e6770000e6770000e6770000e6770000a3
:1001e800e6770000e6770000e6770000e677000093
:0801f800e6770000e677000045
:020000040000fa
:0200000401f009
:04000800ffff0000f6
:020000040000fa
:0200000401f009
:04000400ff7f00007a
:020000040000fa
:0200000401f009
:04000000e5ff000018
:020000040000fa
:020000040002f8
:10ca4000536500006e7300006f7200003a2500000d
:10ca5000352e0000316600002563000020440000f0
:10ca600069730000706c000061790000656400006b
:10ca70003a250000342e00003066000025630000d7
:10ca80000a0d0000004c000043440000204200005a
:10ca900061720000204700007261000070680000b1
:10caa0002026000020430000686100007261000041
:10cab000637400006572000020540000657300007c
:10cac00074000000577200006974000065200000c7
:10cad000415300004349000049200000746f0000ea
:10cae000204c0000434400002c200000455300006f
:10caf00043200000746f000020650000786900008a
:10cb0000742e00000a0d000000570000726900003a
:10cb100074650000204800004558000020740000a3
:10cb20006f2000004c430000442c00002031000026
:10cb300042200000746f000020650000786900004a
:10cb4000742e00000a0d0000004800006967000014
:10cb5000682d0000566f00006c74000061670000d3
:10cb6000650000004c6f0000772d0000566f00003c
:10cb70006c74000061670000650000002028000060
:10cb800050720000652d00004c6900006d690000c6
:10cb90007429000000200000616c00006172000038
:10cba0006d200000697300002064000069730000bc
:10cbb000616200006c650000642e00000a0d000038
:10cbc00000250000372e00003366000020250000fd
:10cbd00073000000253500002e31000066200000a3
:10cbe00057610000747400007320000028250000c5
:10cbf0007329000000250000352e0000306600007b
:10cc00002000000025730000252d00006425000091
:10cc1000630a00000d0000002534000069200000b8
:10cc20003d200000253500002e3200006656000031
:10cc30000a0d0000004c0000617300007420000029
:10cc4000566100006c690000642000004261000031
:10cc50006e64000020530000656c000065630000f6
:10cc6000742000003a250000730a00000d00000047
:10cc70002d2d00002d2d00002d2d00002d2d00004c
:10cc80002d2d00002d2d00002d2d00002d2d00003c
:10cc90002d2d00002d2d00002d2d00002d2d00002c
:10cca0002d2d00002d2d00002d2d00002d2d00001c
:10ccb0002d2d00002d2d00002d2d00002d2d00000c
:10ccc0000a0d0000002c0000206100006e790000b9
:10ccd000206b000065790000206500007869000085
:10cce000747300002e2e00002e0a00000d000000bc
:10ccf000546500006d7000006572000061740000f2
:10cd00007572000065200000536500006e7300001e
:10cd10006f72000020430000616c00006962000037
:10cd200072610000746900006f6e00000a0d00005f
:10cd3000004900006e700000757400002041000082
:10cd400074740000656e000075610000746f00006f
:10cd500072200000537400006174000075730000bd
:10cd60000a0d0000004400006976000069640000bc
:10cd7000652d0000427900002d5a00006572000008
:10cd80006f20000054720000617000000a0d000066
:10cd9000005400006573000074200000546500001a
:10cda000726d0000696e000061740000656400002f
:10cdb0000a0d0000004100006c610000726d00006f
:10cdc0002053000079730000746500006d2000009e
:10cdd00054650000737400000a0d0000000a000092
:10cde0000d4600002d530000656e000073650000c5
:10cdf0002054000065730000743a000020250000f4
:10ce0000730a00000d000000202000002031000007
:10ce1000363000006d200000383000006d2000002a
:10ce2000343000006d200000333000006d20000021
:10ce3000323000006d200000313700006d2000000e
:10ce4000313500006d200000313200006d200000ff
:10ce5000313000006d200000202000004d690000ee
:10ce60006e200000202000004d61000078200000ae
:10ce70006b4800007a0a00000d0000000a0d000057
:10ce8000496c00006c650000676100006c200000c8
:10ce9000566100006c750000652100000a0d00005d
:10cea000004e00006f6e00002d50000072690000ff
:10ceb0006e740000616200006c6500002043000099
:10cec0006861000072610000637400006572000018
:10ced000004e00006f7200006d6100006c000000e9
:10cee0004c6f000077200000537000006565000063
:10cef000642000004f4e0000004d000065640000fb
:10cf0000697500006d200000537000006565000029
:10cf1000642000004f4e00000048000069670000d8
:10cf20006820000053700000656500006420000068
:10cf30004f4e0000004f0000757400002d4f0000a0
:10cf4000662d0000426100006e64000021000000b8
:10cf5000312e0000384d0000487a00002f310000cb
:10cf6000363000006d000000332e0000354d00000b
:10cf7000487a00002f380000306d000000370000b4
:10cf80002e3000004d4800007a2f000034300000a1
:10cf90006d000000313000004d4800007a2f000085
:10cfa000333000006d000000313400004d480000b7
:10cfb0007a2f0000323000006d0000003138000090
:10cfc0004d4800007a2f0000313700006d0000004e
:10cfd000323100004d4800007a2f0000313500004a
:10cfe0006d000000323400004d4800007a2f000030
:10cff000313200006d000000323800004d48000062
:10d000007a2f0000313000006d000000556e0000e6
:10d010006b6e00006f7700006e2000004261000020
:10d020006e640000210000004441000054410000f3
:10d030000041000044440000520000000a0d0000be
:10d04000447500006d700000204500004550000050
:10d05000524f00004d200000636f00006e7400000e
:10d06000656e0000747300000a0d00002534000096
:10d070007325000032330000730a00000d25000004
:10d080002e32000033730000252e000032320000e3
:10d09000730000000a0d0000253400002e3400004b
:10d0a000583a000000250000352e000034580000da
:10d0b000000a00000d2500002e320000337300002e
:10d0c000252e000032320000730a00000d0000001f
:10d0d000416d000070730000005600006f6c00008e
:10d0e000747300000025000033690000202d00004b
:10d0f00020250000730000005265000076650000e6
:10d100007273000065000000466f00007277000037
:10d110006172000064000000257300000030000010
:10d12000202d0000204100006c6c00002041000018
:10d130006c610000726d0000732000004f660000fb
:10d14000660a00000d000000312000002d200000c4
:10d150004f760000657200002d43000075720000dc
:10d16000726500006e7400000a0d000000320000bd
:10d17000202d0000204800006967000068200000a2
:10d1800053570000520a00000d0000003320000039
:10d190002d2000004f760000657200002d54000025
:10d1a000656d00007065000072610000747500001c
:10d1b000726500000a0d000000340000202d000000
:10d1c00020250000730a00000d000000342000003c
:10d1d0002d2000002573000025730000003500009d
:10d1e000202d00002025000073250000730a000098
:10d1f0000d000000352000002d20000025730000e8
:10d20000257300002573000000360000202d00006b
:10d2100020250000732000004c6900006d690000ab
:10d22000740a00000d000000362000002d200000d0
:10d23000257300002573000000370000202d00003a
:10d24000204100006c6c0000204100006c61000077
:10d25000726d0000732000004f6e00000a0d000088
:10d26000000a00000d2500002e320000307300007f
:10d270005b4300004f4d00004d4100004e44000054
:10d2800020540000414200004c4500005d25000094
:10d290002e320000307300000a0d0000004800002c
:10d2a0002f3f000020480000656c00007020000047
:10d2b0002d20000028540000686900007320000041
:10d2c0005363000072650000656e0000290a0000cb
:10d2d0000d0000004120000020200000414400001b
:10d2e0004320000043680000616e00006e6500008e
:10d2f0006c200000447500006d7000000a0d0000f5
:10d3000000420000202000002025000073000000e3
:10d310004320000020200000257300000a0d0000bb
:10d320000044000020200000204300006c65000045
:10d33000617200002046000061630000746f00000d
:10d3400072790000204400006566000061750000ed
:10d350006c740000205200006573000065740000ca
:10d36000204300006f7500006e74000065720000bd
:10d370000a0d0000004500002020000020440000ad
:10d38000756d000070200000537900007374000078
:10d39000656d000020260000205500007365000028
:10d3a000722000005365000074740000696e000074
:10d3b000677300000a0d00000046000020200000f6
:10d3c00020440000756d00007020000045450000fd
:10d3d000505200004f4d0000206300006f6e0000af
:10d3e000746500006e740000730a00000d000000f8
:10d3f0004720000020200000546f000067670000f5
:10d400006c65000020460000726500007175000028
:10d41000656e00006379000020530000656e000017
:10d420007365000020540000657300007420000044
:10d430004f6e00002f4f0000666600000a0d0000ce
:10d44000004900002020000020250000730000009b
:10d450004a2000002020000025730000004b00003f
:10d460002020000020420000757a00007a6500004c
:10d4700072200000536f0000756e000064200000f1
:10d4800054650000737400000a0d0000004c000099
:10d490002020000020250000730000004d20000027
:10d4a0002020000025730000005a0000202000000a
:10d4b00020250000732500002e3100003573000088
:10d4c000257300000044000049530000504c000048
:10d4d00041590000004900004e5000005554000022
:10d4e00000560000414c000055450000004300007c
:10d4f000484100004e4e0000454c0000000a00006c
:10d500000d2500003773000025360000732500004c
:10d510003873000025310000357300000a0d00004b
:10d52000252e000032320000732500002e3200004c
:10d5300032730000000a00000d4100004443000067
:10d5400025330000693a00002536000069250000f7
:10d55000372e00003366000056200000000a00004d
:10d560000d2500002e34000073250000730000001c
:10d570000a0d000025730000456e00007465000070
:10d5800072200000302c0000312c0000322c0000f2
:10d59000332c0000342c0000352c00003620000015
:10d5a0006f72000020370000202e00002e2e000099
:10d5b0000a0d0000000a00000d00000025730000a5
:10d5c00025730000536500006c6500006374000063
:10d5d00020530000636100006c6500003a200000e9
:10d5e000302c0000312c0000323a000020000000f6
:10d5f00025640000202d000020250000730a000093
:10d600000d000000203d0000253300002e320000f8
:10d61000585d0000000a00000d4500004550000064
:10d62000524f00004d20000052650000736500005d
:10d6300074200000436f0000756e000074650000e8
:10d6400072200000636c00006561000072650000dc
:10d65000642e000000760000352e000030300000ff
:10d660000020000000530000595300005445000002
:10d670004d200000434100004c4900004252000090
:10d6800041540000494f00004e2000005345000067
:10d6900054540000494e000047530000000a0000a7
:10d6a0000d25000033330000730a00000d25000033
:10d6b0003773000046690000726d0000776100005a
:10d6c000726500003a20000025730000202d000044
:10d6d000204400004c3400004a4300000a0d0000c2
:10d6e0002533000033730000004200006174000025
:10d6f0007465000072790000205600006f6c000015
:10d70000746100006765000020460000616300004e
:10d71000746f0000722000003a200000252d0000e8
:10d72000346400000a0d0000005000004120000099
:10d730004375000072720000656e000074200000e6
:10d7400046610000637400006f720000202000003a
:10d7500020200000202000003a200000252d00009d
:10d76000346400000a0d0000005200004620000052
:10d77000506f000077650000722000004d650000ca
:10d7800074650000722000004661000063740000b0
:10d790006f720000202000003a200000252d0000bc
:10d7a000346400000a0d0000005200004620000012
:10d7b000506f000077650000722000004d6500008a
:10d7c00074650000722000004f6600006673000060
:10d7d00065740000202000003a200000252d000084
:10d7e000346400000a0d000000420000656500007e
:10d7f000702000004c6500006e6700007468000037
:10d8000020540000696d0000652000002020000009
:10d8100020200000202000003a2000000025000009
:10d820002d640000206d0000530a00000d00000070
:10d830004f460000460a00000d000000505700004f
:10d84000522000004d6500006173000075720000f9
:10d85000656d0000656e00007420000053610000db
:10d860006d7000006c650000733a0000200000003d
:10d8700031200000284f000066660000290a0000e1
:10d880000d000000256400000a0d0000004f00009c
:10d8900076650000722d0000566f00006c74000069
:10d8a000616700006520000054720000697000008c
:10d8b0002020000020200000202000003a2000004e
:10d8c00000250000730a00000d000000556e0000e6
:10d8d00064650000722d0000566f00006c7400003b
:10d8e000616700006520000054720000697000004c
:10d8f0002020000020200000203a0000200000002e
:10d9000050720000652d00004c6900006d69000038
:10d910007420000054720000697000002020000094
:10d92000202000002020000020200000203a0000dd
:10d9300020000000506f000077650000722000009a
:10d940004d650000746500007220000046750000ff
:10d950006c6c00002d530000636100006c650000da
:10d96000203a0000202500002d640000570a000026
:10d970000d0000004672000065710000204d00009f
:10d98000657400006572000020430000616c0000b7
:10d990006962000072610000746900006f6e00002f
:10d9a000203a0000202500002d3700006c640000a4
:10d9b0000a0d000000530000706c0000617300004d
:10d9c000682000005363000072650000656e00006f
:10d9d0002044000069730000706c00006179000051
:10d9e000202000003a200000257300000a0d0000ee
:10d9f000005500005345000052200000434f000036
:10da00004e460000494700005552000041540000b6
:10da1000494f00004e2000005345000054540000c0
:10da2000494e000047530000000a00000d25000089
:10da300033330000730a00000d250000730000005e
:10da40004672000065710000756500006e6300009d
:10da500079200000536500006e730000652000000f
:10da60004d6f00006465000020200000203a000097
:10da700020250000730a00000d000000536500001f
:10da800072690000616c0000204c0000696e0000ab
:10da90006b200000506f00006c6c0000696e00008d
:10daa0006720000020200000203a00002000000035
:10dab000252d00006420000053650000636f000006
:10dac0006e640000730000004f66000066000000f6
:10dad0000a0d0000525300002d32000033320000c6
:10dae000205000006f720000742000004d6f000095
:10daf000646500002020000020200000202000009d
:10db0000203a0000205400006573000074200000db
:10db10004d6f0000646500000a0d00000052000017
:10db2000532d00003233000032200000506f0000ff
:10db300072740000205300007065000065640000ee
:10db40002020000020200000202000003a200000bb
:10db5000252d0000643000003020000042610000ec
:10db6000756400000a0d0000004c000043440000f2
:10db700020420000616300006b6c000069670000d8
:10db800068740000696e000067200000202000001b
:10db900020200000202000003a200000252d000059
:10dba000346400000a0d0000004c000043440000f3
:10dbb000204300006f6e000074720000617300006b
:10dbc0007420000020200000202000002020000001
:10dbd00020200000202000003a200000252d000019
:10dbe000346400000a0d000000530000575200008a
:10dbf0002054000072690000702000004c69000091
:10dc00006d6900007420000020200000202000002a
:10dc100020200000202000003a200000252e0000d7
:10dc2000326600000a0d000000460000616e000030
:10dc30002053000070650000656400002043000070
:10dc40006f6e0000747200006f6c000020200000f6
:10dc500020200000202000003a2000002573000052
:10dc60000a0d000000540000656d000070650000a2
:10dc7000726100007475000072650000205500009c
:10dc80006e69000074730000202000002020000056
:10dc9000202000003a200000257300000a0d00003b
:10dca00000540000656d00007065000072610000a6
:10dcb0007475000072650000204100006c61000076
:10dcc000726d0000204c0000696d00006974000056
:10dcd0003a20000000460000616e00002053000062
:10dce000746100007274000020540000656d000033
:10dcf00070650000726100007475000072650000bc
:10dd0000202000003a20000000420000616e000068
:10dd10006420000044690000737000006c61000022
:10dd200079200000556e0000697400007320000027
:10dd300020200000202000003a2000002573000071
:10dd40000a0d0000004700007261000070680000ca
:10dd500069630000204c0000696d000069740000d8
:10dd60007320000044690000737000006c610000c3
:10dd7000792000003a200000257300000a0d000001
:10dd8000004600002d530000656e00007365000022
:10dd900020510000534b00002020000020200000f4
:10dda0002020000020200000202000002020000073
:10ddb0003a200000257300000a0d00000047000013
:10ddc0007261000070680000696300002044000078
:10ddd00069730000706c000061790000205400003d
:10dde0007970000065200000202000003a2000002b
:10ddf000257300000a0d0000005000006f7700003e
:10de000065720000204d000065740000657200001e
:10de100020540000797000006520000020200000e0
:10de200020200000202000003a2000002573000080
:10de30000a0d0000005300007461000072740000bd
:10de40002d55000070200000506100006765000043
:10de500020200000202000002020000020200000c2
:10de6000202000003a200000257300000a0d000069
:10de70000043000075720000726500006e740000bf
:10de8000204100006d7000006c69000066690000b0
:10de9000657200002053000074610000746500008a
:10dea0003a200000257300000a0d00000042000027
:10deb000616e000064200000536500006c65000086
:10dec00063740000204d00006f64000065200000b6
:10ded0002020000020200000202000003a20000028
:10dee000257300000a0d0000002500002e330000fd
:10def000397300000a0d0000002500002e330000d9
:10df000039730000000a00000d25000073000000b6
:10df1000426100006e6400003a200000257300009a
:10df20002047000025310000693a0000203d000034
:10df30002025000032690000644200000a0d000044
:10df4000000a00000d2500007350000072650000fb
:10df500073730000206100006e790000206b0000e8
:10df600065790000207400006f20000073740000c9
:10df70006172000074250000730a00000d000000ab
:10df80000a0d0000536f0000756e00006420000051
:10df900054650000737400000a0d0000456e000017
:10dfa0007465000072200000467200006571000078
:10dfb000756500006e6300007920000028310000c4
:10dfc00030300000202d00002034000030300000f0
:10dfd000304800007a2900003a200000000a0000c2
:10dfe0000d440000617400006120000056610000d3
:10dff0006c750000653a0000202500006c69000087
:10e000000a0d0000004500006e74000065720000fb
:10e01000206400007572000061740000696f0000e8
:10e020006e20000028310000302000002d2000006c
:10e03000333200002c300000303000006d530000ff
:10e04000293a0000200000004368000061720000cf
:10e05000203d000020300000782500002e32000016
:10e06000580a00000d0000004368000061720000c3
:10e07000203d000020300000782500002e320000f6
:10e08000582000002d200000257300000a0d00001c
:10e09000002000003d200000256300000a0d000064
:10e0a000002000003d200000257300000a0d000044
:10e0b000000a00000d4900006e760000616c00004f
:10e0c00069640000204300006f6d00006d61000076
:10e0d0006e6400003a200000256300002056000016
:10e0e000616c0000756500003a20000025640000a6
:10e0f0000a0d0000000000000c00000018000000e5
:10e100003000000060000000c0000000800100003e
:10e1100040020000800400004e6f0000726d00009d
:10e12000616c0000004c00006f770000004d0000a3
:10e1300065640000697500006d000000486900001a
:10e14000676800000046000061680000726500001a
:10e150006e680000656900007400000043650000ff
:10e160006c730000697500007300000059610000c5
:10e17000657300007520000043410000540000005a
:10e180004b580000322f00004b58000033000000b5
:10e190004a7500006d6100002d54000052580000c7
:10e1a00032000000462d0000536500006e73000031
:10e1b000650000004654000038310000372f000091
:10e1c00038310000380000004d6100006e7500001d
:10e1d000616c000000580000696500006775000070
:10e1e000004800005235000030000000204d0000c3
:10e1f0002000000020410000200000004731000006
:10e2000000470000320000004733000000470000d4
:10e21000340000004d4800007a0000004d65000009
:10e220007472000065730000004f00006666000015
:10e23000004f00006e00000053740000616e00008b
:10e2400064620000790000004f70000065720000f9
:10e25000617400006500000041750000746f0000eb
:10e2600000200000203f00002120000020000000ce
:10e270002020000031360000306d0000002000003a
:10e2800020200000383000006d0000002020000039
:10e2900020340000306d000000200000202000002d
:10e2a000333000006d00000020200000203200000c
:10e2b000306d0000002000002020000031370000f9
:10e2c0006d0000002020000020310000356d0000ae
:10e2d0000020000020200000313200006d0000000e
:10e2e0002020000020310000306d000000200000e0
:10e2f000202000003f20000020000000312e000000
:10e30000384d0000487a0000003300002e35000030
:10e310004d4800007a00000020200000374d00002a
:10e32000487a000000200000313000004d48000015
:10e330007a00000020310000344d0000487a0000cf
:10e3400000200000313800004d4800007a00000035
:10e3500020320000314d0000487a0000002000000b
:10e36000323400004d4800007a00000020320000e6
:10e37000384d0000487a0000002000005361000082
:10e380007665000020530000657400007469000089
:10e390006e670000733f0000200000002052000064
:10e3a000657300006574000020440000656600008d
:10e3b000617500006c740000733f0000004f0000a6
:10e3c0002f500000205000006f77000065720000a1
:10e3d0000053000057520000005600006f6c000010
:10e3e0007461000067650000004300007572000062
:10e3f000726500006e74000000540000656d00003e
:10e4000070650000726100007475000072650000a4
:10e4100000410000757400006f20000042610000a0
:10e420006e64000020440000657400006563000015
:10e43000740000005365000072690000616c000008
:10e440002053000070650000656400000053000068
:10e4500065720000696100006c200000506f0000d0
:10e4600072740000005000006f6c00006c690000c6
:10e470006e670000204900006e74000065720000a5
:10e48000766100006c0000004c4300004420000056
:10e4900044690000737000006c61000079000000a6
:10e4a00053570000522000005472000069700000b1
:10e4b00000460000616e0000204300006f6e000007
:10e4c000747200006f6c0000004f00007665000061
:10e4d00072740000656d000070000000466100006d
:10e4e0006e20000043750000742d0000496e00008e
:10e4f00020540000656d00007000000042610000c3
:10e500006e6400002044000069730000706c00001d
:10e51000617900000047000072610000706800002f
:10e5200069630000616c0000204c0000696d000010
:10e530006974000073000000477200006170000001
:10e5400068690000632000004469000073700000e7
:10e550006c6100007900000052460000205000006d
:10e560006f77000065720000204d000065740000a8
:10e5700065720000005300007461000072740000b6
:10e580002d550000702000004469000073700000e9
:10e590006c61000079000000462d0000536500000a
:10e5a0006e73000065200000515300004b00000016
:10e5b000416200006f75000074000000050000005b
:10e5c00000000000000300000003000046410000be
:10e5d0003b000000053d00003f4200000a0d000026
:10e5e00000000000004f0000726900006769000031
:10e5f0006e6100006c0000004c610000726700005a
:10e6000065000000536d0000616c00006c000000ac
:10e610002020000020430000616e000063650000c0
:10e620006c6c0000656400002120000020200000c8
:10e630000020000020200000202000005361000086
:10e6400076650000642100002020000020200000ea
:10e650002000000057610000747400007300000087
:10e66000644200006d000000202d00002d2d0000f0
:10e670002e2d0000570000002d2d00002e2d000033
:10e68000644200006d0000004f4b00000045000098
:10e69000727200006f7200002100000052650000dd
:10e6a0006d6f000074650000005400006573000089
:10e6b0007400000025350000733a00002538000082
:10e6c00069df000025630000004c0000696d000058
:10e6d000697400000053000074610000727400004f
:10e6e000005500006e690000747300003a250000b8
:10e6f000313000007300000050570000523a000013
:10e700004e6f000020420000414e0000442b0000ec
:10e710003a59000065730000000a00000d25000052
:10e720007344000020460000697200006d7700000d
:10e7300061720000653a000020250000732000008f
:10e7400044610000746500003a2000002573000059
:10e750000a0d0000004300006f7000007972000095
:10e7600069670000687400003a2000004a750000e4
:10e7700068610000204e0000696900006e690000b9
:10e780006b6f0000736b0000692000002d200000fb
:10e790004f480000324e00004c540000202600007c
:10e7a000204d0000617400007469000020480000e2
:10e7b0006f680000746f00006c610000202d000085
:10e7c000204f000048370000535600000a0d00009b
:10e7d00000280000416400006469000074690000c2
:10e7e0006f6e0000616c0000206600006561000033
:10e7f000747500007265000073200000616e0000f7
:10e80000642000006d6f000064690000666900000c
:10e8100063610000746900006f6e000073200000e7
:10e820002d2000004164000072690000616e00004c
:10e8300020520000796100006e2000002d200000b1
:10e84000354200003441000049590000290a000007
:10e850000d000000284d00006f6400006966000094
:10e86000696500006420000062750000696c0000aa
:10e87000642000002d200000444c0000344a0000b9
:10e88000432900000a0d000000520000656d0000e1
:10e890006f74000065200000506f00007765000075
:10e8a000722000004f66000066000000202000007b
:10e8b00020440000617400006120000053610000ea
:10e8c00076650000640000002053000057520000ed
:10e8d00020000000204f00002f4300002000000017
:10e8e00020540000454d000050000000204800006a
:10e8f000692d0000560000002042000061740000f5
:10e9000074000000204c00006f2d00005600000035
:10e91000525300002d320000333200002045000029
:10e92000636800006f2000005465000073740000ed
:10e93000004100007761000069740000696e00000a
:10e940006720000064610000746100002e2e00004a
:10e950002e0000000a0d0000525300002d3200006e
:10e96000333200002054000065730000740a000078
:10e970000d5000007265000073730000205000000d
:10e98000575200002062000075740000746f000090
:10e990006e200000746f00002065000078690000a0
:10e9a000742e00002e2e00000a0d00000052000000
:10e9b0005820000044610000746100003a2000000b
:10e9c0002563000020200000307800002532000080
:10e9d0002e320000580000000a0d000052530000c3
:10e9e0002d320000333200002074000065730000f7
:10e9f0007420000074650000726d0000696e0000f4
:10ea000061740000656400000a0d0000002500002c
:10ea10003269000020200000000a00000d00000004
:10ea2000536500006c650000637400003a25000027
:10ea3000397300000042000061750000642000008e
:10ea400052610000746500003a250000346900003e
:10ea500030300000004d00006f640000653a000097
:10ea6000253100003173000000540000696d000082
:10ea7000657200003a25000036690000205300004e
:10ea80006563000000540000696d000065720000bd
:10ea90003a20000020440000697300006162000019
:10eaa0006c6500006400000042610000636b0000c0
:10eab0006c69000067680000743a000025360000a9
:10eac00069000000436f00006e7400007261000076
:10ead000737400003a25000037690000004c000004
:10eae000696d0000697400003a250000382e0000ae
:10eaf000316600003a3100000044000069730000f4
:10eb0000706c0000617900003a2500003873000045
:10eb10000054000079700000653a000025310000c3
:10eb2000317300000050000061670000653a00008a
:10eb300025310000317300000053000057520000df
:10eb40002d2d00002e2d0000000a00000d450000b4
:10eb500045500000524f00004d2000004368000067
:10eb6000656300006b730000756d0000730a0000a0
:10eb70000d430000616c00006962000072610000da
:10eb8000746900006f6e0000202000003a20000031
:10eb9000257300000a0d0000436f00006e66000040
:10eba000696700007572000061740000696f000001
:10ebb0006e3a000020250000730a00000d5200008c
:10ebc0006573000065740000204300006f7500004d
:10ebd0006e740000657200003a2000002564000099
:10ebe0000a0d0000000a00000d450000455000001d
:10ebf000524f00004d200000436800006563000094
:10ec00006b730000756d00002045000072720000fb
:10ec10006f72000021200000526500002d6c000082
:10ec20006f610000646900006e670000204600000c
:10ec300061630000746f00007279000020440000de
:10ec400065660000617500006c74000073000000d0
:10ec50002043000068650000636b000073750000ce
:10ec60006d20000045720000726f000072200000ed
:10ec7000004c00006f610000646900006e670000d6
:10ec80002044000065660000617500006c7400009f
:10ec9000730000004a5500004d4100002050000064
:10eca000413100003030000000200000204a000008
:10ecb000554d000041200000504100002d31000062
:10ecc000303000004400000046690000726d000012
:10ecd00077610000726500002538000073000000b5
:10ece000004f0000483200004e4c0000542000004d
:10ecf000204f000072690000676900006e6100002b
:10ed00006c0000004f480000375300005620000000
:10ed10002020000020200000202000004a55000094
:10ed20004d41000000350000423400004149000020
:10ed300059200000207400006f200000342e0000d5
:10ed40003031000061000000444c0000344a0000f3
:10ed50004320000020660000726f00006d2000005c
:10ed6000342e00003033000000200000204300005b
:10ed7000616c00006962000072610000746900004b
:10ed80006f6e000000200000204d00006f64000046
:10ed90006525000037730000002000004449000092
:10eda000535000004c410000592000003d2000005d
:10edb0005061000067650000200000004f50000017
:10edc00045520000203d0000205300006176000005
:10edd000652f0000457800006974000000530000b2
:10ede00079730000746500006d200000436c000022
:10edf0006f6300006b3a0000202500006c69000082
:10ee0000206b0000487a00000a0d0000002000007e
:10ee1000535400004259000000200000205400001c
:10ee20005820000000200000457200007220000001
:10ee3000002000004f500000455200000025000057
:10ee40002d31000036730000005300006572000091
:10ee5000696100006c200000546900006d650000cd
:10ee60002d4f000075740000005300006574000011
:10ee7000207400006f3a00002020000020350000c0
:10ee80002053000065630000730000002020000094
:10ee90002020000020200000557300006572000053
:10eea00000200000436f00006e66000069670000ec
:10eeb0007572000061740000696f00006e00000050
:10eec00020250000362e00003366000020200000c0
:10eed000002000002020000020200000005300003f
:10eee0004f4d00004146000043000000dc050000db
:10eef000d1070000a10f0000401f0000e02e00001d
:10ef0000983a0000384a0000d85900009065000087
:10ef1000317500000a000000870000009901000020
:10ef2000ab020000ba030000cc040000df050000c3
:10ef3000ed060000ff07000012090000200a000093
:10ef40009a990000114100003d0a00008341000031
:10ef50000a0000000900000008000000070000008f
:10ef6000060000000500000004000000030000008f
:10ef70000300000002000000010000006300000028
:10ef80000a00000009000000070000000600000061
:10ef90000500000004000000030000000200000063
:10efa0000100000063000000554e00004b0000000f
:10efb0003136000030000000383000004d00000005
:10efc000343000004d000000333000004d000000e0
:10efd000323000004d000000313700004d000000cd
:10efe000313500004d000000313200004d000000be
:10eff000313000004d0000004f4600004600000088
:10f00000505400005400000048520000424e0000de
:10f010002564000000480000524d00004425000017
:10f0200064000000525800002c250000732c0000e2
:10f03000257300002c25000064250000632c0000cf
:10f04000252e0000316600005600000048520000e6
:10f0500054500000256400002563000000480000b3
:10f0600052560000542500002e3100006656000064
:10f0700000480000524100005430000000480000e9
:10f080005242000052250000640000004852000077
:10f090004b5800003000000048520000544d000062
:10f0a00000250000633a0000256300003a250000b7
:10f0b000633a0000256300003a2500003264000036
:10f0c0003a250000316400003a250000332e00008c
:10f0d000316600003a250000352e0000326600003f
:10f0e0003a250000342e0000316600003a25000069
:10f0f000352e0000316600003a2500003364000020
:10f100003a250000316400003a2500003258000022
:10f110000a0d0000000000000000000008070000c9
:10f12000ac0d00008214000074270000b03600000f
:10f1300094460000085200003a610000606d000033
:10f1400000000000d0070000a00f0000841c000099
:10f15000a62700000e380000f8460000ca53000041
:10f160009e610000047400006661000072000000ef
:10f170006d6f000064000000636c000065610000ba
:10f180006e000000253500007520000025350000c8
:10f190007520000025730000000000005e000000e4
:10f1a0001b010000d7010000930200005003000083
:10f1b0000c040000c90400008505000042060000a0
:10f1c000fe060000ba070000000000000100000079
:10f1d0000200000003000000030000000400000023
:10f1e0000500000006000000070000000800000005
:10f1f000090000000a000000313000002f4f00001d
:10f20000435400002f32000030320000360000006e
:10f21000763500002e3000003000000000000000b5
:10f2200001000000070000000200000003000000d1
:10f2300004000000060000000500000054720000f9
:10f24000697000003a2500003131000073000000b1
:10f250004c6900006d690000743a00002539000017
:10f260002e3200006656000000430000616c000072
:10f2700025370000733a00002535000069000000c2
:10f2800046720000657100003a250000372e00002c
:10f2900033660000204d0000487a00000046000060
:10f2a00061630000746f0000720000004f66000090
:10f2b0006673000065740000005300007570000064
:10f2c000706c0000793a000020200000000000006f
:10f2d0004265000065700000204c0000656e000073
:10f2e00020300000203d0000204f00006666000036
:10f2f000004200006565000070200000546f0000af
:10f300006e6500002020000020200000202000006a
:10f3100020000000506f00007765000072200000a0
:10f32000417600006572000061670000696e0000b0
:10f3300067200000004f0000766500007276000034
:10f340006f6c000074610000676500002020000001
:10f3500020200000200000004f76000065720000b1
:10f36000766f00006c74000061670000652000008b
:10f370005472000069700000004c00006f770000bc
:10f38000205600006f6c000074610000676500008b
:10f390002020000020200000200000004c6f000012
:10f3a00077200000566f00006c7400006167000059
:10f3b00065200000547200006970000000500000d9
:10f3c000726500002d4c0000696d0000697400003a
:10f3d000205400007269000070200000200000002e
:10f3e000467500006c6c00002d5300006361000046
:10f3f0006c650000205000006f770000657200000f
:10f4000000530000706c0000617300006820000071
:10f410005363000072650000656e0000202000004c
:10f4200020000000284f0000666600002900000050
:10f4300042650000657000003a250000396900004f
:10f440006d5300000042000065650000703a000046
:10f45000253100003173000000530000616d000091
:10f46000706c0000657300003a25000036730000e0
:10f470002532000069000000546f00006e65000036
:10f480003a25000031310000730000004a550000a9
:10f490004d41000000520000532d000039320000a1
:10f4a000380000004d61000078200000506f00001f
:10f4b00077650000723a00002535000069570000aa
:10f4c0000046000061630000746f0000723a0000a3
:10f4d000253900006c6400000044000069730000de
:10f4e000706c0000617900003a250000387300005c
:10f4f000000a00000d5300006572000076690000ec
:10f50000636500002026000020430000616c0000bd
:10f510006962000072610000746900006f6e000093
:10f52000204d00006f640000650000000a0d00001f
:10f5300044490000535000004c410000592f000086
:10f54000434f00004e460000494700003a200000ab
:10f55000536500006c6500006374000020500000db
:10f5600061670000650a00000d4f00005045000073
:10f57000523a000020530000617600006520000030
:10f580002620000045780000697400000a0d000084
:10f59000000a00000d430000616c00006962000079
:10f5a00072610000746900006f6e0000207300003b
:10f5b00065740000746900006e670000732000002d
:10f5c000736100007665000064200000746f000025
:10f5d0002045000045500000524f00004d0a000039
:10f5e0000d0000004f730000636900006c6c0000a8
:10f5f000617400006f72000020540000726100000e
:10f6000070210000002000004164000064720000ce
:10f6100065730000732000005472000061700000e8
:10f620002120000020000000202000005374000072
:10f63000616300006b2000005472000061700000e4
:10f64000212000002020000000200000204d0000ac
:10f65000617400006820000045720000726f0000b5
:10f66000722100002020000020000000496e0000f0
:10f670007465000072720000757000007420000054
:10f6800045720000726f000072210000002000002f
:10f69000556e00006b6e00006f7700006e2000005a
:10f6a00045720000726f000072210000200000000f
:10f6b0000a0d000054520000415000003a200000a2
:10f6c0004f730000636900006c6c000061740000ff
:10f6d0006f72000020450000727200006f7200001f
:10f6e0000a0d0000004f000053430000434f00008c
:10f6f0004e20000030780000255800000a0d000060
:10f70000000a00000d54000052410000503a000071
:10f710002041000064640000726500007373000003
:10f7200020450000727200006f7200000a0d000098
:10f7300000570000302000003078000025580000fd
:10f740000a0d000000570000312000003078000052
:10f75000255800000a0d000000570000322000006c
:10f7600030780000255800000a0d00000057000006
:10f770003320000030780000255800000a0d0000fa
:10f7800000570000342000003078000025580000a9
:10f790000a0d0000005700003520000030780000fe
:10f7a000255800000a0d0000005700003620000018
:10f7b00030780000255800000a0d000000570000b6
:10f7c0003720000030780000255800000a0d0000a6
:10f7d0000057000038200000307800002558000055
:10f7e0000a0d0000005700003920000030780000aa
:10f7f000255800000a0d00000057000031300000bd
:10f800002030000078250000580a00000d0000009c
:10f8100057310000312000003078000025580000ea
:10f820000a0d0000005700003132000020300000b7
:10f8300078250000580a00000d0000005731000034
:10f840003320000030780000255800000a0d000029
:10f8500000570000313400002030000078250000ff
:10f86000580a00000d00000057310000352000004c
:10f8700030780000255800000a0d0000000a000042
:10f880000d54000052410000503a00002053000087
:10f8900074610000636b000020450000727200007c
:10f8a0006f7200000a0d0000000a00000d540000f5
:10f8b00052410000503a0000204d000061740000e9
:10f8c0006820000045720000726f0000720a00009c
:10f8d0000d0000000a0d00005452000041500000cd
:10f8e0003a2000005370000075720000696f00003c
:10f8f00075730000204900006e74000065720000fe
:10f9000072750000707400002045000072720000e3
:10f910006f7200000a0d000000000000383800007f
:10f92000380c000001060000253500002e300000d4
:10f9300066df000046000000253500002e30000084
:10f9400066df000043000000253600002e31000075
:10f950006657000000530000575200002534000095
:10f960002e31000066000000253600002e32000017
:10f970006656000000250000362e000031660000ab
:10f9800041000000253400002e31000066640000b4
:10f99000426d00000000000000000000803f0000f9
:10f9a00000000000803f000020bc0000be4c0000b2
:10f9b00000000000c842000000240000744900005c
:10f9c0000050000043480000cdcc0000cc3d0000ba
:10f9d0007f010000bf0000005f0000002f0000005a
:10f9e000170000000b0000000700000003000000eb
:10f9f000090000000a0000000b0000000e000000db
:020000040000fa
:10e2cc00809fbe003400f80020002000a0018800d0
:10e2dc000000fa0060448000e20f50001a00320087
:10e2ec00e30f50002d003200e10f5000030032000c
:10e2fc00d222a8008cc0a90038003700b0168000cc
:10e30c006200600000f0a7000000ea000000e900d5
:10e31c004f00de00004078000080fb0061006000d0
:10e32c0000004000b11680000110a1000100700037
:10e33c00b0168800600880000000d10060088800da
:10e34c008c28ef0025003700b016800062006000ba
:10e35c0000f0a7000000ea000000e9004f00de001a
:10e36c00004078000080fb0061006000000040006d
:10e37c00b11680000110a10001007000b0168800d9
:10e38c00b0168000620060000000e0001200320055
:10e39c00100020006044880010003700b016800088
:10e3ac006200600000f0a7000000ea000000e90035
:10e3bc004f00de00004078000080fb006100600030
:10e3cc0000004000b11680000110a1000100700097
:10e3dc00b0168800010037000000000084c0a900be
:10e3ec000080fa003400f9004f00be000040060027
:10e3fc003600f800809fbe00829fbe00849fbe0046
:10e40c00869fbe003400f80020002000a001880088
:10e41c000200fa000000eb00000f780084e0a90075
:10e42c0005e1a90000088000b04388000021ef003e
:10e43c0005e1a800304480000000e0000d0032002f
:10e44c00b04380008000eb0061014000e081480097
:10e45c0060418000714180000200400083804800d0
:10e46c006041880071418800304480000000e90060
:10e47c0030448800104480000000e000310032007d
:10e48c00b1bb8700b0438000808f50000c0031007e
:10e49c00b1438000f0478000808f500002003100b3
:10e4ac00b0438000f0478800b143800020448000d6
:10e4bc00808f500002003600b0438000204488005a
:10e4cc001e0078008000400060772f000080400024
:10e4dc0090007800b0438000808f50000c00390011
:10e4ec001e00780080004000c0c820000080400062
:10e4fc00100078008000e8001e0078000001400049
:10e50c00c0c820000000410001087800040037005a
:10e51c001e0fe8001e007800e90f5000e8ff3400e1
:10e52c001e007800ea0f500003003a003c28ef0070
:10e53c00a0002000e05a8800104480000000e90090
:10e54c0010448800404480000000e00008003200c5
:10e55c00404480000000e9004044880040448000b2
:10e56c000000e00002003a00200020006044880017
:10e57c00e04380000000e00003003200e043800034
:10e58c000000e900e0438800004480000000e00047
:10e59c0003003200004480000000e90000448800c1
:10e5ac00504580000000e000030032005045800020
:10e5bc000000e90050458800d04380000000e000d6
:10e5cc0003003200d04380000000e900d0438800f3
:10e5dc00c04380000000e00003003200c043800014
:10e5ec000000e900c0438800204080000000e000eb
:10e5fc0003003200204080000000e9002040880029
:10e60c00f04380000000e00007003200f04380007f
:10e61c000000e900f0438800f04380000000e000b7
:10e62c0001003a003c28ef00f04180000000e000bf
:10e63c0078003a007044800000004000704488006c
:10e64c001116800000002800008060000000e0002f
:10e65c0004003a00704480000000a0007044880060
:10e66c0003003700704480000000a1007044880053
:10e67c008044800000004000804488001116800017
:10e68c0000002400008060000000e00004003a005c
:10e69c00804480000000a000804488000300370004
:10e6ac00804480000000a1008044880090448000d9
:10e6bc000000e0000b003a0070448000e10f4000c5
:10e6cc000e003a001000200090448800a028200082
:10e6dc00d0448800f04480000000e800f04488003a
:10e6ec0006003700704480000000e00003003a0090
:10e6fc009228ef009a28ef009628ef00a0448000a3
:10e70c000000e0000b003a0080448000e10f400064
:10e71c000e003a0010002000a0448800a028200021
:10e72c00e0448800f04480000000e900f0448800d8
:10e73c0006003700804480000000e00003003a002f
:10e74c009428ef009c28ef009828ef00d04480001c
:10e75c000000e00008003200d04480000000e90016
:10e76c00d0448800d04480000000e00002003a0051
:10e77c0010478000b0448800e04480000000e000b6
:10e78c0008003200e04480000000e900e04488000a
:10e79c00e04480000000e00002003a0010478000d6
:10e7ac00c0448800b04480000000e0000b00320040
:10e7bc00b04480000000e900b0448800b044800000
:10e7cc000000e00005003a0010478000b0448800cb
:10e7dc00f04480000000e800f0448800c044800051
:10e7ec000000e0000b003200c04480000000e90093
:10e7fc00c0448800c04480000000e00005003a00de
:10e80c0010478000c0448800f04480000000e900fc
:10e81c00f0448800a9dd070042fc07000080fa00e4
:10e82c003400f9004f03be004f02be004f01be0082
:0ce83c004f00be003600f900004006004e
:020000040000fa
:10e84800de0c00000c00000000000000f2080000d0
:10e85800040000000000000006090000200100007c
:10e86800020000008cf09300f097f0009ef0a300e7
:10e87800f0aef000b6f0c000f0c8f000d2f0da0058
:10e88800f0e4f000ebf0f100f0f6f000faf0fe0032
:10e89800f001f10004f10700f10af1000ef1150092
:10e8a800f119f1001cf12400f1e4f0002cf1310021
:10e8b800f138f1003ff14600f14df10054f15b00f1
:10e8c800f162f10069f17000f177f10031f17e0039
:10e8d800f185f1008cf19300f19af100a1f1a80003
:10e8e800f1aff100b6f17700f1bdf100cef1df0034
:10e8f800f1e9f100edf1f500f1fdf10009f21a007e
:10e90800f227f20033f24400f244f20050f25900c8
:10e91800f2fdf10065f26e00f27ef2008bf29c00cf
:10e92800f2acf200bbf2cc00f2d8f200def2e50065
:10e93800f2eaf200f1f2f100f2f3f200fcf2020066
:10e94800f308f30019f32a00f330f30034f33c0022
:10e95800f344f30047f31500f14ef30055f370004c
:10e96800f671f60082f69300f6a4f600d4f7d80004
:10e97800f7dcf700e0f7e400f7e8f700ecf7f00061
:10e98800f7f4f700f8f7d400f7fcf70000f8740084
:10e998003c0e3d00283dda003b6e3d00843de8001a
:10e9a80047e84700e847380045d846001c481600a5
:10e9b80047264800de4a7c004ba64b00ce4b02009f
:10e9c8004c244c00464c6e004c944c00d84c16001d
:10e9d8004d684d00884da8004dce4d00ee4d1400f9
:10e9e8004e344e00260b0000880000000000000096
:10e9f800000800007600000000000000e0080000a9
:10ea08001200000002000000c800640000040000ba
:10ea180001000100006400000100520000ffff0037
:10ea2800d00c00000e0000000200000094fc9c00c6
:10ea3800fca4fc00abfcb400fcbbfc00c2fc000066
:10ea4800a00c00001000000000000000f608000004
:10ea58000400000000000000340c00003a00000030
:10ea68000200000069e77000e77de7008de79b0082
:10ea7800e7a8e700b4e7bf00e7cae700d4e7de008d
:10ea8800e7e8e700f2e7fc00e706e800065b280095
:10ea98005b4a5b00885b96005bb25b00005c100021
:10eaa8005c245c00385c4c005c7e5c00ba5cee0068
:10eab8005c000000ae0b00004400000002000000f3
:10eac8005df96700f967f90067f96800f979f900f5
:10ead8008af99b00f9acf900bdf9ce00f9dff9001d
:10eae800f0f96700f901fa0067f91200fa46fa002e
:10eaf8004bfa960066d6660002672a0067526700de
:10eb08008667b60067fe670024687a0068a2680016
:10eb1800f868960069d069003e6a0000fa080000ab
:10eb280004000000000000008c0c0000140000002d
:10eb380000000000760800004a0000000000000005
:10eb4800fe0800000200000002000000ffff0000b5
:10eb5800c00800002000000000000000260a000095
:10eb68000001000000000000000900000200000091
:10eb7800000000000209000002000000020000007e
:10eb8800010000000409000002000000000000006d
:10eb9800ea0c00000200000000000000f20b000078
:10eba8004200000002000000f60bf8000bf80b0012
:10ebb8000100030000000000000000000000000049
:10ebc800000064001e0000000000000000d81800cb
:10ebd800b40e00000000000000000000000000006b
:10ebe800000000000000000000000000000000001d
:10ebf800000000000000000000000000000000000d
:10ec0800b00c00001000000002000000494e460051
:10ec180000696e0066004e00414e00006e616e0095
:10ec2800000000006e0c00001e0000000200000042
:10ec3800286e69006c29000025006800076c09002f
:10ec48004c836a009074a0007ac000008068880035
:10ec580000846c0082008100c00c000010000000dd
:10ec680002000000494e460000696e0066004e0032
:10ec7800414e00006e616e0000000000ec0c0000c8
:10ec88000200000002000000010000000000000077
:020000040000fa
:10ec98003600f800809fbe00829fbe00849fbe00a1
:10eca800869fbe003400f80020002000a0018800e4
:10ecb8000200fa00bafc070030032000a010880008
:10ecc8000000eb00000f7800020037000000000091
:10ecd8001e0fe800f0cf27009e007800808f5000bc
:10ece800faff340080b52f00801f78006bcb070037
:10ecf8008f87e900103a8000801f780030b72f0016
:10ed0800801f780065cb0700e48757000000eb0000
:10ed1800a9fc0700ffff37003600f800809fbe00ff
:10ed2800829fbe00849fbe00869fbe003400f8000c
:10ed380020002000a00188000000fa00004688009a
:10ed480011468800224688003346880044468800d9
:10ed580055468800664688007746880088468800b9
:10ed680099468800aa468800bb468800cc46880099
:10ed7800dd468800ee468800ff46880088fc0700cc
:10ed880010b82f00801f780044cb07008f87e90058
:10ed980000468000801f780090b92f00801f7800ff
:10eda8003ecb0700e487570010468000801f78009c
:10edb80030ba2f00801f780038cb0700e48757004f
:10edc80020468000801f7800d0ba2f00801f78006e
:10edd80032cb0700e487570030468000801f780058
:10ede80070bb2f00801f78002ccb0700e4875700ea
:10edf80040468000801f780010bc2f00801f7800dc
:10ee080026cb0700e487570050468000801f780013
:10ee1800b0bc2f00801f780020cb0700e487570084
:10ee280060468000801f780050bd2f00801f78004a
:10ee38001acb0700e487570070468000801f7800cf
:10ee4800f0bd2f00801f780014cb0700e48757001f
:10ee580080468000801f780090be2f00801f7800b9
:10ee68000ecb0700e487570090468000801f78008b
:10ee780030bf2f00801f780008cb0700e4875700b9
:10ee8800a0468000801f7800d0bf2f00801f780028
:10ee980002cb0700e4875700b0468000801f780047
:10eea80080c02f00801f7800fcca0700e487570045
:10eeb800c0468000801f780030c12f00801f780076
:10eec800f6ca0700e4875700d0468000801f780004
:10eed800e0c12f00801f7800f0ca0700e4875700c0
:10eee800e0468000801f780090c22f00801f7800c5
:10eef800eaca0700e4875700f0468000801f7800c0
:10ef080040c32f00801f7800e4ca0700e487570039
:10ef18001000200028fc0700ffff37003600f8002b
:10ef2800809fbe00829fbe00849fbe00869fbe0059
:10ef38003400f80020002000a00188000000fa003a
:10ef4800ff4688000f90200015fc0700f0c32f0033
:10ef5800801f7800d1ca07008f87e900f04680003b
:10ef6800801f780040c32f00801f7800cbca07009d
:10ef7800e4875700200020000ffc0700ffff370040
:10ef88003600f800809fbe00829fbe00849fbe00ae
:10ef9800869fbe003400f80020002000a0018800f1
:10efa8000000fa00fefb070050c52f00801f780004
:10efb800baca07008f87e90030002000fefb07006f
:10efc800ffff37003600f800809fbe00829fbe001a
:10efd800849fbe00869fbe003400f80020002000f9
:10efe800a00188000000fa00edfb070090a0a9002e
:10eff8009120a900a0c62f00801f7800a7ca07008b
:10f008008f87e90040002000ebfb0700ffff370077
:020000040000fa
:10f018008a1f78008b1f7800000006009101880085
:10f02800800478000000eb001a003700e2844400f6
:10f0380032a0b4009905ba00e284440032a0b400ba
:10f048009906ba00e284440032a0b4000006eb003e
:10f05800476fde00fd07b200636ce10003003a0071
:10f06800ebff07000000eb000a003700606ce100ce
:10f0780004003a00005deb008b05e900fdff3e004f
:10f08800040037006168e100010032000086eb00ef
:10f098000b00070019c7ba001905ba000e04e000f2
:10f0a80003003a000a00e000e0ff3a000000060012
:10f0b800fe07b2009e0188008a047800f5ff370039
:10f0c800395dba008b05e9000c003200295dba00f1
:10f0d8008b05e900080032000c00e00003003a004c
:10f0e800e284440032a0b400f5ff370019ddba000d
:10f0f8008b05e900faff3a008904e800e18444003e
:08f1080032a0b4000000060073
:020000040000fa
:10f110002fee20000e7922000e0188000000000072
:10f12000000020000000e00002003200000120008a
:10f13000200288001400070008c507000000e00056
:10f1400003003a004042270001002000020037007f
:10f150000000200001002000810f7000010032003b
:10f16000b0ff0700000020000000e00002003200b5
:10f170000000020000000000a04f0200000000009c
:10f180000040da000000fe004440a900007e21009b
:10f190000000e0000300320020002000a0018800f1
:08f1a0004440a8000000060035
:020000040000fa
:10f1a800809fbe00829fbe003400f800200020002f
:10f1b800a00188000200fa008520a9000e0037008f
:10f1c80090108000004f780002c9bf008040e8001e
:10f1d80000c9bf0080cf50000700320002c9bf003d
:10f1e8008080fb0062a220009e41780003f1780035
:10f1f8000040e80002e9b70070108000610060007c
:10f208000000e000eeff3a0070108000620060002d
:10f218000000e000010032000e22a9000080fa0080
:10f228003400f9004f01be004f00be000040060048
:00000001FF
