:020000040000fa
:08000000ac74040000000000d4
:020000040000fa
:10020000ac74040000000000165a04000000000056
:10021000f86c040000000000d83d0400000000005d
:100220008439040000000000d256040000000000e1
:100230006c36040000000000703a0400000000006a
:100240009c3b040000000000363c0400000000005d
:10025000503c040000000000063b040000000000c9
:10026000963c040000000000ac3c040000000000cc
:100270003e450400000000007e4304000000000032
:10028000304404000000000072450400000000003b
:100290006e440400000000007c45040000000000e3
:1002a0002648040000000000c448040000000000cc
:1002b000ee480400000000001649040000000000a1
:1002c0004a490400000000006c49040000000000de
:1002d0008e49040000000000b64904000000000040
:1002e000dc49040000000000204a04000000000077
:1002f0005e4a040000000000b04a04000000000054
:10030000d04a040000000000f04a04000000000091
:10031000164b040000000000364b040000000000f3
:100320005c4b0400000000001c58040000000000aa
:100330003e58040000000000605804000000000067
:100340009e58040000000000ac58040000000000ab
:10035000c858040000000000165904000000000006
:1003600026590400000000003a5904000000000073
:100370004e59040000000000625904000000000013
:100380009459040000000000d0590400000000004f
:10039000045a040000000000b063040000000000e4
:1003a000f0630400000000001c6404000000000072
:1003b00044640400000000006c64040000000000bd
:1003c000a064040000000000e864040000000000d5
:1003d0000e650400000000006465040000000000d9
:1003e0008c65040000000000e265040000000000cd
:1003f0008066040000000000ba66040000000000ef
:1004000028670400000000002c1e0400000000000b
:10041000a018040000000000ac0e04000000000062
:100420000a00fa0011002000b1bf9f00c0bf9f006a
:100430006a805700e21107004fb897000080fa0069
:10044000000006000a00fa00e20f500034003e00ef
:1004500060668000e10f500003003200e20f5000a0
:1004600011003a000c003700c32020000300e00018
:1004700001003a000040da000c02e2000200350000
:100480001422ef000de2a8000f42ab000d003a006d
:100490000f42a8000b003700632120000300e0009a
:1004a00001003a000040da001602e20002003500c6
:1004b0001e22ef0017e2a8001942ab0001003a002b
:1004c0001942a800820178000b0037003102fb00be
:1004d000e10f500004003a000f22ab00feff3a008b
:1004e00084108800030037001922ab00feff3a0099
:1004f000d41088008301e9000300e000f3ff3a0014
:10050000e10f500003003a000f02ab00feff320083
:100510000b0037001902ab00feff32000800370065
:1005200033002000b3bf9f00c0bf9f00d1bf9f001a
:10053000e2bf9f006a805700a31107006fb99700c0
:10054000020078000080fa000000060000000500ac
:10055000839f68000100e00002003d006000100081
:10056000e08018000300e00002003d00600111007f
:10057000e0811900420007004f00e00002003b004c
:1005800060001000e080180000000600f4ff2f005b
:10059000a00337000001be00240007000470a7007c
:1005a00003f0a1006509b100160032000d0035000e
:1005b0006828e10006003500f0ff2f00f1ff27005a
:1005c0000300e00013003b000100280000000500cc
:1005d00000004000818048008502e900fcff3a00ed
:1005e00008003700f88f420002003c008000eb005a
:1005f000000005008100d1000080d3008502e800e2
:10060000fcff3a000300e00002003b006000100025
:10061000e0801800000006004f89de0082017800ab
:10062000970337006011b800a5033700c70ade0042
:10063000f107b200f50fb20008003200e1cf42002e
:10064000020032000170a00024000500810f70003c
:10065000010032000408050044000500810f70000d
:1006600002003a00140005008502e9000000400085
:1006700081c04800fcff3b000170a0002400050081
:100680006022b800060220000000d0008180d20065
:100690000482d2008582d2000000a0000202520033
:1006a00083825a00030031000202420083824a0022
:1006b0000000a1000603e900f3ff3a000000060075
:1006c00007f82700078361000638e10004003a00bc
:1006d000f7072000878361008703710001003a005b
:1006e00003f0a200889fbe008a9fbe008c9fbe00c0
:1006f000470ade000480a100c71ade000580a100c1
:10070000070028000785600087856100f70f20003b
:100710000720e1009e0032000728e1009c00320023
:10072000010678000400e000b4003200f707200062
:10073000878060000170a0000500e000c00032006a
:10074000f7072000878161000370a00005065200b2
:100750000f003a000b50e1000b0032000308e100eb
:1007600002003a000200e1007e0032000204500064
:1007700083845800040031000001fd008101fd0068
:100780008402fd008a05fd006044b80021003700a6
:100790000520e10005003d000001fd008101fd0094
:1007a0008402fd008a05fd00050652007a60e10022
:1007b000050035000170a1004722dd008480700033
:1007c0008a807000630037006044b800ef02660062
:1007d00007ff2f00070666000500e0000600340052
:1007e000f08312008714dd000511de00071bdd0019
:1007f000060171008519de007060e100050035001a
:100800000904780082047800030178008001eb007d
:10081000700656000b50e10003003a000200400051
:10082000838048000400370060041400e0841c004a
:1008300002005800838058000188a300060032009f
:100840008100d1000080d3008984d3000884d300c4
:100850000402e800270037000178a30025003a00d1
:100860000100e000030032008186cf006986560057
:100870000a0037008c0020000000e00004003a006d
:1008800009007800880478000004eb007002520030
:100890008086cf000d0646000c06e9007060e1007e
:1008a0000600350080007800090078008804780090
:1008b0000004eb0070065600700252000c00e000cd
:1008c0000c0034008c08dd00f00316000703de0086
:1008d000868070000c00dd00074bde000600700013
:1008e0008c4cdd000743de00868474000c44dd0080
:1008f0000c0252006120e10020003500610160001f
:100900000700280087816400f7ff270087836400c1
:10091000070374000300e000060032008203730046
:10092000040032000000e800e08048000188a300d5
:100930000e003a00f70f20000720e1004a003d00ba
:100940000170a1004722dd00810072008a807000e2
:100950000000be004f06be004f05be004f04be00a3
:10096000000006006000b800faff37008100d100e7
:100970000080d3000402e800eeff37000401780095
:1009800089017400a10107008a807000f1ff37001f
:10099000f7010700070278000001fd008101fd005a
:1009a000f301070087027800850372000778a3002f
:1009b000040032000001fd008101fd000602070075
:1009c000e4ff3700850362000768a30008003200d7
:1009d0000b50e10003003200f0ff2f00f1ff270071
:1009e000dcff37000001fd008101fd00d9ff370069
:1009f0000468a300d7ff3200faff3700f8ff270092
:100a0000888360000b003a000000e00009003a0013
:100a10008303640082837300020032000200be0080
:100a2000ccff37000b50e100ceff3a000200be00c1
:100a3000c8ff370014002000810064003eff37002b
:100a4000f8ff27008883610004003a000200e000fc
:100a500002003a008c007800beff3700150020002d
:100a60008301640039ff370001f8270000002000ef
:100a700081007500b7ff3700889fbe008a9fbe00c7
:100a80008c9fbe001b0020000202be00058668008d
:100a900006002800060666004709de00f20fb200d5
:100aa000820032000243e80080003200c729de00e5
:100ab000f30fb2007d0032000343e8007b003200f8
:100ac000f107b2000170a000f507b2000570a000a8
:100ad000c708dd004903de00868070004700dd00a6
:100ae000c72add004923de00868272004722dd002e
:100af00003055100040350008583580003003100b2
:100b000000004000818048000a05e9008c1f780041
:100b10008a9fbe00040050008580580004024200f5
:100b200085824a0000004000818048000005eb00fb
:100b30000004be006033b8000406be000d48e100aa
:100b400056003100110009004dccd8000c01b8004e
:100b50000d02b8008481410060824a008283530004
:100b600003045c0084845c0060055d000a00e00012
:100b700025003a00800578000d40e1004900310071
:100b80008800780007007800110009004d88d8001f
:100b90000c01b8000d02b8008481410060824a0057
:100ba0006003110083835b0004045c00e0845c004c
:100bb0000900e00021003a004f01be000300e00000
:100bc0002b003200e3016000070673008c81710086
:100bd00001003200640070004200de004e5edd0065
:100be0000c007000c258de0001e0a0008301070085
:100bf000cf017800818071004f06be004f05be0016
:100c00004f04be00000006008c8343000d044c001e
:100c1000e0844c0060054d000000e9000a00e0009f
:100c2000d4ff32008c8343000d044c00e0844c0060
:100c300060054d000000e900ceff37000c034300c3
:100c40008d834b0060044c00e0844c000000e90000
:100c50000900e000d8ff32000c0343008d834b00f5
:100c600060044c00e0844c000000e900d2ff370033
:100c70004200de004e5edd000c007000c258de0057
:100c800001e0a000cf0178000300e000daff3200ad
:100c900060001000e0801800d7ff3700f0ff2f0041
:100ca000aaff3700f0ff2f00b9ff37000404be0091
:100cb0002f010700870678000004fd008104fd0075
:100cc0002b010700078366000678a30003003200ab
:100cd0000960a7000800be002c0037000d78a300b3
:100ce000020032000800be00280037000778a30089
:100cf00026003a0001f0a10009f0a1000668a30057
:100d000003003200f1ff2700f0ff2f00baff370089
:100d10000d68a300030032000800be008c80700044
:100d2000b5ff37000768a30007003a000648a30094
:100d300003003200f1ff2700f0ff2f00aeff370065
:100d40000d48a300030032006000b8008c807000e2
:100d5000a9ff37000748a3000400320001f827006c
:100d6000000020008c807000a3ff37007601070090
:100d70000004fd008104fd000205780072010700f7
:100d80000802be008a01780059ff37000160a00008
:100d900012022000d247880097ff37000100e000d0
:100da000120032000500e00010003200889fbe00f3
:100db0008a9fbe008c9fbe000006eb0001f8a300d6
:100dc0000300320060001000e08018000cf0a0006a
:100dd00005f8a3000300320060021200e0821a004e
:100de0000cf0a2008005eb0041ff37006000b80066
:100df0000200050003836800070028000703630062
:100e0000470ade000480a100c71ade000580a100a9
:100e1000f70f20000720e100420032000728e10020
:100e200040003200889fbe008a9fbe008c1f780061
:100e3000f107b200f307b2000400e00064003200e2
:100e40000170a0000500e000680032000370a000ff
:100e500085054200eb07b1000204b8000302b800a8
:100e60008484440060854a00020ab80084844400f7
:100e70000a854a00030ab80004054500040033004f
:100e80000804d0008984d2000a85d2008b05e900cd
:100e90006158e1003d0035000210200009016100a9
:100ea0000308200089816100f70720008783640020
:100eb00008867300c84cde00c853dd0087847400c8
:100ec0004855de000300e000060032008203760091
:100ed000040032008904e80060054d000a88a30080
:100ee0000c003a00f70f20000758e10044003d00d5
:100ef0000a70a100c75ddd000a8575008a007300d5
:100f0000090078004f0678004f05be004f04be0070
:100f1000000006000a05d1008984d3008b05e80093
:100f2000f0ff3700881f7800060478009000070063
:100f3000070278000001fd008101fd008c00070020
:100f400087027800850372000778a300050032004d
:100f50000001fd008101fd009f0007004f047800a3
:100f600000000600850372000748a300030032005a
:100f7000f0ff2f00f1ff2700f8ff370000002000ee
:100f800001f8270088807000f4ff3700880178009e
:100f90004848dd00808171004848de00c850dd000f
:100fa00001007000c850de00060478000b017800d4
:100fb0001600070088807000d2ff37000500e000af
:100fc00005003200170020003a0007009dff37009f
:100fd00081037000f9ff3a00860078004f06780020
:100fe0004f05be004f04be000000050083037100e2
:100ff000f9ff3200270020002e00070094ff370081
:1010000001f8270086807000f4ff37000100e0003f
:1010100026003200610111007810e10023003c003d
:101020006022b8007010e1000400350080027800f2
:10103000010078008000eb00700151000200e00028
:101040000900340070031100062add00822ade0048
:101050008603dd00878272000200de00860bdd0061
:10106000070070008208de0084817100f4ff270011
:10107000048262008481710004002800848262007e
:101080006102600005f0a600000006000482710005
:10109000070032000000e800e08048000000060081
:1010a0000002be006000b800efff37006000b8002b
:1010b00000000600889fbe000004eb006138e100dc
:1010c00016003a000100e00008003a00c800de0007
:1010d0004800dd00880020000100e00003003a0025
:1010e000c800de004800dd00680444008184cf00b1
:1010f000e9845400060034008908dd00f083140000
:101100008703de00878070000900dd0009044400c9
:10111000610214004f04be00000006000300e0005e
:1011200008003a00c811de004811dd0088002000e8
:101130000300e00003003a00c811de004811dd00a2
:10114000680444008384cf00e9845400060034001e
:101150008919dd00f08314008713de008781710098
:101160000911dd0009044400e1021400e9ff370021
:101170002700200001f0a70017002000470bde0029
:10118000f60fb200040032000643e8000a00320005
:101190004702b3000000060001037800f607b20022
:1011a0000603700002003a000703b30000000600c7
:1011b0008702b3000000060001037800f607b200c2
:1011c00006037000020032000770a0000000060055
:1011d0000760a000000006000478a30004003200ad
:1011e0000578a300030032000168a30001003a0063
:1011f0000200be000160a000000006008101700036
:10120000270032008002eb0001f8a3000300320047
:1012100060001000e080180015002000f407200096
:101220000202420020003400f70320008703600020
:101230000604200000036300020820000001610092
:101240004700de00c909dd0000807100c708de002c
:101250000600e0000800320087037100060032003b
:101260001000b0000180b0000188a300020032002d
:10127000c108de000402e800f107b200f30f20000d
:101280000320e10003003d004722dd0081007200e1
:101290002900370001f827000000eb002600370086
:1012a0006000b80000000600680212007f20e10024
:1012b000020034006000b8001f0037006011b80061
:1012c0007020e10004003500800178000100780002
:1012d0008000eb00700252000400e00009003400be
:1012e000f00312000719dd008419de000703dd009a
:1012f000868171000400de00070bdd00060070002f
:101300008408de00f7ff27008383630087037100f2
:101310000600280003036300070032000700e00016
:1013200003003a0061016000028173000200320094
:101330001000b0000180b0000500a600000006000b
:1013400001f0a000000006004f0ade004709de00a1
:10135000f107b200f20fb2000b003200f207b10049
:101360000170a000c708dd00c901de0083807000a5
:101370004700dd000400a600000006006000100029
:10138000e080180000000600810f700001003a00a4
:10139000000006008182cf000500e00010003e0042
:1013a0008082cf00ee8242007028e1000400390004
:1013b00007003e00800078000000eb000e003700c0
:1013c000708312008600de000500dd000a00370091
:1013d000708352008600dd000000eb00060037003d
:1013e000e28252008508dd00708312000603de00f1
:1013f000868070000500dd007507b0000501ea0079
:101400000400a6000000060060001000e080180044
:1014100000000600889fbe008a9fbe00841f7800df
:101420007c0007004f00780011003300f0ff2f0010
:10143000838f6c0006003b00040565000a00a700ce
:101440000800370009f0a60010002000080037004f
:10145000820f5400838f5c000300390010002000cd
:1014600001003e000000200009f0a7000000ea0093
:101470004f05be004f04be000000e0000000060063
:10148000881f7800030478000300e00007003d0097
:1014900060001000e080180060011900e081190070
:1014a00002003b0001f02d0003003700040007009c
:1014b00008f0a70001f0a0004f047800000006002b
:1014c000889fbe008a9fbe000082700004027100e7
:1014d00004827100260032000004be000200be003b
:1014e0006011b8006b092000950220000182cf0036
:1014f0000a0039000541b1000082cf000700390021
:101500000541b1000982cf00040039000541b10056
:101510000882cf00010039000541b10005425200a8
:10152000120032000a003b008281710061016400f8
:101530008100d1000080d3008984d3000884d300c7
:101540008b05e8000442e800f7ff3a000700370087
:101550000804440089844c00000048008180480051
:101560008b05e9000442e900f9ff3a000300070097
:101570004f05be004f04be000000060081002000a1
:10158000618055000b003d000b00200061fe2f0024
:101590000100e1001d0034008281710061016400de
:1015a0008904d1000884d3000000e800faff3a0063
:1015b0007100200061006400030070000200600000
:1015c0000900320061044400e0844c000988a50051
:1015d000050032008b05e8006808e10002003a00cf
:1015e0008904d1000884d300f20f20000258e100e2
:1015f00005003d00c75ddd00f907b2008980750078
:1016000008007800000006000bf827008b00780027
:10161000000005000004be0004fc07000003be003b
:101620000405be000200be0000fc0700844f7500e8
:10163000000006000400fa00889fbe008a9fbe00da
:101640000004be004709de0003002000f20fb200d4
:10165000f207b100f60f510030003c000200e0003c
:101660001c003500faff2f00fb0720000201e900f3
:10167000030033008b85d1000a85d300fbff3700c0
:101680008b8164000a016000e00f5100e08f590077
:10169000220032000200200003b8270011fc0700de
:1016a000a0bf9f00b1bf9f00e00f5400e08f5c001f
:1016b00002003d000a0444008b844c000a85ea00c5
:1016c0008b85ea008b8064000a0064000004be0081
:1016d000110037000200200003b8270001fc0700ba
:1016e000a0bf9f00b1bf9f00e00f5400e08f5c00df
:1016f000020035006044b8000700370008004400cd
:1017000089804c00e00f5000e08f5800020032004a
:101710000800200009f82b000800be004f05be009d
:101720004f04be000080fa0000000600f687470064
:10173000889fbe008a9fbe008c9fbe008e1f7800cf
:101740000001be000600200007f82f000003430040
:1017500081834b00f4ff2f00f5f72700840f53001f
:10176000858f5b001b00360000024000818248002c
:10177000e00f5200e08f5a0006003a000001be0060
:101780009cfd07000001be000000200001f82b00b6
:1017900008003700e00f5000e08f580007003d00c0
:1017a00012022000526688000001be00c4fb070040
:1017b0006011b800b0fc0700a10037000200200053
:1017c00003c024008bfd07000001be007efe2f0039
:1017d0000a003700840f5000858f580098003e00a3
:1017e0006000b8000400200005f82300840f5100b9
:1017f000858f5900920032000007eb00d0b02f0017
:10180000a1042000020240008382480094b79f0098
:10181000a5b79f00fe07b100afb09700f107b20077
:1018200004007800324f200053f3230000004100f1
:10183000818049000200200003f82300a0fb07007c
:101840000004be000200200003002400a5fb0700e6
:101850000001be000800be0087fc07000002be00b9
:101860000001be00f4b79f0085bf9f0061fd070027
:101870000006be000001be005efd07000005be00c0
:101880000200200003f023000800be0059fd0700fd
:101890000801be0057fd07000001be00f0af9f0029
:1018a00081b79f000800be0085fb0700810178001a
:1018b000c3b79f0002002f0000016100b2b79f0074
:1018c0003fb19700cfb197000800be007cfb070036
:1018d0007fa997008fb1970079fb07000003be0036
:1018e000e29e2e0013e923000a00be00d6b79f0037
:1018f000e7b79f003ffd0700a2aa2a00a3f223003a
:1019000078fb07000001be000c00be0039fd070097
:101910000004be0062e2290083e723000a00be0043
:1019200034fd070032e12c00c3ec23006dfb0700ff
:101930000001be000a00be002efd07000001be002f
:101940000800be0067fb07000001be007fa89700eb
:101950008fb0970063fb07000001be007fb29700c5
:101960008fba97000400be0022fd07000001be00f0
:101970005fb39700efb397000600be0059fb070066
:101980000005be001fb29700afb297004728de00e7
:101990000100200000004700cf80de001efb070092
:1019a0000004be00b27d22004355230011fd070054
:1019b0000006be003fb19700cfb197000a00be00fd
:1019c00048fb070092ad2e0043802b0009fd070065
:1019d0000001be000c00be0042fb07000006be0076
:1019e00002002600e3ed23000a00be0001fd07000f
:1019f0000001be000c00be003afb07000005be005f
:101a000002002600e3ed23003fb09700cfb097001f
:101a1000f8fc07000001be000a00be0031fb070011
:101a20000005be0002082200a3e923000800be0052
:101a3000f0fc07000001be000a00be0029fb070001
:101a40004f0778004f06be004f05be004f04be0092
:101a50006f01b100000006000000fa006881570025
:101a6000cfb89700b05c8000100078008f050700a9
:101a70000080fa0000000600d70007000b040700f2
:101a80003f040700bb040700e30407002906070022
:101a9000d40537000000fa0068815700cfb89700de
:101aa000b05c800010007800800507000080fa001c
:101ab00000000600c8000700fc030700ad04070093
:101ac000d50407002e0407001a060700c5053700d5
:101ad0000000fa0068815700cfb897008105070021
:101ae0000080fa0000000600bb0007001401070098
:101af000ee030700220407009e040700c604070047
:101b0000990507000b060700b60537000000fa002c
:101b100068815700cfb89700720507000080fa006f
:101b200000000600ac000700e00307009104070076
:101b3000b904070012040700fe050700a9053700d5
:101b4000800078001000200002022000828f5000e8
:101b500004003200e9805000e48f5000010036009c
:101b60000000eb0000000600889fbe008a1f78007e
:101b7000000578000a047800984478000805e80019
:101b80000900fb00eeff07000000e000f9ff3a004b
:101b9000b0c2b30080cf540005003200d0c2b30001
:101ba0008000eb0080cf540005003a0002003700af
:101bb0008000eb0001003700110020000804e8005d
:101bc0000000eb00030037006a02b9000200520077
:101bd0000003b0003801fb0003fd2f0082814100ab
:101be000e98f5100f8ff36000100e00001003a00e3
:101bf0000000ea004f0578004f04be000000060018
:101c0000800078001000200002022000828f500027
:101c100004003200e9805000e48f500001003600db
:101c20000000eb0000000600889fbe008a9fbe00f7
:101c3000000578008a047800194478000905e80056
:101c40000800fb00eeff07000000e000f9ff3a008b
:101c5000b0c2b300804f540004003200d0c2b300c1
:101c6000804f540006003a00020037000004eb00e9
:101c700001003700180020008904e8000100370047
:101c80000004eb006000b80006003700a20020004e
:101c900003002000230c0700cfd5de000a0050000f
:101ca0008b8058003905fb000a03b100e90f55008d
:101cb000f6ff36000800e00002003a006000100065
:101cc000e08018004f05be004f04be000000060073
:101cd0008000780002fd2f0001014100100020006b
:101ce000e90f5100050036000150a0001106b100b7
:101cf000e58f5000010036000000eb0000000600f8
:101d0000f3ff37008001780002003700b1597800f6
:101d10000201e9000200e000fcff3a0000000600ba
:101d20000000fa0068815700cfb89700b05c8000cf
:101d300010007800160007000080fa00000006007e
:101d40000000fa0068815700cfb897001e00070016
:101d50000080fa000000060000000600c0b9200064
:101d600000000600fdff0700d05c8800c05c880012
:101d700000000600f1f92f0080804000f98f50002c
:101d800001003e00f005b20000000600f9ff370038
:101d90000200fa00881f780000047800e2bf9f006c
:101da00064815700080078006c07070098009000d5
:101db0000148a300010032000080eb004f047800ce
:101dc0000080fa000000060082017800010178001e
:101dd000f1ff270066083700ec874700889fbe00a8
:101de0008a9fbe008c9fbe008e1f78000006780080
:101df00001047800180790002805900098067800e4
:101e0000cdb79f00b80590003202be002203be008d
:101e10000400be000601be004f18de006011b800cd
:101e20008000eb00d0b79f00e1b79f00f2b79f00a2
:101e300083bf9f00800478000900e00006003200a4
:101e40006000b8006011b80004025000858258009c
:101e500006035900878359000e00e0000200350098
:101e60000d10a100cdb79f000900e00005003a0069
:101e70004fb097000028a30002003a000038a300ea
:101e8000020032008a00e900010037008a00780071
:101e9000f8815700a20020000800780062030700c4
:101ea0000900e00003003a00cfb097000128a3002a
:101eb000080032000000e90000814500b1c2b30013
:101ec0000900e00001003200d1c2b30001497800ee
:101ed000050037000138a300030032000000e900cc
:101ee00001c2b30081757800480190000201e90049
:101ef00000015100808045004fb297008a017800b0
:101f00000c007800560507009c0090000188a30093
:101f10000400320098009000810f500001003d0045
:101f2000010078004f0778004f06be004f05be0045
:101f30004f04be00cf00b100000006000000060004
:101f40004200fa00889fbe008a9fbe008c9fbe00a0
:101f500020079800110f9800034f98001100780097
:101f6000400f980091009000610f98009e0990002a
:101f7000a3019000330f98001e0a900044029000c5
:101f8000140798009e0a9000b5029000052798005b
:101f90003204be002205be006022b8006033b800e3
:101fa0000800be000a01be00090b07000000e000a7
:101fb00003003d000bf0a200d0c2b30004003700c4
:101fc0004e0b90000628a30009003200b0c2b300f7
:101fd0008e239000804b78003e0890000000e900be
:101fe000700f980011002000510f9800100037006a
:101ff0004e0990000238a3000900320000c2b3006d
:102000008e219000804978003e0a90000402e90089
:10201000740f980015002000550f98000400370039
:102020003e0b9000760f98008003eb00570f98004e
:102030000800be000a01be00c0ff0700f4ff2f0029
:10204000f5ff2f00f6ff2f00f7ff270004026000c6
:102050008582600006036100878361006000b8002c
:102060000200200003ff27000020e10001a8e1009a
:1020700002b0e10003b8e10011003a000e48900000
:102080008000fb001104b1000e219000de099000d9
:1020900003004100f98f500002003e0001c92000fa
:1020a0000100370041c920008107070040c9200016
:1020b000860707005e0a9000040140001500370003
:1020c0000020e10001a8e10002b0e10003b8e10056
:1020d000130036008e4a90008500fb001104b10009
:1020e0000e239000de0b900007004300f98f500094
:1020f00002003e0081c9200001003700c1c9200054
:102100006b070700c0c9200070070700de089000b9
:10211000010140004e0a9000be09900050023700b5
:102120006022b8006033b8000800be000a01be009b
:10213000a70a07000000e0006a0032006022b80031
:102140000600200007ff2300441798005517980049
:1021500066179800771798008006eb000800be000d
:102160000a01be00001f9800111f9800221f98004e
:10217000331f98000e269000070037008d06e800f8
:102180000802be000a03be004417980055179800c5
:1021900066179800771798006022b80006002000a4
:1021a000470224004e109000de1090006e11900047
:1021b000fe119000e10b07000004be000205be0006
:1021c0000002be000203be000e1890009e18900090
:1021d0002e199000be1990007d0a07000000e00053
:1021e000e6ff3d000c2798000006eb004e1490001f
:1021f000de1490006e159000fe159000250037004b
:1022000040ed2f00808f560019003d000c00e000cb
:1022100016003a006022b8000600200007352400ae
:102220000e1890009e1890002e199000be19900074
:10223000c20b07000002be000203be00041f98008c
:10224000151f9800261f9800371f98006022b800bd
:1022500006002000073524000800be000a01be0069
:10226000b60b07000004be000205be001c002000e3
:102270006022b80006002000470224000800be00cb
:102280000a01be00fe0a07000004be000205be00ef
:102290008d06e9000802be000a03be000e18900079
:1022a0009e1890002e199000be199000480a070051
:1022b0000000e000d2ff35000800be000a01be00a9
:1022c00040179800511798006217980073179800ec
:1022d0000e1c90009e1c90002e1d9000be1d9000b4
:1022e000080037006022b8000600200007ff230026
:1022f00044179800551798006617980077179800ac
:102300008006eb008e4a90000500fb0011070700d5
:10231000104f98006e0b9000600020000600e00057
:10232000010035006e08900071c6b3009e4b90000e
:1023300081cf53000a003a00ee0890000100e0004f
:10234000cf013200cf0137008d0f5000d3013c0088
:10235000001f980052c6b300425f98001e0037006d
:102360009e499000435f98000200370064c6b300a6
:10237000445f98000000e800001f980060c6b300aa
:10238000ce5a900080cf520013003a000d00e000ba
:1023900008003d006000b8000200200003ff230099
:1023a000401798005117980062179800731798000b
:1023b0008006eb0061c6b300415f980070c6b300b1
:1023c0001e499000804f5100030032008e1990008a
:1023d0008d814100031f98004e129000de12900084
:1023e0006e139000fe139000441f9800551f980034
:1023f000661f9800771f98000800be000a01be0003
:1024000000179800111798002217980033179800aa
:102410000006eb000802be000a03be005407980045
:102420006507980076079800070f9800310037007d
:102430004e1a9000de1a90006e1b9000fe1b90005a
:102440000e1090009e1090002e119000be11900072
:102450008b0a0700e50d07000004be000205be0060
:10246000040a070080027800250f98004e1a900099
:10247000de1a90006e1b9000fe1b90000800be004c
:102480000a01be002d0b07000e1290009e12900054
:102490002e139000be139000280a07000002be0011
:1024a0000203be0007f0a200041798001517980059
:1024b00026179800371798006022b8000600200001
:1024c000470224004e189000de1890006e1990000c
:1024d000fe1990006a0a07000002be000203be0057
:1024e000441f9800551f9800661f9800771f98009a
:1024f0000c06e8008e1a9000850f5600ccff3500c0
:102500005e049000ee0490007e0590008e0d900019
:102510006022b80006002000470124004e189000f9
:10252000de1890006e199000fe199000030b070052
:102530000002be000203be00441f9800551f980011
:10254000661f9800771f98000e1090009e10900054
:102550002e119000be1190009d0907000000e000c0
:102560000f0035004e1a9000de1a90006e1b90008e
:10257000fe1b90000e1090009e1090002e119000f7
:10258000be119000920907000000e00011003a001f
:10259000ae0a90000508a300080032000d003700c5
:1025a0006000b8006011b800401f9800511f9800eb
:1025b000621f9800731f9800060037006022b80061
:1025c0006033b800441f9800551f9800661f98009c
:1025d000771f98004e1a9000de1a90006e1b900034
:1025e000fe1b90000800be000a01be00d9090700ca
:1025f0000002be000203be000417980015179800e1
:1026000026179800371798006022b80006002000af
:10261000470224004e109000de1090006e119000d2
:10262000fe119000c50a07000004be000205be00ae
:102630000002be000203be000e1090009e1090002b
:102640002e119000be119000660907000000e00006
:10265000090035008d06e80060c6b300ce5a900030
:1026600080cf520008003a000e1b90000603e800dd
:10267000061f9800110037004e149000de149000e1
:102680006e159000fe15900050c6b3004e59900094
:10269000804f510009003a000802be000a03be0044
:1026a000441f9800551f9800661f9800771f9800d8
:1026b0008002eb0045179800070037000800be00b5
:1026c0000a01be00401f9800511f9800621f980029
:1026d000731f98004d1798005e0e90000001eb00ec
:1026e000220f980032079800520798000d0f7800cb
:1026f0006a0037004e1a9000de1a90006e1b9000a0
:10270000fe1b90000e1090009e1090002e11900065
:10271000be119000da090700340d07000004be0066
:102720000205be0053090700e90f50000100340004
:1027300090002000ce0990000348a3000c003a004e
:102740000000e0000a003a0071c6b3001e4a900083
:10275000814f520006003a00ce1290000500e000c2
:1027600003003d002e0b90008606e8002300370092
:10277000be0390000700e0000c003a00ce1090006d
:102780000100e00009003d00e1c2b3000e2190000d
:1027900001717e000c06e800fe0990008301e9004b
:1027a000730f980014002000340798008e229000c8
:1027b0000c814200ae0e90008501780003003700c6
:1027c00001c3b300015978008d06e9000d00e00057
:1027d000fbff3a00032798002e0b900006064600e8
:1027e0000043b00080717e000c06e8000680ea001d
:1027f000fe0b900080834300770f98004e1a9000e4
:10280000de1a90006e1b9000fe1b90000800be00b8
:102810000a01be00490a07000e1290009e129000a5
:102820002e139000be139000440907000002be0062
:102830000203be0007f0a2000417980015179800c5
:1028400026179800371798006022b800060020006d
:10285000470224004e189000de1890006e19900078
:10286000fe199000860907000002be000203be00a8
:10287000441f9800551f9800661f9800771f980006
:10288000ce1290008502e900451798005e03900083
:102890000603e800560798002d0f9800de0390000d
:1028a0000e189000808f530005003d009e08900098
:1028b0004100900065005000800f56008dff3900e8
:1028c0009e0678003e0190000200e00007003a00fa
:1028d000ce0990000348a30004003200e0c2b30018
:1028e0000e22900000727e000c06e8008e229000fe
:1028f0000c8042000048eb0051c6b3004e5b9000d4
:10290000814f530038003a009e0390008700e90091
:102910000041eb0082f278008001eb000d00e00046
:1029200002003d008d06ea00130020002200200076
:1029300001037800fe0a90008e23900000047800c6
:102940000a00370001037800a400200011000900ec
:102950008406d80001027800800678000443b000a5
:1029600084737b000201e9008502e9008600e9002a
:102970000d00e000f3ff3a000200e000f1ff3c0030
:10298000750f98000727980008007800018243001f
:10299000b2c2b3000300e00001003200d2c2b300b3
:1029a000024a78000101e9008e21900082804100f6
:1029b0008e4a90000502fb001404b10053c6b30018
:1029c000f90f520001003e0053c4b3008348780061
:1029d0007e0b90000683e900760f9800820f560068
:1029e00001003d0032050700ce0b900063806300bc
:1029f000e20f500015003a007e0890000000e00051
:102a0000120034000e209000300507008e21900047
:102a1000040037007e09900082804100e370780056
:102a20000000e900de0a9000850f5000f9ff3d002c
:102a300003279800058041007e09900001032000d3
:102a4000b70407000003eb00360f98000e2090003b
:102a50001e0507004e0a9000be0990000001780094
:102a60008e2090002e0090007d0207004f06be00d1
:102a70004f05be004f04be000080fa0000000600b3
:102a800010002000e48f46002ffe3d00001f98003c
:102a900057c6b300475f98004ffe37000d00e000b7
:102aa00032fe3500001f980042fe37000200fa0097
:102ab000889fbe008a9fbe008005780001047800d0
:102ac0000200780018019000280590009800780016
:102ad000b1bf9f00b80490000200e0000200350082
:102ae0000110a100b1bf9f00ea81570082002000c1
:102af0008a0078003002be002003be000800780083
:102b0000490007003fb99700f00061000300320060
:102b10000000e90001c3b300817478003fb9970059
:102b2000e8006100030032000000e90001c2b300c8
:102b300081747800480190000201e9000001510011
:102b4000808044003fba97008a0178000b0078002b
:102b5000430207009b0090000188a300040032009c
:102b600098009000810f500001003d0001007800a6
:102b70004f05be004f04be000080fa0000000600b2
:102b8000ea874700889fbe008a9fbe008e1f78009c
:102b900000047800030078007287570084e2260062
:102ba00055c72600049fbe00c3962200030f78007d
:102bb0006c875700004feb0011059000a1049000b6
:102bc000910578000200e000020032000207780060
:102bd00001003700728757000000e00002003a0051
:102be0000e007800b90407000a00e0000300350079
:102bf0008a0f5000010036000a0078000b027800ae
:102c000089017800000178008e00780008007800c3
:102c1000130207004f0778004f05be004f04be00a7
:102c2000af00b10000000600f4874700889fbe0097
:102c30008a9fbe008c9fbe008e1f78000605be00d6
:102c40000404be0081bf9f0082b79f00f3b79f00be
:102c5000b0009000e1b79f001301780092b79f0089
:102c600090069000400090000000e9000006780007
:102c70000d00e00001003d001d0020008040eb0041
:102c8000efb19700817178001e0020001f0037000f
:102c90000c06e9000fb09700cf80de006109b90093
:102ca000a0b79f00b1b79f00c2b79f00d3b79f00e6
:102cb0000203be000002be000800be000a01be0002
:102cc000df0a0700000778000e4078000043b000dc
:102cd000efb0970080707e008d06e9000fb9970075
:102ce0000201e90082bf9f002fb29700bfb2970098
:102cf0004fb39700dfb397000800be000a01be0083
:102d0000c80a07000205be000004be000c00e00077
:102d10000d003400e00f5400e08f5c00e00f5d0018
:102d2000e08f5d00daff3a000d00e000d8ff3c00c4
:102d30008fb997000300e000030034001fb0970034
:102d40000018a300d2ff3a000e00e00002003a0093
:102d5000ffb097001140a1000c0078004f077800e9
:102d60004f06be004f05be004f04be004f01b1002c
:102d7000000006000200fa00889fbe008a9fbe0085
:102d80000005780001047800020078001801900026
:102d9000a804900098007800b1bf9f00b80590008b
:102da0000200e000020035000110a100b1bf9f0049
:102db000ea815700a2002000890078003002be009e
:102dc0002003be000800780097ff0700480190002c
:102dd0000201e90000015100808045003fba9700e0
:102de000890178000a0078009d0107009a00900090
:102df0000188a3000400320098009000810f500069
:102e000001003d00010078004f05be004f04be00e8
:102e10000080fa0000000600fa874700889fbe0085
:102e20008a9fbe008c9fbe008e1f780080047800b1
:102e300001047800820578001801900028059000b0
:102e400018077800b80090000200e000020035008a
:102e50000e10a10001003700120020007000670072
:102e6000e0b79f00090032003b02be002b03be000a
:102e7000e00f5200e08f5a00e00f5b00e08f5b0034
:102e8000020032008a86e900010037008a067800d5
:102e9000e8026700f5b79f00010032008d06e900e7
:102ea0003b02be002b03be00e4af9f00f5af9f00c6
:102eb00086b79f0097b79f00480690000c06e90070
:102ec0000040eb0080707e00efb297007fb2970069
:102ed0008903780081047800d8af9f00020478004d
:102ee0008bbf9f008a057800034578002a003700d1
:102ef0000c06e9006fab97006f006300e90f50000c
:102f000002003c000003b000010037007005b00073
:102f10000a03fb001604b100f90f53000c003e0039
:102f2000000378000650a0001606b100f90f530008
:102f300007003e00b4b79f00a5b79f00c7b79f002a
:102f40008cfb0700cfb39700afb297003fb297005a
:102f500080747e000804e9008d06e9006fa89700e0
:102f6000ffa897000fb197009fb19700460020007f
:102f70008301d1000281d3008180d3000080d3007f
:102f80000603e900faff3a00e0af9f00f1af9f00af
:102f900082b79f0093b79f00e10f56000f003400e7
:102fa0006fa89700ffa897000fb197009fb19700f7
:102fb000e00f5000e08f5800e00f5900e08f5900fb
:102fc000cbff3a000800e000c9ff3c000d00e00024
:102fd000020034000e18a300c5ff3a0089007800f3
:102fe000f4b79f00870478005fac97008a417800af
:102ff0000b0578008fbd97000500e000100032003f
:103000003b02be002b03be00e4af9f00f5af9f0064
:1030100086b79f0097b79f00e00f5200e08f5a00dd
:10302000e00f5b00e08f5b00050032000c06e9005a
:1030300083707e000c06e90000c3b30080707e0040
:10304000ffb297000500e000030032000c06e90023
:1030500000c2b30080707e00480190000201e900c8
:103060000c0151008c8040000e0278008a0178002b
:1030700009007800fa000700990090000188a30079
:103080000400320098009000810f500001003d00c4
:10309000010078004f0778004f06be004f05be00c4
:1030a0004f04be00af01b100000006000200fa00ac
:1030b000881f780000047800e2bf9f0064815700f9
:1030c00008007800a5020700980090000148a300be
:1030d000010032000080eb004f0478000080fa000d
:1030e000000006008201780001017800f1ff27004e
:1030f0006e063700889fbe000004780048009000ec
:1031000082047800808f540001003600800478002b
:103110000901780058009000fafa07005800900062
:103120000900400050049800c800900089845000b5
:10313000490498000048eb004f04be000000060060
:1031400010007800bff43700900190000388a300be
:1031500001003200e7ff37000348a30001003a00f6
:10316000f7ff070000000600881f780000047800c1
:1031700000082000808f5000170035001008200044
:10318000808f50000b00340030082000808f5000ea
:1031900011003a0092007800688050000009780021
:1031a0003002be002003be00049cbe000694be0098
:1031b000070037009202780064805200000978000e
:1031c0001000be008c060700009cbe000294be00ea
:1031d00010002000010037000000eb004f047800d1
:1031e0000000060084082000848f50001d0032007b
:1031f0000d003c0014082000848f5000270032008e
:1032000002003c00040820000400370024082000cd
:10321000848f50003400320044082000848f500016
:1032200043003a0036003700040a2000848f500023
:103230002700320004003c0004092000848f500065
:103240003b003a0028003700020c2000828f50001b
:103250002f003200020f2000828f500034003a000d
:103260002b0037009380e9000200e00005003200e7
:10327000810978001102fb00cfa2de00612bb900aa
:103280002800370081097800114278000482fb0091
:103290008002eb006033b800220037001302780090
:1032a000e40052000200e0000500320081097800cd
:1032b0001102be004fabde00860378001900370014
:1032c000810978001102be006033b8001500370094
:1032d0009380e9008109780011027800cfa2de0016
:1032e000612bb9000f00370093027800e88052008c
:1032f000810978003102be002103be0009003700b9
:103300009380e9000200e00002003200f1ff370084
:103310009380e90081097800110278008002eb00b7
:103320006033b8000498be000690be00100005008f
:103330000000050044082000848f50002500320062
:1033400008003c0014082000848f50001400320054
:1033500024082000848f500024003200040820003c
:103360000c00370004092000848f50001f00320039
:1033700004003c0084082000848f500024003a00a0
:103380000e003700040a2000848f50001100320024
:10339000040c2000848f50001d003a000d003700ff
:1033a0009380e90081097800910078000108780095
:1033b000cf91de008288be00140037009380e900c0
:1033c000810978009100780001087800824878002f
:1033d0000e0037009380e9008109780091007800a1
:1033e0000108780082087800080037009380e9001f
:1033f0008109780091007800010878006112b90015
:10340000612bb9008498be008690be0010000500b4
:1034100000000500889fbe0000047800480090006e
:1034200082047800808f5400010036008004780008
:10343000090178005800900032fa07005800900007
:103440000900400050049800c80090008984500092
:10345000490498000048eb004f04be00000006003d
:10346000f2874700889fbe008a9fbe008c9fbe00e7
:103470008e1f78008004780001057800020478002f
:10348000830578006107620002003a008b0f540048
:1034900008003900080178008a00780009007800e7
:1034a00029ff07008b0f54000200390088057800bf
:1034b0001e003700088655000c017800f00f5600fa
:1034c0000100360002012000010220007e8057002a
:1034d000130207008c067800050037000201200067
:1034e000fe8057000900780017ff0700f08656009d
:1034f000ef8f5600f9ff3e004461de0000ff2f0011
:103500000091b90002014600fe80570009007800d2
:103510000dff07000e00e00004003a0008017800eb
:103520008a0078000900780007ff07000b00780088
:103530004f0778004f06be004f05be004f04be0087
:103540002f01b1000000060000000500000005008a
:1035500000000500000178000040eb008080fb00c7
:103560008180400063c5200063c278000404e0004d
:1035700003003a0070c5200060c07800000006001b
:1035800092017800934f520004003a0070c5200069
:1035900060c078000309e800010037000040e8003f
:1035a000ea4f5000edff360000000600f6874700a6
:1035b000889fbe008a9fbe008c9fbe008e1f780031
:1035c000000578000104780083057800040678007f
:1035d0000000eb00c0b79f008080eb00d1b79f00d8
:1035e000e0b79f00f2b79f000008200080bf9f0057
:1035f00098007800010078008004eb00010037009b
:103600008904e800304178000204e0000300320041
:1036100053c2b300834f5100f9ff3a000900e000a4
:1036200004003200090178000a007800c6fe070095
:10363000188c44001807780050c2b3009e4f100049
:103640003f013a000e07e8000e0c7800100037002a
:10365000cfb097000100a0000b003700cfb097005b
:103660000110a00008003700cfb097000120a00093
:1036700005003700cfb097000130a00002003700ee
:10368000cfb097000140a000c1b79f00000ce80038
:103690001800780090407800b2c2b30082cf50008a
:1036a000f1ff320007003c0002c2b30082cf50009d
:1036b000f0ff320032c2b30082cf500007003a0060
:1036c000efff3700d2c2b30082cf5000e0ff3200dc
:1036d00002c3b30082cf5000e0ff3200a2c2b300a9
:1036e00082cf50000d003a00000ce8001c80e90079
:1036f000000e780010007800e0b79f000000e000a6
:103700000f003d00cfb097000100a200c1b79f009d
:103710000000ea00e0b79f000900370012f9070037
:10372000e0b79f0001003700000ce80018007800a7
:103730009000fb000103b100e98f5000faff360052
:103740004fb097000008a300020032000010a10053
:10375000c0b79f0018007800e1c2b30090cf1000fe
:1037600016003a008000eb00d1b79f000000e8008f
:10377000000c7800a1c2b30090cf100006003a0000
:10378000000ce8001c80e900000e780010007800b2
:10379000d0b79f0009003700f3f80700d0b79f00ab
:1037a00001003700000ce800180078009000fb00d2
:1037b0000103b100e98f5000faff360008007800dd
:1037c00064ff070080467800180078001000fb00b6
:1037d000e001070091062000810f50003800320000
:1037e00012003c0041062000810f500034003200de
:1037f0000a003c0011062000810f5000200032001a
:1038000031062000810f5000a0003200510220003c
:10381000810f5000bc003a00b40037007106200050
:10382000810f5000b8003c008800370001072000dd
:10383000810f50005c00320007003c00e1062000d0
:10384000810f50007a003200f1062000810f5000f5
:10385000ad003a003900370051072000810f5000b9
:103860002700320081072000810f50004200320003
:1038700031072000810f5000a3003a008f0037006d
:103880008d80fb000c01780000fe2f000f0040002f
:1038900035fe07000000e000a800320018007800a4
:1038a000000ce8009041780002fe2f000f0141005b
:1038b000f88057000a007800d60107000e00370094
:1038c0008d80fb008c0178001200200000fe2f008c
:1038d0000f00400043fe07000000e00097003200a8
:1038e000180ce80002fe2f000f014100f88057007d
:1038f0000a00780038f907008084440090003700ff
:103900008d80fb008c0178000001eb0000fe2f0091
:103910000f00400033fe07000000e0008700320087
:10392000180ce80002fe2f000f014100f88057003c
:103930000a0078000ffd0700efff37008d80fb00c5
:103940008c0178000001eb0000fe2f000f0040000a
:1039500024fe07000000e00078003200180ce800a8
:1039600002fe2f000f014100f88057000a00780086
:103970004efc0700e0ff37008d80fb008c017800d3
:103980000001eb0000fe2f000f00400015fe0700b5
:103990000000e0006900320018007800000ce80028
:1039a000904178001c0037008c0178000001eb008a
:1039b000010f200000fe2f000f00400009fe07004d
:1039c0000000e0005d003200180ce8000fb0970026
:1039d0009fb097002fb19700bfb19700e00f500044
:1039e000e08f5800e00f5900e08f590009003a00bd
:1039f000cfb597006fb49700e0c4200033010700f3
:103a00000b0278008801780000017800e1c42000f2
:103a10004700370083c7b30002fe2f000f014100ab
:103a2000f88057000a007800fbfc0700b2ff37005f
:103a30000b8144008d80fb008c01780000fe2f007c
:103a40000f0040003bfe07003c0037008d80fb006c
:103a50000c01780000fe2f000f004000c2fd07009f
:103a60000000e0003500320018007800000ce8008b
:103a70009041780002fe2f000f014100f8805700ae
:103a80000a0078002ef907009bff370000c8b3003a
:103a900080cf560029003a00180ce8001c80e9008d
:103aa000000e780010407800e0df9f001300200037
:103ab000e2fd2f000f0141000800370000c8b300ed
:103ac00080cf56001d003a00180ce8001c80e90069
:103ad000000e78008001eb0010017800f88057009c
:103ae0000a00780026fc070083ff370000c8b300f7
:103af00080cf560011003a00180ce8004fb2970032
:103b0000efb19700080037000e0c78000000eb00c2
:103b1000c0b79f00e0b79f000080eb00d0b79f00c8
:103b20000002eb00840178001200200041c5200053
:103b30000a0078004afe07006fff3700180ce80003
:103b4000090078004f0778004f06be004f05be0001
:103b50004f04be006f01b100000006008200fa00b1
:103b6000889fbe008a1f78000005780082047800d4
:103b7000c13f9f000004eb001000370009027800ed
:103b800088017800a2f72f000f01410081f72f0074
:103b90008f8040000a00780084fe07000800400083
:103ba000880f500004003d00b004200050668800db
:103bb0000084eb0004003700000478004f389700c1
:103bc0001004e000edff3a00080078004f0578008f
:103bd0004f04be000080fa0000000600889fbe006f
:103be0000004be000000eb000800e00018003200f6
:103bf000180090000058a3000d003200d80090007b
:103c000068009000808f500009003600b8099000cd
:103c10000001eb008200780008007800030001003a
:103c2000d80090000080eb000100e00008003200a6
:103c30000000eb00200c98006004980050049800ed
:103c40000900e0000200320018007800f4f10700db
:103c50004f04be0000000600889fbe000004be00a6
:103c60000000eb000800e000250032001800900082
:103c70000058a30011003200d800900068009000a6
:103c8000808f500009003600b80990000001eb0059
:103c9000820078000800780003000100d80090003e
:103ca0000080eb000100e000150032000000eb0096
:103cb000200c98006004980050049800780a900046
:103cc00008109000800f52000600310000025200e0
:103cd00011002000cfa2de00612bb900180078008f
:103ce000090007000000eb0000149800700c980019
:103cf0000900e0000200320018007800c8f1070057
:103d00004f04be0000000600a0fd2f00f1ff2f00b1
:103d1000860007004f89de0082017800000006005f
:103d2000889fbe008a9fbe00800478000200e000e9
:103d30005b00320001407800814c780082814400b1
:103d4000f1f99f00e20f51005500360091449800b0
:103d5000a1449800e1f99f00d1f99f00e60f5100be
:103d60004f003600b1449800c1f99f00e80f5100a0
:103d70004b0036000905ea00630565000a8444002b
:103d80000a055100c1ff2f00010565000080fb00fe
:103d90008000eb001210200013102000e103070048
:103da000008cbe000a01440060b99f0071b99f00f9
:103db000e80f55003a0036002004980031049800be
:103dc000400498005104980020b99f0031b99f0029
:103dd00040b99f0051b99f00f80f550030003600e0
:103de0006004980071049800000c9800110c980071
:103df000200c9800310c9800400c9800510c980051
:103e000020b19f0031b19f0040b19f0051b19f0090
:103e100060b19f0071b19f0000b99f0011b99f0070
:103e20006401640078014100020444000205550069
:103e30006011b8000203be000002be000403be0011
:103e40006022b800000072008180720002017300dd
:103e50008381730010003700009cbe000294be00f6
:103e6000400498005104980062049800730498007c
:103e7000000c9800110c9800220c9800330c98004c
:103e8000400c9800510c9800620c9800730c98003c
:103e90000a02b1000802b000ff0f5500eeff3e001d
:103ea000090078004f05be004f04be000000060068
:103eb000881f7800000478000800780020030700bd
:103ec000080078004f0478000000060080007800a9
:103ed000040037003104e00002003a000000510005
:103ee00000000600010178000108a300f9ff3a0074
:103ef0008101780031017800f4ef2f0002024200c6
:103f00000281ea0002016200040828000401610045
:103f1000f7ff320083007800010178003104e000ef
:103f2000fdff3a00000051000000060002002f00d3
:103f3000f3ff2f00820f5000838f580004003600db
:103f40000000ea00506688000080eb008080eb00f3
:103f500000000600f1fb2f0080804000f98f500028
:103f600001003e000050a00000000600f9ff3700ed
:103f70000f04b0008e1f7800020278000301780061
:103f80000000e00002003200000778000200370065
:103f90000efc2f000f0747008002eb000100e0003d
:103fa000010032008102e9000f007800e003b10057
:103fb0001d0009000018eb000080eb0090a79f0097
:103fc00023102000a3a79f00bea79f00c1a79f00aa
:103fd000d5a79f000100e00003003d00b1042000d0
:103fe0005166880007003700004feb00fea79f00d6
:103ff000eea79f008400780020fc2f000f004000f7
:1040000063f707004f0778000f04b10000000600b7
:10401000000006003e00fa00889fbe008a9fbe0096
:104020008c9fbe001007980083467800110078002e
:10403000400f9800910190004307980021029000e2
:10404000240f9800c1029000050f7800b100900085
:10405000611f98003204be002205be00281f980090
:10406000391f98004a1f98005b1f98006022b80013
:104070006033b8000800be000a01be00d402070089
:104080000000e00009003d000800be000a01be007b
:1040900003f0a200201f9800311f9800421f9800d3
:1040a000531f9800d0c2b30004003700ce08900020
:1040b0000128a30009003200b0c2b3006e199000bd
:1040c00000497800ae0990008301e900330f9800a1
:1040d00014002000540f980010003700ce0a900002
:1040e0000538a3000900320000c2b3006e1b900027
:1040f000004b7800ae0b90008703e900370f980063
:1041000018002000580f980004003700ae0c9000f3
:10411000390f98000005eb005a0f98002e189000f8
:10412000be1890004e199000de199000b8ff0700ed
:10413000f4ff2f00f5ff2f00f6ff2f00f7ff2700f9
:1041400004026000858260000603610087836100cd
:104150006000b8000200200003ff27000020e100fb
:1041600001a8e10002b0e10003b8e1000c003a0050
:104170008d06fb001d04b100ee1d9000de089000ce
:104180000180450001ca2000f98f56000100360069
:1041900041ca200046ff070040ca20002f02370016
:1041a0000020e10001a8e10002b0e10003b8e10055
:1041b0000c0036008d06fb001d04b1006e19900046
:1041c000de0990000300410081ca2000f98f5600eb
:1041d00001003600c1ca200035ff0700c0ca200018
:1041e0001e02370000c3b3006e1a9000de0a900072
:1041f00000f27a000500e800000142008d00fb009b
:10420000f6fb2f00068340002607980081c7b30005
:10421000f90f530001003e0081c5b3000149780049
:104220000000e800500f98006022b8006033b8002a
:104230002e189000be1890004e199000de199000c4
:10424000630207000000e0005e0032008003eb0024
:104250006044b8000a0020000bff230068079800a4
:10426000790798000a0f98001b0f9800070678003e
:10427000050037000c06e8006e0c9000fe0c900064
:104280000e1590009e1590000802be000a03be00a5
:104290000800be000a01be00ae0207000002be0018
:1042a0000203be00640f9800750f9800061798006f
:1042b000171798002e189000be1890004e19900005
:1042c000de199000420207000000e000e9ff3d0017
:1042d0006c0f98002a0037006022b800060020000a
:1042e00007fe23000800be000a01be00930307007a
:1042f0006022b8006033b800350207000000e0001b
:1043000016003a006022b80006002000073524009d
:104310000800be000a01be00880307000004be00ba
:104320000205be006022b800060020000735240008
:104330002e189000be1890004e199000de199000c3
:104340007e0307000002be000203be00241f980087
:10435000351f9800461f9800571f98006022b8002c
:104360000600200007fe23000800be000a01be0070
:10437000720307000004be000205be000c06e9003f
:104380000802be000a03be002e189000be1890005e
:104390004e199000de1990000d0207000000e000a9
:1043a000cdff35000800be000a01be00600798007e
:1043b00071079800020f9800130f98006c0f980077
:1043c000090037008000eb00610f98006022b80000
:1043d0000600200007ff2300640798007507980077
:1043e000060f9800170f9800ce0290008001200061
:1043f0000500e000010035004e0090000000e800dc
:10440000300798006e049000fe0490000e0d90009e
:104410009e0d900068179800791798000a1f980061
:104420001b1f98002e1c9000be1c90004e1d90007b
:10443000de1d90000006eb003a0037006e1290007f
:10444000fe1290000e1b90009e1b90000800be0004
:104450000a01be008a020700e40507000002be0050
:104460000203be00241798003517980046179800dd
:1044700057179800ff010700800278005507980041
:104480006e129000fe1290000e1b90009e1b90007a
:104490002e109000be1090004e119000de11900082
:1044a000260307000002be000203be000800be0093
:1044b0000a01be00210207000004be000205be0082
:1044c0006022b8000600200007fb23006e10900059
:1044d000fe1090000e1990009e199000170307001f
:1044e0000002be000203be00641798007517980012
:1044f000061f9800171f98000c06e800ce029000d7
:104500000500e00007003d006022b8006033b800fd
:104510000800be000a01be00ad0107000000e00077
:10452000040032003e039000860f5600c3ff3500a2
:10453000010037003c0798006022b8000600200008
:10454000070224006e109000fe1090000e199000db
:104550009e199000f90207000002be000203be008f
:104560006417980075179800061f9800171f980089
:104570000800be000a01be00950107000000e0002f
:104580000d0035006e129000fe1290000e1b900080
:104590009e1b90000800be000a01be008c010700af
:1045a0000000e00011003a00de0290000508a300c0
:1045b000080032000d0037006044b8006055b800b4
:1045c00068179800791798000a1f98001b1f980019
:1045d000060037006000b8006011b800601798004e
:1045e00071179800021f9800131f98006e12900018
:1045f000fe1290000e1b90009e1b90002e18900043
:10460000be1890004e199000de199000d1010700ed
:104610000002be000203be006417980075179800e0
:10462000061f9800171f980079fe07000203be00be
:104630000002be00f0ff2f00f1ff2f00f2ff2f005d
:10464000f3ff27000004620081846200020563001a
:1046500083856300281f9800391f98004a1f98001f
:104660005b1f98006000b8000200200003ff2700d5
:104670000040e10001c8e10002d0e10003d8e10000
:10468000bbfe3200be0c90008984e900291f98000f
:104690005e0e90008006eb005d0798002d179800d5
:1046a0006f0037006e029000fe0290000e0b90002b
:1046b0009e0b90006e109000fe1090000e1990005e
:1046c0009e199000ee010700480507000004be0097
:1046d0000205be0067010700800078000100e000cd
:1046e00006003a002e1090000000e00003003200a7
:1046f0008d06e8003d0f9800330037005e01900002
:104700000200e0000c003a00ae1190000300e0004f
:1047100009003200e0c2b3006e1a900000727e0001
:104720000c06e800ae1a90008502e900251f9800eb
:104730001600200056079800ee1b90000c814300e5
:104740000d007800070278000300370003c3b300b0
:10475000035978000000e9000000e000fbff3a0088
:10476000300f9800641f98000d064600e98f500036
:1047700003003c000003200001004000020037005d
:104780007005200001004000ae009000f98f50003d
:1047900006003e00800078000150a0001106b10024
:1047a000f98f500001003e0072f507006e1990006d
:1047b00000717e000c06e8008d86ea00ae199000bc
:1047c0008d814100231f98006e029000fe02900030
:1047d0000e0b90009e0b90000800be000a01be0068
:1047e000560207000002be000203be006e109000d9
:1047f000fe1090000e1990009e1990004f010700c6
:104800000002be000203be006417980075179800ee
:10481000061f9800171f98006022b80006002000ad
:1048200007fb23006e009000fe0090000e09900030
:104830009e099000410207000004be000205be0070
:1048400068079800790798000a0f98001b0f9800d6
:10485000ae1490008904e90029179800be0e90005c
:104860002e1590000a00ea00be0590008b0f500044
:1048700004003d009e00780065805000800f5600c7
:1048800088ff39005e0190000200e0001e003a003f
:104890000d00e0007d003400ce0190000300e00038
:1048a0007a0034004e0a90000408a30077003a0012
:1048b000ee1a90008c804200e0c2b300804878007d
:1048c0000d0078008501780002c3b300826878008b
:1048d0000000e900fcff3a00631f98000c864600c8
:1048e0000c06e8002e1b90000600e9000d005000a9
:1048f000201f980004003700e0c2b300ee1b9000b8
:1049000080737e000c06e8006e1c90000c004400d2
:104910000048eb009e0478008900e9000041eb00ac
:1049200002f478008001eb006e0d90000a00e000b8
:1049300003003d000a05ea006a0f980013002000fa
:10494000120020006e0a9000810378002e1b900058
:104950006e1c900080067800090037008103780003
:10496000a5002000110009000502d8000002be00c9
:104970000543b00005f47b000201e9000603e900ed
:104980008700e9000400e000f4ff3a00e10f510065
:10499000f2ff3200261f9800681f98000d00780073
:1049a00001024400b2c2b3000300e0000100320083
:1049b000d2c2b300024a78000101e900ee1990006a
:1049c0008280410003c7b3002e029000f90f52000d
:1049d00001003e0003c5b30083487800820f5600f3
:1049e00001003d0032fd0700ce0a900063806200a6
:1049f000e20f500018003a002e1b90000684e900d8
:104a00004240a900140034006e1890002ffd0700ea
:104a1000800044008100e800ee1b9000818043008c
:104a20008701780002003700e36078000000e900a9
:104a3000de0c9000890f5000fbff3d00631f9800c3
:104a4000098041000801780001032000b4fc070040
:104a50000005eb002a0f98006e1890001bfd070060
:104a60004e0a9000ae09900000017800ee18900008
:104a70001e0090007afa07004f06be004f05be00e8
:104a80004f04be000080fa0000000600ce0d90002a
:104a90000b48a30098ff3a009bff37000000060078
:104aa000b0f40700fdff0700fcff3700f287470066
:104ab0008e1f780002027800030178000000e000f9
:104ac00002003200000778000100370072875700ab
:104ad0008002eb000100e000010032008102e900e9
:104ae00070805700060009000018eb000080eb0002
:104af00080bf9f002310200093bf9f00aebf9f0088
:104b0000b1bf9f00c5bf9f000100e00003003d0052
:104b1000b10420005166880006003700004feb000a
:104b2000eebf9f00debf9f008400780070805700ba
:104b30005ef907004f0778002f01b1000000060062
:104b40000101780080017800008268000408a30059
:104b50000500320013003700324078008059780099
:104b60000004e00014003200030278000208a300f1
:104b7000f9ff3a00030078000100370003187800bd
:104b800082007800b2017800f5ef2f0083824200a6
:104b90000382ea0004826200050828000502620020
:104ba000f6ff3200000278003141780002587800a8
:104bb0000204e000fbff3a00040078000000060059
:104bc00000c0da000000060000c0da0000000600a5
:104bd0008f1fd1007c0307008f87e9000000e000f1
:104be00000000600809feb00770307008f87e90035
:104bf0000000e00000000600810378008bee070053
:104c00000001be006000b8000478a30013003a0061
:104c10006220e10015003e000d0039008301d10043
:104c20000281d3008180d3008301d1000281d300af
:104c30008180d3008301d1000281d3008180d30021
:104c40000538b000c42add00f300b2008381720091
:104c500007f0a70003f0a0000000060083ff270074
:104c6000020020006110b900f9ff370003ff2700a0
:104c7000f7ff37001400fa00889fbe008a9fbe002d
:104c80008c9fbe000004be000205be006800470005
:104c90000a90be000890be00860307000070a700bf
:104ca0000bf0a100304320009e0290008082520051
:104cb000b0fe2f000028e10011003d00b0fc2f00e5
:104cc0000028e100150034001e0990008e089000b5
:104cd0007e0090000501b0000201d1008180d30068
:104ce0000080d3008502e800fbff3a000b00e000e3
:104cf000ab033b0060001000e0801800a803370001
:104d0000f0ff2f00f1ff27000b00e000a4033b00a1
:104d10000100280000002000a10337006000b80057
:104d20009f033700020ab900001bb9000200b80057
:104d30008100420081004300000006008c9fbe00fd
:104d40008a9fbe00889fbe00ca0107000bf0a20028
:104d5000040037008c9fbe008a9fbe00889fbe0063
:104d6000c40107000c48e1000b003a000c40e100d0
:104d7000020032008b010700400037008b066d00f7
:104d80003e0032000af0a100f3012000f2ff2f00e4
:104d90006110b900390037000c40e10037003200e3
:104da0000940e100010036007e0107008a856d00a0
:104db000cf5dde000b0575000006eb008804fd00ea
:104dc00089045400010032007d0107000a04e0005c
:104dd00011003a000800e000280032000400400002
:104de0008580480006014900878149000358a300d7
:104df000180032008301d1000281d3008180d300ea
:104e00000080d3000c86d3000100390061067600d3
:104e10000804e8001800370004005000858058009e
:104e20000601590087815900060031000af0a200ee
:104e30000c06ea0060001800e0801800600119000c
:104e4000e081190003003a000004eb000005eb00cc
:104e50000a0037000348a30007003a000c0646008a
:104e60000000480081804800020149008381490018
:104e70000804e900f7ff3700af013700c901370028
:104e80008c9fbe008a9fbe00889fbe0079010700ec
:104e90000b056d000940e1000a003a000800e0003f
:104ea000020032000c40e10006003a000af0a100c6
:104eb0000c047800f3012000f2ff2f006110b9000c
:104ec0009d0037000c40e1009b0032000800e0002c
:104ed000990032000c48e10002003a000004eb00a7
:104ee000030037000900e00004003a000c047800d9
:104ef0006000b8006011b8008f0037000348a300bd
:104f000006003a000000400081804800020149008c
:104f1000838149000804e900f8ff37000748a3002f
:104f200006003a000402420085824a0006034b0054
:104f300087834b008904e900f8ff3700fd3f20001c
:104f40008d845400090454008a1f7800881f78005b
:104f50000004780081047800020578008305780059
:104f60006000b8006011b8000d0420000500370093
:104f70000804440089844c000a054d008b854d00cf
:104f8000080031000404540085845c0006055d00bf
:104f900087855d008381d2008d06d300f4ff3b003e
:104fa000070037000404440085844c0006054d00ca
:104fb00087854d008381d2008d06d300ecff3b0036
:104fc0000804440089844c000a054d008b854d007f
:104fd000080031000404540085845c0006055d006f
:104fe00087855d000281d2008d06d300f4ff3b006f
:104ff000070037000404440085844c0006054d007a
:1050000087854d000281d2008d06d300ecff3b0066
:105010000804440089844c000a054d008b854d002e
:10502000080031000404540085845c0006055d001e
:1050300087855d008180d2008d06d300f4ff3b00a0
:10504000070037000404440085844c0006054d0029
:1050500087854d008180d2008d06d300ecff3b0098
:105060000804440089844c000a054d008b854d00de
:10507000080031000404540085845c0006055d00ce
:1050800087855d000080d2008d06d300f4ff3b00d1
:10509000070037000404440085844c0006054d00d9
:1050a00087854d000080d2008d06d300ecff3b00c9
:1050b0000b00e00004003d000404440085844c0023
:1050c00006054d0087854d000006eb008301d100e9
:1050d0000281d3008180d3000080d3000c86d300ee
:1050e0008301d1000281d3008180d3000080d300ee
:1050f0000c86d300890474008b0575008b847400c2
:1051000001003200610676004f0478004f057800f8
:105110000348a30007003a000c06460000004800c0
:105120008180480002014900838149000804e900a8
:10513000f7ff3700000137001a0137008c9fbe00cf
:105140008a9fbe00889fbe00ca0007000b056d0045
:105150008a0578000c40e10008003a000900e000f0
:1051600082003a000af0a1000c047800f30120004c
:10517000f2ff2f006110b9007c0037000c48e100fd
:1051800004003a00870007000900e00077003a00b9
:10519000f4ff37000800e000740032000900e0006e
:1051a00002003a007f00070070003700ed3f20004a
:1051b0008d845400090444008a1f7800881f7800f9
:1051c000871f7800861f7800851f7800841f78006d
:1051d000cb19dd00c515de008b8571004b11dd009c
:1051e000450dde000a057100cb08dd00c504de00b8
:1051f000898470004b04dd000440b8000546b80007
:105200008c80400060814e00044eb8008c804000cd
:105210000d0149008001eb000318ad000456b800f1
:105220000c0141008d8149000002eb000420ad001b
:105230000646b8000c0141008d81490060024a0019
:10524000054eb8000c0141008d81490060024a0002
:105250000556b8008c8141000d024a008002eb0027
:105260000528ad000746b8008c8141000d024a00b8
:10527000e0824a00064eb8008c8141000d024a00cf
:10528000e0824a004f0678000c5eb8008c81410035
:105290000d024a00e0824a000656b8000c024200a5
:1052a0008d824a000003eb000630ad00074eb800c7
:1052b0000c0242008d824a0060034b004f067800ca
:1052c0000c5eb8000c0242008d824a0060034b0065
:1052d0000756b8008c8242000d034b008003eb00a0
:1052e0000738ad004f0678000c5eb8008c82420093
:1052f0000d034b00e0834b004f0678000c5eb800b6
:105300000c0343008d834b004f0478004f05780059
:105310000748a3000a003a000000400081804800ce
:10532000020149008381490004024a0085824a0043
:1053300006034b0087834b000804e900f4ff3700a5
:1053400003067800808070008280700001003200c7
:1053500061067600870178000601780085007800f4
:105360000400780088047800780037008d0037004a
:105370008c06460002003a000000a600000006006d
:1053800060004800e080480060014900e081490079
:105390000350a600000006008301d1000804e800c5
:1053a000000006000002fd008102fd000203fd0076
:1053b0008303fd008804fd008a05fd00000006004f
:1053c0007048e1001a0039007d0320000d48e1001b
:1053d0000a00390081057000830671008c85750014
:1053e0008d8575000006eb000cd8e700610676009d
:1053f0006000b8006011b800000006007048e100cd
:105400000b0039008c057800000678000100780058
:1054100082007800030178008001eb0003d8e700e8
:1054200061067600f0845400f4ff3a0000000600a4
:105430006160e1000c48ad00f08514008b06dd00d2
:105440000966de000d0676008b0edd000900de0029
:105450000d0070008b16dd008908de008d80700065
:105460008b1edd000911de000d0171008919de00bf
:10547000000006000d002800fc7f20000d85610063
:10548000441cde00ef8161000c0464000100320066
:105490000340a0008d856300c43cde00ef83630001
:1054a0008c846400010032000740a0000c40e10041
:1054b00006003a00ef8661008286760081867600db
:1054c0008086760001003200180037000c48e100a9
:1054d00007003a00ef8663008686760085867600b0
:1054e0008486760002003200aeff07000f0037000e
:1054f0000348a30005003a0081067000828676000a
:1055000083867600010032000804e8000748a30003
:1055100005003a008506720086867600878676004a
:10552000010032008904e80000000600cf04780082
:10553000cf0578001b003700000278008102780058
:105540000203780083037800880478000cf0a70039
:1055500087ff0700fd7f20000d40e10004003500bb
:105560000d0478006000b8006011b8000d0037002d
:105570000800e0000b003c00040078008500780083
:105580000601780087017800e18414008cff070091
:105590000cf0a70076ff07000004eb000340a70013
:1055a0000804e8004444dd006fc56100880175000f
:1055b0004f04be004f05be004f06be0000000600af
:1055c000889fbe008a9fbe0030044200b0844a001b
:1055d00030054b0090854b006000b1000898be007c
:1055e0000a90be000440e10005c8e10006d0e100d9
:1055f00007d8e10002003100680040001008e80010
:105600004f05be004f04be0000000600889fbe008c
:105610008a9fbe003004be002005be00041854005e
:1056200005985c0006185d0007985d0011002000d9
:105630000440e10005c8e10006d0e10007d8e10020
:10564000010039008000eb00108810004f05be00fb
:105650004f04be00000006001200fa00889fbe0042
:105660008a9fbe008c9fbe00e0b79f00f1b79f00ed
:1056700082bf9f0093bf9f000605be000404be00ca
:105680000000eb00d0b79f00c0b79f00b0b79f00ed
:10569000a0b79f0090b79f00000678005fb1970009
:1056a000cfb09700820141003fb097000200e000b8
:1056b00004003d00370007007e805700c0ff070050
:1056c00003003700330007007e805700cfff07003c
:1056d000dfb697000d00e0000c0035006fb29700b8
:1056e000ffb297000fbb97009fbb970010002000f0
:1056f000010020006011b800000272008182720077
:1057000002037300838373001b0007000c06e8008c
:1057100001042000810f5600e0ff3a000d00e00078
:1057200004003d000802be000a03be007e80570050
:10573000a3ff07005fa897000000e00005003a0003
:105740001fb29700afb297003fb39700cfb3970057
:10575000090007006fb09700ffb097000fb99700de
:105760009fb997004f06be004f05be004f04be0014
:105770000080fa000000060001000700000006009b
:10578000a4b79f00b5b79f00c6b79f00d7b79f00cb
:10579000000006004f09de0082817100b3b79f0050
:1057a0004f01de008180400082807000a1b79f0021
:1057b0008fb097004f09de0000004000020070002b
:1057c00090b79f007fa897004f01de0081804000c6
:1057d0008280700081b79f000d0007004f3ade0005
:1057e0000000400004007000f0af9f0008000700b8
:1057f0000402420085824a0006034b0087834b0067
:10580000dfff07000802be000a03be00000006001a
:105810002fb29700bfb297004fb39700dfb3970046
:1058200000000600881f780018002000881f7800fc
:1058300089ff07008f87e9004f0478000000060009
:10584000801feb0084ff07008f87e900000006003f
:10585000889fbe008a9fbe00e00f5000e08f580076
:10586000e00f5900e08f59000c003d006044b80083
:105870006055b8000000540081805c0002015d00aa
:1058800083815d00180020001500070008003d001e
:10589000180007000004eb00050037000004eb00cf
:1058a0000f00070002003d00120007001800200052
:1058b000dcff07000800e000060032006022b800ac
:1058c0006033b8000000520081805a0002015b0082
:1058d00083815b004f05be004f04be000000060040
:1058e000e00f5200e08f5a00e00f5b00e08f5b009a
:1058f000000006006044b8006055b800040254007f
:1059000085825c0006035d0087835d000000060061
:10591000889fbe008a9fbe008c1f7800e00f500059
:10592000e08f5800e00f5900e08f59000d003d0056
:105930006044b8006055b8000000540081805c00ed
:1059400002015d0083815d001c0020000820e10051
:1059500009a8e1000ab0e1000bb8e1000d003d002c
:10596000080037000006eb00e00f5200e08f5a00fd
:10597000e00f5b00e08f5b0006003d006044b80074
:105980006055b8000402540085825c0006035d0087
:1059900087835d00aaff07000c00e00006003200cc
:1059a0006022b8006033b8000000520081805a00c5
:1059b00002015b0083815b004f0678004f05be004b
:1059c0004f04be0000000600889fbe008a9fbe00f4
:1059d0008c9fbe000404be000605be00809fbe0072
:1059e000829fbe0021000700040678000800be0068
:1059f0000a01be001d000700840678004f03be00a8
:105a00004f02be008d4f76007fb097001300330029
:105a1000f0ff2f008b8f6b0006003b000d06660029
:105a20000c00a7000a00370007f0a60010002000b5
:105a30000a003700880f5200898f5a008a0f5b00d6
:105a40008b8f5b00030039001000200001003e0036
:105a50000000200007f0a7000000ea004f06be008b
:105a60004f05be004f04be000000060005ff2700e2
:105a700005826100070032000428e10001003200c5
:105a8000240005000600070001003a00440005005c
:105a90000408050002000700f9ff3a0014000500a1
:105aa0006f826100810270008502710085027200c0
:105ab00000000600800078005002be005003be00c7
:105ac0004439de00f700b200f37f200003016100db
:105ad000090032000218e10016003a008501720048
:105ae00083017300838173000008200015003a00d1
:105af000400020001300370085017200830173000d
:105b00008381730005003a0004a8be0006a8be0009
:105b1000100020000b0037000201e90004024200df
:105b200085824a0006034b0087834b000748a30089
:105b3000f9ff32000740a00004a8be0006a8be007e
:105b400020002000800098009200980000000600cd
:105b5000680447000294be000094be00fc044700a5
:105b60008694be008494be0009007800d1ff07002f
:105b700008007800cfff070099007800814f70007f
:105b80000b003b000800be000a0007004f00b100f8
:105b900003003700f3ff2700f2ff2f006110b90068
:105ba0004f06be004f05be004f04be000080fa0045
:105bb00000000600e48240001078a30007003200d5
:105bc000640240001178a3003400be001401be003e
:105bd000040032000330a700000006003500be00bc
:105be0001501be000330a000000006001800fa00f6
:105bf000889fbe008a9fbe008c1f78000004be00f4
:105c00000205be000802be000a03be00443ade00e0
:105c1000f07f20000006620020432000800f560025
:105c200067003c006022b8006033b8000800be0086
:105c3000e7fb07000000e000610032000802be0040
:105c40000a03be00b4b79f00c5b79f00d6b79f0038
:105c5000e7b79f00e00f5200e08f5a00e00f5b00b3
:105c6000e08f5b000b003d006022b80006002000c2
:105c7000073324000800be000a01be002ffc070005
:105c80006022b800060020000733240031fc070022
:105c90000a0037006022b800060020000733240005
:105ca0000800be000a01be002afc07006022b800fe
:105cb000060020000733240020fc07000802be0075
:105cc0000a03be001dfc07000002be000203be0066
:105cd000f4b79f0085bf9f0096bf9f00a7bf9f009e
:105ce000e03f2000800f560017003c007fb0970077
:105cf0008fb897001fb99700afb99700f0af9f001a
:105d000081b79f0092b79f00a3b79f006044b8007f
:105d10006055b8003fb29700cfb297005fb39700cd
:105d2000efb39700e00f5200e08f5a00e00f5b00e6
:105d3000e08f5b0022003d006044b8000a002000b4
:105d40000bff2b001e0037006022b8006033b80044
:105d50007fb097008fb897001fb99700afb9970031
:105d6000a0fb07000000e0000c0034007fb29700a9
:105d70008fba97001fbb9700afbb97000800be000b
:105d80000a01be00f3fb07006022b80006002000f5
:105d900007ff2300e9fb0700070037007fb29700e9
:105da0008fba97001fbb9700afbb97000800be00db
:105db0000a01be00e7fb07000004be000205be00aa
:105dc0000800be000a01be004f0678004f05be0065
:105dd0004f04be000080fa00000006000000fa0038
:105de000aa22ef00f01f280040158800c000200004
:105df000301588000008200020158800a222ef003e
:105e00000000280000158800a022a8001000200033
:105e100050478800a0002000801e07000080fa0084
:105e2000000006000200fa00000f78009e007800d3
:105e30006f80600030158800a022a8009200090041
:105e4000000000000080fa00000006000400fa00d4
:105e500010079800401f2000000f7800a002a90042
:105e6000a022a90000000000001580006100600071
:105e70000000e00004003a001e0fe9001e00780058
:105e80000000e000f8ff3a001e0078000000e0008b
:105e9000070032001e0090006900500001148000cd
:105ea00000014000e0cb2000000041000108780024
:105eb0000080fa00000006000000fa005047800051
:105ec0000000e0001d003200c0002000dfff0700de
:105ed000d0002000d3ff0700d0002000dbff070028
:105ee0006047800081cf2f0000004000008040000c
:105ef00010007800cbff07006047800081cf2f00a3
:105f0000000040000080400010007800cfff070034
:105f1000604780000000e80060478800604780001c
:105f2000e30f500001003400ec28ef00c000200017
:105f300030158800a022a8000100370000000000f2
:105f40000080fa00000006000200fa00000f78004e
:105f50001e007800e80f5000030036001e00780095
:105f6000ee0f5000020036000000eb000600370084
:105f70009e0078006980500080004000e0cb200047
:105f800000804000100078000080fa000000060049
:105f90003200f800900188006118e100040032002e
:105fa0007018e10002003200f0ff2f0003003700fc
:105fb0003119ba008301e900fdff3a003200f9000f
:105fc00000000600849fbe004220a9004404240073
:105fd0006110e1000a003200540424007010e10056
:105fe0000700320064042400f5ff2f000510e100d3
:105ff00003003200f0ff2f004f02be000000060039
:106000003200f800203b8800113b8800043b8800e8
:106010000500fc0050052000303b8800a00a20004d
:10602000303b880061e7a80000000000000000008d
:1060300061e7af00feff37000000eb003200f9001f
:106040004f02be0000000600841f78004220a90015
:10605000440024006118e1000600320054002400ce
:106060007018e100030032004f027800f0ff2f00ab
:10607000000006003200f80091018800821f7800bd
:106080003019bb008301e900fdff3a00213b880085
:106090004f017800123b8800043b88000500fc009b
:1060a00050052000303b8800a00a2000303b8800cb
:1060b00061e7a800000000000000000061e7af00f9
:1060c000feff37000000eb003200f9004f027800bd
:1060d000000006000400fa00004f78001107980045
:1060e0009e40780061cf60001e0090000000d1004b
:1060f000004078001e4f68001e0090004300de0044
:10610000004078001e4f68001e0090004500de0031
:10611000004078001e4f68001e0090004e00de0018
:10612000004078001e4f68001e00900000004000f4
:10613000100798001e80fb00e10060001e00900028
:10614000008040000080fa00000006000600fa000f
:10615000204798002107980070002000000f780069
:10616000ae0090002e409000daff07002007980054
:106170002e4090008080fb001e0078000088de002a
:1061800000407800ae009000d2ff07002007980082
:106190001e0fe9001e0078000000e000f4ff3a0046
:1061a0002e0090000080fa00000006000400fa00b3
:1061b000000f7800110798001e007800004078005a
:1061c0009e009000e1ff0700100798001e00780075
:1061d0004800de00004078009e009000dbff0700d2
:1061e0000080fa00000006000200fa000000eb0048
:1061f000000f78001e00780080004000e0b2200010
:10620000008040008000eb00010878001e0fe800cd
:106210001e007800ea0f5000f6ff340090002000c6
:10622000205a8800007d2000505a8800c0122000ab
:10623000605a88000000eb00705a8800300020008f
:10624000805a880030002000305a8800200020004a
:10625000405a8800c0122000905a88001000200088
:10626000a05a88000000eb00b05a880060042000ab
:10627000c05a880080022000d05a88000000eb003d
:10628000e05a88000000eb00f05a88000000eb00a4
:10629000005b88000000eb00105b88000000eb0052
:1062a000205b88000000eb00305b8800809d2000b0
:1062b000505b880020482100605b8800604220001d
:1062c000705b880020032000805b880020b72000de
:1062d00011c0b3000148780030b7200011c0b300ee
:1062e00001487800f0032000a05b8800a0ac2000eb
:1062f000b05b880000832000c05b880060852000c0
:10630000d05b880040062000e05b8800102324005a
:10631000f1002000f05b8800015c8800800720000d
:10632000105c88005a00070013002000028520003e
:10633000010f2f00f007200015ff070080428000aa
:106340000000e8008042880012002000010f2f00aa
:10635000f00720001bff070013002000020f2f0092
:10636000f10720000085200037ff07000080fa00b9
:10637000000006000400fa00315a8000110798005e
:106380001e009000e60f5000070032001e00900033
:10639000e70f500002003a00200020000100370003
:1063a0000000eb000100370010002000605c880056
:1063b0001e009000e60f500002003a00300020005e
:1063c000305a88001e009000e70f500002003a008b
:1063d00010002000305a88000000eb00405b88006d
:1063e0000000eb00000f7800210037001e0078004d
:1063f000fc0f500008003e00415b80001e0078004a
:1064000000014000e0b220000000410010007800d0
:1064100066ff0700405b88009e0078000080270030
:106420000080400000004000120020008000780042
:10643000f0072000e3fe07009e00780000802700a0
:10644000008040000000400080007800e2b22000a0
:106450001e007800000040000000410013002000f2
:1064600001017800f1072000f7fe07001e0fe80089
:106470001e007800fd0f5000dcff36009e009000eb
:10648000315a8800150007000080fa00000006005d
:106490000200fa000000eb00000f78001e007800f8
:1064a0008000400060b82000008040008000eb00c9
:1064b000010878001e0fe8001e007800e70f50006a
:1064c000f6ff360030a42400305c88001000200065
:1064d000405c88000080fa00000006000200fa001c
:1064e0000000eb00a05c88000000eb00000f7800cb
:1064f000210037001e007800e60f500008003e0023
:10650000a15c80001e0078000001400060b82000ff
:10651000000041001000780024ff0700a05c880004
:106520009e007800008827000080400000004000a6
:106530001200200080007800f0072000a1fe070074
:106540009e00780000882700008040000000400086
:106550008000780062b820001e0078000000400033
:10656000000041001300200001017800f107200025
:10657000b5fe07001e0fe8001e007800e70f500070
:10658000dcff36000080fa00000006000400fa007c
:106590000000eb00100798000000eb00000f7800ef
:1065a0001900370061b820001e007800000040008c
:1065b000808040001e017800008827000000410014
:1065c00000004000130020000101780080007800e6
:1065d000f00720006efe07001e007800e60f500056
:1065e00008003e001e0078008000400060b82000d7
:1065f00000804000100078009e009000ebfe070035
:10660000100798001e0fe8001e007800e70f5000ea
:10661000e4ff3600a15c80001e009000808f5000d7
:1066200013003a00315c800030a42400808f5000b9
:106630000f003a00405c8000e10f50000c003a006f
:10664000505c80000000e00009003500505c8000d4
:10665000e10f500006003c00605c80000000e0009c
:1066600003003500605c8000e20f5000030034003e
:1066700087ff070010002000010037000000eb003a
:106680000080fa00000006000000fa00305a800086
:10669000e30f500005003a00605c8000e10f5000fd
:1066a00002003a0060002000305a8800305a800012
:1066b000e10f500005003a00605c8000e20f5000de
:1066c00002003a0070002000305a88000080fa0072
:1066d000000006000400fa000000eb00100798001c
:1066e0000000eb00000f780019003700e1b2200035
:1066f0001e00780000004000808040001e017800ed
:10670000008027000000410000004000130020002e
:106710000101780080007800f00720001cfe0700cf
:106720001e007800fc0f500008003e001e0078009c
:1067300080004000e0b2200000804000100078009f
:106740009e00900099fe0700100798001e0fe800b9
:106750001e007800fd0f5000e4ff360013002000fb
:1067600002852000010f2f00f007200008fe07001f
:10677000415b80001e0090000080680000f0a700d0
:106780000000ea000000ea004f00de000080fa008e
:10679000000006000200fa000000eb00205c880008
:1067a0000000eb00000f7800210037001e00780089
:1067b000ec0f500008003e00215c80001e007800b5
:1067c00000014000a0b62000000041001000780049
:1067d00076fe0700205c88009e007800008227007b
:1067e000008040000000400012002000800078007f
:1067f000f0072000f3fd07009e00780000822700cc
:10680000008040000000400080007800a2b6200018
:106810001e0078000000400000004100130020002e
:1068200001017800f107200007fe07001e0fe800b5
:106830001e007800ed0f5000dcff36000080fa00eb
:10684000000006000400fa000000eb0010079800aa
:106850000000eb00000f780019003700a1b62000ff
:106860001e00780000004000808040001e0178007b
:1068700000822700000041000000400013002000bb
:106880000101780080007800f0072000c0fd0700bb
:106890001e007800ec0f500008003e001e0078003b
:1068a00080004000a0b6200000804000100078006a
:1068b0009e0090003dfe0700100798001e0fe800a4
:1068c0001e007800ed0f5000e4ff3600215c8000d0
:1068d0001e0090000080680000f0a7000000ea00a1
:1068e0000000ea004f00de000080fa000000060011
:1068f0000000fa0000000000a016800061006000a7
:106900000000e000fcff3a007016800062006000aa
:106910000000e000f8ff32000080fa0000000600ee
:106920000000fa0000000000a01680006100600076
:106930000000e000fcff3a00800c2000b71b0700bd
:106940000080fa00000006000400fa00100798001a
:106950001e009000104078000000fb00000f78003f
:106960001e0090000000e8001007980006003700a5
:106970001e009000104078009e0090008100e8000a
:1069800011079800021c07001e00780000f0a70005
:106990000000ea000000ea004f00de00004078003e
:1069a0001e0fe9000004e000f1ff3a000080fa0049
:1069b000000006000000fa0074408000026720001a
:1069c00003002000f002120004003b008502ea00f0
:1069d0000598de00cf98de0004003700851add0040
:1069e0000410de00008072008498de000000780051
:1069f00061006000004078000004e0000200320006
:106a00004006200001003700a0282000d046880062
:106a10000080fa00000006000200fa00000f780073
:106a20001e0078000000e00005003200805b80005e
:106a300080007800a07f2100581b07000800370065
:106a4000805b80006a00b900000078008000780058
:106a5000c0f62000511b0700401f20006f1b0700dd
:106a60000080fa00000006000800fa0020079800e5
:106a700031079800ae0090003e00900000017800c1
:106a8000110009008200d800000f7800ae009000cd
:106a90003e00900000017800110009008200d8003b
:106aa0008000fd00100798003e0090008080d1001b
:106ab0001e009000808f500001003c001e0fe80077
:106ac0001e0078000080fa00000006000000fa00b6
:106ad0000428ef00f04180000000e0003d0032009b
:106ae000f0418000620060000000e0000900320018
:106af000f1418000d003200000806000f041880058
:106b0000caa2a90040012000441b0700caa2a80095
:106b100031003700f04180006100600000407800e3
:106b20000004e00005003200f1418000e003200095
:106b300000806000f041880027003700f0418000ad
:106b4000640060000000e00005003200f1418000b8
:106b5000b003200000806000f04188001e00370074
:106b6000f0418000680060000000e0000500320095
:106b7000f14180007003200000806000f041880037
:106b800015003700f0418000700060000000e00058
:106b9000060032002628ef00f1418000f0022000bc
:106ba00000806000f04188000b003700f141800058
:106bb00000022000008060000000e00006003200bb
:106bc000f04180007f006000f0418800000000007c
:106bd00001003700000000000080fa0000000600fd
:106be0000200fa00000f780020478000e10f5000fb
:106bf0000b003a00405a80000000e00008003a0014
:106c00001e007800800040000099200000804000b5
:106c1000100078004cff0700e428ef00000000009f
:106c20000080fa00000006000400fa001007980037
:106c30000000eb00000f78001e007800800040008c
:106c4000407d2f0000804000900078001e009000e2
:106c5000808f500005003e001e0fe8001e007800e7
:106c6000e90f5000f4ff340001003700000000007d
:106c70001e0078000080fa00000006000600fa00fe
:106c8000200798002e009000e7eb0700401fb0009f
:106c90000180b000823e2000030020002ce60700a7
:106ca000008fbe0000532700010020001e01be001f
:106cb000800f5100818f59000300340020532700ba
:106cc00001002000008fbe001e007800d6ff0700e4
:106cd0000080fa00000006000200fa001000200008
:106ce000bfff0700361b07000004e000340032003d
:106cf000451b0700004f7800804780000000e0003f
:106d000004003a0060c4b3009e40780080cf500079
:106d10002a003a00c0468000b043880080478000c7
:106d2000e10f500007003a0010c4b3009e40780005
:106d300080cf5000030032007628ef000a100700d1
:106d40001f003700804780001e41780001c82000e6
:106d5000827078000000e80080478800804780004b
:106d6000ee0f500003003c00b04380000000e00044
:106d700002003a00fc0f070011003700b0c3b30057
:106d80009e40780080cf50000d003a00405a8000ad
:106d90000000e00002003200100020007047880070
:106da00000c820000080e800b4ff0700205a8800d7
:106db0007628ef00ec0f070001003700000000000c
:106dc0000080fa00000006003200fa00889fbe0032
:106dd0006a0f470000c820006400400020079800a8
:106de0000040eb00204f9800205980008000eb000d
:106df0000ce607000004be00605b8000cf80de0070
:106e000005e607000001be000800be00f9e7070024
:106e1000024022004397240017e70700300798003c
:106e20004107980000c820009040780060c4b3007b
:106e300080cf500005003a0010c820009040780034
:106e400010c4b30080cf50000a00320000c82000f8
:106e50009040780090c4b30080cf500010003a00fa
:106e600010c820009040780060c4b30080cf50006c
:106e70000b003a0080478000ec0f50001a013400ec
:106e8000d0c820008040eb000148780000c82000f6
:106e90000080e80079ff0700205a880017013700ba
:106ea00000c820009040780080c4b30080cf50001c
:106eb0000f013a0010c820009040780020c5b300b0
:106ec00080cf50000c013a0020c82000104078000c
:106ed0000080fb00c800dd0030c8200010407800b2
:106ee0000080fb000100700041d42400810f50009d
:106ef0004d00320041d42400810f500011003c00ad
:106f0000e1242400810f50001f003200e1242400fe
:106f1000810f500004003c0041152400810f5000f7
:106f20009c003200da00370021252400810f500038
:106f3000a100320081b52400810f5000b70032005b
:106f4000d3003700d1442500810f5000bc0032002f
:106f5000d1442500810f500004003c00812525000c
:106f6000810f50004b003200c90037000145250059
:106f7000810f50006800320041652500810f5000ec
:106f800076003200c20037002e00900010407800da
:106f90000004e0000c003a00205a8000800040000d
:106fa000c0812f0000804000900078006a004700f8
:106fb000811f780021862f00811f7800c4ea070016
:106fc000e4875700b20037002e0090001040780090
:106fd0000000fb000003b100e90f50009d003e00df
:106fe0002e009000e0ea0700100798001e009000b5
:106ff0000000e000090035001e009000ea0f50007c
:1070000006003c001e0090008000400060802f00c1
:10701000008040001000780001003700a000200030
:10702000205a88009a0037002e0090001040780007
:107030000004e00008003a00e14180006a004700d7
:10704000811f780091862f00811f7800a0ea070039
:10705000e48757008e0037002e0090001040780023
:107060000000fb000003b100e90f50007b003e0070
:107070002e0090009040780010c3b30000c068005c
:107080000080fb000000e9004f00de00e0418800c6
:107090007f0037002e009000104078000004e000d0
:1070a00070003a00a05a8000117d2f0061407800e6
:1070b0000003fb0025418000205a80008000400032
:1070c000609b20000080400010027800e0418000ba
:1070d00080004000c09c20000080400090017800ab
:1070e0006a0147003e009000ce009000809fbe00e5
:1070f000861f7800851f7800841f7800831f780022
:1071000000872f00801f78000200780070ea0700d7
:10711000ee8757005e0037002e0090001040780088
:107120000004e00051003a00a05a8000117d2f00b9
:10713000614078000001fb00214180006a004700a7
:10714000821f7800811f780041882f00811f7800fe
:107150005fea0700e68757004d0037002e009000d9
:10716000104078000004e00042003a006a01470045
:107170003e009000ce009000809fbe00d0882f007f
:10718000801f78000200780051ea0700e687570068
:107190003f0037002e009000104078000004e0000f
:1071a00036003a006a0047006200200071892f0013
:1071b000d4ea0700360037002e0090001040780017
:1071c0000004e0002f003a00805a80000080e900af
:1071d000100798001e0090000000e00002003d0033
:1071e0000000eb00100798001e009000e30f500015
:1071f0000200340030002000100798006a004700a9
:107200009e009000811f7800d1892f00811f780097
:107210002fea0700e48757001d0037002e0090007a
:10722000104078000004e00018003a006a004700af
:1072300062002000418a2f00b2ea070014003700e4
:107240006a00470052002000a18a2f00adea070023
:107250000f003700000000000d00370000000000a4
:107260000b0037000000000009003700000000009c
:107270000700370000000000050037000000000094
:10728000030037000000000001003700000000008c
:107290001e007800104078000004e00006003a006c
:1072a000160037001e007800104078001e0fe8001e
:1072b000b719070001003700000000001e00780029
:1072c000104078000004e000f6ff3a00b0c3b300bd
:1072d000af190700d0c0b300ad190700a0c0b300bc
:1072e000ab1907000500370000000000030037005d
:1072f0000000000001003700000000004f04be0045
:107300000080fa00000006000200fa0026003700a4
:10731000bd1907000080fb0096ea0700004f7800c7
:10732000804780000000e00004003200b04380008d
:107330000000e00001003a008b0e0700b0c3b3006c
:107340009e40780080cf500003003a009efe070068
:10735000850e070014003700804780000000e00021
:1073600006003a001e4078000054a0000000fb0018
:107370001006b100f90f50000b003e00c04680001f
:10738000b043880080478000ee0f500006003c00ac
:10739000804780001e41780001c82000827078007c
:1073a0000000e80080478800851907000004e0001d
:1073b000d7ff3a000080fa00000006000400fa003f
:1073c000100798001e0090004480de00000f780037
:1073d0001e0078006a00b90000007800000f7800f5
:1073e0001e0090006f0060001e0040000080fa0048
:1073f000000006000600fa006000b800008fbe0022
:107400000000eb00200798009e009000400620003e
:107410000088b900000178001e0078006000b90003
:1074200000007800000141009e0078004006200026
:107430000008b8000101410082007800008fbe0002
:10744000008fbe0001c820002e0090000080400088
:10745000104078000080fb00d8ff07006101b900f0
:107460001e00be000200400083804800008fbe0066
:107470002e0090000000e800200798002e009000e9
:10748000e30f5000e0ff340022032000030020003f
:107490001e0f41005e9749001e00be0042062000fc
:1074a000030020002ae40700008fbe0000532700dd
:1074b000010020001e01be00800f5100818f590085
:1074c000030034002053270001002000008fbe007d
:1074d0001e007800d4fd07000080fa0000000600be
:1074e0000000fa00881f78000000eb00bcfd0700d8
:1074f000331907000004e0001400320088478000c0
:107500004119070001c8200080707c000800e800d5
:1075100080478800800c2000b043880080478000ae
:10752000e40f500010003400405a80000000e000da
:10753000020032001000200070478800adff0700f5
:10754000205a8800080e0700070037008047800097
:107550000000e00004003200b04380000000e000c2
:1075600001003a00000e07004f0478000080fa0086
:10757000000006000000fa00889fbe001044800052
:107580000000e0001c003a0062418000734180006e
:10759000006a280011002000800f5100818f5900df
:1075a0000e00340060418000714180001ae4070041
:1075b0000004be00f05b8000015c800016e4070060
:1075c00002002000031224002be507000001be008a
:1075d0000800be0028e50700010037006000b80081
:1075e00080438800914388002c28ef002e28ef006c
:1075f00040062000104488008043800091438000b2
:107600004f04be000080fa00000006000000fa00ef
:10761000889fbe004143800000428000808f500060
:107620000700320000428000404388006000b8003c
:1076300050438800614388006e28ef003400370013
:10764000105980008000eb00f6e307000004be0044
:10765000505b8000cf80de00efe307000001be003a
:107660000800be00e3e50700c0408800d140880064
:10767000c4408000d54080005043800061438000ba
:1076800018c0b3000001be000400be00bfe3070045
:107690000000e00001003c000044eb000804e000b2
:1076a00007003200c0408000d14080005043880075
:1076b00061438800800c2000704388000a00370076
:1076c000704380000000e00004003200704380003e
:1076d0000000e90070438800030037006000b80034
:1076e0005043880061438800504280000000e00061
:1076f00003003200c0408000d1408000020037000b
:107700005043800061438000520020007d0d07003f
:107710004f04be000080fa00000006000000fa00de
:107720008c21ef00e842a900e862a9007cfc070078
:10773000cfa2a900ffff37000400fa00889fbe0017
:10774000c2418000d341800020438000314380004b
:10775000800f5100818f590007003500c041800023
:10776000d14180002043880031438800803e2000c2
:10777000f043880007003700f04380000000e0007d
:1077800004003a006428ef006628ef006000b800ab
:10779000008fbe0020438000314380009ee307003d
:1077a0000004be00705b8000cf80de009ae307001b
:1077b0000001be000800be008ee50700008fbe007d
:1077c000305b80000000e0001500320018c0b300fc
:1077d00062da2d0073c124001e00be006be30700b7
:1077e0000000e00001003c000044eb000804e00061
:1077f0000800320002002500337c24001e00be0079
:107800009de40700c9e70700620020003d0d070066
:1078100013003700504d8000180d0700100037008e
:1078200018c0b30062da2d0073c124001e00be0030
:1078300056e307000000e00001003c000044eb00bc
:107840000804e00004003200220020001e00be00f8
:107850002c0d070002003700404d8000070d070087
:107860004f04be000080fa00000006000000fa008d
:10787000104780000000e00003003a0090642f00f1
:10788000fe0c070004003700e0408000f14080005b
:10789000320020001b0d07000080fa0000000600e7
:1078a0000000fa00889fbe008a9fbe0080408000d2
:1078b0009140800082142e00a3f723004de50700bd
:1078c0000004be00205980008000eb0055e3070053
:1078d0000005be00605b8000cf80de004ee3070045
:1078e0000001be000a00be0042e5070002002000c1
:1078f0008324240060e407000001be000800be00ed
:1079000078e3070080408800914088008040800034
:107910009140800042002000fa0c07004f05be0095
:107920004f04be000080fa00000006000000fa00cc
:10793000881f7800a85a800020418000cf80de0098
:1079400035e3070008017800ee0c07004f047800cb
:107950000080fa00000006000000fa0005ff0700a2
:10796000809fbe00e07b2f00801f7800e0b02000e9
:10797000f3e80700e6875700e0b02000bf0c0700df
:107980006dff07000080fa00000006006000fa00aa
:10799000889fbe008a9fbe008c9fbe00660f470076
:1079a000c0418000d14180001be307000004be00fd
:1079b000705b8000cf80de0017e307000001be008f
:1079c0000800be000be5070010079800210798008b
:1079d000f1418000312f980071428000412f9800c2
:1079e00021418000512f980018c0b30062da2d00a9
:1079f00073c124001e009000ae009000e3e2070077
:107a00000000e00001003c000044eb000804e0003e
:107a10000700320002c22b00e3cb24001e009000be
:107a2000ae00900014e407000005be00010037001e
:107a30006055b800105980008000eb00f9e20700a3
:107a40000004be00505b8000cf80de00f2e2070041
:107a50000001be000800be00e6e4070002002500a9
:107a60003384240004e407000006be00205980008f
:107a70008000eb00ebe207000004be00605b8000ca
:107a8000cf80de00e4e207000001be000800be0077
:107a9000d8e407000240220043972400f6e30700e1
:107aa0000004be0010478000cf80de00dae207004d
:107ab00002002000832c2400efe307000001be0039
:107ac000205a800080004000e0b22000008040008a
:107ad000100078000000e800602f9800275a80000e
:107ae000a05a8000117d2f00614078000003fb0048
:107af000e6c8bf008002fb00f15a8000f07c2f0036
:107b000060c078000002fb00e1418000d07c2f00c3
:107b100060c078000000fb00e6004700712f98006d
:107b2000be289000811f7800ce289000811f780029
:107b3000de289000811f78008a9fbe008c9fbe00c7
:107b4000889fbe00829fbe00ee289000811f7800b3
:107b5000871f7800861f7800851f7800841f7800b3
:107b6000801f7800f08a2f00801f78007e28900008
:107b7000d7e707004f02b100040037001e0078006d
:107b8000104078001e0fe800811707001e007800e3
:107b9000104078000004e000f8ff3a004f06be00f5
:107ba0004f05be004f04be000080fa000000060032
:107bb0000400fa0050408000e10f5000c500320080
:107bc000c04380000000e0000c003a00405a8000f2
:107bd0000000e000090032006cff0700415a8000fd
:107be000803e20000088b90000007800c043880073
:107bf000c04380004006b000e043880070170700d3
:107c00000004e000b50032007f170700004f780045
:107c10001e407800ea4f5000b200320080478000da
:107c2000e10f50000f003200e10f500003003c0054
:107c30000000e000060032001e003700e20f500096
:107c40000e003200e30f500015003200190037001b
:107c5000d0c3b3009e40780080cf500017003200a0
:107c6000a30037001e00fb001004b100f90f500004
:107c7000140036003c0c07009d0037001e407800c1
:107c8000ed4f5000110032001e00fb000003b10058
:107c9000e90f50000f003600330c07009400370046
:107ca0001e407800ed4f50000c0032002e0c0700f3
:107cb0008f0037002c0c07008d00370000000000fb
:107cc000070037000000000005003700000000003a
:107cd0000300370000000000010037000000000032
:107ce000804780001e41780001c820008270780023
:107cf0000000e800804788001e407800ed4f5000eb
:107d00007a003a00405a80000000e000060032008d
:107d1000415a8000803e20000088b90000007800b1
:107d20004006b0000100370080382100e0438800a1
:107d300010c8200010407800004f780020c82000b4
:107d4000104078000080fb000003b100100798008d
:107d50001e00fb0071042000810f50002e00320035
:107d600071042000810f50000a003c002104200013
:107d7000810f50001b00320031042000810f5000a1
:107d80002300320011042000810f50001200320045
:107d90004e00370001052000810f50002f003200f7
:107da00001052000810f500004003c00f104200078
:107db000810f5000260032004400370021052000ca
:107dc000810f50003600320031052000810f500035
:107dd000350032003d00370010002000f05a8800c6
:107de0003a0037001e0090000000e0003000320032
:107df0001e009000e90f50002f003e000000eb0035
:107e0000f05a88001e009000205a88002f0037008a
:107e10002efb07002d0037001e0090000000e00040
:107e2000270032001e009000e40f500026003e00a4
:107e3000205a80009e0090008100e900000140006f
:107e4000e0b2200000004100010878001f00370068
:107e500010002000e04188001c0037001e00900048
:107e60000000e0000100320042f907001e0090000f
:107e70000000e00002003200a04f2f000100370098
:107e8000908e2f0080007800904e2f00920b0700fc
:107e9000c05d20006116070020fe07000b003700c0
:107ea000bafe0700090037003c28ef000700370042
:107eb000000000000500370000000000030037004c
:107ec000000000000100370000000000a60b0700c2
:107ed0000700370000000000050037000000000028
:107ee0000300370000000000010037000000000020
:107ef0000080fa00000006000000fa00305a8000fe
:107f00000000e0001b003200305a8000e10f5000fa
:107f100016003200305a8000e20f5000110032008b
:107f2000305a8000e70f50000c003200705a800079
:107f3000e10f500007003200705a8000e20f50003d
:107f400002003a0060a125000100370080cf260022
:107f50000100370080dd2300010037004098230036
:107f600001003700206d250001003700c0662300a6
:107f70000100370000a72300004088000080fa00bd
:107f8000000006000c00fa00889fbe002007980041
:107f90003107980042079800530798002e0190007f
:107fa000be019000b012200001002000800f51009f
:107fb000818f590002003c006000b80027003700a4
:107fc0004e009000de00900093e107000004be0028
:107fd0002e009000be0090008fe107000001be005f
:107fe0000800be00a4e20700008fbe0018c0b30066
:107ff0000271200013f523001e00be0063e107009c
:108000000000e00001003c000044eb000804e00038
:10801000030032000071200011f52300008fbe0024
:108020000200200003f823001e00be00ade107009f
:108030000004be001e01be000000200001f8230065
:108040009fe107000001be000800be008ae20700b1
:1080500002002000832c240066e307004f04be00ca
:108060000080fa00000006000000fa0020408000b6
:108070000000e00008003a000019200020408800bd
:10808000304080000000a20030408800e101200064
:1080900030732000c1150700304080000000e00070
:1080a00026003200f0418000620060000000e00025
:1080b0000200320060512f0021003700f0418000a3
:1080c00061006000004078000004e000020032001f
:1080d00000512f001a003700f0418000640060005a
:1080e0000000e00002003200c0512f0014003700f1
:1080f000f0418000680060000000e00002003200f3
:1081000020522f000e003700f04180007000600008
:108110000000e0000200320080522f00080037000b
:10812000f141800000022000008060000000e000bb
:1081300002003200e0522f0001003700707c2f0057
:108140000080fa00000006000000fa00105b8000ca
:108150000000e0004a00320060408000e10f500063
:1081600012003a001147800030062000808f500036
:1081700002003c000000eb004a003700905a8000eb
:10818000d2f92f00000141001147800000032000b8
:108190000088b9008000780000d72e0000804000e1
:1081a0008200780030fa07003e003700604080000f
:1081b000e20f50000d003a00a0408000b140800066
:1081c000f4e007000001780021598000c05b8000c6
:1081d00080805000000320000088b9000000780073
:1081e0008200780020fa07002e00370060408000ef
:1081f000e30f500008003a00c0408000d1408000ea
:1082000002a02500337c24001be20700e1e0070008
:10821000000078002300370060408000e40f500029
:1082200017003a00a05a80000000e0000800320069
:10823000c25a800021418000000320000088b9005c
:10824000000078008200780007fa07001500370068
:10825000c05a800002fe2f00000141002141800031
:10826000000320000088b9008000780000a02f00e3
:108270000080400082007800fbf907000900370009
:1082800080418000914180000002be00404180009a
:10829000514180000001be000400be00f8e007006c
:1082a000000078000080fa00000006000000fa00dc
:1082b00021598000b05b8000808f500003003600a1
:1082c000f04180000030a000f0418800215980007a
:1082d00030418000808f500003003100f041800069
:1082e0000040a000f041880021598000c05b800060
:1082f000808f500003003100f04180000050a0004a
:10830000f0418800311780000000280000806000e4
:108310000000e00003003200f04180000010a000e7
:10832000f0418800c15a800020418000808f5000b9
:1083300003003d00f04180000020a000f0418800d3
:10834000925a80001147800010002000810f5100d8
:10835000010035000000eb00e141800001006000f9
:108360000000e00003003200f04180000000a000a7
:10837000f0418800f04480000000e000040032007a
:10838000f04180000000a000f04188009e28ef002e
:10839000a05b800080007800f041800000806000d9
:1083a000f0418800f1418000f00220000080600070
:1083b0000000e00005003200ca82a90020c5b30019
:1083c000e6e8b7003c28ef000a28ef000080fa003a
:1083d000000006000600fa00100798002107980028
:1083e00010002000000f78001e0090008000400068
:1083f00000962000008040001000780061412f00ae
:10840000350a07003af90700800c20000315070021
:108410000000000070168000620060000000e000b4
:1084200004003200a0168000610060000000e0003f
:10843000f8ff320000ccb3007c0807007016800003
:10844000620060000000e00018003a002e0090007a
:10845000640060000000e0000100320062f70700e5
:108460002e00900061006000004078000004e000f1
:1084700001003200c7f807002e0090006200600083
:108480000000e00002003200baf707004628ef00c3
:10849000805b80006500b9000000780080007800f3
:1084a000f0a42000bd140700130037002e00900038
:1084b00061006000004078000004e000010032002c
:1084c000e0f807002e009000620060000000e0006d
:1084d000030032007ff807002cf807006af8070055
:1084e0000000eb00000f7800805b800080007800c7
:1084f000a07f2100a91407001e0078008000400022
:10850000009a20000080400010007800db0907007e
:10851000803e2000c1140700f5f80700205b8000b2
:108520007d0807000080fa00000006000000fa0045
:10853000401f2000d0438800f04180000000e00090
:108540000400320061f907000628ef00f4f8070084
:1085500021003700d04380000000e0000e003a0008
:10856000805b80000000400080007800e025210052
:108570008a140700304280000000e000030032004f
:10858000210020000000eb0092ff070010c0b300a4
:108590002608070061fc0700a0168000610060004b
:1085a0000000e000ebff3a00800c20009b14070065
:1085b000604080000000e90060408800604080006a
:1085c0000000e00002003d00e046800060408800be
:1085d0006040800010f907000080fa0000000600eb
:1085e0000200fa0051542f0040532f00ba0907002f
:1085f00060552f00801f7800c9e507008f87e900cc
:108600000019200085140700f9140700ec14070076
:108610000004e00013003200fb140700004f780054
:1086200021032000903920005c1407001e407800d0
:10863000d71407009e80fb001e80fb00811f78007e
:10864000801f780030582f00801f7800e0b0200095
:10865000bbe50700e6875700e1b02000000c2000d2
:1086600093090700a0168000610060000000e00090
:10867000e6ff3200805b800080007800c0f62000ba
:108680004614070080592f00801f7800a4e50700da
:108690008f87e900d6140700a1f807000080fa00d0
:1086a000000006000200fa0090002000000f780091
:1086b0001e00780080004000c0c6200000804000fe
:1086c0008000eb00010878001e00780000f0a70091
:1086d0000000ea000000ea004f00de0000407800e1
:1086e0001e0fe9000004e000f1ff3a004001200005
:1086f000004488000080fa00000006000200fa0032
:10870000004280000000e00001003a006228ef0013
:10871000004480000000e0003a003a00604280001f
:108720000000e000140032000000eb00000f7800b1
:108730001e00780080004000c0c62000008040007d
:1087400010007800801f7800305b2f00801f7800b9
:1087500073e50700e48757001e0fe8001e0078004d
:10876000e90f5000f2ff3400905b2f00801f78006b
:108770006be507008f87e90090002000000f78006c
:1087800060638000e40f50001d003c001e00780074
:1087900080004000c0c6200000804000100078002b
:1087a0000000e00005003a001e0fe9001e007800fe
:1087b0000000e000f5ff3a00010037000000000073
:1087c000104380009e0f500004003d009e00780082
:1087d000114388009e007800215a880000428000e2
:1087e0000000e000020032001000200090428800eb
:1087f000004280000000e00001003200a028ef00ed
:10880000a8ff07000080fa00000006000400fa003c
:1088100010079800a0002000000f78009e00900034
:108820001e00780000014000807e2f000000410003
:1088300010007800808f500005003e001e0fe900f8
:108840001e0078000000e000f4ff3a00010037004d
:10885000000000001e0078000080fa000000060002
:108860000000fa0030598000e8ff0700205a880015
:108870000080fa00000006000400fa0010079800cb
:108880000000eb00000f7800010037001e0fe80029
:108890001e007800ea0f500009003c001e0078001e
:1088a00080004000a08e2f00008040001000780063
:1088b000800078001e009000808f5000f3ff35008c
:1088c0001e0078008000400000902f0000804000d3
:1088d000100078000080fa00000006000000fa0096
:1088e00030598000e4ff0700205a88000080fa0019
:1088f000000006000000fa00215a80004047800076
:10890000808f500018003200501680007000600008
:108910000000e00008003200ca82a90020c5b300b0
:10892000e6e8b70040012000104588001000200054
:10893000004388004f003700004380000000e00043
:1089400003003200104580000000e00048003a00bb
:108950006028ef00205a8000404788004001200036
:1089600010458800a028ef00205a800080004000b9
:10897000e0b220000080400010007800610060003c
:10898000004078000004e00002003200cae2a900c2
:1089900001003700cae2a800205a80008000400091
:1089a000e0b220000080400010007800620060000b
:1089b0000000e00002003200cac2a9000100370036
:1089c000cac2a800205a8000e10f500002003a00fd
:1089d000e9a2a80001003700e9a2a900205a8000fe
:1089e000e20f500002003a00e982a80001003700bf
:1089f000e982a900205a8000e30f500002003a00eb
:108a0000e9c2a80001003700e9c2a900205a80008d
:108a1000e40f500002003a00c4e2a8000100370051
:108a2000c4e2a900205a8000e50f50000300320084
:108a3000205a8000e60f500002003a00c4c2a8008d
:108a400001003700c4c2a900205a80000000e000e5
:108a500003003200205a8000e60f5000020034006c
:108a6000e802a80003003700e802a900010037006f
:108a7000000000000080fa00000006000000fa007c
:108a8000405a80000000e00014003200c043800023
:108a90000000e00011003a00415a8000803e2000b2
:108aa0000088b90000007800c0438800704780004b
:108ab0000000e00002003a00a0002000205a8800d8
:108ac000305a800080004000009920000080400063
:108ad000100078009cf70700ee28ef000080fa00f5
:108ae000000006000000fa000000eb00f05a8800c9
:108af0000080fa00000006000000fa000080fa0082
:108b0000000006000400fa00008fbe00a05a80009a
:108b1000c200dd00e07f2f00008040001000be009a
:108b20000001be001e00be00d3df0700008fbe00a4
:108b3000a05a80000000e00005003a00020020007a
:108b4000032024001e00be00e6de0700008fbe00ea
:108b50000200200003f023001e00be00e1de07003b
:108b6000b4e207008bde0700000078000080fa0006
:108b7000000006000200fa00889fbe000000eb0023
:108b8000000f78008ce0a9001e00780080004000f3
:108b9000e0cb200000804000900078001e007800ac
:108ba0000001400020b220000000410001087800d0
:108bb0001e0fe8001e007800e50f5000f2ff3400a1
:108bc0008ce0a8000041800011418000420a27008b
:108bd000d3f7230087e007000004be00605980003f
:108be0008000eb008fde0700a2702d0033c223004f
:108bf00080e007000001be000800be00b9de0700eb
:108c0000004188001141880000418000114180002e
:108c1000bcff070020418800004780000000e00002
:108c200016003200004780000000e900004788007d
:108c300051598000105c8000008040006101b80044
:108c4000c0428000d1428000020040008380480082
:108c5000c0428800d1428800405980006101b800bc
:108c6000e0428000f1428000020040008380480022
:108c7000e0428800f142880052003700c442800080
:108c8000d542800020b72000104078000080fb0013
:108c90008000eb000001be000400be002cde0700d7
:108ca000c0428800d1428800e4428000f542800042
:108cb00020b72000104078000080fb008000eb000f
:108cc0000001be000400be0021de0700e042880073
:108cd000f1428800c2428000d3428000c04280003e
:108ce000d1428000009ab90004027800028bb900da
:108cf00086027800050242000010b800010242001e
:108d0000840078008041880091418800e242800020
:108d1000f3428000e0428000f1428000009ab900f6
:108d200004027800028bb900860278000502420036
:108d30000010b8000102420084007800a0418800c1
:108d4000b14188008241800093418000a0418000b1
:108d5000b14180000000510081805900c04188006d
:108d6000d1418800e0428000f1428000c44280008e
:108d7000d54280000001be000400be0081fc070057
:108d8000e0408800f1408800e0408000f140800031
:108d900000de070000007800104788005c28ef0024
:108da0005e28ef00e0428000f1428000c04288006f
:108db000d142880020b72000104078000080fb00de
:108dc000004788004f04be000080fa000000060043
:108dd0000600fa00000f780011079800220798009b
:108de0001e007800900078001e009000808f5000d8
:108df000030034001e0078009e00900001087800f7
:108e00001e007800900078002e009000808f5000a7
:108e100003003d001e007800ae00900001087800bd
:108e20000080fa00000006000400fa00a05a80004a
:108e30000000e00006003200d05a8000650f4000bc
:108e4000d05a80006a0040001007980005003700e3
:108e5000d05a80006a0f4000d05a80007400400051
:108e6000100798004e28ef00d15a80002041800062
:108e7000808f500002003c001000200070428800eb
:108e8000204180009e0f500002003500200020008d
:108e900070428800214180001e009000808f5000a9
:108ea000020035003000200070428800b15a800076
:108eb0007042800000804000704288000001eb009a
:108ec00031002000e0842000c1ff070070428000d4
:108ed0006200600000f0a7000000ea000000ea0065
:108ee0004f00de00004078000080fb006100600061
:108ef0004200dd00411780000120a1000100700048
:108f00004017880070428000004078006140600097
:108f100061406000614060000080fb006100600013
:108f20004300dd00411780000130a1000100700006
:108f3000401788000080fa00000006000000fa00d8
:108f400080912f00801f780040922f00801f7800b2
:108f5000c0922f00801f7800606f2f00801f780064
:108f600070422f00801f78006de30700ea875700ea
:108f7000f0442f00801f780069e307008f87e90025
:108f8000d0482f00801f780065e307008f87e90035
:108f9000e04c2f00801f780061e307008f87e90015
:108fa000c0cc210001002000809fbe00c0742f00b3
:108fb000801f78005ae30700e68757000080fa0018
:108fc000000006000800fa00881f7800000f7800f3
:108fd000110798002207980033079800f046800098
:108fe0000000e000090032001e009000100478002c
:108ff000b61107009e0078000180b90000007800db
:10900000800044001e009000010878003e0190009e
:10901000ae0090001e0090006dff07004f04780026
:109020000080fa00000006000200fa00000f78003d
:109030008001eb00120020009e007800100020004c
:10904000e0ff07000080fa00000006000200fa00be
:109050000000eb00000f7800305a8000b04288001a
:10906000030037001e0078000000e800000f7800c1
:109070001e007800e60f500008003c001e0078003b
:109080008000400040932f00008040009000780056
:10909000305a8000808f5000f2ff3a008001eb00d0
:1090a000720020008e00780010002000c5ff07002d
:1090b0001e0078008000400040932f000080400098
:1090c00010007800305a8800315a8000b042800089
:1090d000808f500017003200305a8000e10f50009e
:1090e00005003c00405a80000000e00002003a0009
:1090f00020002000405a8800305a8000e20f5000c3
:1091000002003a000000eb00405a8800305a80000c
:10911000e70f500002003a000000eb00405a8800c0
:10912000305a8000e50f500002003a009000200005
:10913000205a880070fb0700305a8000e30f50006f
:1091400002003a00500020000100370040002000db
:10915000e0468800305a8000800040008090200067
:109160000080400010007800801f7800c05b2f0056
:10917000801f7800e0b02000f1e20700e48757008c
:109180000080fa00000006000000fa008001eb00f9
:109190007200200001b520001000200089ff0700a8
:1091a000805a8000eb110700805a80008000400048
:1091b000c0112f000080400010007800801f780050
:1091c000705c2f00801f7800e0b02000dce2070018
:1091d000e48757000080fa00000006000000fa0053
:1091e0008001eb0022002000e1b4200010002000ec
:1091f00074ff070040fb0700705a800080004000a9
:10920000009b20000080400010007800801f780044
:10921000705d2f00801f7800e0b02000c8e20700da
:10922000e48757000080fa00000006000000fa0002
:109230008001eb00a200200081b42000100020007b
:1092400060ff0700405a80000000e0000800320084
:10925000405a8000801f7800105e2f00801f780029
:10926000e0b02000b6e20700e487570007003700af
:10927000f05e2f00801f7800c0772f00801f7800dd
:10928000e0b02000aee20700e48757000080fa005b
:10929000000006000000fa0023032000823e2000a8
:1092a000c1b42000a000200046ff0700605a8000e3
:1092b000600c8800605a8000801f780000602f00da
:1092c000801f7800e0b020009de20700e48757008f
:1092d0000080fa00000006000000fa008001eb00a8
:1092e00082bb2000a1b420002003200035ff07002e
:1092f000505a8000900c8800505a8000801f7800df
:10930000e0602f00801f7800e0b020008ce20700b2
:10931000e48757000080fa00000006000000fa0011
:10932000430620004238200021b52000a000200084
:1093300024ff0700905a8000cf80de00b6dc0700d3
:1093400002002000832c2400cbdd0700809fbe009c
:10935000b0612f00801f7800e0b0200078e20700a5
:10936000e68757000080fa00000006000000fa00bf
:109370008001eb003200200061b5200010002000c9
:1093800010ff0700b05a800080004000c08f20000e
:109390000080400010007800801f7800705d2f0072
:1093a000801f7800e0b0200065e20700e4875700e6
:1093b0000080fa00000006000000fa0040b520001e
:1093c00019ff0700a15a800040428000808f5000a2
:1093d0000e003200a05a800040428800a05a80004f
:1093e0000000e0000500320060042000c05a880040
:1093f00080022000d05a880004003700e0092000d5
:10940000c05a880080062000d05a8800a05a8000e8
:109410008000400040902000008040001000780054
:10942000801f7800b0402f00801f7800e0b020003f
:1094300043e20700e48757000080fa0000000600be
:109440000000fa00a05a80000000e0000600320090
:10945000230320004206200081b5200010002000d8
:10946000d8fe07000500370083072000420d2000ca
:1094700081b5200010002000d2fe0700a05a800015
:10948000117d2f00614078008000fb00c05a8000f1
:10949000811f7800801f7800f03f2f00801f780028
:1094a000403f2f00801f7800e0b0200024e207003a
:1094b000e88757000080fa00000006000000fa006c
:1094c000a05a80000000e0000b003200c05a80006b
:1094d000740050008001eb0000017800a1b520006d
:1094e00010002000b7fe0700d05a80000080e9007d
:1094f000204288000a003700c05a80008002b10074
:109500000302200000017800a1b520001000200017
:10951000acfe0700d05a8000640050002042880052
:10952000a05a8000117d2f00614078008000fb0070
:10953000d05a8000811f7800801f780050402f0093
:10954000801f7800403f2f00801f7800e0b020008f
:10955000fbe10700e88757000080fa0000000600e2
:109560000000fa0000b62000affe0700005b80009c
:1095700080004000409220000080400010007800f1
:10958000801f7800b0402f00801f7800e0b02000de
:10959000ebe10700e48757000080fa0000000600b6
:1095a0000000fa0020b620009ffe0700105b80003c
:1095b0008000400080922000008040001000780071
:1095c000801f780090622f00801f7800e0b020009c
:1095d000dbe10700e48757000080fa000000060086
:1095e0000000fa008001eb002200200041b62000bc
:1095f0001000200073fe0700205b80008000400008
:10960000a09920000080400010007800801f7800a2
:1096100050632f00801f7800e0b02000c8e10700f1
:10962000e48757000080fa00000006000000fa00fe
:1096300060b620007cfe0700305b800080004000a8
:10964000409a20000080400010007800801f7800c1
:1096500050632f00801f7800e0b02000b8e10700c1
:10966000e48757000080fa00000006000000fa00be
:109670008001eb0042002000c1b520001000200056
:1096800050fe0700e05a8000800040004096200015
:109690000080400010007800801f7800f0632f00e9
:1096a000801f7800e0b02000a5e10700e4875700a4
:1096b0000080fa00000006000000fa00a0b82000b8
:1096c00059fe0700505c800080004000809220001e
:1096d0000080400010007800801f7800705d2f002f
:1096e000801f7800e0b0200095e10700e487570074
:1096f0000080fa00000006000000fa0070408000c0
:1097000080004000e09620000080400010007800bb
:10971000801f7800c0772f00801f7800e0b0200005
:1097200087e10700e4875700e1b02000000820002f
:109730005f0507007040800080004000c09e200050
:10974000008040001000780000000100e1b020001f
:10975000000c2000560507000080fa0000000600fb
:109760000200fa00000f7800704080001e004000e8
:109770007040880070408000f00f500001003400fd
:109780000e28ef00704080000000e00002003d0065
:109790000001200070408800305a8000e30f500024
:1097a0000600320070408000f00f500003003a00c5
:1097b000704080001e0040007040880070408000b3
:1097c000f00f5000010034000e28ef0070408000c0
:1097d0000000e00002003d00000120007040880011
:1097e000305a8000e20f500009003400705a8000a7
:1097f000e10f50000600320070408000e30f50007f
:1098000003003a00704080001e0040007040880055
:10981000305a8000e20f500003003400305a8000bc
:10982000e70f50000b003a0070408000e20f50003c
:109830000a003a00704080001e004000704088001e
:1098400007003700704080001e0040007040880014
:109850000300370000000000010037000000000096
:10986000305a8000e70f500006003a007040800038
:10987000e20f5000f3ff320070408000e30f500011
:10988000f0ff320070408000f00f50000100340003
:109890000e28ef00704080000000e00002003d0054
:1098a000000120007040880042f4070070408000f2
:1098b00059f407000080fa00000006000200fa00d8
:1098c000000f78001e007800a5ff0700de28ef00db
:1098d00089ff070010002000f0468800a028200023
:1098e000ce0f07009a28ef000080fa000000060063
:1098f0000600fa00000f7800110798002207980070
:109900001e0090009e007800808f500004003a00f6
:10991000e1152000f0a42000a00f07000c00370084
:109920002e0090009e007800808f500004003a00c6
:10993000e1152000c0f62000980f07000400370052
:10994000805b800080007800a07f2100930f0700db
:109950000080fa00000006000600fa00889fbe00a2
:10996000f0f32f0000168800c222ef0080e02700ed
:1099700030168800c822ef00e0012400601688003d
:10998000ce22ef001000200090168800d422ef00b5
:10999000c0c72f00f0168800e022ef00000028006a
:1099a00020178800e622ef00cfa2a800e862a800f6
:1099b00040442500a0048800b1048000f08f2f00ef
:1099c000808060000050200001007000b00488001a
:1099d000c1048000f0f82f008080600000062000a5
:1099e00001007000c00488003f0f07001803070043
:1099f000cd0f0700f9f0070092f30700000f780081
:109a000034f3070010079800e0f207000000e000c0
:109a100001003200b1f207001bf30700705a80000a
:109a2000e20f500018003a00305a8000e20f500058
:109a300015003400305a8000e70f50001200320049
:109a4000824280001e00900080004000c09a2000ea
:109a500000804000900078001e00780080014000e7
:109a6000c09a20000080410010007800821f78001a
:109a7000811f7800801f780010652f00801f7800fc
:109a8000a7e00700e88757001e0078000000e0000c
:109a900003003a001e0090000000e0000d003200bc
:109aa00018050700f0692f00801f78009ce0070070
:109ab0008f87e900516e2f00406d2f00860407004c
:109ac000c9f1070033f307002af20700c05d200048
:109ad000520f0700a05b80007000b300a05b8800fd
:109ae00070168000620060000000e00003003a0091
:109af000710020001000200036fa0700505a800044
:109b0000900c8800605a8000600c8800205b800008
:109b10000103070070168000680060000000e0008c
:109b20000a003a0080382100c046880031792f00b1
:109b300020782f00680407000000000070168000e5
:109b4000680060000000e000fcff320030b7200039
:109b5000104078000004e0000e003200c0922f0098
:109b6000801f7800606f2f00801f780080502f00ca
:109b7000801f7800e0b0200071e00700e687570002
:109b800011702f00e0b0200053040700007d20007a
:109b9000000f7800004b2000d04388001e003700e3
:109ba000d04380000000e0001b003a00e1152000d7
:109bb000e0252100f90e0700c0922f00801f7800d9
:109bc00000722f00801f7800e0b020005ce00700ea
:109bd000e4875700e1b0200020712f003e04070009
:109be0004ff30700b1732f00a0722f003a04070053
:109bf000007d2000090f070010002000504288005f
:109c000090002000205a880050428000f50c070088
:109c10000000eb00000f7800a016800061006000db
:109c20000000e000deff3a00205a8000e90f5000fb
:109c30000200340090002000205a8800504280002a
:109c40000000e00003003a0041062000f0a42000dc
:109c5000d20e07004a28ef00e842a800e862a900f7
:109c6000caa2a9001e007800ec0e0700caa2a80034
:109c7000e842a900e862a900805a8000350f070079
:109c8000705a8000e20f500007003a00305a8000fe
:109c9000e20f500004003400305a8000e70f5000fb
:109ca00001003200a5fc0700111680000000220010
:109cb000008060000000e00001003a0048fa070060
:109cc000a05a800040428800a15b80000002200072
:109cd000008060000000e00002003200d05b8000e5
:109ce000010037000000eb0030418800f05a80008e
:109cf0000000e00002003a00205a80000100370016
:109d00009000200010428800d05a8000e4005000eb
:109d1000a05a8000000040000080400020428800df
:109d2000305a8000e30f500002003a00500020003b
:109d3000e04688000c040700a000200082f0070025
:109d4000cf80de0034da07000004be00605b8000d4
:109d5000cf80de0030da07000001be000800be0040
:109d600024dc07008040880091408800e00020004b
:109d700075f00700cf80de0027da07000041880079
:109d800011418800e05b8000cf80de0082cf25009b
:109d90000289b900020178007d02b90084017800cf
:109da0000301410083cf25000300b80001014100f9
:109db00082007800725b8000cf91de0030da07000d
:109dc0004041880051418800b15b8000c05b800049
:109dd00000805000cf80de000fda0700a04088002e
:109de000b140880044f80700a0282000d046880031
:109df0007e28ef003428ef003628ef00a0418000d5
:109e0000b14180008041880091418800e05a800083
:109e100060408800010037000000000050168000fc
:109e20006200600000f0a7000000ea000000e90006
:109e30004f00de00004078000080fb006100600001
:109e400000004000511680000110a10001007000c8
:109e5000501688009c28ef00401680004300de006a
:109e6000614060000080fb000042880000428000ea
:109e70000000e00001003a00a028ef00305a800006
:109e8000e30f50000c003a00505c80000000e0003e
:109e900009003a00004280000000e00002003a00a1
:109ea0005228ef0004003700a04280000000e000cc
:109eb00001003a00fbf9070000428000a042880040
:109ec000305a800080004000c09d2000008040008b
:109ed000100078000000010026fb0700f3f80700df
:109ee000a0282000d0438800111680000000220026
:109ef000008060000000e0003b003a00f04180007c
:109f00000000e00038003a00d04380000000e0008c
:109f100017003a00504080000000e00012003a00b4
:109f2000e1152000c0f620001c0e070010002000e4
:109f300050408800f17a2f00407a2f006603070016
:109f40009cf20700000000001116800000002200b3
:109f5000008060000000e000fbff3200800c200069
:109f60002e0e0700020037001000200053fe0700ed
:109f70001116800000002200008060000000e00058
:109f8000e1ff3200800c2000240e0700d043800047
:109f90000000e00013003200504080000000e000ac
:109fa0000e003a00604080000000e8006040880039
:109fb00061408000e04680000000e8000001780079
:109fc000110009008200d8008000fd006040880078
:109fd0006040800090f2070002003700100020006f
:109fe000dffd0700b90d0700504080000000e000d1
:109ff0002e013a00f04180000000e0008a003a00a3
:10a0000070168000700060000000e00012003a004e
:10a01000e04180000000a200e0418800815b8000f8
:10a02000e04180000000e00002003200a07f21003b
:10a0300001003700c0f62000d80d07000000000026
:10a0400070168000700060000000e000fcff32002d
:10a05000800c2000f10d0700111680000000210087
:10a06000008060000000e00025003a00305a8000c7
:10a07000e50f500022003200f05a80000000a200dc
:10a08000f05a8800100020002047880010002000af
:10a0900030428800f05a80000000e00006003200e4
:10a0a00080f90700205a800010428800a00020009c
:10a0b000205a88000200370010428000205a880091
:10a0c000815b8000f05a80000000e0000200320056
:10a0d000c0f6200001003700a07f2100af0d07006f
:10a0e00000000000111680000000210000806000c8
:10a0f0000000e000fbff3200800c2000c70d0700cd
:10a1000070168000620060000000e0000400320071
:10a1100070168000680060000000e00042003a0015
:10a12000004280000000e0003f003a0010002000e4
:10a1300030428800f05a80000000e0000900320040
:10a140000000eb00f05a880010428000205a88007e
:10a15000805b800080007800a07f21008f0d0700c9
:10a160002f003700215a80007016800062006000c6
:10a170000000e00002003a0010002000010037005b
:10a180000080eb0000804000205a88001200200070
:10a190009100200040b420000dfb0700205a8000f1
:10a1a0001200200091002000d1fd0700005b80001c
:10a1b0000000e00006003200205a800080004000cd
:10a1c0004093200000804000100078000500370018
:10a1d000205a800080004000a094200000804000b1
:10a1e0001000780080007800a00c2000b00207006a
:10a1f000a0282000890d0700701680006200600012
:10a200000000e000d7ff3200701680006800600098
:10a210000000e000d3ff3200205a80001042880086
:10a22000100020002047880000c8b300ff0007008e
:10a2300060408000e40f500002003c00c2f70700bd
:10a240005f0207006040800080004000009d200009
:10a25000008040001000780000000100205a8000bb
:10a2600080004000e0b22000008040001000780034
:10a2700080004000c0912000008040001000780065
:10a2800080007800000c200089020700f041800067
:10a290000000e0000300320073f707001040880060
:10a2a00017003700e04180000000e000120032009b
:10a2b000004280000000e0000c003200205a8000c4
:10a2c000ea0f500006003200205a80000000e00033
:10a2d00003003200a0762f001040880008003700ed
:10a2e00000772f00104088000500370060772f00ae
:10a2f000104088000200370040762f001040880090
:10a30000104080005d020700f05a8000800040008d
:10a310008091200000804000100078005702070064
:10a32000005b80000000e00006003200205a800040
:10a330008000400040932000008040001000780022
:10a3400005003700205a800080004000a0942000c3
:10a35000008040001000780048020700db0c070076
:10a36000200798002e0090000000e0002800320036
:10a370001000200030428800205a8000215a8000be
:10a3800001814000e1b2200081004100110178000c
:10a39000ae0090000100e00007003c00ae0090001d
:10a3a0000100e00002003d008080eb00010037006a
:10a3b0008000eb0001003700110020008100410007
:10a3c00000014000e0b220000000410001087800d8
:10a3d000205a80000000400080007800e0b2200099
:10a3e000008040000001eb003100200078fa0700f7
:10a3f000205a800080004000e0b220000080400031
:10a40000100078000001eb003100200038fd07004b
:10a4100038f90700004280000000e0001f00320011
:10a42000e04180000000e0001c003200f0418000ac
:10a430000000e00019003a00205a8000ea0f5000a6
:10a4400016003200205a80000000e00013003200a5
:10a45000104580000000e00010003a000045800038
:10a460000000e0000d003a00305a8000e30f500079
:10a4700006003a00505c80000000e00003003a0053
:10a48000904280000000e00004003200ca82a80070
:10a4900040c5b300e6e8b70020003700ca82a90033
:10a4a00020c5b300e6e8b7001c0037003c28ef00e9
:10a4b000ca82a90020c5b300e6e8b7008efc0700f9
:10a4c00070168000700060000000e00013003a0089
:10a4d000805b800080007800a07f2100af0c070027
:10a4e000210020000000eb00baf707000a28ef0067
:10a4f000a0282000d0468800740c07001a0207002c
:10a50000305a8000e30f50000400320060408000a9
:10a51000e50f500001003a000c28ef0042fa070056
:10a520000040800000000100a01680006100600073
:10a530000000e00038fe320050408000e10f500083
:10a5400007003a000080eb00dcfc0700a01680004a
:10a55000610060000000e000faff3a002ffe3700c3
:10a56000f2f707002dfe37000200fa00004f7800d6
:10a570000900fc00b1168000f00f20008080600010
:10a580001e80fb004800dd0001007000b01688004e
:10a5900010002000900c0700d6a2a8001000200098
:10a5a0008d0c0700d6a2a900100020008a0c07001d
:10a5b0000080fa00000006000200fa000400fc001f
:10a5c0009116800000f02f000100700090168800a6
:10a5d000d6c2a800d6e2a900100020007e0c070019
:10a5e000d6a2a800100020007b0c0700a116800056
:10a5f00000002800008f6000d6a2a9001e0078008d
:10a600000000e000f4ff3a00d6c2a900d6e2a8009c
:10a610000400fc0091168000f00f20000080600014
:10a62000901688000080fa00000006000200fa0080
:10a63000004f7800e0ff0700d6e2a9001e40780036
:10a64000c9ff0700d6e2a8000080fa00000006005b
:10a650000200fa000000eb00000f7800d6e2a9002b
:10a66000d6c2a900f00020006c0c0700e0c82f0043
:10a670001e00400010407800bbff07005000200083
:10a68000660c07001e0fe8001e007800e50f500062
:10a69000f6ff3400d6e2a800007d2000900c880070
:10a6a000c0122000600c88000080fa000000060044
:10a6b0000200fa00004f7800bfff07001e4078003c
:10a6c000a9ff07000080fa00000006000400fa005d
:10a6d000004f780011079800020037001e407800f4
:10a6e000f3ff07001e00900000f0a7000000ea0042
:10a6f0000000ea004f00de00004078009e0090005d
:10a700008100e900110798000004e000f3ff3a001f
:10a710000080fa00000006000200fa00000f780036
:10a7200000c4b300c1ff07001e007800e20f500014
:10a7300058003a00210020000040eb00e3ff070032
:10a740001100200000c1b300e0ff0700210020003d
:10a7500050c1b300ddff07001100200000c1b300ad
:10a76000daff0700210020000040eb00d7ff0700c0
:10a77000210020000040eb00d4ff07001100200062
:10a7800080c1b300d1ff070021002000d0c1b30079
:10a79000ceff07001100200080c1b300cbff0700ef
:10a7a000210020000040eb00c8ff0700210020002e
:10a7b0000040eb00c5ff070011002000c0c1b3003e
:10a7c000c2ff070021002000d0c1b300bfff070077
:10a7d00011002000c0c1b300bcff07002100200011
:10a7e0000040eb00b9ff0700210020000040eb0013
:10a7f000b6ff070011002000e0c1b300b3ff07005f
:10a8000021002000f0c1b300b0ff070011002000bc
:10a81000e0c1b300adff0700210020000040eb00c5
:10a82000aaff0700210020000040eb00a7ff07005f
:10a8300041002000f0c1b300a4ff07002100200068
:10a840000040eb00a1ff0700210020000040eb00ca
:10a850009eff070041002000f0c1b3009bff0700ee
:10a86000210020000040eb0098ff0700210020009d
:10a870000040eb0095ff07004100200000c1b3003d
:10a8800092ff0700210020000040eb008fff07002f
:10a89000b80037001e007800e10f500076003a0043
:10a8a000110020000040eb0088ff0700210020007d
:10a8b00000c1b30085ff07002100200050c1b30094
:10a8c00082ff07002100200000c1b3007fff0700c6
:10a8d000110020000040eb007cff07001100200069
:10a8e0000040eb0079ff07001100200000c1b30019
:10a8f00076ff07001100200080c1b30073ff07003e
:10a9000021002000d0c1b30070ff0700110020001b
:10a9100080c1b3006dff07001100200000c1b3002b
:10a920006aff0700110020000040eb0067ff0700ee
:10a93000110020000040eb0064ff07001100200020
:10a9400000c1b30061ff070011002000c0c1b300c7
:10a950005eff070021002000d0c1b3005bff0700ad
:10a9600011002000c0c1b30058ff070011002000f3
:10a9700000c1b30055ff0700110020000040eb00ac
:10a9800052ff0700110020000040eb004fff0700be
:10a990001100200000c1b3004cff0700110020008f
:10a9a000e0c1b30049ff070021002000f0c1b3005f
:10a9b00046ff070011002000e0c1b30043ff07007d
:10a9c0001100200000c1b30040ff0700110020006b
:10a9d0000040eb003dff0700110020000040eb00ad
:10a9e0003aff07001100200000c1b30037ff070045
:10a9f00041002000f0c1b30034ff07001100200027
:10aa000000c1b30031ff0700110020000040eb003f
:10aa10002eff0700110020000040eb002bff070075
:10aa20001100200000c1b30028ff070041002000f2
:10aa3000f0c1b30025ff07001100200000c1b300e2
:10aa400022ff0700110020000040eb001fff07005d
:10aa5000110020000040eb001cff070061002000f7
:10aa600000c1b30019ff0700110020000040eb00f7
:10aa700016ff07003f003700210020000040eb00d8
:10aa800012ff07003100200000c1b3000fff0700d4
:10aa9000310020000040eb000cff070011002000f7
:10aaa0000040eb0009ff07005100200000c1b30087
:10aab00006ff0700210020000040eb0003ff070015
:10aac000110020000040eb0000ff070051002000b3
:10aad00000c1b300fdfe0700210020000040eb0094
:10aae000fafe0700110020000040eb00f7fe07000f
:10aaf0005100200040c1b300f4fe070021002000f7
:10ab00000040eb00f1fe0700110020000040eb00c8
:10ab1000eefe07005100200040c1b300ebfe07002d
:10ab2000210020000040eb00e8fe0700110020009b
:10ab30000040eb00e5fe07005100200050c1b300cb
:10ab4000e2fe0700210020000040eb00dffe0700ce
:10ab5000210020000040eb00dcfe07003100200057
:10ab600000c1b300d9fe0700310020000040eb0017
:10ab7000d6fe0700110020000040eb00d3fe0700c6
:10ab800011002000c0c1b300d0fe0700110020005a
:10ab900040c1b300cdfe070011002000c0c1b300ca
:10aba000cafe0700410020000040eb00c7fe07007e
:10abb00010c0b3009dfe07000080fa0000000600f0
:10abc0000800fa00300798000000eb00100798001a
:10abd000be00900000032000808f5000020034006f
:10abe00000032000300798003e019000b0aa220028
:10abf0000090b9004f91de000280500020079800bd
:10ac00003e009000b1aa22000181b900cf80de0091
:10ac1000818051006609b90082007800010050006f
:10ac2000000f78009e0090002e009000808f500052
:10ac300003003d0050c0b3009dfe07000500370033
:10ac40001e0078000040780099fe07000000eb002d
:10ac5000000f78001e0090000000e8001007980028
:10ac60001e009000e70f5000eeff340060c0b300fc
:10ac70008ffe07000080fa00000006000000fa00c6
:10ac8000881f78000004780003003700184078001f
:10ac90000804e80086fe0700184078000004e00081
:10aca000faff3a004f0478000080fa000000060026
:10acb0000400fa00000f7800110798001e007800c9
:10acc0000040780059fe07001e009000ebff0700cf
:10acd0000080fa00000006000400fa00000f78006f
:10ace000110798009e00780010002000f0ff070078
:10acf0009e009000000c2000edff07000080fa008d
:10ad0000000006000600fa00008fbe00220798002f
:10ad10002e009000c200dd00c0cc2f00008040005b
:10ad20001000be000001be001e00be0052d707008a
:10ad30002e0190008201410002cb200002814100df
:10ad400012017800809fbe00821f7800e0b02000d2
:10ad5000fbdb0700e6875700e0b02000c7ff0700d5
:10ad60000080fa00000006000000fa000001200048
:10ad700080478800804780000000e9008047880005
:10ad80008047800001c820000041eb0082707800fd
:10ad9000804780000000e000f6ff3a000080fa00e3
:10ada000000006000200fa00200020008cef0700df
:10adb000030b07000004e00041003200120b070003
:10adc000004f78001e407800ea4f50003b003200f0
:10add00080478000e10f500009003200e20f500070
:10ade0000d0032000000e00011003a00d0c3b300b3
:10adf0009e40780080cf50002400320030003700a1
:10ae000020c4b3009e40780080cf50002100320063
:10ae1000f028ef002a0037001e00fb000003b100fd
:10ae2000e90f50001d003600f028ef002400370025
:10ae30001e407800ed4f500012003a00804780001d
:10ae40001e41780001c820008270780000c82000f0
:10ae50000080e80044db0700205a8800205a800068
:10ae60000000e00003003400205a8000e90f500089
:10ae700002003400a0002000205a880010002000aa
:10ae800070478800b8ff07000d0037000000000081
:10ae90000300370000000000010037000000000040
:10aea000804780001e41780001c820008270780031
:10aeb0000000e80080478800010037000000000023
:10aec0000080fa00000006000a00fa00008fbe00b1
:10aed0002207980034079800450798002e0090003c
:10aee000cf80de00ccd507001e01be00c1d7070011
:10aef0003e019000ce019000dfd607000080fa00ee
:10af0000000006000400fa00e06d2e00801f7800ab
:10af1000e06d2e00801f7800a08a2e00801f780030
:10af2000f08a2e00801f7800408b2e00801f780052
:10af3000c9da0700ea8757000000eb00000f78002d
:10af4000190037008e80e8001e01780000002f00f5
:10af5000000041001300200001017800800078000b
:10af6000f00720000aec07001e0078006f00600068
:10af70000000e00005003a009e1f7800008e2e00c1
:10af8000801f7800b4da0700e48757001e009000a5
:10af9000801f7800908e2e00801f7800aeda0700a8
:10afa000e48757001e8fe800f01020009e00780014
:10afb000808f5000e3ff3400e06d2e00801f78008a
:10afc000e06d2e00801f7800f08e2e00801f78002c
:10afd000a1da0700e68757000080fa0000000600ab
:10afe0000600fa00008fbe00220798001e01be0076
:10aff0001e00be007fd70700008fbe00705b800080
:10b0000004c22b00e5cb2400000178001e00be0026
:10b01000adff07002e019000821f7800809fbe00c8
:10b0200000692e00801f78003ddb0700e88757008d
:10b030000080fa00000006000400fa00008fbe0045
:10b04000505b800004002500358424000001780056
:10b050001e00be009cff0700e28f2e00821f7800ba
:10b06000809fbe0070682e00801f78002cdb0700d8
:10b07000e88757000080fa00000006000400fa008c
:10b08000008fbe00605b80000440220045972400d2
:10b09000000178001e00be008bff070032902e00da
:10b0a000821f7800809fbe0070682e00801f78008d
:10b0b0001bdb0700e88757000080fa00000006004d
:10b0c0000600fa001007980021079800305a800007
:10b0d000e60f500006003a001e009000ae009000ff
:10b0e0002cd5070000007800e3f5070005003700c5
:10b0f0001e009000ae00900026d5070000007800ea
:10b10000c2f50700000f78001e00780080004000a4
:10b11000c0c120000080400010007800801f78002f
:10b120009e1f780090902e00801f78004ada07005a
:10b13000e68757000080fa00000006000400fa00cd
:10b14000008fbe0022912e001e00be00a4ff07004b
:10b150000080fa00000006000400fa00008fbe0024
:10b16000105c8000cf80de002bd507000001be0000
:10b170001e00be005bd50700008fbe00a2912e000e
:10b180001e00be0096ff07000080fa0000000600c7
:10b190000400fa00008fbe00a05a80000000e0000a
:10b1a0000a003200d2a32000331824001e00be0083
:10b1b00031d60700809fbe00106a2e00801f7800e5
:10b1c000d7da0700e68757000c003700a29929005c
:10b1d000131124001e00be0027d607000200200025
:10b1e000032024003fd50700809fbe00106a2e0078
:10b1f000801f7800cada0700e6875700a05a80004f
:10b200008000400040902000008040001000780046
:10b21000801f780020922e00801f7800c0da07007f
:10b22000e48757000080fa00000006000000fa00e2
:10b2300050922e00801f780007da07008f87e90000
:10b240003e28ef000080fa00000006000000fa002f
:10b25000a0932e00801f7800ffd907008f87e90098
:10b26000f04180000010a000f04188000080fa004a
:10b27000000006000000fa00d0942e00801f780025
:10b28000f5d907008f87e900f04180000000a00099
:10b29000f04188000080fa00000006000000fa007b
:10b2a000c0952e00801f7800ebd907008f87e9003a
:10b2b000f04180000020a000f04188000080fa00ea
:10b2c000000006000000fa00a05b8000680060003b
:10b2d0000000e0000a003200b0642e00801f7800f9
:10b2e00030972e00801f7800dbd90700e4875700d5
:10b2f000f04180000030a000f041880008003700d5
:10b3000010672e00801f7800b0642e00801f780028
:10b31000c0972e00801f7800cfd90700e68757001e
:10b320000080fa00000006000000fa00a15b800027
:10b3300000022000008060000000e0000c003200ed
:10b3400040662e00801f780080652e00801f7800e8
:10b3500050982e00801f7800bfd90700e68757005d
:10b36000f04180000040a000f04188000a00370052
:10b3700010672e00801f780040662e00801f780026
:10b3800080652e00801f780000992e00801f7800b5
:10b39000b1d90700e88757000080fa0000000600d6
:10b3a0000000fa00a15b8000000220000080600025
:10b3b0000000e0000a00320080652e00801f780047
:10b3c000b0992e00801f7800a3d90700e4875700aa
:10b3d000f04180000050a000f041880008003700d4
:10b3e00010672e00801f780080652e00801f780077
:10b3f000a09a2e00801f780097d90700e687570093
:10b400000080fa00000006000000fa00309b2e00c9
:10b41000801f780090d907008f87e900f003200093
:10b42000f04188000080fa00000006001200fa00d7
:10b43000881f7800620907000004e00062043200ff
:10b44000710907000080fb004ada07006047980096
:10b450006e4090000080fb006101b90010fc2f00dd
:10b46000f1ff2f000200400083804800b20120005d
:10b4700003002000820f5000838f580047043e00d5
:10b48000006001001b003700440437006d003700e6
:10b49000aa003700ba00370010013700200137003a
:10b4a000c2023700c302370012003700ed02370036
:10b4b000150337005f033700ab033700eb0337009a
:10b4c00036043700350437003404370033043700be
:10b4d0003204370031043700300437002f043700be
:10b4e0002e0437002d0437002c0437002b043700be
:10b4f0001904370091f60700e06d2e00801f7800d8
:10b50000e06d2e00801f7800709c2e00801f780058
:10b5100003da0700e6875700509e2e00801f780050
:10b52000ffd907008f87e90000a02e00801f780058
:10b53000fbd907008f87e90010782e00801f780064
:10b5400070a12e00801f7800f5d90700e48757000e
:10b55000905e2e00801f7800e0a12e00801f7800f2
:10b56000efd90700e487570070a22e00801f7800f3
:10b57000ebd907008f87e90010a52e00801f780007
:10b58000e7d907008f87e90030a72e00801f7800d9
:10b59000e3d907008f87e900e0a82e00801f78001c
:10b5a000dfd907008f87e900f0732e00801f780035
:10b5b00070ab2e00801f7800d9d90700e4875700b0
:10b5c000e0712e00801f7800e0ab2e00801f780015
:10b5d000d3d90700e487570050ac2e00801f7800b5
:10b5e000cfd907008f87e90080602e00801f780088
:10b5f000d0ad2e00801f7800c9d90700e48757001e
:10b60000b0622e00801f780040ae2e00801f7800b0
:10b61000c3d90700e4875700e06d2e00801f780033
:10b62000e06d2e00801f780090752e00801f78003e
:10b63000b0ae2e00801f7800b9d90700e887570008
:10b64000e1033700e06d2e00801f7800e06d2e00d2
:10b65000801f780090af2e00801f780010b02e0061
:10b66000801f780070b02e00801f7800d0b02e00b0
:10b67000801f780050b12e00801f7800a8d90700e5
:10b68000ee87570090002000200798002e009000c1
:10b690002dea0700000f98000e089000cf80de0012
:10b6a000ddd30700040020000558240052002000cc
:10b6b00005fe07000e099000809fbe00821f7800e3
:10b6c000ae009000811f780010b32e00801f78001c
:10b6d00093d90700ea8757002e00900069005000b8
:10b6e0008000400020c3200000804000100478004b
:10b6f0000e089000cf80de00c7d3070008000100cd
:10b700002e0090000000e800200798002e00900016
:10b71000ee0f5000ddff3400e06d2e00801f78003a
:10b72000e06d2e00801f780050b42e00801f78003e
:10b730007bd90700e6875700a303370010782e0057
:10b74000801f7800e0b42e00801f780074d90700b5
:10b75000e4875700ac080700674060006047980026
:10b760006e4090000080fb0080004000e0c320009d
:10b7700000804000100078000000010092033700b4
:10b7800010b72e00801f780065d907008f87e90069
:10b7900090702e00801f7800905e2e00801f780031
:10b7a00040b72e00801f78005dd90700e68757005c
:10b7b000950807000081fb00b0aa2a000010b8001d
:10b7c0000100d1006300b9000000780000005100c2
:10b7d000604798006e4090000080fb0080004000b1
:10b7e000a099200000804000900078006e409000fa
:10b7f0000080fb00811f7800801f7800e0b82e00d9
:10b80000801f780046d90700e68757006e409000f9
:10b810000080fb00c0fb07000040eb006047980081
:10b820000000eb002007980040ccb3007ffb07002e
:10b83000b0c5b3009efb07006e4090009cfb070064
:10b840006e4090000080fb00801f780080b92e00c1
:10b85000801f7800e0b02000acd80700e4875700d4
:10b86000e0b0200005fd070040c8b3006ffb0700f3
:10b870002e009000d2fc0700a0002000e707070080
:10b880002e0090000000e80020079800ae00900015
:10b8900000032000808f5000f3ff34006e409000c2
:10b8a0000040e80060479800401f2000db070700c9
:10b8b000430807000004e000d9ff320052080700e7
:10b8c000205b800094fb0700f0762e00801f78003c
:10b8d00013d907008f87e9003b03370010ba2e0009
:10b8e000801f78000ed907008f87e9000000eb0069
:10b8f000000f980012002000010f2f00f007200019
:10b90000b0e907007000470013002000020f2f006d
:10b91000f1072000cce907007afd07002a03370071
:10b92000e06d2e00801f780010bc2e00801f780074
:10b9300090bc2e00801f780000bd2e00801f780074
:10b9400020bd2e00801f7800e0be2e00801f7800f2
:10b95000f3d80700ec875700605b8000801f7800f9
:10b9600060c12e00801f7800edd80700e4875700e3
:10b97000505b8000801f780060c32e00801f78001d
:10b98000e7d80700e4875700705b8000801f7800cd
:10b9900060c52e00801f7800e1d80700e4875700bb
:10b9a000105c8000801f780060c72e00801f780028
:10b9b000dbd80700e487570060c92e00801f78009d
:10b9c000d7d807008f87e900805b80000000e00087
:10b9d00007003200805b8000801f780000cb2e00c3
:10b9e000801f7800ced80700e48757000400370096
:10b9f00090cb2e00801f7800c9d807008f87e90000
:10ba0000f0cb2e00801f7800c5d807008f87e90093
:10ba100020b7200010407800e14f500005003a00a8
:10ba200090cd2e00801f7800bdd807008f87e900d9
:10ba30000800370020b72000104078000080fb008d
:10ba4000801f780030ce2e00801f7800b4d8070009
:10ba5000e487570080ce2e00801f7800b0d8070002
:10ba60008f87e900a05b8000680060000000e000b4
:10ba700010003200685b8000b05b8000cf80de0089
:10ba8000e5d2070004402200459724000801780011
:10ba90000dfd0700b25b8000809fbe00821f780012
:10baa000206b2e00801f78009dd80700e887570084
:10bab0000600370040498000801f780020d02e000b
:10bac000801f780096d80700e487570070d02e00ba
:10bad000801f780092d807008f87e900a15b800063
:10bae00000022000008060000000e0001000320032
:10baf000685b8000c05b8000cf80de00c6d207009c
:10bb0000044022004597240008017800eefc07005d
:10bb1000c25b8000809fbe00821f7800206b2e00d9
:10bb2000801f78007ed80700e8875700060037009e
:10bb300040498000801f780020d02e00801f7800b0
:10bb400077d80700e487570010d22e00801f7800b6
:10bb500073d807008f87e900a15b800000022000f6
:10bb6000008060000000e00010003200685b800090
:10bb7000d05b8000cf80de00a7d207000440220007
:10bb80004597240008017800cffc0700d25b8000b5
:10bb9000809fbe00821f7800206b2e00801f7800df
:10bba0005fd80700e887570006003700404980004b
:10bbb000801f780020d02e00801f780058d8070002
:10bbc000e4875700e05b8000801f7800b0d32e0030
:10bbd000801f780052d80700e4875700f05b800090
:10bbe000015c8000809fbe00b0d52e00801f7800d1
:10bbf0004bd80700e687570030b720001040780088
:10bc00000080fb0080004000809220000080400007
:10bc100010007800801f7800c0d72e00801f7800a9
:10bc20003fd80700e4875700e06d2e00801f7800a2
:10bc3000a0d92e00801f780060db2e00801f7800c6
:10bc400037d80700e6875700305a80008000400050
:10bc5000809020000080400010007800801f780055
:10bc600010dc2e00801f78002dd80700e4875700d5
:10bc7000f0dd2e00801f780029d807008f87e900ab
:10bc8000405a80000000e00007003200405a800067
:10bc9000801f780090df2e00801f780020d80700da
:10bca000e48757000400370050e02e00801f780022
:10bcb0001bd807008f87e90090e02e00801f7800d6
:10bcc00017d807008f87e900805a80008000400065
:10bcd000c0112f000080400010007800801f780005
:10bce00000e32e00801f78000dd80700e48757007e
:10bcf000605a8000801f780060e52e00801f780069
:10bd000007d80700e4875700505a8000801f78004a
:10bd100060e72e00801f780001d80700e4875700f5
:10bd2000905a8000cf80de003bd207000200200046
:10bd3000832c240050d30700809fbe0060e92e00b2
:10bd4000801f7800f6d70700e6875700b05a8000ba
:10bd50008000400040c120000080400010007800ba
:10bd6000801f780060eb2e00801f7800ecd7070062
:10bd7000e4875700a05a80008000400040902000d7
:10bd80000080400010007800801f780040ed2e00f9
:10bd9000801f7800e2d70700e4875700a05a800090
:10bda000117d2f00614078008000fb00c05a8000a8
:10bdb000811f7800801f780020ef2e00801f780000
:10bdc000806a2e00801f7800d5d70700e8875700cb
:10bdd000a05a8000117d2f00614078008000fb0098
:10bde000d05a8000811f7800801f7800c0f02e009c
:10bdf000801f7800806a2e00801f7800c8d7070057
:10be0000e8875700005b80008000400040922000df
:10be10000080400010007800801f780060f22e0043
:10be2000801f7800bed70700e4875700105b8000b2
:10be300080004000809220000080400010007800c8
:10be4000801f780040f42e00801f7800b4d70700d0
:10be5000e4875700505c8000800040008092200002
:10be60000080400010007800801f780020f62e002f
:10be7000801f7800aad70700e4875700205b800066
:10be800080004000a0992000008040001000780051
:10be9000801f780000f82e00801f7800a0d70700d0
:10bea000e4875700305b800080004000409a20000b
:10beb0000080400010007800801f7800e0f92e001c
:10bec000801f780096d70700e4875700e05a80006b
:10bed0008000400040962000008040001000780064
:10bee000801f7800c0fb2e00801f78008cd70700d1
:10bef000e4875700e041800080004000c0922000ad
:10bf00000080400010007800801f7800a0fd2e0007
:10bf1000801f780082d70700e4875700f05a80001e
:10bf20008000400000932000008040001000780056
:10bf3000801f780080ff2e00801f780078d70700d0
:10bf4000e4875700005b80000000e000060032003c
:10bf5000104280008000400040932000008040009c
:10bf6000100078000500370010428000800040007b
:10bf7000a09420000080400010007800801f78000e
:10bf8000106c2e00801f780065d70700e4875700eb
:10bf9000e06d2e00801f780020922e00801f780018
:10bfa0005fd70700e487570087013700d5fb0700fc
:10bfb00085013700604280000000a20060428800d6
:10bfc000604280000000e000150032006042800006
:10bfd0008000400080922000008040001000780027
:10bfe000801f780050792e00801f78004cd7070002
:10bff000e4875700a07a2e00801f780048d70700fa
:10c000008f87e900e06d2e00801f780060012f000f
:10c01000801f780042d70700e48757006a01370085
:10c02000e06d2e00801f7800e0012f00801f780057
:10c030003bd70700e4875700604280008000400043
:10c04000809220000080400010007800801f78005f
:10c0500050792e00801f780031d70700e487570001
:10c0600059013700f0732e00801f780040022f0026
:10c07000801f78002ad70700e487570010002000af
:10c08000200798002e00900080004000e0b22000c1
:10c090000080400010007800630050000000400065
:10c0a000000178002e00900080004000e0b22000e7
:10c0b00000804000100078008000e8002e00900012
:10c0c00080014000a0942000008041001000780012
:10c0d000821f7800811f7800801f780090022f0057
:10c0e000801f78000ed70700e88757002e009000c9
:10c0f0000000e800200798002e009000e90f500093
:10c10000e0ff34003001370090702e00801f78006f
:10c11000e0712e00801f780020042f00801f78001f
:10c12000ffd60700e687570037060700a05a8000b1
:10c13000117d2f0061407800604798006000b800d2
:10c14000008fbe000000eb0020079800e0002000f8
:10c150007de70700cf80de002fd107000001be0081
:10c160001e00be005fd10700008fbe002e009000b1
:10c170000000e800200798002e009000e90f500012
:10c18000f2ff3400a05a80000000e00006003200f8
:10c19000c2cc2c00333224001e00be0036d2070071
:10c1a000008fbe000a00370002002000632b24002d
:10c1b0001e00be0030d20700008fbe00020020002b
:10c1c000032024001e00be0046d10700008fbe00e1
:10c1d0006e4090000080fb00ee4090000181fb006b
:10c1e000801f78001e00be00809fbe00821f780066
:10c1f0001e00be00809fbe00605c2e00801f780085
:10c20000c7d60700ee8757002003200083050700ec
:10c21000eb0507000004e000c8ff3200fa05070044
:10c22000f0762e00801f7800bdd607008f87e900ca
:10c23000e500370010062f00801f7800b8d60700f1
:10c240008f87e9000606070040079800510798000d
:10c250004e019000de019000300620000100200019
:10c26000800f5100818f5900070034004e0190006b
:10c27000de01900000fa200001002000800f510034
:10c28000818f590005003400407d2e00801f78000a
:10c29000a3d607008f87e900cb0037004e0090003f
:10c2a000de00900000004000818048000001be00d8
:10c2b0000000280001072000f1d007006007980067
:10c2c000710798004e009000de009000809fbe0035
:10c2d00000092f00801f780091d60700e6875700dd
:10c2e000400a2f00801f78008dd607008f87e90055
:10c2f000db05070040079800510798004e019000a9
:10c30000de0190009000200001002000800f51000d
:10c31000818f5900070034004e019000de0190002b
:10c3200000d0270001002000800f5100818f5900ac
:10c3300005003400407d2e00801f780078d607006d
:10c340008f87e900a0003700ce0090006e009000bb
:10c350001205070010b72e00801f780070d6070066
:10c360008f87e9009800370080602e00801f7800da
:10c3700040022f00801f780069d60700e48757002d
:10c3800010c0b300a9f807000000eb0020079800d8
:10c390009d050700604798002e009000f00f5000a8
:10c3a00002003a0000ccb300a0f807006e409000f5
:10c3b000ed4f500004003200ae009000000220005b
:10c3c000808f500004003a0010c0b30097f80700b7
:10c3d0000000eb00200798006e4090000080fb00fa
:10c3e00001fe2f0080804000e0052000808f50007b
:10c3f0000d003e006e4090000080fb00801f780022
:10c40000500c2f00801f780045d60700e4875700a6
:10c410006e409000a6f807002e0090000000e80093
:10c4200020079800090037006e4090000080fb0054
:10c43000717e2e00811f7800801f7800500d2f0024
:10c44000801f780036d60700e68757006e409000c0
:10c45000fb4f5000ceff3a00f0762e00801f780090
:10c460002fd607008f87e90057003700b0622e00f3
:10c47000801f780040022f00801f780028d6070018
:10c48000e487570010c0b30068f807000000eb0015
:10c4900020079800b1050700604798002e00900023
:10c4a000f00f500002003a0000ccb3005ff8070024
:10c4b000ae00900000022000808f500004003a007f
:10c4c00010c0b30059f807000000eb0020079800e7
:10c4d0006e40900076f807006e4090000080fb00f0
:10c4e00001fe2f0080804000e0052000808f50007a
:10c4f0000b003e002e0090000000e800200798008e
:10c500006e4090000080fb00801f7800a00e2f007e
:10c51000801f780002d60700e48757000600370026
:10c52000707e2e00801f7800200f2f00801f780063
:10c53000fbd50700e48757006e409000fb4f50008a
:10c54000d4ff3a00f0762e00801f7800f4d5070063
:10c550008f87e9001c00370010002000200798009a
:10c560000000eb00000f980090752e00801f7800ef
:10c5700040022f00801f7800e9d50700e4875700ac
:10c580000e089000ae009000000178001100090034
:10c590008200d800200798000b0037006e40900002
:10c5a0008080fb006e4090000080fb00811f7800bf
:10c5b000801f7800a00f2f00801f7800d8d50700bb
:10c5c000e68757000a0507004f0478000080fa004c
:10c5d000000006000600fa001007980021079800e6
:10c5e0000000eb00000f7800f04680000000e00043
:10c5f0000200320035040700000f78001e007800aa
:10c600000000e00004003400a15b80001e009000e8
:10c6100001007000a05b88001e0078000000e000b0
:10c6200004003d00a15b80002e00900000806000af
:10c63000a05b88000080fa00000006001000fa00ed
:10c64000008fbe0022079800330798004407980027
:10c650005507980066079800770798009e0090009d
:10c660002e0090000088b90000017800be00900004
:10c670001e0078000088b900000078000001410029
:10c680009e0078002e0090000008b80001014100d3
:10c6900082007800008fbe00008fbe001e01be0029
:10c6a0004e009000de009000800f5100818f5900f5
:10c6b000030036004e019000de019000028fbe00a4
:10c6c0001e01be006e009000fe009000800f510021
:10c6d000818f5900030031006e019000fe0190002f
:10c6e000028fbe002e019000be0190001e00be0011
:10c6f00097cf0700000078000080fa0000000600d5
:10c700000000fa00f05a8000800040008091200074
:10c71000008040001000780058f90700205a80007f
:10c7200080004000a09420000080400010007800ad
:10c7300052f907000080fa00000006000000fa002d
:10c74000c000200000e6070040598800d00020000b
:10c75000fde50700505988000080fa00000006003f
:10c760000000fa00889fbe00e328210062672100d4
:10c77000c1b620001000200012f20700a000200027
:10c78000f1e50700cf80de00a3cf07000004be0064
:10c79000605b8000cf80de009fcf07000001be00fd
:10c7a0000800be0093d107004200200055f90700a1
:10c7b000605b8000801f780050972f00801f7800fa
:10c7c000b0952f00801f7800e0b020005cd50700f6
:10c7d000e68757004f04be000080fa000000060004
:10c7e0000000fa0090002000d7e5070010598800eb
:10c7f000c35d200002fa2000a1b620001000200036
:10c80000f0f10700beff070080eb0700505b8000df
:10c81000801f780050972f00801f7800b0952f0060
:10c82000801f7800e0b0200045d50700e68757005c
:10c830000080fa00000006000000fa00bfff0700b9
:10c84000e32e2000c25d2000e1b620001000200091
:10c85000dcf10700aaff0700b7eb0700705b800060
:10c86000801f780050972f00801f7800b0952f0010
:10c87000801f7800e0b0200031d50700e687570020
:10c880000080fa00000006000000fa00abff07007d
:10c890008001eb006209200021b820001000200078
:10c8a000c8f1070096ff0700a3eb0700105c8000ab
:10c8b000801f7800c0972f00801f7800b0952f0050
:10c8c000801f7800e0b020001dd50700e6875700e4
:10c8d0000080fa00000006000000fa008001eb0072
:10c8e0004206200001b7200010002000b5f107002b
:10c8f000805b80000000e00008003200805b800068
:10c90000801f7800d0a22f00801f7800e0b02000a8
:10c910000bd50700e4875700070037004049800027
:10c92000801f780080a32f00801f7800e0b02000d7
:10c9300003d50700e48757000080fa0000000600d6
:10c940000200fa0020b72000104078000080fb00b1
:10c95000000f780013002000020120008e007800f4
:10c960001000200097f107001e007800804078003a
:10c9700020b720000148780020b720001040780040
:10c980008080fb0020b72000104078000004a20047
:10c990000080fb000000e9004f00de0000014000c5
:10c9a00040bf20000000410010007800811f780087
:10c9b000801f780020a42f00801f7800e0b02000a6
:10c9c000dfd40700e68757000080fa000000060069
:10c9d0000000fa0071032000f0002000fdfe0700b7
:10c9e000a05b8000680060000000e00002003200f0
:10c9f000504980000100370040498000801f7800c6
:10ca000040942f00801f7800e0b02000ccd40700b5
:10ca1000e48757000080fa00000006000000fa00da
:10ca2000889fbe00f04680000000e0000400320055
:10ca3000b85b80002503070000004400b05b88005d
:10ca4000605b8000cf80de00b25b80006114b900c3
:10ca500006f82900570d2000041c2e00450e20006a
:10ca60000001be000800be00f4fe0700b05b8800b5
:10ca7000b05b8000cf80de00e7ce07000004be0080
:10ca8000605b8000cf80de00e3ce07000001be00c7
:10ca90000800be00d7d007000240220043972400c0
:10caa000f5cf0700809fbe00e0942f00801f780024
:10cab000e0b02000a2d40700e68757004f04be0074
:10cac0000080fa00000006000000fa00f1002000db
:10cad00070032000bffe0700a15b80000002200061
:10cae000008060000000e000020032005049800039
:10caf0000100370040498000801f780040942f00db
:10cb0000801f7800e0b020008dd40700e487570034
:10cb10000080fa00000006000000fa00889fbe00b6
:10cb2000f04680000000e00004003200c85b800096
:10cb3000e602070000004400c05b8800605b8000e4
:10cb4000cf80de00c25b80006114b900067a23004a
:10cb5000070a2000049e2700f50a20000001be00fd
:10cb60000800be00b5fe0700c05b8800c05b800007
:10cb7000cf80de00a8ce07000004be00605b80000e
:10cb8000cf80de00a4ce07000001be000800be007a
:10cb900098d007000240220043972400b6cf070038
:10cba000809fbe00e0942f00801f7800e0b020003e
:10cbb00063d40700e68757004f04be000080fa00e8
:10cbc000000006000800fa00889fbe00c15b8000dc
:10cbd000a0478000808f500008003200d15b8000a9
:10cbe000c25b8000a0478000000051000080400030
:10cbf000d05b8800c05b8000a0478800c05b8000dd
:10cc00006101b900605b8000cf80de00009ab9004e
:10cc100004027800028bb900860278000502420007
:10cc20000010b80001024200840078000250230086
:10cc3000c3002000021f400003974800001a25008f
:10cc400051ff2f003e014000ae8148000200be00af
:10cc50002007980031079800f04680000000e000af
:10cc600004003200d85b80009802070000004400f6
:10cc7000d05b88002e029000be0290001e01be0014
:10cc8000605b8000cf80de00d65b80006134b9003d
:10cc90000403be000202be000001be000800be0088
:10cca00066fe0700d05b8800d05b8000cf80de008e
:10ccb00059ce07000004be00605b8000cf80de001c
:10ccc00055ce07000001be000800be0049d0070095
:10ccd000024022004397240067cf0700809fbe00d8
:10cce000e0942f00801f7800e0b0200014d40700eb
:10ccf000e68757004f04be000080fa0000000600df
:10cd00000000fa00881f7800f04680000000e00074
:10cd100004003200e85b80006c0207000000440061
:10cd2000e05b8800e05b8000cf80de0086022000b0
:10cd300007002000040a2000050020001200200047
:10cd4000030020003dfe0700e05b8800e05b800000
:10cd5000801f780010a52f00801f7800e0b0200011
:10cd6000f7d30700e48757004f0478000080fa00eb
:10cd7000000006000000fa00889fbe00fde90700e1
:10cd8000809fbe0060962f00801f7800e0b02000da
:10cd9000ebd30700e6875700e0b02000b7f70700a5
:10cda000f04680000000e00008003200f85b8000e0
:10cdb000095c800045020700cf80de0008004000cb
:10cdc00089804800f05b8800015c8800f25b80008d
:10cdd000035c800090392400f1002000800f510096
:10cde000818f59000400340090392400f1002000a4
:10cdf000f05b8800015c8800f25b8000035c8000cf
:10ce0000800c2400f1002000800f5100818f590018
:10ce100004003c00900c2400f1002000f05b88002e
:10ce2000015c8800f05b8000015c8000809fbe0098
:10ce300000a62f00801f7800e0b02000c0d30700bc
:10ce4000e68757004f04be000080fa00000006008d
:10ce50000200fa0030b72000104078000080fb008c
:10ce6000000f78000e0078006ff007001e007800b9
:10ce70008040780030b72000014878001e0078001c
:10ce80008000400080922000008040001000780068
:10ce9000801f7800c0a62f00801f7800e0b020001f
:10cea000a7d30700e48757000080fa0000000600bf
:10ceb0000000fa00904780008000400080bd200004
:10cec00000804000100078008000780000082000fa
:10ced00077f70700904780008000400080bf200067
:10cee000008040001000780000000100e1b0200048
:10cef000000c20006ef7070090478000e90f5000fb
:10cf000002003200c05b8000a04788000080fa0069
:10cf1000000006000200fa00000f78009047800031
:10cf20001e00400090478800a05b80006800600001
:10cf30000000e00006003a0090478000e70f500034
:10cf400003003a00904780001e0040009047880090
:10cf5000a15b800000022000008060000000e00073
:10cf60000c003a0090478000e90f500003003200a7
:10cf700090478000ea0f500006003a001e0078003b
:10cf80000000400080007800904780000080400052
:10cf90009047880090478000ed0f5000010034005a
:10cfa000f228ef00904780000000e00002003d0002
:10cfb000d00020009047880090478000e50f500087
:10cfc00002003a00a028200001003700400620009f
:10cfd000d0468800904780008fe607000080fa0066
:10cfe000000006001a00fa00400f98000000eb0055
:10cff000000f78000000eb00305b88001e00780016
:10d0000080004000e0b220000080400090007800e6
:10d010001e00780000004000000047000080e8008b
:10d02000010878001e00780080004000e0b2200077
:10d03000008040008000eb00010878001e0fe8002f
:10d040001e007800ea0f5000ecff34009c28ef002f
:10d05000401680004300de00614060000080fb005d
:10d0600000428800004280000000e00001003a0019
:10d07000a028ef00bfee07008cec0700f041800015
:10d080000000e000040032004a28ef005142800016
:10d09000410f98004c003700f05a8000e10f50001b
:10d0a00002003a0095ed070005003700205a800085
:10d0b000e90f50000200320090002000205a880042
:10d0c0000cee0700004280000000e0001300320078
:10d0d000205a8000ea0f5000100032009047800074
:10d0e000e10f50000300320090478000e20f500033
:10d0f0000a003a00104580000000e00007003a00f6
:10d10000004580000000e00004003a00100020000c
:10d11000e0418800ca82a80002003700ca82a90044
:10d120003c28ef0040ef07000f003700de28ef003b
:10d13000a0168000610060000000e00002003200e4
:10d140000080eb00010037001000200071ff070095
:10d1500057ff0700a0282000b00107009a28ef0021
:10d1600010002000f0468800111680000000220008
:10d17000008060000000e000ecff3200a01680009c
:10d18000610060000000e000e8ff3a0048ff07008f
:10d1900070168000700060000000e0000a003a0095
:10d1a000805b800080007800a07f21007b01070069
:10d1b000110020000000eb0086ec0700f228ef00d1
:10d1c0000000eb00400f98004e0890000000e000c7
:10d1d0009eff3a000000eb00000f78001e00780070
:10d1e0000000400000004700900090001e00780002
:10d1f00000014000e0b2200000004100010878007a
:10d200001e0fe8001e007800ea0f5000f3ff340004
:10d210003c28ef000080fa00000006000200fa003f
:10d22000000f78001e0078000000e00009003400c4
:10d230001e007800e40f500006003c001e0078003d
:10d2400080004000407d2f000080400010007800ea
:10d25000090037001e007800e50f5000030032007f
:10d260001e007800e60f500002003a0000bf870061
:10d27000010037000080eb000080fa00000006008b
:10d280000200fa00000f78001e0078000000e000a5
:10d29000090034001e007800e40f500006003c0036
:10d2a0001e00e90080004000407d2f00008040000b
:10d2b00010007800110037001e007800e50f5000c4
:10d2c000030032001e007800e60f500002003a0012
:10d2d000e0be8700090037001e007800e60f50000e
:10d2e000050034001e007800e90f500002003c00e9
:10d2f00000bf8700010037000000eb000080fa004b
:10d30000000006000400fa00889fbe00905a8000ca
:10d310001007980020b72000104078000080fb0024
:10d32000000f78001e0078000000e00003003400c9
:10d330001e007800f00f50000200340010002000a2
:10d34000000f78001e0078004200dd00000f78001a
:10d350001e007800e70f500002003c008000200013
:10d36000000f780050168000700060000000e000a0
:10d3700003003a0040012000b04588000600370055
:10d38000b04580000000e00003003200b04580009e
:10d390000000e900b0458800b04580000000e000d2
:10d3a00008003200ae28ef00b028ef007045800082
:10d3b000814580005045880061458800b228ef0013
:10d3c0001500370031668000105c8000008040004e
:10d3d0006101b800504580006145800002004000b6
:10d3e00083804800504588006145880020668000a1
:10d3f0006101b80070458000814580000200400056
:10d4000083804800704588008145880090458000f1
:10d410000000e80090458800904580009e0f500075
:10d420003a003500e04180000000e00030003200aa
:10d4300090458000cf80de00c21220000289b90032
:10d44000020178006002b900840178000301410004
:10d45000c31220000300b8000101410082007800df
:10d460005245800063458000820f5000838f580032
:10d470001f003e001e0090004006b0006101b80091
:10d480007045800081458000009ab9000402780050
:10d49000028bb90086027800050242000011b80034
:10d4a00003024200840178001e0090004006b10093
:10d4b0006102b800504580006145800000abb900b2
:10d4c00006037800048cb900880378000703430042
:10d4d0000020b8000103430086007800800f51004f
:10d4e000818f59000200360010002000f0448800af
:10d4f000ae28ef00b028ef00704580008145800025
:10d500005045880061458800b228ef004016800031
:10d51000680060000000e00010003200a1be87003b
:10d52000a0438000808f50000c003100205a800002
:10d530003aff0700a1438000810f5000070031002f
:10d5400020458000e10f500005003c002045800090
:10d550000000e8002045880001003700a428ef0003
:10d5600020458000e10f5000020034001000200030
:10d570000045880040168000680060000000e00060
:10d580000700320040458000e10f400005003200f6
:10d59000404580000000e800404588000100370059
:10d5a000a828ef00305a8000e30f500018003a001e
:10d5b00040168000680060000000e00014003200a7
:10d5c00041458000800c2000808f500010003e00fc
:10d5d000a1be8700a0438000808f50000c00310066
:10d5e000205a800026ff0700a1438000810f5000d1
:10d5f0000700360030458000e20f500005003c0077
:10d60000304580000000e800304588000100370008
:10d61000a628ef0030458000e20f500002003400e1
:10d62000100020000045880040168000680060005f
:10d630000000e00002003200b428ef0006003700ce
:10d64000a0458000e10f500003003c00a045800091
:10d650000000e800a0458800e1448000f07c200044
:10d66000808f500003003e00e04480000000e8008e
:10d67000e0448800a0458000e10f50000f003c000e
:10d68000f04480000000e0000c003a0000458000fb
:10d690000000e00009003a00f1418000f0022000a3
:10d6a000008060000000e00004003a00e1448000d7
:10d6b000f07c2000808f500001003600ca82a90053
:10d6c0004f04be000080fa00000006000200fa00cd
:10d6d000d1448000010f78009a28ef001e007800e6
:10d6e0000080fa00000006000000fa00400120005f
:10d6f0000044880040062000104488009021ef007c
:10d700009621ef00c0122000600c8800c01220009b
:10d71000700c8800e0002000800c8800007d200054
:10d72000900c8800007d2000a00c8800e000200004
:10d73000b00c880020cd21007008880013e1a800fb
:10d740008ce0a8008c60a900200020002008880040
:10d750007628ef000080fa00000006000200fa00c0
:10d76000000f780030002000404488001e00e900cf
:10d7700060088800600880000000d1003008880040
:10d78000d622a900d222a90011e1a80084c0a900d4
:10d790008cc0a8000080fa00000006000400fa0017
:10d7a000000f780011079800304480000000e0006e
:10d7b00007003a001e0090000000e0000400340062
:10d7c0001e009000204488001e007800e3ff070040
:10d7d0000080fa00000006000200fa00000f780046
:10d7e0001821ef001e0078004300dd00e0088800eb
:10d7f00086c0a90021e1a8000000000031048000db
:10d8000000042000008060000000e000fbff320008
:10d8100021e1a9000080fa00000006000200fa00e1
:10d82000000f780002003700803e2000eaff07006a
:10d830001e00780000f0a7000000ea000000ea00e7
:10d840004f00de00004078001e0fe9000004e000f9
:10d85000f5ff3a000080fa00000006000000fa0020
:10d86000ca82a900e842a800e862a8000080fa0085
:10d87000000006000200fa00000f780010c0b3009c
:10d880006af307001e007800e20f50001200320019
:10d89000e20f500005003c000000e00008003200ec
:10d8a000e10f50000900320014003700e30f500070
:10d8b0000c003200e40f50000d0032000f00370062
:10d8c00020af2f00edf407001100370030b02f001b
:10d8d000eaf407000e00370040b12f00e7f407001c
:10d8e0000b00370050b22f00e4f4070008003700a7
:10d8f00060b32f00e1f407000500370070b42f007b
:10d90000def4070000000000010037000000000006
:10d91000a0168000610060000000e000fbff320004
:10d92000cfa2a900faff37000000fa0070e78700d5
:10d93000a01088000c22ef000e22ef008520a90025
:10d940008d20a8000de2a8000f42a8000080fa0078
:10d95000000006000200fa00000f78001e007800a8
:10d96000e70f50000200340070002000000f780024
:10d970001e0078008000400080ce2f000080400014
:10d9800010007800a01088000080fa000000060057
:10d990000200fa00004f78000000000071108000c3
:10d9a00000202000008060000000e000fbff3a0043
:10d9b0001e80fb00801088000080fa000000060036
:10d9c0000000fa0070108000620060000000e000bb
:10d9d000010032000e22a900f6c8bf0080c0ea0094
:10d9e000f8c8bf0000c040000080fa000000060038
:10d9f0000000fa00f668ef0010c0b300f8e8b700c6
:10da00000080fa00000006000000fa00000000009c
:10da1000ebff07000004e000fdff3200f6c8bf0086
:10da20000040e800f6e8b700f6c8bf000080fb0041
:10da3000e1a02000614078000080fa0000000600ac
:10da40000200fa00f0ff0700004f78001e40780047
:10da5000cfff07001e4078000080fa00000006009b
:10da60000600fa006000b800008fbe000040eb0026
:10da700040479800e4ff07000074a1004047980069
:10da80004e4090000080fb000003b100e90f500001
:10da900014003e004e409000bdff07001e009000a5
:10daa0006a00b900000178001e0078006000b9002b
:10dab00000007800000141009e007800a0002000d6
:10dac0000008b80001014100820078004e4190003a
:10dad0000281fb000203b100cf91de00021f400073
:10dae000039748004e409000ed4f5000e1ff3a0090
:10daf0001e00be000080fa00000006000200fa00ce
:10db0000c1ff0700004f78001e80fb0070d00700a7
:10db10000000e000faff32001e80fb0095d00700f5
:10db2000004f78001e40780099ff070090c3b300b3
:10db30009e40780080cf500002003e0000c3b3003a
:10db40000100370070c3b3009e40780000cf500042
:10db50001e4078000080fa00000006000200fa0073
:10db6000e6ff07004400dd00004f7800e3ff0700f8
:10db70001e4f40001e4078000080fa0000000600a2
:020000040000fa
:100008000a74000070720000b4720000b673000039
:10001800e87300000a7400000a7400000a74000003
:100028000a7400000a7400000a7400000a740000d0
:100038000a7400000a740000c06d0000586e0000c9
:100048000a740000f87400000a7400000a740000c2
:100058000a7400000a7400000a7400000a740000a0
:100068000a7400000a7400000a7400000a74000090
:100078000a7400000a7400000a7400000a74000080
:100088000a7400000a7400000a7400000a74000070
:100098000a7400000a7400000a7400000a74000060
:1000a8000a7400000a7400000a7400000a74000050
:1000b8000a7400000a7400000a7400000a74000040
:1000c8000a7400000a7400000a7400000a74000030
:1000d8000a7400000a7400000a7400000a74000020
:1000e8000a7400000a7400000a7400000a74000010
:0800f8000a7400000a74000004
:020000040000fa
:100108000a74000070720000b4720000b673000038
:10011800e87300000a7400000a7400000a74000002
:100128000a7400000a7400000a7400000a740000cf
:100138000a7400000a740000c06d0000586e0000c8
:100148000a740000f87400000a7400000a740000c1
:100158000a7400000a7400000a7400000a7400009f
:100168000a7400000a7400000a7400000a7400008f
:100178000a7400000a7400000a7400000a7400007f
:100188000a7400000a7400000a7400000a7400006f
:100198000a7400000a7400000a7400000a7400005f
:1001a8000a7400000a7400000a7400000a7400004f
:1001b8000a7400000a7400000a7400000a7400003f
:1001c8000a7400000a7400000a7400000a7400002f
:1001d8000a7400000a7400000a7400000a7400001f
:1001e8000a7400000a7400000a7400000a7400000f
:0801f8000a7400000a74000003
:020000040000fa
:0200000401f009
:04000800ffff0000f6
:020000040000fa
:0200000401f009
:04000400ff7f00007a
:020000040000fa
:0200000401f009
:04000000e5ff000018
:020000040000fa
:020000040002f8
:10cb8c00536500006e7300006f7200003a250000c0
:10cb9c00352e0000316600002563000020440000a3
:10cbac0069730000706c000061790000656400001e
:10cbbc003a250000342e000030660000256300008a
:10cbcc000a0d0000004c000043440000204200000d
:10cbdc006172000020470000726100007068000064
:10cbec0020260000204300006861000072610000f4
:10cbfc00637400006572000020540000657300002f
:10cc0c007400000057720000697400006520000079
:10cc1c00415300004349000049200000746f00009c
:10cc2c00204c0000434400002c2000004553000021
:10cc3c0043200000746f000020650000786900003c
:10cc4c00742e00000a0d00000057000072690000ed
:10cc5c007465000020480000455800002074000056
:10cc6c006f2000004c430000442c000020310000d9
:10cc7c0042200000746f00002065000078690000fd
:10cc8c00742e00000a0d00000048000069670000c7
:10cc9c00682d0000566f00006c7400006167000086
:10ccac00650000004c6f0000772d0000566f0000ef
:10ccbc006c74000061670000650000002028000013
:10cccc0050720000652d00004c6900006d69000079
:10ccdc007429000000200000616c000061720000eb
:10ccec006d2000006973000020640000697300006f
:10ccfc00616200006c650000642e00000a0d0000eb
:10cd0c0000250000372e00003366000020250000af
:10cd1c0073000000253500002e3100006620000055
:10cd2c005761000074740000732000002825000077
:10cd3c007329000000250000352e0000306600002d
:10cd4c002000000025730000252d00006425000044
:10cd5c00630a00000d00000025340000692000006b
:10cd6c003d200000253500002e32000066560000e4
:10cd7c000a0d0000004c00006173000074200000dc
:10cd8c00566100006c6900006420000042610000e4
:10cd9c006e64000020530000656c000065630000a9
:10cdac00742000003a250000730a00000d000000fa
:10cdbc002d2d00002d2d00002d2d00002d2d0000ff
:10cdcc002d2d00002d2d00002d2d00002d2d0000ef
:10cddc002d2d00002d2d00002d2d00002d2d0000df
:10cdec002d2d00002d2d00002d2d00002d2d0000cf
:10cdfc002d2d00002d2d00002d2d00002d2d0000bf
:10ce0c000a0d0000002c0000206100006e7900006b
:10ce1c00206b000065790000206500007869000037
:10ce2c00747300002e2e00002e0a00000d0000006e
:10ce3c00546500006d7000006572000061740000a4
:10ce4c007572000065200000536500006e730000d1
:10ce5c006f72000020430000616c000069620000ea
:10ce6c0072610000746900006f6e00000a0d000012
:10ce7c00004900006e700000757400002041000035
:10ce8c0074740000656e000075610000746f000022
:10ce9c007220000053740000617400007573000070
:10ceac000a0d00000044000069760000696400006f
:10cebc00652d0000427900002d5a000065720000bb
:10cecc006f20000054720000617000000a0d000019
:10cedc0000540000657300007420000054650000cd
:10ceec00726d0000696e00006174000065640000e2
:10cefc000a0d0000004100006c610000726d000022
:10cf0c002053000079730000746500006d20000050
:10cf1c0054650000737400000a0d0000000a000044
:10cf2c000d4600002d530000656e00007365000077
:10cf3c002054000065730000743a000020250000a6
:10cf4c00730a00000d0000002020000020310000ba
:10cf5c00363000006d200000383000006d200000dd
:10cf6c00343000006d200000333000006d200000d4
:10cf7c00323000006d200000313700006d200000c1
:10cf8c00313500006d200000313200006d200000b2
:10cf9c00313000006d0a00000d0000000a0d000089
:10cfac00496c00006c650000676100006c2000009b
:10cfbc00566100006c750000652100000a0d000030
:10cfcc00004e00006f6e00002d50000072690000d2
:10cfdc006e740000616200006c650000204300006c
:10cfec0068610000726100006374000065720000eb
:10cffc00004e00006f7200006d6100006c000000bc
:10d00c004c6f000077200000537000006565000035
:10d01c00642000004f4e0000004d000065640000cd
:10d02c00697500006d2000005370000065650000fc
:10d03c00642000004f4e00000048000069670000ab
:10d04c00682000005370000065650000642000003b
:10d05c004f4e0000004f0000757400002d4f000073
:10d06c00662d0000426100006e640000210000008b
:10d07c00312e0000384d0000487a00002f3100009e
:10d08c00363000006d000000332e0000354d0000de
:10d09c00487a00002f380000306d00000037000087
:10d0ac002e3000004d4800007a2f00003430000074
:10d0bc006d000000313000004d4800007a2f000058
:10d0cc00333000006d000000313400004d4800008a
:10d0dc007a2f0000323000006d0000003138000063
:10d0ec004d4800007a2f0000313700006d00000021
:10d0fc00323100004d4800007a2f0000313500001d
:10d10c006d000000323400004d4800007a2f000002
:10d11c00313200006d000000323800004d48000034
:10d12c007a2f0000313000006d000000556e0000b9
:10d13c006b6e00006f7700006e20000042610000f3
:10d14c006e640000210000004441000054410000c6
:10d15c000041000044440000520000000a0d000091
:10d16c00447500006d700000204500004550000023
:10d17c00524f00004d200000636f00006e740000e1
:10d18c00656e0000747300000a0d00002534000069
:10d19c007325000032330000730a00000d250000d7
:10d1ac002e32000033730000252e000032320000b6
:10d1bc00730000000a0d0000253400002e3400001e
:10d1cc00583a000000250000352e000034580000ad
:10d1dc00000a00000d2500002e3200003373000001
:10d1ec00252e000032320000730a00000d000000f2
:10d1fc00416d000070730000005600006f6c000061
:10d20c00747300000025000033690000202d00001d
:10d21c0020250000730000005265000076650000b8
:10d22c007273000065000000466f0000727700000a
:10d23c0061720000640000002573000000300000e3
:10d24c00202d0000204100006c6c000020410000eb
:10d25c006c610000726d0000732000004f660000ce
:10d26c00660a00000d000000312000002d20000097
:10d27c004f760000657200002d43000075720000af
:10d28c00726500006e7400000a0d00000032000090
:10d29c00202d000020480000696700006820000075
:10d2ac0053570000520a00000d000000332000000c
:10d2bc002d2000004f760000657200002d540000f8
:10d2cc00656d0000706500007261000074750000ef
:10d2dc00726500000a0d000000340000202d0000d3
:10d2ec0020250000730a00000d000000342000000f
:10d2fc002d20000025730000257300000035000070
:10d30c00202d00002025000073250000730a00006a
:10d31c000d000000352000002d20000025730000ba
:10d32c00257300002573000000360000202d00003e
:10d33c0020250000732000004c6900006d6900007e
:10d34c00740a00000d000000362000002d200000a3
:10d35c00257300002573000000370000202d00000d
:10d36c00204100006c6c0000204100006c6100004a
:10d37c00726d0000732000004f6e00000a0d00005b
:10d38c00000a00000d2500002e3200003073000052
:10d39c005b4300004f4d00004d4100004e44000027
:10d3ac0020540000414200004c4500005d25000067
:10d3bc002e320000307300000a0d000000480000ff
:10d3cc002f3f000020480000656c0000702000001a
:10d3dc002d20000028540000686900007320000014
:10d3ec005363000072650000656e0000290a00009e
:10d3fc000d000000412000002020000041440000ee
:10d40c004320000043680000616e00006e65000060
:10d41c006c200000447500006d7000000a0d0000c7
:10d42c0000420000202000002025000073000000b6
:10d43c004320000020200000257300000a0d00008e
:10d44c000044000020200000204300006c65000018
:10d45c00617200002046000061630000746f0000e0
:10d46c0072790000204400006566000061750000c0
:10d47c006c7400002052000065730000657400009d
:10d48c00204300006f7500006e7400006572000090
:10d49c000a0d000000450000202000002044000080
:10d4ac00756d00007020000053790000737400004b
:10d4bc00656d0000202600002055000073650000fb
:10d4cc00722000005365000074740000696e000047
:10d4dc00677300000a0d00000046000020200000c9
:10d4ec0020440000756d00007020000045450000d0
:10d4fc00505200004f4d0000206300006f6e000082
:10d50c00746500006e740000730a00000d000000ca
:10d51c004720000020200000546f000067670000c7
:10d52c006c650000204600007265000071750000fb
:10d53c00656e00006379000020530000656e0000ea
:10d54c007365000020540000657300007420000017
:10d55c004f6e00002f4f0000666600000a0d0000a1
:10d56c00004900002020000020250000730000006e
:10d57c004a2000002020000025730000004b000012
:10d58c002020000020420000757a00007a6500001f
:10d59c0072200000536f0000756e000064200000c4
:10d5ac0054650000737400000a0d0000004c00006c
:10d5bc002020000020250000730000004d200000fa
:10d5cc002020000025730000005a000020200000dd
:10d5dc0020250000732500002e310000357300005b
:10d5ec00257300000044000049530000504c00001b
:10d5fc0041590000004900004e50000055540000f5
:10d60c0000560000414c000055450000004300004e
:10d61c00484100004e4e0000454c0000000a00003e
:10d62c000d2500003773000025360000732500001f
:10d63c003873000025310000357300000a0d00001e
:10d64c00252e000032320000732500002e3200001f
:10d65c0032730000000a00000d410000444300003a
:10d66c0025330000693a00002536000069250000ca
:10d67c00372e00003366000056200000000a000020
:10d68c000d2500002e3400007325000073000000ef
:10d69c000a0d000025730000456e00007465000043
:10d6ac0072200000302c0000312c0000322c0000c5
:10d6bc00332c0000342c0000352c000036200000e8
:10d6cc006f72000020370000202e00002e2e00006c
:10d6dc000a0d0000000a00000d0000002573000078
:10d6ec0025730000536500006c6500006374000036
:10d6fc0020530000636100006c6500003a200000bc
:10d70c00302c0000312c0000323a000020000000c8
:10d71c0025640000202d000020250000730a000065
:10d72c000d000000203d0000253300002e320000cb
:10d73c00585d0000000a00000d4500004550000037
:10d74c00524f00004d200000526500007365000030
:10d75c0074200000436f0000756e000074650000bb
:10d76c0072200000636c00006561000072650000af
:10d77c00642e0000003400002d4400004c340000e6
:10d78c004a43000000760000342e000030320000c6
:10d79c0061000000200000005359000053540000a9
:10d7ac00454d000020430000414c00004942000060
:10d7bc0052410000544900004f4e0000205300001d
:10d7cc0045540000544900004e470000530000002f
:10d7dc000a0d000025330000337300000a0d000011
:10d7ec002537000073460000697200006d77000059
:10d7fc0061720000653a00002025000073200000d3
:10d80c0042750000696c0000643a0000202500009d
:10d81c00730a00000d250000333300007300000074
:10d82c0042610000747400006572000079200000f1
:10d83c00566f00006c7400006167000065200000ea
:10d84c0046610000637400006f720000203a000013
:10d85c00202500002d340000640a00000d0000009b
:10d86c0050410000204300007572000072650000fa
:10d87c006e7400002046000061630000746f0000ad
:10d88c00722000002020000020200000203a000020
:10d89c00202500002d340000640a00000d0000005b
:10d8ac0052460000205000006f77000065720000a7
:10d8bc00204d0000657400006572000020460000d9
:10d8cc0061630000746f000072200000203a0000b9
:10d8dc00202500002d340000640a00000d0000001b
:10d8ec0052460000205000006f7700006572000067
:10d8fc00204d00006574000065720000204f000090
:10d90c00666600007365000074200000203a000079
:10d91c00202500002d340000640a00000d000000da
:10d92c004265000065700000204c0000656e000030
:10d93c006774000068200000546900006d650000e9
:10d94c00202000002020000020200000203a0000b1
:10d95c0020000000252d0000642000006d53000005
:10d96c000a0d0000004f0000464600000a0d0000a2
:10d97c000050000057520000204d0000656100006f
:10d98c0073750000726500006d6500006e74000018
:10d99c0020530000616d0000706c00006573000086
:10d9ac003a20000000310000202800004f660000e3
:10d9bc00662900000a0d000000250000640a000022
:10d9cc000d0000004f760000657200002d5600001f
:10d9dc006f6c00007461000067650000205400004b
:10d9ec007269000070200000202000002020000040
:10d9fc00203a000020000000257300000a0d0000f2
:10da0c00005500006e640000657200002d56000089
:10da1c006f6c00007461000067650000205400000a
:10da2c0072690000702000002020000020200000ff
:10da3c003a20000000500000726500002d4c0000e0
:10da4c00696d0000697400002054000072690000c8
:10da5c00702000002020000020200000202000006a
:10da6c00202000003a200000005000006f770000da
:10da7c0065720000204d00006574000065720000a6
:10da8c0020460000756c00006c2d000053630000f4
:10da9c00616c0000652000003a200000252d00007c
:10daac00645700000a0d000000460000726500007b
:10dabc00712000004d6500007465000072200000ac
:10dacc00436100006c690000627200006174000028
:10dadc00696f00006e2000003a200000252d000028
:10daec00376c0000640a00000d0000005370000049
:10dafc006c6100007368000020530000637200002a
:10db0c00656500006e200000446900007370000021
:10db1c006c61000079200000203a000020250000f4
:10db2c00730a00000d000000555300004552000020
:10db3c00204300004f4e00004649000047550000ae
:10db4c0052410000544900004f4e00002053000089
:10db5c0045540000544900004e470000530000009b
:10db6c000a0d000025330000337300000a0d00007d
:10db7c0025730000004600007265000071750000fe
:10db8c00656e00006379000020530000656e000094
:10db9c0073650000204d00006f64000065200000dc
:10dbac00202000003a200000257300000a0d000020
:10dbbc000053000065720000696100006c200000d9
:10dbcc004c6900006e6b0000205000006f6c000070
:10dbdc006c6900006e67000020200000202000000f
:10dbec003a200000002500002d64000020530000a6
:10dbfc00656300006f6e000064730000004f00004e
:10dc0c0066660000000a00000d520000532d000053
:10dc1c003233000032200000506f0000727400009c
:10dc2c00204d00006f6400006520000020200000e3
:10dc3c0020200000202000003a2000005465000045
:10dc4c0073740000204d00006f640000650a000032
:10dc5c000d000000525300002d3200003332000042
:10dc6c00205000006f720000742000005370000000
:10dc7c0065650000642000002020000020200000ca
:10dc8c00203a0000202500002d64000030300000f8
:10dc9c002042000061750000640a00000d000000c5
:10dcac004c4300004420000042610000636b000004
:10dcbc006c69000067680000746900006e67000002
:10dccc00202000002020000020200000203a00002e
:10dcdc00202500002d340000640a00000d00000017
:10dcec004c43000044200000436f00006e740000a1
:10dcfc0072610000737400002020000020200000de
:10dd0c00202000002020000020200000203a0000ed
:10dd1c00202500002d340000640a00000d000000d6
:10dd2c00535700005220000054720000697000002c
:10dd3c00204c0000696d0000697400002020000078
:10dd4c00202000002020000020200000203a0000ad
:10dd5c00202500002e320000660a00000d00000095
:10dd6c00466100006e2000005370000065650000e5
:10dd7c0064200000436f00006e740000726f00009e
:10dd8c006c2000002020000020200000203a000021
:10dd9c0020250000730a00000d00000054650000ef
:10ddac006d700000657200006174000075720000f7
:10ddbc0065200000556e000069740000732000009f
:10ddcc002020000020200000203a00002025000028
:10dddc00730a00000d000000546500006d70000017
:10ddec00657200006174000075720000652000000f
:10ddfc00416c0000617200006d2000004c69000055
:10de0c006d690000743a00002000000046610000bb
:10de1c006e2000005374000061720000742000003a
:10de2c00546500006d7000006572000061740000a4
:10de3c007572000065200000203a000020000000f0
:10de4c00426100006e640000204400006973000011
:10de5c00706c000061790000205500006e690000b4
:10de6c00747300002020000020200000203a0000e5
:10de7c0020250000730a00000d000000477200000e
:10de8c006170000068690000632000004c690000ac
:10de9c006d69000074730000204400006973000079
:10deac00706c000061790000203a00002025000011
:10debc00730a00000d000000462d000053650000a1
:10decc006e73000065200000515300004b200000d1
:10dedc002020000020200000202000002020000036
:10deec0020200000203a000020250000730a0000ca
:10defc000d000000477200006170000068690000ae
:10df0c006320000044690000737000006c61000025
:10df1c00792000005479000070650000202000007a
:10df2c00203a000020250000730a00000d000000bc
:10df3c00506f000077650000722000004d650000f6
:10df4c0074650000722000005479000070650000b8
:10df5c00202000002020000020200000203a00009b
:10df6c0020250000730a00000d000000537400000f
:10df7c0061720000742d00005570000020500000ec
:10df8c0061670000652000002020000020200000b8
:10df9c002020000020200000203a00002025000056
:10dfac00730a00000d00000043750000727200003f
:10dfbc00656e000074200000416d0000706c000064
:10dfcc00696600006965000072200000537400004f
:10dfdc0061740000653a000020250000730a0000ff
:10dfec000d000000426100006e6400002053000030
:10dffc00656c000065630000742000004d6f00002c
:10e00c00646500002020000020200000202000007b
:10e01c00203a000020250000730a00000d000000cb
:10e02c00252e000033390000730a00000d0000009b
:10e03c00252e000033390000730000000a0d00008b
:10e04c002573000000420000616e0000643a00007d
:10e05c0020250000732000004725000031690000d6
:10e06c003a2000003d2000002532000069640000c9
:10e07c00420a00000d0000000a0d0000257300008c
:10e08c00507200006573000073200000616e000088
:10e09c00792000006b65000079200000746f00008f
:10e0ac00207300007461000072740000257300007e
:10e0bc000a0d0000000a00000d5300006f750000ef
:10e0cc006e6400002054000065730000740a0000a8
:10e0dc000d4500006e7400006572000020460000c3
:10e0ec007265000071750000656e000063790000b8
:10e0fc002028000031300000302000002d200000ce
:10e10c003430000030300000487a0000293a00001a
:10e11c00200000000a0d0000446100007461000042
:10e12c0020560000616c0000756500003a2000006c
:10e13c00256c0000690a00000d000000456e00000f
:10e14c0074650000722000006475000072610000ac
:10e15c00746900006f6e0000202800003130000050
:10e16c00202d000020330000322c00003030000045
:10e17c00306d0000532900003a20000000430000dd
:10e18c0068610000722000003d2000003078000023
:10e19c00252e0000325800000a0d0000004300003c
:10e1ac0068610000722000003d2000003078000003
:10e1bc00252e000032580000202d000020250000e4
:10e1cc00730a00000d000000203d00002025000017
:10e1dc00630a00000d000000203d00002025000017
:10e1ec00730a00000d0000000a0d0000496e0000cb
:10e1fc00766100006c69000064200000436f000031
:10e20c006d6d0000616e0000643a00002025000076
:10e21c0063200000566100006c750000653a000038
:10e22c0020250000640a00000d0000000c00000016
:10e23c00180000003000000060000000c00000006a
:10e24c008001000040020000800400004e6f0000be
:10e25c00726d0000616c0000004c00006f770000d4
:10e26c00004d000065640000697500006d00000041
:10e27c004869000067680000004600006168000003
:10e28c00726500006e680000656900007400000093
:10e29c00436500006c73000069750000730000009a
:10e2ac0059610000657300007520000043410000b7
:10e2bc00540000004b580000322f00004b58000057
:10e2cc00330000004a7500006d6100002d54000001
:10e2dc005258000032000000462d0000536500002b
:10e2ec006e730000650000004654000038310000d9
:10e2fc00372f000038310000380000004d6100005d
:10e30c006e750000616c000000580000696500002b
:10e31c006775000000480000523500003000000016
:10e32c00204d0000200000002041000020000000d3
:10e33c004731000000470000320000004733000066
:10e34c0000470000340000004d4800007a00000037
:10e35c004d6500007472000065730000004f0000f2
:10e36c0066660000004f00006e0000005374000051
:10e37c00616e000064620000790000004f700000c4
:10e38c0065720000617400006500000041750000ba
:10e39c00746f000000200000203f000021200000ce
:10e3ac00200000002020000031360000306d0000fd
:10e3bc000020000020200000383000006d0000001c
:10e3cc002020000020340000306d000000200000f0
:10e3dc0020200000333000006d00000020200000e1
:10e3ec0020320000306d00000020000020200000d2
:10e3fc00313700006d0000002020000020310000ab
:10e40c00356d00000020000020200000313200009b
:10e41c006d0000002020000020310000306d000055
:10e42c0000200000202000003f2000002000000001
:10e43c00312e0000384d0000487a000000330000f7
:10e44c002e3500004d4800007a000000202000000e
:10e45c00374d0000487a00000020000031300000e9
:10e46c004d4800007a00000020310000344d0000bf
:10e47c00487a000000200000313800004d480000b0
:10e48c007a00000020320000314d0000487a000074
:10e49c0000200000323400004d4800007a000000db
:10e4ac0020320000384d0000487a000000200000a7
:10e4bc005361000076650000205300006574000075
:10e4cc00746900006e670000733f000020000000bc
:10e4dc0020520000657300006574000020440000a9
:10e4ec0065660000617500006c740000733f0000ed
:10e4fc00004f00002f500000205000006f770000ec
:10e50c0065720000005300005752000000560000d6
:10e51c006f6c000074610000676500000043000030
:10e52c0075720000726500006e74000000540000eb
:10e53c00656d00007065000072610000747500006c
:10e54c007265000000410000757400006f2000002f
:10e55c00426100006e6400002044000065740000fd
:10e56c0065630000740000005365000072690000d0
:10e57c00616c0000205300007065000065640000b1
:10e58c000053000065720000696100006c200000ff
:10e59c00506f000072740000005000006f6c00009f
:10e5ac006c6900006e670000204900006e7400006a
:10e5bc0065720000766100006c0000004c430000a6
:10e5cc004420000044690000737000006c6100007e
:10e5dc0079000000535700005220000054720000d4
:10e5ec006970000000460000616e000020430000ce
:10e5fc006f6e0000747200006f6c0000004f000022
:10e60c007665000072740000656d000070000000fb
:10e61c00466100006e20000043750000742d000060
:10e62c00496e000020540000656d00007000000071
:10e63c00426100006e640000204400006973000019
:10e64c00706c0000617900000047000072610000ee
:10e65c007068000069630000616c0000204c0000d1
:10e66c00696d0000697400007300000047720000bf
:10e67c0061700000686900006320000044690000bc
:10e68c00737000006c6100007900000052460000bd
:10e69c00205000006f77000065720000204d0000d4
:10e6ac006574000065720000005300007461000086
:10e6bc00727400002d5500007020000044690000a9
:10e6cc00737000006c61000079000000462d0000a2
:10e6dc00536500006e73000065200000515300006c
:10e6ec004b000000050000000000000000030000cb
:10e6fc0000030000464100003b000000053d000007
:10e70c003f4200000a0d000000000000004f000016
:10e71c0072690000676900006e6100006c00000007
:10e72c004c6100007267000065000000536d000032
:10e73c00616c00006c0000002020000020430000f1
:10e74c00616e0000636500006c6c00006564000085
:10e75c0021200000202000000020000020200000cc
:10e76c002020000053610000766500006421000049
:10e77c002020000020200000200000005761000035
:10e78c007474000073000000644200006d0000000f
:10e79c00202d00002d2d00002e2d00005700000014
:10e7ac002d2d00002e2d0000644200006d00000095
:10e7bc004f4b000000450000727200006f720000a9
:10e7cc0021000000526500006d6f000074650000b0
:10e7dc000054000065730000740000002535000033
:10e7ec00733a00002538000069df00002563000043
:10e7fc00004c0000696d00006974000000530000bb
:10e80c007461000072740000005500006e69000015
:10e81c00747300003a2500003130000073000000d2
:10e82c0050570000523a00004e6f0000204200008a
:10e83c00414e0000442b00003a5900006573000063
:10e84c00000a00000d250000734400002046000063
:10e85c00697200006d77000061720000653a00007b
:10e86c00202500007320000042750000696c000038
:10e87c00643a000020250000732000004461000071
:10e88c00746500003a200000257300000a0d00009a
:10e89c00004300006f70000079720000696700008f
:10e8ac00687400003a2000004a750000686100009e
:10e8bc00204e0000696900006e6900006b6f00005b
:10e8cc00736b0000692000002d2000004f480000f1
:10e8dc00324e00004c54000020260000204d000059
:10e8ec006174000074690000204800006f6800002b
:10e8fc00746f00006c610000202d0000204f0000a0
:10e90c0048370000535600000a0d00000028000094
:10e91c004164000064690000746900006f6e0000bf
:10e92c00616c0000206600006561000074750000d9
:10e93c007265000073200000616e0000642000000e
:10e94c006d6f00006469000066690000636100007f
:10e95c00746900006f6e0000732000002d20000011
:10e96c004164000072690000616e000020520000da
:10e97c00796100006e2000002d200000354200005f
:10e98c003441000049590000290a00000d00000024
:10e99c00284d00006f640000696600006965000086
:10e9ac006420000062750000696c000064200000a7
:10e9bc002d200000444c0000344a00004329000084
:10e9cc000a0d000000520000656d00006f7400001d
:10e9dc0065200000506f0000776500007220000079
:10e9ec004f6600006600000020200000204400005c
:10e9fc006174000061200000536100007665000026
:10ea0c006400000025310000307300002536000042
:10ea1c00730000002053000057520000200000003b
:10ea2c00204f00002f430000200000002054000065
:10ea3c00454d00005000000020480000692d0000ea
:10ea4c0056000000204200006174000074000000b9
:10ea5c00204c00006f2d00005600000052530000a7
:10ea6c002d320000333200002045000063680000a6
:10ea7c006f2000005465000073740000004100001a
:10ea8c007761000069740000696e00006720000067
:10ea9c0064610000746100002e2e00002e00000046
:10eaac000a0d0000525300002d32000033320000da
:10eabc002054000065730000740a00000d50000023
:10eacc007265000073730000205000005752000064
:10eadc002062000075740000746f00006e2000004e
:10eaec00746f00002065000078690000742e00002f
:10eafc002e2e00000a0d00000052000058200000cd
:10eb0c0044610000746100003a200000256300009d
:10eb1c002020000030780000253200002e3200004a
:10eb2c00580000000a0d0000525300002d32000066
:10eb3c003332000020740000657300007420000064
:10eb4c0074650000726d0000696e00006174000055
:10eb5c00656400000a0d0000002500003269000009
:10eb6c0020200000000a00000d000000536500008a
:10eb7c006c650000637400003a25000039730000d6
:10eb8c00004200006175000064200000526100002a
:10eb9c00746500003a250000346900003030000034
:10ebac00004d00006f640000653a00002531000044
:10ebbc003173000000540000696d000065720000a4
:10ebcc003a25000036690000205300006563000000
:10ebdc0000540000696d0000657200003a200000ce
:10ebec002044000069730000616200006c65000045
:10ebfc006400000042610000636b00006c6900005f
:10ec0c0067680000743a00002536000069000000b7
:10ec1c00436f00006e74000072610000737400009a
:10ec2c003a25000037690000004c0000696d0000b7
:10ec3c00697400003a250000382e0000316600008f
:10ec4c003a3100000044000069730000706c000051
:10ec5c00617900003a250000387300000054000070
:10ec6c0079700000653a0000253100003173000016
:10ec7c000050000061670000653a0000253100007b
:10ec8c003173000000530000575200002d2d00007e
:10ec9c002e2d0000000a00000d450000455000001c
:10ecac00524f00004d2000004368000065630000d7
:10ecbc006b730000756d0000730a00000d430000bb
:10eccc00616c0000696200007261000074690000f0
:10ecdc006f6e0000202000003a2000002573000019
:10ecec000a0d0000436f00006e66000069670000ab
:10ecfc007572000061740000696f00006e3a0000cc
:10ed0c0020250000730a00000d52000065730000fe
:10ed1c0065740000204300006f7500006e740000e5
:10ed2c00657200003a200000256400000a0d000006
:10ed3c00000a00000d45000045500000524f000035
:10ed4c004d20000043680000656300006b730000f9
:10ed5c00756d000020450000727200006f7200009b
:10ed6c0021200000526500002d6c00006f61000036
:10ed7c00646900006e6700002046000061630000bb
:10ed8c00746f00007279000020440000656600007a
:10ed9c00617500006c7400007300000020430000db
:10edac0068650000636b0000737500006d20000047
:10edbc0045720000726f000072200000004c0000d1
:10edcc006f610000646900006e6700002044000061
:10eddc0065660000617500006c7400007300000033
:10edec004a5500004d410000205000004131000008
:10edfc0030300000004f0000483200004e4c000044
:10ee0c00542f00003753000056200000444c0000e3
:10ee1c00344a000043000000202000004361000041
:10ee2c006c6900006272000061740000696f000080
:10ee3c006e000000202000004d6f00006465000093
:10ee4c0025370000730000002044000049530000e7
:10ee5c00504c000041590000203d000020500000a3
:10ee6c006167000065200000004f00005045000065
:10ee7c00522000003d200000536100007665000028
:10ee8c002f450000786900007400000053790000e1
:10ee9c0073740000656d0000204300006c6f00006f
:10eeac00636b00003a200000256c00006920000014
:10eebc006b4800007a0a00000d000000205300008f
:10eecc00544200005900000020200000545800005b
:10eedc00200000002045000072720000200000009d
:10eeec00204f00005045000052000000252d00006e
:10eefc0031360000730000004b5800003320000036
:10ef0c004d73000067200000546900006d6500001f
:10ef1c002d4f000075740000005300006574000054
:10ef2c00207400006f3a0000202000002035000003
:10ef3c0020530000656300007300000020200000d7
:10ef4c002020000020200000557300006572000096
:10ef5c0000200000436f00006e660000696700002f
:10ef6c007572000061740000696f00006e00000093
:10ef7c0020250000362e0000336600002020000003
:10ef8c000020000020200000202000000053000082
:10ef9c004f4d00004146000043000000dc0500001e
:10efac00d1070000a10f0000401f0000e02e000060
:10efbc00983a0000384a0000d859000090650000cb
:10efcc00317500000a000000870000009901000064
:10efdc00ab020000ba030000cc040000df05000007
:10efec00ed060000ff07000012090000200a0000d7
:10effc009a990000114100003d0a00008341000075
:10f00c000a000000090000000800000007000000d2
:10f01c0006000000050000000400000003000000d2
:10f02c00030000000200000001000000630000006b
:10f03c000a000000090000000700000006000000a4
:10f04c0005000000040000000300000002000000a6
:10f05c000100000063000000554e00004b00000052
:10f06c003136000030000000383000004d00000048
:10f07c00343000004d000000333000004d00000023
:10f08c00323000004d000000313700004d00000010
:10f09c00313500004d000000313200004d00000001
:10f0ac00313000004d0000004f46000046000000cb
:10f0bc00505400005400000048520000424e000022
:10f0cc002564000000480000524d0000442500005b
:10f0dc0064000000525800002c250000732c000026
:10f0ec00257300002c25000064250000632c000013
:10f0fc00252e00003166000056000000485200002a
:10f10c0054500000256400002563000000480000f6
:10f11c0052560000542500002e31000066560000a7
:10f12c00004800005241000054300000004800002c
:10f13c0052420000522500006400000048520000ba
:10f14c004b5800003000000048520000544d0000a5
:10f15c0000250000633a0000256300003a250000fa
:10f16c00633a0000256300003a2500003264000079
:10f17c003a250000316400003a250000332e0000cf
:10f18c00316600003a250000352e00003266000082
:10f19c003a250000342e0000316600003a250000ac
:10f1ac00352e0000316600003a2500003364000063
:10f1bc003a250000316400003a2500003258000066
:10f1cc000a0d0000000000005e0000001b010000a2
:10f1dc00d701000093020000500300000c04000053
:10f1ec00c90400008505000042060000fe06000070
:10f1fc00ba0700000000000001000000020000003f
:10f20c0003000000030000000400000005000000e3
:10f21c0006000000070000000800000009000000c4
:10f22c000a000000303400002f4f0000435400004f
:10f23c002f3200003032000036000000342d000068
:10f24c00444c0000344a00004300000076340000b7
:10f25c002e300000326100000000000000000000b1
:10f26c000100000007000000020000000300000085
:10f27c0004000000060000000500000054720000ad
:10f28c00697000003a250000313100007300000065
:10f29c004c6900006d690000743a000025390000cb
:10f2ac002e3200006656000000430000616c000026
:10f2bc0025370000733a0000253500006900000076
:10f2cc0046720000657100003a250000372e0000e0
:10f2dc0033660000204d0000487a00000046000014
:10f2ec0061630000746f0000720000004f66000044
:10f2fc006673000065740000005300007570000018
:10f30c00706c0000793a0000202000000000000022
:10f31c004265000065700000204c0000656e000026
:10f32c0020300000203d0000204f000066660000e9
:10f33c00005000006f770000657200002041000053
:10f34c007665000072610000676900006e6700005e
:10f35c00200000004f76000065720000766f000000
:10f36c006c74000061670000652000002020000024
:10f37c0020200000004f000076650000727600002f
:10f38c006f6c000074610000676500002054000081
:10f39c0072690000700000004c6f000077200000c4
:10f3ac00566f00006c74000061670000652000005f
:10f3bc002020000020200000004c00006f7700008f
:10f3cc00205600006f6c000074610000676500003f
:10f3dc0020540000726900007000000050720000a0
:10f3ec00652d00004c6900006d6900007420000060
:10f3fc0054720000697000002020000000460000dc
:10f40c00756c00006c2d000053630000616c0000f3
:10f41c0065200000506f000077650000720000004e
:10f42c00537000006c6100007368000020530000f2
:10f43c0063720000656500006e2000002020000053
:10f44c00002800004f660000662900000042000002
:10f45c0065650000703a000025390000696d0000f8
:10f46c005300000042650000657000003a25000062
:10f47c003131000073000000536100006d7000001a
:10f48c006c650000733a00002536000073250000ff
:10f49c0032690000004d000061780000205000002f
:10f4ac006f770000657200003a2500003569000096
:10f4bc005700000046610000637400006f7200008a
:10f4cc003a250000396c000064000000446900001b
:10f4dc00737000006c610000793a00002538000060
:10f4ec00730000000a0d00005365000072760000e6
:10f4fc0069630000652000002620000043610000c5
:10f50c006c6900006272000061740000696f000099
:10f51c006e2000004d6f000064650000000a0000c2
:10f52c000d44000049530000504c000041590000ac
:10f53c002f4300004f4e000046490000473a0000a0
:10f54c0020530000656c000065630000742000000f
:10f55c0050610000676500000a0d00004f5000006c
:10f56c00455200003a20000053610000766500000f
:10f57c00202600002045000078690000740a000075
:10f58c000d0000000a0d0000436100006c690000d2
:10f59c006272000061740000696f00006e20000050
:10f5ac007365000074740000696e000067730000de
:10f5bc002073000061760000656400002074000078
:10f5cc006f20000045450000505200004f4d0000d8
:10f5dc000a0d0000000000004f730000636900007a
:10f5ec006c6c0000617400006f720000205400000d
:10f5fc0072610000702100000020000041640000d6
:10f60c0064720000657300007320000054720000e7
:10f61c00617000002120000020000000202000006c
:10f62c0053740000616300006b20000054720000f2
:10f63c00617000002120000020200000002000004c
:10f64c00204d00006174000068200000457200002d
:10f65c00726f0000722100002020000020000000ca
:10f66c00496e000074650000727200007570000035
:10f67c007420000045720000726f000072210000bf
:10f68c0000200000556e00006b6e00006f770000cc
:10f69c006e20000045720000726f000072210000a5
:10f6ac00200000000a0d00005452000041500000e0
:10f6bc003a2000004f730000636900006c6c00007e
:10f6cc00617400006f72000020450000727200002f
:10f6dc006f7200000a0d0000004f00005343000041
:10f6ec00434f00004e2000003078000025580000e9
:10f6fc000a0d0000000a00000d54000052410000e9
:10f70c00503a000020410000646400007265000063
:10f71c007373000020450000727200006f720000cd
:10f72c000a0d000000570000302000003078000067
:10f73c00255800000a0d0000005700003120000081
:10f74c0030780000255800000a0d0000005700001a
:10f75c003220000030780000255800000a0d00000f
:10f76c0000570000332000003078000025580000be
:10f77c000a0d000000570000342000003078000013
:10f78c00255800000a0d000000570000352000002d
:10f79c0030780000255800000a0d000000570000ca
:10f7ac003620000030780000255800000a0d0000bb
:10f7bc00005700003720000030780000255800006a
:10f7cc000a0d0000005700003820000030780000bf
:10f7dc00255800000a0d00000057000039200000d9
:10f7ec0030780000255800000a0d0000005700007a
:10f7fc00313000002030000078250000580a00004d
:10f80c000d0000005731000031200000307800005e
:10f81c00255800000a0d000000570000313200008e
:10f82c002030000078250000580a00000d00000070
:10f83c0057310000332000003078000025580000bc
:10f84c000a0d000000570000313400002030000089
:10f85c0078250000580a00000d0000005731000008
:10f86c003520000030780000255800000a0d0000fb
:10f87c00000a00000d54000052410000503a0000f4
:10f88c002053000074610000636b000020450000f1
:10f89c00727200006f7200000a0d0000000a000076
:10f8ac000d54000052410000503a0000204d000061
:10f8bc00617400006820000045720000726f000047
:10f8cc00720a00000d0000000a0d000054520000e6
:10f8dc00415000003a200000537000007572000087
:10f8ec00696f000075730000204900006e74000001
:10f8fc0065720000727500007074000020450000f5
:10f90c00727200006f7200000a0d0000000000000f
:10f91c0038380000380c00000106000025350000c6
:10f92c002e30000066df0000460000002535000088
:10f93c002e30000066df000043000000253600007a
:10f94c002e31000066570000005300005752000093
:10f95c00253400002e310000660000002536000022
:10f96c002e3200006656000000250000362e0000e6
:10f97c003166000041000000253400002e310000eb
:10f98c0066640000426d00000000000000000000f2
:10f99c00803f000000000000803f000020bc000001
:10f9ac00be4c000000000000c84200000024000013
:10f9bc00744900000050000043480000cdcc00000a
:10f9cc00cc3d00007f010000bf0000005f00000084
:10f9dc002f000000170000000b00000007000000c3
:10f9ec0003000000090000000a0000000b000000ea
:04f9fc000e000000f9
:020000040000fa
:10db8000809fbe003400f80020002000a001880023
:10db90000000fa0040448000e20f50001a003200fa
:10dba000e30f50002d003200e10f5000030032005f
:10dbb000d222a8008cc0a90038003700b01680001f
:10dbc0006200600000f0a7000000ea000000e90029
:10dbd0004f00de00004078000080fb006100600024
:10dbe00000004000b11680000110a100010070008b
:10dbf000b0168800600880000000d100600888002e
:10dc00008828ef0025003700b01680006200600011
:10dc100000f0a7000000ea000000e9004f00de006d
:10dc2000004078000080fb006100600000004000c0
:10dc3000b11680000110a10001007000b01688002c
:10dc4000b0168000620060000000e00012003200a8
:10dc5000100020004044880010003700b0168000fb
:10dc60006200600000f0a7000000ea000000e90088
:10dc70004f00de00004078000080fb006100600083
:10dc800000004000b11680000110a10001007000ea
:10dc9000b0168800010037000000000084c0a90011
:10dca0000080fa003400f9004f00be00004006007a
:10dcb0003600f800809fbe00829fbe00849fbe0099
:10dcc000869fbe003400f80020002000a0018800dc
:10dcd0000200fa000000eb00000f780084e0a900c9
:10dce00005e1a90000088000a04388000021ef00a2
:10dcf00005e1a800104480000000e0000d003200a3
:10dd0000a04380008000eb0061014000e0814800fa
:10dd10006041800071418000020040008380480023
:10dd20006041880071418800104480000000e900d3
:10dd300010448800004480000000e0002100320010
:10dd40001e00780080004000407d2f0000804000d1
:10dd500090007800a0438000808f50000c003900b4
:10dd60001e00780080004000c0c6200000804000f7
:10dd7000100078008000e8001e00780000014000dc
:10dd8000c0c62000000041000108780004003700f0
:10dd90001e0fe8001e007800e90f5000e8ff340075
:10dda0001e007800ea0f500003003a003c28ef0004
:10ddb000a0002000205a8800004480000000e900f4
:10ddc00000448800204480000000e0000800320089
:10ddd000204480000000e9002044880020448000a6
:10dde0000000e00002003a002000200040448800cb
:10ddf000d04380000000e00003003200d0438000e8
:10de00000000e900d0438800f04380000000e000fb
:10de100003003200f04380000000e900f043880076
:10de2000104580000000e000030032001045800033
:10de30000000e90010458800c04380000000e000b9
:10de400003003200c04380000000e900c0438800a6
:10de5000b04380000000e00003003200b0438000c7
:10de60000000e900b0438800204080000000e0008e
:10de700003003200204080000000e90020408800bc
:10de8000e04380000000e00007003200e043800033
:10de90000000e900e0438800e04380000000e0006b
:10dea00001003a003c28ef00f04180000000e00053
:10deb00078003a0050448000000040005044880040
:10dec0001116800000002800008060000000e000c3
:10ded00004003a00504480000000a0005044880034
:10dee00003003700504480000000a1005044880027
:10def00060448000000040006044880011168000eb
:10df000000002400008060000000e00004003a00ef
:10df1000604480000000a0006044880003003700d7
:10df2000604480000000a1006044880070448000cc
:10df30000000e0000b003a0050448000e10f400078
:10df40000e003a001000200070448800a028200035
:10df5000b0448800d04480000000e800d04488002d
:10df600006003700504480000000e00003003a0043
:10df70008e28ef009628ef009228ef008044800062
:10df80000000e0000b003a0060448000e10f400018
:10df90000e003a001000200080448800a0282000d5
:10dfa000c0448800d04480000000e900d0448800cc
:10dfb00006003700604480000000e00003003a00e3
:10dfc0009028ef009828ef009428ef00b0448000dc
:10dfd0000000e00008003200b04480000000e900ca
:10dfe000b0448800b04480000000e00002003a0025
:10dff000d046800090448800c04480000000e000cb
:10e0000008003200c04480000000e900c0448800dd
:10e01000c04480000000e00002003a00d0468000ca
:10e02000a0448800904480000000e0000b00320013
:10e03000904480000000e9009044880090448000f3
:10e040000000e00005003a00d046800090448800bf
:10e05000d04480000000e800d0448800a044800044
:10e060000000e0000b003200a04480000000e90046
:10e07000a0448800a04480000000e00005003a00b1
:10e08000d0468000a0448800d04480000000e90011
:10e09000d044880088df07009afc07000080fa005f
:10e0a0003400f9004f03be004f02be004f01be0016
:0ce0b0004f00be003600f90000400600e2
:020000040000fa
:10e0bc00be0c00000c00000000000000ea0800008c
:10e0cc000400000000000000fc0800001201000029
:10e0dc00020000002cf13300f137f1003ef1430057
:10e0ec00f14ef10056f16000f168f10072f17a0026
:10e0fc00f184f1008bf19100f196f1009af19e0000
:10e10c00f1a1f100a4f1a700f1aaf100aef1b50064
:10e11c00f1b9f100bcf1c400f184f100ccf1d100f3
:10e12c00f1d8f100dff1e600f1edf100f4f1fb00c4
:10e13c00f102f20009f21000f217f200d1f11e0008
:10e14c00f225f2002cf23300f23af20041f24800d0
:10e15c00f24ff20056f21700f25df2006ef27f0001
:10e16c00f289f2008df29500f29df200a9f2ba004c
:10e17c00f2c7f200d3f2e400f2e4f200f0f2f9009c
:10e18c00f29df20005f30e00f31ef3002bf33c009e
:10e19c00f34cf3005bf36c00f378f3007ff3840033
:10e1ac00f38bf3008bf38d00f396f3009cf3a2003a
:10e1bc00f3b3f300c4f3ca00f3cef300d6f3de00de
:10e1cc00f3e1f300b5f1e800f3eff30032f83600b9
:10e1dc00f83af8003ef84200f846f8004af84e00cb
:10e1ec00f852f80056f83200f85af8005ef89c0025
:10e1fc003b363c00503c06003b963c00ac3c3e00a1
:10e20c00453e45003e457e004330440072456e005d
:10e21c00447c45002648c40048ee480016494a0094
:10e22c00496c49008e49b60049dc4900204a5e0021
:10e23c004ab04a00d04af0004a164b00364b5c00fc
:10e24c004b0000000e0b00008800000000000000d6
:10e25c00000800007400000000000000d808000056
:10e26c001200000002000000c8006400000400005e
:10e27c0001000100006400000100520000ffff00db
:10e28c00b00c00000e0000000200000094fc9c008a
:10e29c00fca4fc00abfcb400fcbbfc00c2fc00000a
:10e2ac00800c00001000000000000000ee080000d0
:10e2bc000400000000000000140c00003a000000f4
:10e2cc0002000000ffe70600e813e80023e8310035
:10e2dc00e83ee8004ae85500e860e8006ae87400a7
:10e2ec00e87ee80088e89200e89ce8001c583e00b4
:10e2fc00586058009e58ac0058c858001659260053
:10e30c00593a59004e59620059945900d059040099
:10e31c005a000000d80b00003c0000000200000076
:10e32c0083f98d00f98df9008df98e00f99ff900b4
:10e33c00b0f9c100f9d2f900e3f9f400f905fa00db
:10e34c008df91600fa8df90027fab00063f063001e
:10e35c001c644400646c6400a064e800640e6500f6
:10e36c0064658c0065e265008066ba00662867000b
:10e37c00f208000004000000000000006c0c00001b
:10e38c0014000000000000007408000044000000ad
:10e39c0000000000b8080000200000000000000091
:10e3ac000e0a00000001000000000000f60800004a
:10e3bc000200000000000000f8080000020000004d
:10e3cc000200000001000000fa080000020000003a
:10e3dc0000000000ca0c0000020000000000000059
:10e3ec00960b000042000000020000009a0b9c00fb
:10e3fc000b9c0b000100030000000000000000005b
:10e40c000000000000002c001e00000000000000b6
:10e41c0000a01800ac0e000000000000000000007e
:10e42c0000000000000000000000000000000000e0
:10e43c0000000000000000000000000000000000d0
:10e44c0000000000900c0000100000000200000012
:10e45c00494e460000696e0066004e00414e0000b9
:10e46c006e616e00000000004e0c00001e000000eb
:10e47c0002000000286e69006c290000250068006d
:10e48c00076c09004c836a009074a0007ac00000ed
:10e49c008068880000846c0082008100a00c000061
:10e4ac001000000002000000494e460000696e009a
:10e4bc0066004e00414e00006e616e0000000000d0
:10e4cc00cc0c000002000000020000000100000063
:04e4dc00000000003c
:020000040000fa
:10e4e0003600f800809fbe00829fbe00849fbe0061
:10e4f000869fbe003400f80020002000a0018800a4
:10e500000200fa00d5fc070030032000a0108800ac
:10e510000000eb00000f7800020037000000000050
:10e520001e0fe800f0cf27009e007800808f50007b
:10e53000faff340080b52f00801f780055cd07000a
:10e540008f87e900103a8000801f780030b72f00d5
:10e55000801f78004fcd0700e48757000000eb00d4
:10e56000c4fc0700ffff37003600f800809fbe00a4
:10e57000829fbe00849fbe00869fbe003400f800cc
:10e5800020002000a00188000000fa00c04588009b
:10e59000d1458800e2458800f3458800044688009c
:10e5a0001546880026468800374688004846880079
:10e5b000594688006a4688007b4688008c46880059
:10e5c0009d468800ae468800bf468800a3fc070031
:10e5d00010b82f00801f78002ecd07008f87e9002c
:10e5e000c0458000801f780090b92f00801f780000
:10e5f00028cd0700e4875700d0458000801f7800b1
:10e6000030ba2f00801f780022cd0700e487570022
:10e61000e0458000801f7800d0ba2f00801f78006e
:10e620001ccd0700e4875700f0458000801f78006c
:10e6300070bb2f00801f780016cd0700e4875700bd
:10e6400000468000801f780010bc2f00801f7800db
:10e6500010cd0700e487570010468000801f780027
:10e66000b0bc2f00801f78000acd0700e487570058
:10e6700020468000801f780050bd2f00801f78004a
:10e6800004cd0700e487570030468000801f7800e3
:10e69000f0bd2f00801f7800fecc0700e4875700f4
:10e6a00040468000801f780090be2f00801f7800b9
:10e6b000f8cc0700e487570050468000801f7800a0
:10e6c00030bf2f00801f7800f2cc0700e48757008e
:10e6d00060468000801f7800d0bf2f00801f780028
:10e6e000eccc0700e487570070468000801f78005c
:10e6f00080c02f00801f7800e6cc0700e487570019
:10e7000080468000801f780030c12f00801f780075
:10e71000e0cc0700e487570090468000801f780017
:10e72000e0c12f00801f7800dacc0700e487570093
:10e73000a0468000801f780090c22f00801f7800c4
:10e74000d4cc0700e4875700b0468000801f7800d3
:10e7500040c32f00801f7800cecc0700e48757000d
:10e760001000200043fc0700ffff37003600f800d0
:10e77000809fbe00829fbe00849fbe00869fbe0019
:10e780003400f80020002000a00188000000fa00fa
:10e79000bf4688000f90200030fc0700f0c32f0018
:10e7a000801f7800bbcc07008f87e900b04680004f
:10e7b000801f780040c32f00801f7800b5cc070071
:10e7c000e4875700200020002afc0700ffff3700e5
:10e7d0003600f800809fbe00829fbe00849fbe006e
:10e7e000869fbe003400f80020002000a0018800b1
:10e7f0000000fa0019fc070050c52f00801f7800a8
:10e80000a4cc07008f87e9003000200019fc070026
:10e81000ffff37003600f800809fbe00829fbe00d9
:10e82000849fbe00869fbe003400f80020002000b8
:10e83000a00188000000fa0008fc070090a0a900d1
:10e840009120a900a0c62f00801f780091cc07005e
:10e850008f87e9004000200006fc0700ffff37001b
:020000040000fa
:10e860008a1f78008b1f7800000006009101880045
:10e87000800478000000eb001a003700e2844400b6
:10e8800032a0b4009905ba00e284440032a0b4007a
:10e890009906ba00e284440032a0b4000006eb00fe
:10e8a000476fde00fd07b200636ce10003003a0031
:10e8b000ebff07000000eb000a003700606ce1008e
:10e8c00004003a00005deb008b05e900fdff3e000f
:10e8d000040037006168e100010032000086eb00af
:10e8e0000b00070019c7ba001905ba000e04e000b2
:10e8f00003003a000a00e000e0ff3a0000000600d2
:10e90000fe07b2009e0188008a047800f5ff3700f8
:10e91000395dba008b05e9000c003200295dba00b0
:10e920008b05e900080032000c00e00003003a000b
:10e93000e284440032a0b400f5ff370019ddba00cc
:10e940008b05e900faff3a008904e800e1844400fd
:08e9500032a0b4000000060033
:020000040000fa
:10e958002fec20000e7922000e0188000000000034
:10e96800000020000000e00002003200000120004a
:10e978002002880014000700f2c607000000e0002b
:10e9880003003a00e00527000100200002003700dc
:10e998000000200001002000810f700001003200fb
:10e9a800b0ff0700000020000000e0000200320075
:10e9b8000000020000000000ac4c02000000000053
:10e9c8000040da000000fe004440a900a0732100c6
:10e9d8000000e0000300320020002000a0018800b1
:08e9e8004440a80000000600f5
:020000040000fa
:10e9f000809fbe00829fbe003400f80020002000ef
:10ea0000a00188000200fa008520a9000e0037004e
:10ea100090108000004f7800f8c8bf008040e800e8
:10ea2000f6c8bf0080cf500007003200f8c8bf0012
:10ea30008080fb00e2a020009e41780003f1780076
:10ea40000040e800f8e8b700701080006100600046
:10ea50000000e000eeff3a007010800062006000ed
:10ea60000000e000010032000e22a9000080fa0040
:10ea70003400f9004f01be004f00be000040060008
:00000001FF
